=== TRAINING LOG: 2026-04-12 17:23:17 ===

=== 1. ARCHITECTURE ===
Algorithm: MaskablePPO
Architecture Type: CNN (Convolutional Neural Network)
Policy Class: MaskableActorCriticPolicy
Feature Extractor: SmallCNN
Network Architecture (net_arch): {'pi': [256, 256], 'vf': [512, 512]}

=== 2. TRAINING PARAMETERS ===
--- ARCH ---
CNN (transfer from Gen2)

--- GEN2_SOURCE ---
./models/gen2/cnn_gen_2/cnn_2_final.zip

--- learning_rate ---
5e-05

--- max_grad_norm ---
0.3

--- total_timesteps ---
5000000

--- n_envs ---
16

--- REWARD ---
place_piece: 0.2
line_cleared: 3.0
combo_multiplier: 1.0
perfect_clear: 15.0
cell_potential: 0.3
invalid_move: -2.0
game_over: -5.0
game_over_per_cell: -0.1
round_complete: 0.5

--- ENV ---
board_size: 8
pieces_per_round: 3
max_steps: 2000

=== 3. CONSOLE OUTPUT ===
[transfer_train] Начинаем fine-tuning на 5,000,000 шагов...
[transfer_train] Ожидаем быстрый старт: модель уже умеет играть на ~8.7 lines

Logging to ./runs/cnn_gen3_transfer_20260412_172310_1
-------------------------------------
| episode/               |          |
|    lines_cleared_mean  | 10.1     |
|    perfect_clears_mean | 0        |
|    pieces_placed_mean  | 37.3     |
| rollout/               |          |
|    ep_len_mean         | 34.4     |
|    ep_rew_mean         | 50.3     |
| time/                  |          |
|    fps                 | 1022     |
|    iterations          | 1        |
|    time_elapsed        | 8        |
|    total_timesteps     | 8192     |
-------------------------------------
------------------------------------------
| episode/                |              |
|    lines_cleared_mean   | 6.4          |
|    perfect_clears_mean  | 0            |
|    pieces_placed_mean   | 27.5         |
| rollout/                |              |
|    ep_len_mean          | 29.4         |
|    ep_rew_mean          | 39.4         |
| time/                   |              |
|    fps                  | 803          |
|    iterations           | 2            |
|    time_elapsed         | 20           |
|    total_timesteps      | 16384        |
| train/                  |              |
|    approx_kl            | 0.0038791285 |
|    clip_fraction        | 0.0261       |
|    clip_range           | 0.2          |
|    entropy_loss         | -0.489       |
|    explained_variance   | 0.209        |
|    learning_rate        | 5e-05        |
|    loss                 | 1.9          |
|    n_updates            | 4            |
|    policy_gradient_loss | -0.00293     |
|    value_loss           | 1.1          |
------------------------------------------
------------------------------------------
| episode/                |              |
|    lines_cleared_mean   | 6.58         |
|    perfect_clears_mean  | 0            |
|    pieces_placed_mean   | 27.4         |
| rollout/                |              |
|    ep_len_mean          | 29.9         |
|    ep_rew_mean          | 40.7         |
| time/                   |              |
|    fps                  | 750          |
|    iterations           | 3            |
|    time_elapsed         | 32           |
|    total_timesteps      | 24576        |
| train/                  |              |
|    approx_kl            | 0.0036488036 |
|    clip_fraction        | 0.03         |
|    clip_range           | 0.2          |
|    entropy_loss         | -0.499       |
|    explained_variance   | 0.259        |
|    learning_rate        | 5e-05        |
|    loss                 | 0.204        |
|    n_updates            | 8            |
|    policy_gradient_loss | -0.00421     |
|    value_loss           | 0.295        |
------------------------------------------
----------------------------------------
| episode/                |            |
|    lines_cleared_mean   | 9.5        |
|    perfect_clears_mean  | 0          |
|    pieces_placed_mean   | 35.5       |
| rollout/                |            |
|    ep_len_mean          | 30.4       |
|    ep_rew_mean          | 41.5       |
| time/                   |            |
|    fps                  | 723        |
|    iterations           | 4          |
|    time_elapsed         | 45         |
|    total_timesteps      | 32768      |
| train/                  |            |
|    approx_kl            | 0.00399965 |
|    clip_fraction        | 0.0252     |
|    clip_range           | 0.2        |
|    entropy_loss         | -0.497     |
|    explained_variance   | 0.358      |
|    learning_rate        | 5e-05      |
|    loss                 | 0.22       |
|    n_updates            | 12         |
|    policy_gradient_loss | -0.00434   |
|    value_loss           | 0.272      |
----------------------------------------
------------------------------------------
| episode/                |              |
|    lines_cleared_mean   | 8.58         |
|    perfect_clears_mean  | 0            |
|    pieces_placed_mean   | 33           |
| rollout/                |              |
|    ep_len_mean          | 32.5         |
|    ep_rew_mean          | 46.4         |
| time/                   |              |
|    fps                  | 694          |
|    iterations           | 5            |
|    time_elapsed         | 58           |
|    total_timesteps      | 40960        |
| train/                  |              |
|    approx_kl            | 0.0035178661 |
|    clip_fraction        | 0.0235       |
|    clip_range           | 0.2          |
|    entropy_loss         | -0.487       |
|    explained_variance   | 0.385        |
|    learning_rate        | 5e-05        |
|    loss                 | 0.196        |
|    n_updates            | 16           |
|    policy_gradient_loss | -0.00335     |
|    value_loss           | 0.243        |
------------------------------------------
------------------------------------------
| episode/                |              |
|    lines_cleared_mean   | 6.9          |
|    perfect_clears_mean  | 0            |
|    pieces_placed_mean   | 29.4         |
| rollout/                |              |
|    ep_len_mean          | 31.6         |
|    ep_rew_mean          | 43.7         |
| time/                   |              |
|    fps                  | 680          |
|    iterations           | 6            |
|    time_elapsed         | 72           |
|    total_timesteps      | 49152        |
| train/                  |              |
|    approx_kl            | 0.0036355334 |
|    clip_fraction        | 0.0338       |
|    clip_range           | 0.2          |
|    entropy_loss         | -0.491       |
|    explained_variance   | 0.324        |
|    learning_rate        | 5e-05        |
|    loss                 | 0.235        |
|    n_updates            | 20           |
|    policy_gradient_loss | -0.00504     |
|    value_loss           | 0.294        |
------------------------------------------
------------------------------------------
| episode/                |              |
|    lines_cleared_mean   | 7.9          |
|    perfect_clears_mean  | 0            |
|    pieces_placed_mean   | 31.4         |
| rollout/                |              |
|    ep_len_mean          | 30.3         |
|    ep_rew_mean          | 41.9         |
| time/                   |              |
|    fps                  | 678          |
|    iterations           | 7            |
|    time_elapsed         | 84           |
|    total_timesteps      | 57344        |
| train/                  |              |
|    approx_kl            | 0.0033405167 |
|    clip_fraction        | 0.0208       |
|    clip_range           | 0.2          |
|    entropy_loss         | -0.489       |
|    explained_variance   | 0.368        |
|    learning_rate        | 5e-05        |
|    loss                 | 0.233        |
|    n_updates            | 24           |
|    policy_gradient_loss | -0.00427     |
|    value_loss           | 0.291        |
------------------------------------------
------------------------------------------
| episode/                |              |
|    lines_cleared_mean   | 5.92         |
|    perfect_clears_mean  | 0            |
|    pieces_placed_mean   | 26.6         |
| rollout/                |              |
|    ep_len_mean          | 29.4         |
|    ep_rew_mean          | 39.2         |
| time/                   |              |
|    fps                  | 675          |
|    iterations           | 8            |
|    time_elapsed         | 96           |
|    total_timesteps      | 65536        |
| train/                  |              |
|    approx_kl            | 0.0035032635 |
|    clip_fraction        | 0.0237       |
|    clip_range           | 0.2          |
|    entropy_loss         | -0.499       |
|    explained_variance   | 0.324        |
|    learning_rate        | 5e-05        |
|    loss                 | 0.241        |
|    n_updates            | 28           |
|    policy_gradient_loss | -0.00394     |
|    value_loss           | 0.291        |
------------------------------------------
-----------------------------------------
| episode/                |             |
|    lines_cleared_mean   | 8.09        |
|    perfect_clears_mean  | 0           |
|    pieces_placed_mean   | 31.9        |
| rollout/                |             |
|    ep_len_mean          | 30.3        |
|    ep_rew_mean          | 41.4        |
| time/                   |             |
|    fps                  | 668         |
|    iterations           | 9           |
|    time_elapsed         | 110         |
|    total_timesteps      | 73728       |
| train/                  |             |
|    approx_kl            | 0.003505704 |
|    clip_fraction        | 0.0267      |
|    clip_range           | 0.2         |
|    entropy_loss         | -0.495      |
|    explained_variance   | 0.364       |
|    learning_rate        | 5e-05       |
|    loss                 | 0.189       |
|    n_updates            | 32          |
|    policy_gradient_loss | -0.0043     |
|    value_loss           | 0.265       |
-----------------------------------------
-----------------------------------------
| episode/                |             |
|    lines_cleared_mean   | 7.4         |
|    perfect_clears_mean  | 0           |
|    pieces_placed_mean   | 30.2        |
| rollout/                |             |
|    ep_len_mean          | 30.9        |
|    ep_rew_mean          | 42.7        |
| time/                   |             |
|    fps                  | 659         |
|    iterations           | 10          |
|    time_elapsed         | 124         |
|    total_timesteps      | 81920       |
| train/                  |             |
|    approx_kl            | 0.003551479 |
|    clip_fraction        | 0.0222      |
|    clip_range           | 0.2         |
|    entropy_loss         | -0.501      |
|    explained_variance   | 0.371       |
|    learning_rate        | 5e-05       |
|    loss                 | 0.204       |
|    n_updates            | 36          |
|    policy_gradient_loss | -0.00375    |
|    value_loss           | 0.266       |
-----------------------------------------
------------------------------------------
| episode/                |              |
|    lines_cleared_mean   | 6.9          |
|    perfect_clears_mean  | 0            |
|    pieces_placed_mean   | 29.5         |
| rollout/                |              |
|    ep_len_mean          | 30.1         |
|    ep_rew_mean          | 40.9         |
| time/                   |              |
|    fps                  | 659          |
|    iterations           | 11           |
|    time_elapsed         | 136          |
|    total_timesteps      | 90112        |
| train/                  |              |
|    approx_kl            | 0.0029379283 |
|    clip_fraction        | 0.0152       |
|    clip_range           | 0.2          |
|    entropy_loss         | -0.486       |
|    explained_variance   | 0.304        |
|    learning_rate        | 5e-05        |
|    loss                 | 0.248        |
|    n_updates            | 40           |
|    policy_gradient_loss | -0.00316     |
|    value_loss           | 0.314        |
------------------------------------------
------------------------------------------
| episode/                |              |
|    lines_cleared_mean   | 7.8          |
|    perfect_clears_mean  | 0            |
|    pieces_placed_mean   | 32           |
| rollout/                |              |
|    ep_len_mean          | 31.2         |
|    ep_rew_mean          | 42.6         |
| time/                   |              |
|    fps                  | 658          |
|    iterations           | 12           |
|    time_elapsed         | 149          |
|    total_timesteps      | 98304        |
| train/                  |              |
|    approx_kl            | 0.0031294618 |
|    clip_fraction        | 0.025        |
|    clip_range           | 0.2          |
|    entropy_loss         | -0.478       |
|    explained_variance   | 0.336        |
|    learning_rate        | 5e-05        |
|    loss                 | 0.219        |
|    n_updates            | 44           |
|    policy_gradient_loss | -0.00463     |
|    value_loss           | 0.284        |
------------------------------------------
------------------------------------------
| episode/                |              |
|    lines_cleared_mean   | 7            |
|    perfect_clears_mean  | 0            |
|    pieces_placed_mean   | 28.6         |
| rollout/                |              |
|    ep_len_mean          | 30.6         |
|    ep_rew_mean          | 42.1         |
| time/                   |              |
|    fps                  | 656          |
|    iterations           | 13           |
|    time_elapsed         | 162          |
|    total_timesteps      | 106496       |
| train/                  |              |
|    approx_kl            | 0.0032770548 |
|    clip_fraction        | 0.0232       |
|    clip_range           | 0.2          |
|    entropy_loss         | -0.482       |
|    explained_variance   | 0.403        |
|    learning_rate        | 5e-05        |
|    loss                 | 0.196        |
|    n_updates            | 48           |
|    policy_gradient_loss | -0.00478     |
|    value_loss           | 0.273        |
------------------------------------------
------------------------------------------
| episode/                |              |
|    lines_cleared_mean   | 7            |
|    perfect_clears_mean  | 0.1          |
|    pieces_placed_mean   | 28.4         |
| rollout/                |              |
|    ep_len_mean          | 30           |
|    ep_rew_mean          | 41.1         |
| time/                   |              |
|    fps                  | 654          |
|    iterations           | 14           |
|    time_elapsed         | 175          |
|    total_timesteps      | 114688       |
| train/                  |              |
|    approx_kl            | 0.0033575022 |
|    clip_fraction        | 0.023        |
|    clip_range           | 0.2          |
|    entropy_loss         | -0.481       |
|    explained_variance   | 0.321        |
|    learning_rate        | 5e-05        |
|    loss                 | 0.258        |
|    n_updates            | 52           |
|    policy_gradient_loss | -0.00404     |
|    value_loss           | 0.289        |
------------------------------------------
-----------------------------------------
| episode/                |             |
|    lines_cleared_mean   | 7.2         |
|    perfect_clears_mean  | 0           |
|    pieces_placed_mean   | 29.9        |
| rollout/                |             |
|    ep_len_mean          | 31.9        |
|    ep_rew_mean          | 44.7        |
| time/                   |             |
|    fps                  | 653         |
|    iterations           | 15          |
|    time_elapsed         | 187         |
|    total_timesteps      | 122880      |
| train/                  |             |
|    approx_kl            | 0.003056682 |
|    clip_fraction        | 0.02        |
|    clip_range           | 0.2         |
|    entropy_loss         | -0.474      |
|    explained_variance   | 0.335       |
|    learning_rate        | 5e-05       |
|    loss                 | 0.274       |
|    n_updates            | 56          |
|    policy_gradient_loss | -0.00365    |
|    value_loss           | 0.311       |
-----------------------------------------
-----------------------------------------
| episode/                |             |
|    lines_cleared_mean   | 7.3         |
|    perfect_clears_mean  | 0           |
|    pieces_placed_mean   | 29.2        |
| rollout/                |             |
|    ep_len_mean          | 28.5        |
|    ep_rew_mean          | 37.8        |
| time/                   |             |
|    fps                  | 652         |
|    iterations           | 16          |
|    time_elapsed         | 200         |
|    total_timesteps      | 131072      |
| train/                  |             |
|    approx_kl            | 0.003516213 |
|    clip_fraction        | 0.0276      |
|    clip_range           | 0.2         |
|    entropy_loss         | -0.47       |
|    explained_variance   | 0.347       |
|    learning_rate        | 5e-05       |
|    loss                 | 0.209       |
|    n_updates            | 60          |
|    policy_gradient_loss | -0.00473    |
|    value_loss           | 0.29        |
-----------------------------------------
------------------------------------------
| episode/                |              |
|    lines_cleared_mean   | 4.5          |
|    perfect_clears_mean  | 0            |
|    pieces_placed_mean   | 23.7         |
| rollout/                |              |
|    ep_len_mean          | 31           |
|    ep_rew_mean          | 42.8         |
| time/                   |              |
|    fps                  | 651          |
|    iterations           | 17           |
|    time_elapsed         | 213          |
|    total_timesteps      | 139264       |
| train/                  |              |
|    approx_kl            | 0.0029149028 |
|    clip_fraction        | 0.0183       |
|    clip_range           | 0.2          |
|    entropy_loss         | -0.478       |
|    explained_variance   | 0.337        |
|    learning_rate        | 5e-05        |
|    loss                 | 0.217        |
|    n_updates            | 64           |
|    policy_gradient_loss | -0.00343     |
|    value_loss           | 0.275        |
------------------------------------------
------------------------------------------
| episode/                |              |
|    lines_cleared_mean   | 5.7          |
|    perfect_clears_mean  | 0            |
|    pieces_placed_mean   | 25           |
| rollout/                |              |
|    ep_len_mean          | 30.6         |
|    ep_rew_mean          | 42.1         |
| time/                   |              |
|    fps                  | 650          |
|    iterations           | 18           |
|    time_elapsed         | 226          |
|    total_timesteps      | 147456       |
| train/                  |              |
|    approx_kl            | 0.0034193848 |
|    clip_fraction        | 0.0231       |
|    clip_range           | 0.2          |
|    entropy_loss         | -0.473       |
|    explained_variance   | 0.346        |
|    learning_rate        | 5e-05        |
|    loss                 | 0.232        |
|    n_updates            | 68           |
|    policy_gradient_loss | -0.00342     |
|    value_loss           | 0.263        |
------------------------------------------
-----------------------------------------
| episode/                |             |
|    lines_cleared_mean   | 9.55        |
|    perfect_clears_mean  | 0           |
|    pieces_placed_mean   | 35          |
| rollout/                |             |
|    ep_len_mean          | 30.9        |
|    ep_rew_mean          | 42.5        |
| time/                   |             |
|    fps                  | 649         |
|    iterations           | 19          |
|    time_elapsed         | 239         |
|    total_timesteps      | 155648      |
| train/                  |             |
|    approx_kl            | 0.003147318 |
|    clip_fraction        | 0.0211      |
|    clip_range           | 0.2         |
|    entropy_loss         | -0.475      |
|    explained_variance   | 0.318       |
|    learning_rate        | 5e-05       |
|    loss                 | 0.17        |
|    n_updates            | 72          |
|    policy_gradient_loss | -0.00355    |
|    value_loss           | 0.284       |
-----------------------------------------
------------------------------------------
| episode/                |              |
|    lines_cleared_mean   | 8.5          |
|    perfect_clears_mean  | 0            |
|    pieces_placed_mean   | 31.8         |
| rollout/                |              |
|    ep_len_mean          | 31.9         |
|    ep_rew_mean          | 44.6         |
| time/                   |              |
|    fps                  | 649          |
|    iterations           | 20           |
|    time_elapsed         | 252          |
|    total_timesteps      | 163840       |
| train/                  |              |
|    approx_kl            | 0.0035428186 |
|    clip_fraction        | 0.0227       |
|    clip_range           | 0.2          |
|    entropy_loss         | -0.486       |
|    explained_variance   | 0.295        |
|    learning_rate        | 5e-05        |
|    loss                 | 0.214        |
|    n_updates            | 76           |
|    policy_gradient_loss | -0.00416     |
|    value_loss           | 0.299        |
------------------------------------------
-----------------------------------------
| episode/                |             |
|    lines_cleared_mean   | 7.1         |
|    perfect_clears_mean  | 0           |
|    pieces_placed_mean   | 29.3        |
| rollout/                |             |
|    ep_len_mean          | 30.5        |
|    ep_rew_mean          | 41.2        |
| time/                   |             |
|    fps                  | 647         |
|    iterations           | 21          |
|    time_elapsed         | 265         |
|    total_timesteps      | 172032      |
| train/                  |             |
|    approx_kl            | 0.003000681 |
|    clip_fraction        | 0.0197      |
|    clip_range           | 0.2         |
|    entropy_loss         | -0.477      |
|    explained_variance   | 0.368       |
|    learning_rate        | 5e-05       |
|    loss                 | 0.204       |
|    n_updates            | 80          |
|    policy_gradient_loss | -0.00362    |
|    value_loss           | 0.292       |
-----------------------------------------
------------------------------------------
| episode/                |              |
|    lines_cleared_mean   | 11.3         |
|    perfect_clears_mean  | 0            |
|    pieces_placed_mean   | 39.2         |
| rollout/                |              |
|    ep_len_mean          | 31.9         |
|    ep_rew_mean          | 44.9         |
| time/                   |              |
|    fps                  | 646          |
|    iterations           | 22           |
|    time_elapsed         | 278          |
|    total_timesteps      | 180224       |
| train/                  |              |
|    approx_kl            | 0.0034969863 |
|    clip_fraction        | 0.0257       |
|    clip_range           | 0.2          |
|    entropy_loss         | -0.486       |
|    explained_variance   | 0.427        |
|    learning_rate        | 5e-05        |
|    loss                 | 0.198        |
|    n_updates            | 84           |
|    policy_gradient_loss | -0.0045      |
|    value_loss           | 0.247        |
------------------------------------------
------------------------------------------
| episode/                |              |
|    lines_cleared_mean   | 4.5          |
|    perfect_clears_mean  | 0            |
|    pieces_placed_mean   | 23.5         |
| rollout/                |              |
|    ep_len_mean          | 32.5         |
|    ep_rew_mean          | 45.8         |
| time/                   |              |
|    fps                  | 645          |
|    iterations           | 23           |
|    time_elapsed         | 291          |
|    total_timesteps      | 188416       |
| train/                  |              |
|    approx_kl            | 0.0027492973 |
|    clip_fraction        | 0.0144       |
|    clip_range           | 0.2          |
|    entropy_loss         | -0.478       |
|    explained_variance   | 0.312        |
|    learning_rate        | 5e-05        |
|    loss                 | 0.229        |
|    n_updates            | 88           |
|    policy_gradient_loss | -0.00309     |
|    value_loss           | 0.313        |
------------------------------------------
------------------------------------------
| episode/                |              |
|    lines_cleared_mean   | 7.1          |
|    perfect_clears_mean  | 0            |
|    pieces_placed_mean   | 28.3         |
| rollout/                |              |
|    ep_len_mean          | 30.5         |
|    ep_rew_mean          | 41.5         |
| time/                   |              |
|    fps                  | 641          |
|    iterations           | 24           |
|    time_elapsed         | 306          |
|    total_timesteps      | 196608       |
| train/                  |              |
|    approx_kl            | 0.0030750886 |
|    clip_fraction        | 0.0152       |
|    clip_range           | 0.2          |
|    entropy_loss         | -0.473       |
|    explained_variance   | 0.299        |
|    learning_rate        | 5e-05        |
|    loss                 | 0.236        |
|    n_updates            | 92           |
|    policy_gradient_loss | -0.00393     |
|    value_loss           | 0.334        |
------------------------------------------
-----------------------------------------
| episode/                |             |
|    lines_cleared_mean   | 11          |
|    perfect_clears_mean  | 0           |
|    pieces_placed_mean   | 39.4        |
| rollout/                |             |
|    ep_len_mean          | 32.5        |
|    ep_rew_mean          | 45.7        |
| time/                   |             |
|    fps                  | 638         |
|    iterations           | 25          |
|    time_elapsed         | 320         |
|    total_timesteps      | 204800      |
| train/                  |             |
|    approx_kl            | 0.002963983 |
|    clip_fraction        | 0.0194      |
|    clip_range           | 0.2         |
|    entropy_loss         | -0.477      |
|    explained_variance   | 0.339       |
|    learning_rate        | 5e-05       |
|    loss                 | 0.216       |
|    n_updates            | 96          |
|    policy_gradient_loss | -0.00362    |
|    value_loss           | 0.291       |
-----------------------------------------
-----------------------------------------
| episode/                |             |
|    lines_cleared_mean   | 7.6         |
|    perfect_clears_mean  | 0           |
|    pieces_placed_mean   | 30.5        |
| rollout/                |             |
|    ep_len_mean          | 29.4        |
|    ep_rew_mean          | 39.4        |
| time/                   |             |
|    fps                  | 637         |
|    iterations           | 26          |
|    time_elapsed         | 334         |
|    total_timesteps      | 212992      |
| train/                  |             |
|    approx_kl            | 0.002561023 |
|    clip_fraction        | 0.0149      |
|    clip_range           | 0.2         |
|    entropy_loss         | -0.468      |
|    explained_variance   | 0.349       |
|    learning_rate        | 5e-05       |
|    loss                 | 0.203       |
|    n_updates            | 100         |
|    policy_gradient_loss | -0.00349    |
|    value_loss           | 0.288       |
-----------------------------------------
------------------------------------------
| episode/                |              |
|    lines_cleared_mean   | 8.5          |
|    perfect_clears_mean  | 0            |
|    pieces_placed_mean   | 32.3         |
| rollout/                |              |
|    ep_len_mean          | 31.5         |
|    ep_rew_mean          | 43.9         |
| time/                   |              |
|    fps                  | 636          |
|    iterations           | 27           |
|    time_elapsed         | 347          |
|    total_timesteps      | 221184       |
| train/                  |              |
|    approx_kl            | 0.0039503374 |
|    clip_fraction        | 0.029        |
|    clip_range           | 0.2          |
|    entropy_loss         | -0.471       |
|    explained_variance   | 0.391        |
|    learning_rate        | 5e-05        |
|    loss                 | 0.177        |
|    n_updates            | 104          |
|    policy_gradient_loss | -0.00424     |
|    value_loss           | 0.263        |
------------------------------------------
------------------------------------------
| episode/                |              |
|    lines_cleared_mean   | 9.3          |
|    perfect_clears_mean  | 0            |
|    pieces_placed_mean   | 34.2         |
| rollout/                |              |
|    ep_len_mean          | 32.6         |
|    ep_rew_mean          | 46.8         |
| time/                   |              |
|    fps                  | 633          |
|    iterations           | 28           |
|    time_elapsed         | 361          |
|    total_timesteps      | 229376       |
| train/                  |              |
|    approx_kl            | 0.0035291868 |
|    clip_fraction        | 0.0312       |
|    clip_range           | 0.2          |
|    entropy_loss         | -0.464       |
|    explained_variance   | 0.326        |
|    learning_rate        | 5e-05        |
|    loss                 | 0.195        |
|    n_updates            | 108          |
|    policy_gradient_loss | -0.00432     |
|    value_loss           | 0.273        |
------------------------------------------
------------------------------------------
| episode/                |              |
|    lines_cleared_mean   | 7.73         |
|    perfect_clears_mean  | 0            |
|    pieces_placed_mean   | 31.7         |
| rollout/                |              |
|    ep_len_mean          | 32.2         |
|    ep_rew_mean          | 45.2         |
| time/                   |              |
|    fps                  | 633          |
|    iterations           | 29           |
|    time_elapsed         | 374          |
|    total_timesteps      | 237568       |
| train/                  |              |
|    approx_kl            | 0.0030112402 |
|    clip_fraction        | 0.0196       |
|    clip_range           | 0.2          |
|    entropy_loss         | -0.475       |
|    explained_variance   | 0.34         |
|    learning_rate        | 5e-05        |
|    loss                 | 0.242        |
|    n_updates            | 112          |
|    policy_gradient_loss | -0.00368     |
|    value_loss           | 0.298        |
------------------------------------------
------------------------------------------
| episode/                |              |
|    lines_cleared_mean   | 9            |
|    perfect_clears_mean  | 0            |
|    pieces_placed_mean   | 33.3         |
| rollout/                |              |
|    ep_len_mean          | 33.7         |
|    ep_rew_mean          | 48.9         |
| time/                   |              |
|    fps                  | 633          |
|    iterations           | 30           |
|    time_elapsed         | 387          |
|    total_timesteps      | 245760       |
| train/                  |              |
|    approx_kl            | 0.0024581607 |
|    clip_fraction        | 0.0143       |
|    clip_range           | 0.2          |
|    entropy_loss         | -0.482       |
|    explained_variance   | 0.261        |
|    learning_rate        | 5e-05        |
|    loss                 | 0.224        |
|    n_updates            | 116          |
|    policy_gradient_loss | -0.00302     |
|    value_loss           | 0.318        |
------------------------------------------
-----------------------------------------
| episode/                |             |
|    lines_cleared_mean   | 7.8         |
|    perfect_clears_mean  | 0           |
|    pieces_placed_mean   | 30.7        |
| rollout/                |             |
|    ep_len_mean          | 32.3        |
|    ep_rew_mean          | 45.8        |
| time/                   |             |
|    fps                  | 633         |
|    iterations           | 31          |
|    time_elapsed         | 401         |
|    total_timesteps      | 253952      |
| train/                  |             |
|    approx_kl            | 0.002781757 |
|    clip_fraction        | 0.0197      |
|    clip_range           | 0.2         |
|    entropy_loss         | -0.475      |
|    explained_variance   | 0.338       |
|    learning_rate        | 5e-05       |
|    loss                 | 0.226       |
|    n_updates            | 120         |
|    policy_gradient_loss | -0.00353    |
|    value_loss           | 0.299       |
-----------------------------------------
------------------------------------------
| episode/                |              |
|    lines_cleared_mean   | 5.7          |
|    perfect_clears_mean  | 0.1          |
|    pieces_placed_mean   | 26           |
| rollout/                |              |
|    ep_len_mean          | 29           |
|    ep_rew_mean          | 38           |
| time/                   |              |
|    fps                  | 632          |
|    iterations           | 32           |
|    time_elapsed         | 414          |
|    total_timesteps      | 262144       |
| train/                  |              |
|    approx_kl            | 0.0028524941 |
|    clip_fraction        | 0.0173       |
|    clip_range           | 0.2          |
|    entropy_loss         | -0.468       |
|    explained_variance   | 0.35         |
|    learning_rate        | 5e-05        |
|    loss                 | 0.231        |
|    n_updates            | 124          |
|    policy_gradient_loss | -0.00343     |
|    value_loss           | 0.303        |
------------------------------------------
------------------------------------------
| episode/                |              |
|    lines_cleared_mean   | 7.1          |
|    perfect_clears_mean  | 0            |
|    pieces_placed_mean   | 28.6         |
| rollout/                |              |
|    ep_len_mean          | 33.2         |
|    ep_rew_mean          | 47.9         |
| time/                   |              |
|    fps                  | 631          |
|    iterations           | 33           |
|    time_elapsed         | 427          |
|    total_timesteps      | 270336       |
| train/                  |              |
|    approx_kl            | 0.0031017573 |
|    clip_fraction        | 0.0214       |
|    clip_range           | 0.2          |
|    entropy_loss         | -0.472       |
|    explained_variance   | 0.312        |
|    learning_rate        | 5e-05        |
|    loss                 | 0.289        |
|    n_updates            | 128          |
|    policy_gradient_loss | -0.00428     |
|    value_loss           | 0.316        |
------------------------------------------
-----------------------------------------
| episode/                |             |
|    lines_cleared_mean   | 10.2        |
|    perfect_clears_mean  | 0           |
|    pieces_placed_mean   | 37.5        |
| rollout/                |             |
|    ep_len_mean          | 33.4        |
|    ep_rew_mean          | 48.1        |
| time/                   |             |
|    fps                  | 631         |
|    iterations           | 34          |
|    time_elapsed         | 441         |
|    total_timesteps      | 278528      |
| train/                  |             |
|    approx_kl            | 0.003520842 |
|    clip_fraction        | 0.0228      |
|    clip_range           | 0.2         |
|    entropy_loss         | -0.467      |
|    explained_variance   | 0.323       |
|    learning_rate        | 5e-05       |
|    loss                 | 0.272       |
|    n_updates            | 132         |
|    policy_gradient_loss | -0.00352    |
|    value_loss           | 0.293       |
-----------------------------------------
------------------------------------------
| episode/                |              |
|    lines_cleared_mean   | 6.4          |
|    perfect_clears_mean  | 0            |
|    pieces_placed_mean   | 28.2         |
| rollout/                |              |
|    ep_len_mean          | 30.4         |
|    ep_rew_mean          | 41.4         |
| time/                   |              |
|    fps                  | 630          |
|    iterations           | 35           |
|    time_elapsed         | 454          |
|    total_timesteps      | 286720       |
| train/                  |              |
|    approx_kl            | 0.0030073312 |
|    clip_fraction        | 0.0208       |
|    clip_range           | 0.2          |
|    entropy_loss         | -0.47        |
|    explained_variance   | 0.35         |
|    learning_rate        | 5e-05        |
|    loss                 | 0.228        |
|    n_updates            | 136          |
|    policy_gradient_loss | -0.00339     |
|    value_loss           | 0.29         |
------------------------------------------
------------------------------------------
| episode/                |              |
|    lines_cleared_mean   | 5.4          |
|    perfect_clears_mean  | 0            |
|    pieces_placed_mean   | 25.5         |
| rollout/                |              |
|    ep_len_mean          | 31.1         |
|    ep_rew_mean          | 43.3         |
| time/                   |              |
|    fps                  | 630          |
|    iterations           | 36           |
|    time_elapsed         | 467          |
|    total_timesteps      | 294912       |
| train/                  |              |
|    approx_kl            | 0.0030726104 |
|    clip_fraction        | 0.0162       |
|    clip_range           | 0.2          |
|    entropy_loss         | -0.472       |
|    explained_variance   | 0.331        |
|    learning_rate        | 5e-05        |
|    loss                 | 0.195        |
|    n_updates            | 140          |
|    policy_gradient_loss | -0.00337     |
|    value_loss           | 0.324        |
------------------------------------------
------------------------------------------
| episode/                |              |
|    lines_cleared_mean   | 8.1          |
|    perfect_clears_mean  | 0            |
|    pieces_placed_mean   | 31.4         |
| rollout/                |              |
|    ep_len_mean          | 31.4         |
|    ep_rew_mean          | 43.4         |
| time/                   |              |
|    fps                  | 630          |
|    iterations           | 37           |
|    time_elapsed         | 480          |
|    total_timesteps      | 303104       |
| train/                  |              |
|    approx_kl            | 0.0031200382 |
|    clip_fraction        | 0.0249       |
|    clip_range           | 0.2          |
|    entropy_loss         | -0.473       |
|    explained_variance   | 0.321        |
|    learning_rate        | 5e-05        |
|    loss                 | 0.184        |
|    n_updates            | 144          |
|    policy_gradient_loss | -0.00379     |
|    value_loss           | 0.296        |
------------------------------------------
------------------------------------------
| episode/                |              |
|    lines_cleared_mean   | 5.5          |
|    perfect_clears_mean  | 0            |
|    pieces_placed_mean   | 26.3         |
| rollout/                |              |
|    ep_len_mean          | 30.5         |
|    ep_rew_mean          | 41.6         |
| time/                   |              |
|    fps                  | 630          |
|    iterations           | 38           |
|    time_elapsed         | 493          |
|    total_timesteps      | 311296       |
| train/                  |              |
|    approx_kl            | 0.0028109865 |
|    clip_fraction        | 0.0172       |
|    clip_range           | 0.2          |
|    entropy_loss         | -0.47        |
|    explained_variance   | 0.359        |
|    learning_rate        | 5e-05        |
|    loss                 | 0.263        |
|    n_updates            | 148          |
|    policy_gradient_loss | -0.00315     |
|    value_loss           | 0.288        |
------------------------------------------
------------------------------------------
| episode/                |              |
|    lines_cleared_mean   | 10.4         |
|    perfect_clears_mean  | 0            |
|    pieces_placed_mean   | 37.9         |
| rollout/                |              |
|    ep_len_mean          | 30.8         |
|    ep_rew_mean          | 41.8         |
| time/                   |              |
|    fps                  | 630          |
|    iterations           | 39           |
|    time_elapsed         | 506          |
|    total_timesteps      | 319488       |
| train/                  |              |
|    approx_kl            | 0.0030768246 |
|    clip_fraction        | 0.0194       |
|    clip_range           | 0.2          |
|    entropy_loss         | -0.486       |
|    explained_variance   | 0.344        |
|    learning_rate        | 5e-05        |
|    loss                 | 0.236        |
|    n_updates            | 152          |
|    policy_gradient_loss | -0.00393     |
|    value_loss           | 0.268        |
------------------------------------------
------------------------------------------
| episode/                |              |
|    lines_cleared_mean   | 6.7          |
|    perfect_clears_mean  | 0            |
|    pieces_placed_mean   | 27.8         |
| rollout/                |              |
|    ep_len_mean          | 29.9         |
|    ep_rew_mean          | 40           |
| time/                   |              |
|    fps                  | 630          |
|    iterations           | 40           |
|    time_elapsed         | 519          |
|    total_timesteps      | 327680       |
| train/                  |              |
|    approx_kl            | 0.0033185927 |
|    clip_fraction        | 0.0225       |
|    clip_range           | 0.2          |
|    entropy_loss         | -0.483       |
|    explained_variance   | 0.331        |
|    learning_rate        | 5e-05        |
|    loss                 | 0.212        |
|    n_updates            | 156          |
|    policy_gradient_loss | -0.00335     |
|    value_loss           | 0.288        |
------------------------------------------
-----------------------------------------
| episode/                |             |
|    lines_cleared_mean   | 8.2         |
|    perfect_clears_mean  | 0           |
|    pieces_placed_mean   | 33          |
| rollout/                |             |
|    ep_len_mean          | 29.7        |
|    ep_rew_mean          | 39.7        |
| time/                   |             |
|    fps                  | 630         |
|    iterations           | 41          |
|    time_elapsed         | 532         |
|    total_timesteps      | 335872      |
| train/                  |             |
|    approx_kl            | 0.003815778 |
|    clip_fraction        | 0.0296      |
|    clip_range           | 0.2         |
|    entropy_loss         | -0.483      |
|    explained_variance   | 0.405       |
|    learning_rate        | 5e-05       |
|    loss                 | 0.174       |
|    n_updates            | 160         |
|    policy_gradient_loss | -0.00496    |
|    value_loss           | 0.249       |
-----------------------------------------
------------------------------------------
| episode/                |              |
|    lines_cleared_mean   | 5.5          |
|    perfect_clears_mean  | 0            |
|    pieces_placed_mean   | 26.1         |
| rollout/                |              |
|    ep_len_mean          | 31.6         |
|    ep_rew_mean          | 44.1         |
| time/                   |              |
|    fps                  | 629          |
|    iterations           | 42           |
|    time_elapsed         | 546          |
|    total_timesteps      | 344064       |
| train/                  |              |
|    approx_kl            | 0.0033560204 |
|    clip_fraction        | 0.0225       |
|    clip_range           | 0.2          |
|    entropy_loss         | -0.489       |
|    explained_variance   | 0.317        |
|    learning_rate        | 5e-05        |
|    loss                 | 0.218        |
|    n_updates            | 164          |
|    policy_gradient_loss | -0.00362     |
|    value_loss           | 0.278        |
------------------------------------------
------------------------------------------
| episode/                |              |
|    lines_cleared_mean   | 10.4         |
|    perfect_clears_mean  | 0            |
|    pieces_placed_mean   | 36.6         |
| rollout/                |              |
|    ep_len_mean          | 30.1         |
|    ep_rew_mean          | 40.6         |
| time/                   |              |
|    fps                  | 629          |
|    iterations           | 43           |
|    time_elapsed         | 559          |
|    total_timesteps      | 352256       |
| train/                  |              |
|    approx_kl            | 0.0032749202 |
|    clip_fraction        | 0.026        |
|    clip_range           | 0.2          |
|    entropy_loss         | -0.472       |
|    explained_variance   | 0.353        |
|    learning_rate        | 5e-05        |
|    loss                 | 0.185        |
|    n_updates            | 168          |
|    policy_gradient_loss | -0.00471     |
|    value_loss           | 0.272        |
------------------------------------------
------------------------------------------
| episode/                |              |
|    lines_cleared_mean   | 6.9          |
|    perfect_clears_mean  | 0            |
|    pieces_placed_mean   | 29.6         |
| rollout/                |              |
|    ep_len_mean          | 29.6         |
|    ep_rew_mean          | 39.8         |
| time/                   |              |
|    fps                  | 628          |
|    iterations           | 44           |
|    time_elapsed         | 573          |
|    total_timesteps      | 360448       |
| train/                  |              |
|    approx_kl            | 0.0033214833 |
|    clip_fraction        | 0.0197       |
|    clip_range           | 0.2          |
|    entropy_loss         | -0.478       |
|    explained_variance   | 0.388        |
|    learning_rate        | 5e-05        |
|    loss                 | 0.211        |
|    n_updates            | 172          |
|    policy_gradient_loss | -0.0045      |
|    value_loss           | 0.288        |
------------------------------------------
------------------------------------------
| episode/                |              |
|    lines_cleared_mean   | 6.8          |
|    perfect_clears_mean  | 0            |
|    pieces_placed_mean   | 28.8         |
| rollout/                |              |
|    ep_len_mean          | 29.5         |
|    ep_rew_mean          | 39.2         |
| time/                   |              |
|    fps                  | 627          |
|    iterations           | 45           |
|    time_elapsed         | 587          |
|    total_timesteps      | 368640       |
| train/                  |              |
|    approx_kl            | 0.0033688224 |
|    clip_fraction        | 0.0273       |
|    clip_range           | 0.2          |
|    entropy_loss         | -0.485       |
|    explained_variance   | 0.314        |
|    learning_rate        | 5e-05        |
|    loss                 | 0.22         |
|    n_updates            | 176          |
|    policy_gradient_loss | -0.00428     |
|    value_loss           | 0.291        |
------------------------------------------
------------------------------------------
| episode/                |              |
|    lines_cleared_mean   | 7.6          |
|    perfect_clears_mean  | 0            |
|    pieces_placed_mean   | 30.9         |
| rollout/                |              |
|    ep_len_mean          | 30           |
|    ep_rew_mean          | 40           |
| time/                   |              |
|    fps                  | 625          |
|    iterations           | 46           |
|    time_elapsed         | 602          |
|    total_timesteps      | 376832       |
| train/                  |              |
|    approx_kl            | 0.0033921285 |
|    clip_fraction        | 0.0234       |
|    clip_range           | 0.2          |
|    entropy_loss         | -0.476       |
|    explained_variance   | 0.354        |
|    learning_rate        | 5e-05        |
|    loss                 | 0.224        |
|    n_updates            | 180          |
|    policy_gradient_loss | -0.00309     |
|    value_loss           | 0.274        |
------------------------------------------
------------------------------------------
| episode/                |              |
|    lines_cleared_mean   | 9.6          |
|    perfect_clears_mean  | 0            |
|    pieces_placed_mean   | 34.6         |
| rollout/                |              |
|    ep_len_mean          | 30.1         |
|    ep_rew_mean          | 41.2         |
| time/                   |              |
|    fps                  | 625          |
|    iterations           | 47           |
|    time_elapsed         | 615          |
|    total_timesteps      | 385024       |
| train/                  |              |
|    approx_kl            | 0.0034767708 |
|    clip_fraction        | 0.0188       |
|    clip_range           | 0.2          |
|    entropy_loss         | -0.487       |
|    explained_variance   | 0.354        |
|    learning_rate        | 5e-05        |
|    loss                 | 0.224        |
|    n_updates            | 184          |
|    policy_gradient_loss | -0.00416     |
|    value_loss           | 0.282        |
------------------------------------------
------------------------------------------
| episode/                |              |
|    lines_cleared_mean   | 10.5         |
|    perfect_clears_mean  | 0            |
|    pieces_placed_mean   | 37.2         |
| rollout/                |              |
|    ep_len_mean          | 33.5         |
|    ep_rew_mean          | 48.7         |
| time/                   |              |
|    fps                  | 624          |
|    iterations           | 48           |
|    time_elapsed         | 629          |
|    total_timesteps      | 393216       |
| train/                  |              |
|    approx_kl            | 0.0029985667 |
|    clip_fraction        | 0.0198       |
|    clip_range           | 0.2          |
|    entropy_loss         | -0.48        |
|    explained_variance   | 0.39         |
|    learning_rate        | 5e-05        |
|    loss                 | 0.205        |
|    n_updates            | 188          |
|    policy_gradient_loss | -0.00349     |
|    value_loss           | 0.255        |
------------------------------------------
------------------------------------------
| episode/                |              |
|    lines_cleared_mean   | 9.2          |
|    perfect_clears_mean  | 0            |
|    pieces_placed_mean   | 34.3         |
| rollout/                |              |
|    ep_len_mean          | 31           |
|    ep_rew_mean          | 43           |
| time/                   |              |
|    fps                  | 625          |
|    iterations           | 49           |
|    time_elapsed         | 642          |
|    total_timesteps      | 401408       |
| train/                  |              |
|    approx_kl            | 0.0030461922 |
|    clip_fraction        | 0.019        |
|    clip_range           | 0.2          |
|    entropy_loss         | -0.47        |
|    explained_variance   | 0.352        |
|    learning_rate        | 5e-05        |
|    loss                 | 0.178        |
|    n_updates            | 192          |
|    policy_gradient_loss | -0.00395     |
|    value_loss           | 0.263        |
------------------------------------------
------------------------------------------
| episode/                |              |
|    lines_cleared_mean   | 6.2          |
|    perfect_clears_mean  | 0            |
|    pieces_placed_mean   | 27           |
| rollout/                |              |
|    ep_len_mean          | 32           |
|    ep_rew_mean          | 45.6         |
| time/                   |              |
|    fps                  | 625          |
|    iterations           | 50           |
|    time_elapsed         | 655          |
|    total_timesteps      | 409600       |
| train/                  |              |
|    approx_kl            | 0.0025253482 |
|    clip_fraction        | 0.0164       |
|    clip_range           | 0.2          |
|    entropy_loss         | -0.474       |
|    explained_variance   | 0.384        |
|    learning_rate        | 5e-05        |
|    loss                 | 0.196        |
|    n_updates            | 196          |
|    policy_gradient_loss | -0.00387     |
|    value_loss           | 0.285        |
------------------------------------------
------------------------------------------
| episode/                |              |
|    lines_cleared_mean   | 7.73         |
|    perfect_clears_mean  | 0            |
|    pieces_placed_mean   | 30.5         |
| rollout/                |              |
|    ep_len_mean          | 29.9         |
|    ep_rew_mean          | 40.3         |
| time/                   |              |
|    fps                  | 625          |
|    iterations           | 51           |
|    time_elapsed         | 667          |
|    total_timesteps      | 417792       |
| train/                  |              |
|    approx_kl            | 0.0031975547 |
|    clip_fraction        | 0.0222       |
|    clip_range           | 0.2          |
|    entropy_loss         | -0.476       |
|    explained_variance   | 0.319        |
|    learning_rate        | 5e-05        |
|    loss                 | 0.212        |
|    n_updates            | 200          |
|    policy_gradient_loss | -0.00376     |
|    value_loss           | 0.29         |
------------------------------------------
----------------------------------------
| episode/                |            |
|    lines_cleared_mean   | 7.4        |
|    perfect_clears_mean  | 0          |
|    pieces_placed_mean   | 29.7       |
| rollout/                |            |
|    ep_len_mean          | 32.3       |
|    ep_rew_mean          | 45.4       |
| time/                   |            |
|    fps                  | 625        |
|    iterations           | 52         |
|    time_elapsed         | 681        |
|    total_timesteps      | 425984     |
| train/                  |            |
|    approx_kl            | 0.00297361 |
|    clip_fraction        | 0.0163     |
|    clip_range           | 0.2        |
|    entropy_loss         | -0.483     |
|    explained_variance   | 0.297      |
|    learning_rate        | 5e-05      |
|    loss                 | 0.209      |
|    n_updates            | 204        |
|    policy_gradient_loss | -0.00399   |
|    value_loss           | 0.282      |
----------------------------------------
-----------------------------------------
| episode/                |             |
|    lines_cleared_mean   | 8.8         |
|    perfect_clears_mean  | 0           |
|    pieces_placed_mean   | 33.8        |
| rollout/                |             |
|    ep_len_mean          | 29.1        |
|    ep_rew_mean          | 38.3        |
| time/                   |             |
|    fps                  | 624         |
|    iterations           | 53          |
|    time_elapsed         | 695         |
|    total_timesteps      | 434176      |
| train/                  |             |
|    approx_kl            | 0.002794325 |
|    clip_fraction        | 0.0143      |
|    clip_range           | 0.2         |
|    entropy_loss         | -0.475      |
|    explained_variance   | 0.387       |
|    learning_rate        | 5e-05       |
|    loss                 | 0.198       |
|    n_updates            | 208         |
|    policy_gradient_loss | -0.00273    |
|    value_loss           | 0.252       |
-----------------------------------------
-----------------------------------------
| episode/                |             |
|    lines_cleared_mean   | 6.36        |
|    perfect_clears_mean  | 0           |
|    pieces_placed_mean   | 27.5        |
| rollout/                |             |
|    ep_len_mean          | 29.4        |
|    ep_rew_mean          | 39.6        |
| time/                   |             |
|    fps                  | 623         |
|    iterations           | 54          |
|    time_elapsed         | 709         |
|    total_timesteps      | 442368      |
| train/                  |             |
|    approx_kl            | 0.003333611 |
|    clip_fraction        | 0.0213      |
|    clip_range           | 0.2         |
|    entropy_loss         | -0.485      |
|    explained_variance   | 0.406       |
|    learning_rate        | 5e-05       |
|    loss                 | 0.19        |
|    n_updates            | 212         |
|    policy_gradient_loss | -0.00333    |
|    value_loss           | 0.265       |
-----------------------------------------
-----------------------------------------
| episode/                |             |
|    lines_cleared_mean   | 7.83        |
|    perfect_clears_mean  | 0           |
|    pieces_placed_mean   | 31.2        |
| rollout/                |             |
|    ep_len_mean          | 30.3        |
|    ep_rew_mean          | 40.9        |
| time/                   |             |
|    fps                  | 623         |
|    iterations           | 55          |
|    time_elapsed         | 722         |
|    total_timesteps      | 450560      |
| train/                  |             |
|    approx_kl            | 0.003894089 |
|    clip_fraction        | 0.0302      |
|    clip_range           | 0.2         |
|    entropy_loss         | -0.486      |
|    explained_variance   | 0.364       |
|    learning_rate        | 5e-05       |
|    loss                 | 0.184       |
|    n_updates            | 216         |
|    policy_gradient_loss | -0.00465    |
|    value_loss           | 0.251       |
-----------------------------------------
------------------------------------------
| episode/                |              |
|    lines_cleared_mean   | 5.5          |
|    perfect_clears_mean  | 0            |
|    pieces_placed_mean   | 26.2         |
| rollout/                |              |
|    ep_len_mean          | 33           |
|    ep_rew_mean          | 47.3         |
| time/                   |              |
|    fps                  | 623          |
|    iterations           | 56           |
|    time_elapsed         | 735          |
|    total_timesteps      | 458752       |
| train/                  |              |
|    approx_kl            | 0.0028035478 |
|    clip_fraction        | 0.0151       |
|    clip_range           | 0.2          |
|    entropy_loss         | -0.479       |
|    explained_variance   | 0.353        |
|    learning_rate        | 5e-05        |
|    loss                 | 0.201        |
|    n_updates            | 220          |
|    policy_gradient_loss | -0.00284     |
|    value_loss           | 0.279        |
------------------------------------------
------------------------------------------
| episode/                |              |
|    lines_cleared_mean   | 5.3          |
|    perfect_clears_mean  | 0            |
|    pieces_placed_mean   | 25.2         |
| rollout/                |              |
|    ep_len_mean          | 29.6         |
|    ep_rew_mean          | 39.6         |
| time/                   |              |
|    fps                  | 622          |
|    iterations           | 57           |
|    time_elapsed         | 750          |
|    total_timesteps      | 466944       |
| train/                  |              |
|    approx_kl            | 0.0025056433 |
|    clip_fraction        | 0.0128       |
|    clip_range           | 0.2          |
|    entropy_loss         | -0.466       |
|    explained_variance   | 0.335        |
|    learning_rate        | 5e-05        |
|    loss                 | 0.26         |
|    n_updates            | 224          |
|    policy_gradient_loss | -0.00298     |
|    value_loss           | 0.312        |
------------------------------------------
-----------------------------------------
| episode/                |             |
|    lines_cleared_mean   | 11.1        |
|    perfect_clears_mean  | 0           |
|    pieces_placed_mean   | 39.1        |
| rollout/                |             |
|    ep_len_mean          | 30.9        |
|    ep_rew_mean          | 41.9        |
| time/                   |             |
|    fps                  | 622         |
|    iterations           | 58          |
|    time_elapsed         | 763         |
|    total_timesteps      | 475136      |
| train/                  |             |
|    approx_kl            | 0.002982623 |
|    clip_fraction        | 0.0187      |
|    clip_range           | 0.2         |
|    entropy_loss         | -0.478      |
|    explained_variance   | 0.344       |
|    learning_rate        | 5e-05       |
|    loss                 | 0.241       |
|    n_updates            | 228         |
|    policy_gradient_loss | -0.00361    |
|    value_loss           | 0.308       |
-----------------------------------------
------------------------------------------
| episode/                |              |
|    lines_cleared_mean   | 10.5         |
|    perfect_clears_mean  | 0            |
|    pieces_placed_mean   | 37.5         |
| rollout/                |              |
|    ep_len_mean          | 32.5         |
|    ep_rew_mean          | 45.7         |
| time/                   |              |
|    fps                  | 621          |
|    iterations           | 59           |
|    time_elapsed         | 777          |
|    total_timesteps      | 483328       |
| train/                  |              |
|    approx_kl            | 0.0029278358 |
|    clip_fraction        | 0.0193       |
|    clip_range           | 0.2          |
|    entropy_loss         | -0.48        |
|    explained_variance   | 0.369        |
|    learning_rate        | 5e-05        |
|    loss                 | 0.167        |
|    n_updates            | 232          |
|    policy_gradient_loss | -0.00366     |
|    value_loss           | 0.268        |
------------------------------------------
------------------------------------------
| episode/                |              |
|    lines_cleared_mean   | 6.82         |
|    perfect_clears_mean  | 0            |
|    pieces_placed_mean   | 28.8         |
| rollout/                |              |
|    ep_len_mean          | 30.3         |
|    ep_rew_mean          | 41           |
| time/                   |              |
|    fps                  | 621          |
|    iterations           | 60           |
|    time_elapsed         | 790          |
|    total_timesteps      | 491520       |
| train/                  |              |
|    approx_kl            | 0.0022831885 |
|    clip_fraction        | 0.0103       |
|    clip_range           | 0.2          |
|    entropy_loss         | -0.464       |
|    explained_variance   | 0.376        |
|    learning_rate        | 5e-05        |
|    loss                 | 0.204        |
|    n_updates            | 236          |
|    policy_gradient_loss | -0.00269     |
|    value_loss           | 0.287        |
------------------------------------------
------------------------------------------
| episode/                |              |
|    lines_cleared_mean   | 9.8          |
|    perfect_clears_mean  | 0            |
|    pieces_placed_mean   | 35.9         |
| rollout/                |              |
|    ep_len_mean          | 32.5         |
|    ep_rew_mean          | 46.1         |
| time/                   |              |
|    fps                  | 621          |
|    iterations           | 61           |
|    time_elapsed         | 803          |
|    total_timesteps      | 499712       |
| train/                  |              |
|    approx_kl            | 0.0025596484 |
|    clip_fraction        | 0.0168       |
|    clip_range           | 0.2          |
|    entropy_loss         | -0.468       |
|    explained_variance   | 0.362        |
|    learning_rate        | 5e-05        |
|    loss                 | 0.259        |
|    n_updates            | 240          |
|    policy_gradient_loss | -0.00359     |
|    value_loss           | 0.306        |
------------------------------------------
------------------------------------------
| episode/                |              |
|    lines_cleared_mean   | 7.2          |
|    perfect_clears_mean  | 0            |
|    pieces_placed_mean   | 29           |
| rollout/                |              |
|    ep_len_mean          | 31.4         |
|    ep_rew_mean          | 43.9         |
| time/                   |              |
|    fps                  | 621          |
|    iterations           | 62           |
|    time_elapsed         | 816          |
|    total_timesteps      | 507904       |
| train/                  |              |
|    approx_kl            | 0.0023729035 |
|    clip_fraction        | 0.0174       |
|    clip_range           | 0.2          |
|    entropy_loss         | -0.47        |
|    explained_variance   | 0.36         |
|    learning_rate        | 5e-05        |
|    loss                 | 0.243        |
|    n_updates            | 244          |
|    policy_gradient_loss | -0.00316     |
|    value_loss           | 0.321        |
------------------------------------------
------------------------------------------
| episode/                |              |
|    lines_cleared_mean   | 8.2          |
|    perfect_clears_mean  | 0            |
|    pieces_placed_mean   | 32.7         |
| rollout/                |              |
|    ep_len_mean          | 28.2         |
|    ep_rew_mean          | 36.1         |
| time/                   |              |
|    fps                  | 621          |
|    iterations           | 63           |
|    time_elapsed         | 831          |
|    total_timesteps      | 516096       |
| train/                  |              |
|    approx_kl            | 0.0025433153 |
|    clip_fraction        | 0.0135       |
|    clip_range           | 0.2          |
|    entropy_loss         | -0.476       |
|    explained_variance   | 0.361        |
|    learning_rate        | 5e-05        |
|    loss                 | 0.278        |
|    n_updates            | 248          |
|    policy_gradient_loss | -0.00329     |
|    value_loss           | 0.315        |
------------------------------------------
------------------------------------------
| episode/                |              |
|    lines_cleared_mean   | 8.82         |
|    perfect_clears_mean  | 0            |
|    pieces_placed_mean   | 34.4         |
| rollout/                |              |
|    ep_len_mean          | 32.2         |
|    ep_rew_mean          | 45.6         |
| time/                   |              |
|    fps                  | 620          |
|    iterations           | 64           |
|    time_elapsed         | 844          |
|    total_timesteps      | 524288       |
| train/                  |              |
|    approx_kl            | 0.0027471131 |
|    clip_fraction        | 0.0163       |
|    clip_range           | 0.2          |
|    entropy_loss         | -0.466       |
|    explained_variance   | 0.359        |
|    learning_rate        | 5e-05        |
|    loss                 | 0.203        |
|    n_updates            | 252          |
|    policy_gradient_loss | -0.00359     |
|    value_loss           | 0.296        |
------------------------------------------
------------------------------------------
| episode/                |              |
|    lines_cleared_mean   | 6.92         |
|    perfect_clears_mean  | 0            |
|    pieces_placed_mean   | 29.2         |
| rollout/                |              |
|    ep_len_mean          | 30.3         |
|    ep_rew_mean          | 40.9         |
| time/                   |              |
|    fps                  | 620          |
|    iterations           | 65           |
|    time_elapsed         | 857          |
|    total_timesteps      | 532480       |
| train/                  |              |
|    approx_kl            | 0.0031679291 |
|    clip_fraction        | 0.0201       |
|    clip_range           | 0.2          |
|    entropy_loss         | -0.472       |
|    explained_variance   | 0.3          |
|    learning_rate        | 5e-05        |
|    loss                 | 0.21         |
|    n_updates            | 256          |
|    policy_gradient_loss | -0.00386     |
|    value_loss           | 0.298        |
------------------------------------------
------------------------------------------
| episode/                |              |
|    lines_cleared_mean   | 5.58         |
|    perfect_clears_mean  | 0            |
|    pieces_placed_mean   | 26.2         |
| rollout/                |              |
|    ep_len_mean          | 29.1         |
|    ep_rew_mean          | 39.2         |
| time/                   |              |
|    fps                  | 620          |
|    iterations           | 66           |
|    time_elapsed         | 871          |
|    total_timesteps      | 540672       |
| train/                  |              |
|    approx_kl            | 0.0023359503 |
|    clip_fraction        | 0.0122       |
|    clip_range           | 0.2          |
|    entropy_loss         | -0.473       |
|    explained_variance   | 0.285        |
|    learning_rate        | 5e-05        |
|    loss                 | 0.231        |
|    n_updates            | 260          |
|    policy_gradient_loss | -0.00229     |
|    value_loss           | 0.302        |
------------------------------------------
------------------------------------------
| episode/                |              |
|    lines_cleared_mean   | 5.27         |
|    perfect_clears_mean  | 0            |
|    pieces_placed_mean   | 25.5         |
| rollout/                |              |
|    ep_len_mean          | 32.4         |
|    ep_rew_mean          | 46.1         |
| time/                   |              |
|    fps                  | 620          |
|    iterations           | 67           |
|    time_elapsed         | 884          |
|    total_timesteps      | 548864       |
| train/                  |              |
|    approx_kl            | 0.0034214118 |
|    clip_fraction        | 0.0244       |
|    clip_range           | 0.2          |
|    entropy_loss         | -0.476       |
|    explained_variance   | 0.331        |
|    learning_rate        | 5e-05        |
|    loss                 | 0.244        |
|    n_updates            | 264          |
|    policy_gradient_loss | -0.00446     |
|    value_loss           | 0.304        |
------------------------------------------
-----------------------------------------
| episode/                |             |
|    lines_cleared_mean   | 10          |
|    perfect_clears_mean  | 0           |
|    pieces_placed_mean   | 35.4        |
| rollout/                |             |
|    ep_len_mean          | 30          |
|    ep_rew_mean          | 40.2        |
| time/                   |             |
|    fps                  | 620         |
|    iterations           | 68          |
|    time_elapsed         | 897         |
|    total_timesteps      | 557056      |
| train/                  |             |
|    approx_kl            | 0.002553514 |
|    clip_fraction        | 0.0129      |
|    clip_range           | 0.2         |
|    entropy_loss         | -0.472      |
|    explained_variance   | 0.354       |
|    learning_rate        | 5e-05       |
|    loss                 | 0.239       |
|    n_updates            | 268         |
|    policy_gradient_loss | -0.00317    |
|    value_loss           | 0.296       |
-----------------------------------------
------------------------------------------
| episode/                |              |
|    lines_cleared_mean   | 8.5          |
|    perfect_clears_mean  | 0            |
|    pieces_placed_mean   | 31.7         |
| rollout/                |              |
|    ep_len_mean          | 32.3         |
|    ep_rew_mean          | 46.1         |
| time/                   |              |
|    fps                  | 620          |
|    iterations           | 69           |
|    time_elapsed         | 910          |
|    total_timesteps      | 565248       |
| train/                  |              |
|    approx_kl            | 0.0030154889 |
|    clip_fraction        | 0.0204       |
|    clip_range           | 0.2          |
|    entropy_loss         | -0.48        |
|    explained_variance   | 0.329        |
|    learning_rate        | 5e-05        |
|    loss                 | 0.201        |
|    n_updates            | 272          |
|    policy_gradient_loss | -0.00315     |
|    value_loss           | 0.272        |
------------------------------------------
------------------------------------------
| episode/                |              |
|    lines_cleared_mean   | 5.1          |
|    perfect_clears_mean  | 0            |
|    pieces_placed_mean   | 24.5         |
| rollout/                |              |
|    ep_len_mean          | 31           |
|    ep_rew_mean          | 43.7         |
| time/                   |              |
|    fps                  | 620          |
|    iterations           | 70           |
|    time_elapsed         | 924          |
|    total_timesteps      | 573440       |
| train/                  |              |
|    approx_kl            | 0.0026172942 |
|    clip_fraction        | 0.0175       |
|    clip_range           | 0.2          |
|    entropy_loss         | -0.457       |
|    explained_variance   | 0.316        |
|    learning_rate        | 5e-05        |
|    loss                 | 0.229        |
|    n_updates            | 276          |
|    policy_gradient_loss | -0.00349     |
|    value_loss           | 0.309        |
------------------------------------------
------------------------------------------
| episode/                |              |
|    lines_cleared_mean   | 6.9          |
|    perfect_clears_mean  | 0            |
|    pieces_placed_mean   | 29.4         |
| rollout/                |              |
|    ep_len_mean          | 30.3         |
|    ep_rew_mean          | 41.1         |
| time/                   |              |
|    fps                  | 620          |
|    iterations           | 71           |
|    time_elapsed         | 937          |
|    total_timesteps      | 581632       |
| train/                  |              |
|    approx_kl            | 0.0026834588 |
|    clip_fraction        | 0.015        |
|    clip_range           | 0.2          |
|    entropy_loss         | -0.465       |
|    explained_variance   | 0.349        |
|    learning_rate        | 5e-05        |
|    loss                 | 0.218        |
|    n_updates            | 280          |
|    policy_gradient_loss | -0.00337     |
|    value_loss           | 0.291        |
------------------------------------------
------------------------------------------
| episode/                |              |
|    lines_cleared_mean   | 9            |
|    perfect_clears_mean  | 0            |
|    pieces_placed_mean   | 33.8         |
| rollout/                |              |
|    ep_len_mean          | 31           |
|    ep_rew_mean          | 42.9         |
| time/                   |              |
|    fps                  | 620          |
|    iterations           | 72           |
|    time_elapsed         | 950          |
|    total_timesteps      | 589824       |
| train/                  |              |
|    approx_kl            | 0.0032379385 |
|    clip_fraction        | 0.0214       |
|    clip_range           | 0.2          |
|    entropy_loss         | -0.472       |
|    explained_variance   | 0.336        |
|    learning_rate        | 5e-05        |
|    loss                 | 0.206        |
|    n_updates            | 284          |
|    policy_gradient_loss | -0.00363     |
|    value_loss           | 0.296        |
------------------------------------------
------------------------------------------
| episode/                |              |
|    lines_cleared_mean   | 8.1          |
|    perfect_clears_mean  | 0            |
|    pieces_placed_mean   | 31.8         |
| rollout/                |              |
|    ep_len_mean          | 31.2         |
|    ep_rew_mean          | 43.8         |
| time/                   |              |
|    fps                  | 620          |
|    iterations           | 73           |
|    time_elapsed         | 962          |
|    total_timesteps      | 598016       |
| train/                  |              |
|    approx_kl            | 0.0032975292 |
|    clip_fraction        | 0.0197       |
|    clip_range           | 0.2          |
|    entropy_loss         | -0.47        |
|    explained_variance   | 0.351        |
|    learning_rate        | 5e-05        |
|    loss                 | 0.199        |
|    n_updates            | 288          |
|    policy_gradient_loss | -0.00393     |
|    value_loss           | 0.283        |
------------------------------------------
-----------------------------------------
| episode/                |             |
|    lines_cleared_mean   | 6.45        |
|    perfect_clears_mean  | 0           |
|    pieces_placed_mean   | 28.1        |
| rollout/                |             |
|    ep_len_mean          | 31.4        |
|    ep_rew_mean          | 43.6        |
| time/                   |             |
|    fps                  | 621         |
|    iterations           | 74          |
|    time_elapsed         | 976         |
|    total_timesteps      | 606208      |
| train/                  |             |
|    approx_kl            | 0.003154688 |
|    clip_fraction        | 0.0198      |
|    clip_range           | 0.2         |
|    entropy_loss         | -0.467      |
|    explained_variance   | 0.369       |
|    learning_rate        | 5e-05       |
|    loss                 | 0.23        |
|    n_updates            | 292         |
|    policy_gradient_loss | -0.0033     |
|    value_loss           | 0.254       |
-----------------------------------------
------------------------------------------
| episode/                |              |
|    lines_cleared_mean   | 7.9          |
|    perfect_clears_mean  | 0            |
|    pieces_placed_mean   | 32           |
| rollout/                |              |
|    ep_len_mean          | 30           |
|    ep_rew_mean          | 39.4         |
| time/                   |              |
|    fps                  | 620          |
|    iterations           | 75           |
|    time_elapsed         | 989          |
|    total_timesteps      | 614400       |
| train/                  |              |
|    approx_kl            | 0.0026994345 |
|    clip_fraction        | 0.015        |
|    clip_range           | 0.2          |
|    entropy_loss         | -0.468       |
|    explained_variance   | 0.32         |
|    learning_rate        | 5e-05        |
|    loss                 | 0.176        |
|    n_updates            | 296          |
|    policy_gradient_loss | -0.00305     |
|    value_loss           | 0.276        |
------------------------------------------
-----------------------------------------
| episode/                |             |
|    lines_cleared_mean   | 7.5         |
|    perfect_clears_mean  | 0           |
|    pieces_placed_mean   | 30.6        |
| rollout/                |             |
|    ep_len_mean          | 30.8        |
|    ep_rew_mean          | 42.5        |
| time/                   |             |
|    fps                  | 620         |
|    iterations           | 76          |
|    time_elapsed         | 1002        |
|    total_timesteps      | 622592      |
| train/                  |             |
|    approx_kl            | 0.002148547 |
|    clip_fraction        | 0.0122      |
|    clip_range           | 0.2         |
|    entropy_loss         | -0.468      |
|    explained_variance   | 0.351       |
|    learning_rate        | 5e-05       |
|    loss                 | 0.253       |
|    n_updates            | 300         |
|    policy_gradient_loss | -0.00314    |
|    value_loss           | 0.301       |
-----------------------------------------
------------------------------------------
| episode/                |              |
|    lines_cleared_mean   | 9.3          |
|    perfect_clears_mean  | 0            |
|    pieces_placed_mean   | 34.6         |
| rollout/                |              |
|    ep_len_mean          | 29.9         |
|    ep_rew_mean          | 40.5         |
| time/                   |              |
|    fps                  | 620          |
|    iterations           | 77           |
|    time_elapsed         | 1015         |
|    total_timesteps      | 630784       |
| train/                  |              |
|    approx_kl            | 0.0025314316 |
|    clip_fraction        | 0.0179       |
|    clip_range           | 0.2          |
|    entropy_loss         | -0.463       |
|    explained_variance   | 0.423        |
|    learning_rate        | 5e-05        |
|    loss                 | 0.231        |
|    n_updates            | 304          |
|    policy_gradient_loss | -0.00393     |
|    value_loss           | 0.272        |
------------------------------------------
------------------------------------------
| episode/                |              |
|    lines_cleared_mean   | 5.9          |
|    perfect_clears_mean  | 0            |
|    pieces_placed_mean   | 26.1         |
| rollout/                |              |
|    ep_len_mean          | 32.6         |
|    ep_rew_mean          | 46.3         |
| time/                   |              |
|    fps                  | 621          |
|    iterations           | 78           |
|    time_elapsed         | 1028         |
|    total_timesteps      | 638976       |
| train/                  |              |
|    approx_kl            | 0.0025870197 |
|    clip_fraction        | 0.0143       |
|    clip_range           | 0.2          |
|    entropy_loss         | -0.469       |
|    explained_variance   | 0.395        |
|    learning_rate        | 5e-05        |
|    loss                 | 0.217        |
|    n_updates            | 308          |
|    policy_gradient_loss | -0.00312     |
|    value_loss           | 0.283        |
------------------------------------------
------------------------------------------
| episode/                |              |
|    lines_cleared_mean   | 7.09         |
|    perfect_clears_mean  | 0            |
|    pieces_placed_mean   | 29.8         |
| rollout/                |              |
|    ep_len_mean          | 30.3         |
|    ep_rew_mean          | 41.5         |
| time/                   |              |
|    fps                  | 621          |
|    iterations           | 79           |
|    time_elapsed         | 1041         |
|    total_timesteps      | 647168       |
| train/                  |              |
|    approx_kl            | 0.0030582119 |
|    clip_fraction        | 0.0182       |
|    clip_range           | 0.2          |
|    entropy_loss         | -0.474       |
|    explained_variance   | 0.378        |
|    learning_rate        | 5e-05        |
|    loss                 | 0.237        |
|    n_updates            | 312          |
|    policy_gradient_loss | -0.00331     |
|    value_loss           | 0.3          |
------------------------------------------
------------------------------------------
| episode/                |              |
|    lines_cleared_mean   | 7.5          |
|    perfect_clears_mean  | 0            |
|    pieces_placed_mean   | 29.6         |
| rollout/                |              |
|    ep_len_mean          | 31.1         |
|    ep_rew_mean          | 43.3         |
| time/                   |              |
|    fps                  | 621          |
|    iterations           | 80           |
|    time_elapsed         | 1054         |
|    total_timesteps      | 655360       |
| train/                  |              |
|    approx_kl            | 0.0029304274 |
|    clip_fraction        | 0.0162       |
|    clip_range           | 0.2          |
|    entropy_loss         | -0.475       |
|    explained_variance   | 0.374        |
|    learning_rate        | 5e-05        |
|    loss                 | 0.229        |
|    n_updates            | 316          |
|    policy_gradient_loss | -0.00356     |
|    value_loss           | 0.293        |
------------------------------------------
------------------------------------------
| episode/                |              |
|    lines_cleared_mean   | 7.6          |
|    perfect_clears_mean  | 0            |
|    pieces_placed_mean   | 31.5         |
| rollout/                |              |
|    ep_len_mean          | 31.5         |
|    ep_rew_mean          | 43.7         |
| time/                   |              |
|    fps                  | 621          |
|    iterations           | 81           |
|    time_elapsed         | 1067         |
|    total_timesteps      | 663552       |
| train/                  |              |
|    approx_kl            | 0.0025552073 |
|    clip_fraction        | 0.0133       |
|    clip_range           | 0.2          |
|    entropy_loss         | -0.471       |
|    explained_variance   | 0.385        |
|    learning_rate        | 5e-05        |
|    loss                 | 0.232        |
|    n_updates            | 320          |
|    policy_gradient_loss | -0.00291     |
|    value_loss           | 0.292        |
------------------------------------------
------------------------------------------
| episode/                |              |
|    lines_cleared_mean   | 5.2          |
|    perfect_clears_mean  | 0            |
|    pieces_placed_mean   | 25.9         |
| rollout/                |              |
|    ep_len_mean          | 29.9         |
|    ep_rew_mean          | 40.2         |
| time/                   |              |
|    fps                  | 622          |
|    iterations           | 82           |
|    time_elapsed         | 1079         |
|    total_timesteps      | 671744       |
| train/                  |              |
|    approx_kl            | 0.0032964027 |
|    clip_fraction        | 0.0187       |
|    clip_range           | 0.2          |
|    entropy_loss         | -0.474       |
|    explained_variance   | 0.413        |
|    learning_rate        | 5e-05        |
|    loss                 | 0.216        |
|    n_updates            | 324          |
|    policy_gradient_loss | -0.00357     |
|    value_loss           | 0.296        |
------------------------------------------
------------------------------------------
| episode/                |              |
|    lines_cleared_mean   | 8.2          |
|    perfect_clears_mean  | 0            |
|    pieces_placed_mean   | 31.4         |
| rollout/                |              |
|    ep_len_mean          | 32.2         |
|    ep_rew_mean          | 45           |
| time/                   |              |
|    fps                  | 621          |
|    iterations           | 83           |
|    time_elapsed         | 1093         |
|    total_timesteps      | 679936       |
| train/                  |              |
|    approx_kl            | 0.0032633408 |
|    clip_fraction        | 0.0225       |
|    clip_range           | 0.2          |
|    entropy_loss         | -0.474       |
|    explained_variance   | 0.37         |
|    learning_rate        | 5e-05        |
|    loss                 | 0.228        |
|    n_updates            | 328          |
|    policy_gradient_loss | -0.0033      |
|    value_loss           | 0.275        |
------------------------------------------
-----------------------------------------
| episode/                |             |
|    lines_cleared_mean   | 6.7         |
|    perfect_clears_mean  | 0           |
|    pieces_placed_mean   | 28.4        |
| rollout/                |             |
|    ep_len_mean          | 31.5        |
|    ep_rew_mean          | 44.2        |
| time/                   |             |
|    fps                  | 621         |
|    iterations           | 84          |
|    time_elapsed         | 1106        |
|    total_timesteps      | 688128      |
| train/                  |             |
|    approx_kl            | 0.003026296 |
|    clip_fraction        | 0.0255      |
|    clip_range           | 0.2         |
|    entropy_loss         | -0.47       |
|    explained_variance   | 0.369       |
|    learning_rate        | 5e-05       |
|    loss                 | 0.25        |
|    n_updates            | 332         |
|    policy_gradient_loss | -0.00471    |
|    value_loss           | 0.284       |
-----------------------------------------
------------------------------------------
| episode/                |              |
|    lines_cleared_mean   | 9            |
|    perfect_clears_mean  | 0            |
|    pieces_placed_mean   | 33           |
| rollout/                |              |
|    ep_len_mean          | 30.2         |
|    ep_rew_mean          | 41.1         |
| time/                   |              |
|    fps                  | 622          |
|    iterations           | 85           |
|    time_elapsed         | 1119         |
|    total_timesteps      | 696320       |
| train/                  |              |
|    approx_kl            | 0.0029996354 |
|    clip_fraction        | 0.0173       |
|    clip_range           | 0.2          |
|    entropy_loss         | -0.465       |
|    explained_variance   | 0.373        |
|    learning_rate        | 5e-05        |
|    loss                 | 0.246        |
|    n_updates            | 336          |
|    policy_gradient_loss | -0.00345     |
|    value_loss           | 0.282        |
------------------------------------------
------------------------------------------
| episode/                |              |
|    lines_cleared_mean   | 8.2          |
|    perfect_clears_mean  | 0            |
|    pieces_placed_mean   | 32.1         |
| rollout/                |              |
|    ep_len_mean          | 30.9         |
|    ep_rew_mean          | 42           |
| time/                   |              |
|    fps                  | 621          |
|    iterations           | 86           |
|    time_elapsed         | 1132         |
|    total_timesteps      | 704512       |
| train/                  |              |
|    approx_kl            | 0.0023877851 |
|    clip_fraction        | 0.0163       |
|    clip_range           | 0.2          |
|    entropy_loss         | -0.464       |
|    explained_variance   | 0.43         |
|    learning_rate        | 5e-05        |
|    loss                 | 0.224        |
|    n_updates            | 340          |
|    policy_gradient_loss | -0.00259     |
|    value_loss           | 0.277        |
------------------------------------------
------------------------------------------
| episode/                |              |
|    lines_cleared_mean   | 6.5          |
|    perfect_clears_mean  | 0            |
|    pieces_placed_mean   | 28.4         |
| rollout/                |              |
|    ep_len_mean          | 31.1         |
|    ep_rew_mean          | 43           |
| time/                   |              |
|    fps                  | 622          |
|    iterations           | 87           |
|    time_elapsed         | 1145         |
|    total_timesteps      | 712704       |
| train/                  |              |
|    approx_kl            | 0.0028185593 |
|    clip_fraction        | 0.0169       |
|    clip_range           | 0.2          |
|    entropy_loss         | -0.468       |
|    explained_variance   | 0.35         |
|    learning_rate        | 5e-05        |
|    loss                 | 0.239        |
|    n_updates            | 344          |
|    policy_gradient_loss | -0.00381     |
|    value_loss           | 0.309        |
------------------------------------------
------------------------------------------
| episode/                |              |
|    lines_cleared_mean   | 9            |
|    perfect_clears_mean  | 0            |
|    pieces_placed_mean   | 33.8         |
| rollout/                |              |
|    ep_len_mean          | 31.3         |
|    ep_rew_mean          | 43.1         |
| time/                   |              |
|    fps                  | 622          |
|    iterations           | 88           |
|    time_elapsed         | 1158         |
|    total_timesteps      | 720896       |
| train/                  |              |
|    approx_kl            | 0.0029966799 |
|    clip_fraction        | 0.0182       |
|    clip_range           | 0.2          |
|    entropy_loss         | -0.464       |
|    explained_variance   | 0.369        |
|    learning_rate        | 5e-05        |
|    loss                 | 0.224        |
|    n_updates            | 348          |
|    policy_gradient_loss | -0.00359     |
|    value_loss           | 0.284        |
------------------------------------------
------------------------------------------
| episode/                |              |
|    lines_cleared_mean   | 7.6          |
|    perfect_clears_mean  | 0            |
|    pieces_placed_mean   | 30.1         |
| rollout/                |              |
|    ep_len_mean          | 29.1         |
|    ep_rew_mean          | 39           |
| time/                   |              |
|    fps                  | 622          |
|    iterations           | 89           |
|    time_elapsed         | 1171         |
|    total_timesteps      | 729088       |
| train/                  |              |
|    approx_kl            | 0.0028227554 |
|    clip_fraction        | 0.0162       |
|    clip_range           | 0.2          |
|    entropy_loss         | -0.458       |
|    explained_variance   | 0.366        |
|    learning_rate        | 5e-05        |
|    loss                 | 0.282        |
|    n_updates            | 352          |
|    policy_gradient_loss | -0.00395     |
|    value_loss           | 0.32         |
------------------------------------------
-----------------------------------------
| episode/                |             |
|    lines_cleared_mean   | 7.8         |
|    perfect_clears_mean  | 0           |
|    pieces_placed_mean   | 30.1        |
| rollout/                |             |
|    ep_len_mean          | 31.7        |
|    ep_rew_mean          | 44.5        |
| time/                   |             |
|    fps                  | 621         |
|    iterations           | 90          |
|    time_elapsed         | 1185        |
|    total_timesteps      | 737280      |
| train/                  |             |
|    approx_kl            | 0.002901202 |
|    clip_fraction        | 0.0188      |
|    clip_range           | 0.2         |
|    entropy_loss         | -0.459      |
|    explained_variance   | 0.326       |
|    learning_rate        | 5e-05       |
|    loss                 | 0.262       |
|    n_updates            | 356         |
|    policy_gradient_loss | -0.00355    |
|    value_loss           | 0.325       |
-----------------------------------------
------------------------------------------
| episode/                |              |
|    lines_cleared_mean   | 9.25         |
|    perfect_clears_mean  | 0            |
|    pieces_placed_mean   | 34.2         |
| rollout/                |              |
|    ep_len_mean          | 32.2         |
|    ep_rew_mean          | 45.1         |
| time/                   |              |
|    fps                  | 621          |
|    iterations           | 91           |
|    time_elapsed         | 1198         |
|    total_timesteps      | 745472       |
| train/                  |              |
|    approx_kl            | 0.0033845096 |
|    clip_fraction        | 0.0254       |
|    clip_range           | 0.2          |
|    entropy_loss         | -0.463       |
|    explained_variance   | 0.354        |
|    learning_rate        | 5e-05        |
|    loss                 | 0.226        |
|    n_updates            | 360          |
|    policy_gradient_loss | -0.00426     |
|    value_loss           | 0.275        |
------------------------------------------
-----------------------------------------
| episode/                |             |
|    lines_cleared_mean   | 7           |
|    perfect_clears_mean  | 0           |
|    pieces_placed_mean   | 28.5        |
| rollout/                |             |
|    ep_len_mean          | 28.4        |
|    ep_rew_mean          | 36.4        |
| time/                   |             |
|    fps                  | 621         |
|    iterations           | 92          |
|    time_elapsed         | 1211        |
|    total_timesteps      | 753664      |
| train/                  |             |
|    approx_kl            | 0.002458159 |
|    clip_fraction        | 0.0124      |
|    clip_range           | 0.2         |
|    entropy_loss         | -0.455      |
|    explained_variance   | 0.422       |
|    learning_rate        | 5e-05       |
|    loss                 | 0.233       |
|    n_updates            | 364         |
|    policy_gradient_loss | -0.00284    |
|    value_loss           | 0.275       |
-----------------------------------------
------------------------------------------
| episode/                |              |
|    lines_cleared_mean   | 5.64         |
|    perfect_clears_mean  | 0            |
|    pieces_placed_mean   | 26.6         |
| rollout/                |              |
|    ep_len_mean          | 30.5         |
|    ep_rew_mean          | 41.4         |
| time/                   |              |
|    fps                  | 622          |
|    iterations           | 93           |
|    time_elapsed         | 1224         |
|    total_timesteps      | 761856       |
| train/                  |              |
|    approx_kl            | 0.0034379445 |
|    clip_fraction        | 0.0255       |
|    clip_range           | 0.2          |
|    entropy_loss         | -0.469       |
|    explained_variance   | 0.364        |
|    learning_rate        | 5e-05        |
|    loss                 | 0.205        |
|    n_updates            | 368          |
|    policy_gradient_loss | -0.00413     |
|    value_loss           | 0.294        |
------------------------------------------
------------------------------------------
| episode/                |              |
|    lines_cleared_mean   | 8.7          |
|    perfect_clears_mean  | 0            |
|    pieces_placed_mean   | 33.2         |
| rollout/                |              |
|    ep_len_mean          | 29.1         |
|    ep_rew_mean          | 38.3         |
| time/                   |              |
|    fps                  | 622          |
|    iterations           | 94           |
|    time_elapsed         | 1237         |
|    total_timesteps      | 770048       |
| train/                  |              |
|    approx_kl            | 0.0024974425 |
|    clip_fraction        | 0.0138       |
|    clip_range           | 0.2          |
|    entropy_loss         | -0.463       |
|    explained_variance   | 0.307        |
|    learning_rate        | 5e-05        |
|    loss                 | 0.267        |
|    n_updates            | 372          |
|    policy_gradient_loss | -0.0031      |
|    value_loss           | 0.298        |
------------------------------------------
-----------------------------------------
| episode/                |             |
|    lines_cleared_mean   | 8.6         |
|    perfect_clears_mean  | 0           |
|    pieces_placed_mean   | 32.4        |
| rollout/                |             |
|    ep_len_mean          | 29.8        |
|    ep_rew_mean          | 40.2        |
| time/                   |             |
|    fps                  | 622         |
|    iterations           | 95          |
|    time_elapsed         | 1250        |
|    total_timesteps      | 778240      |
| train/                  |             |
|    approx_kl            | 0.002906406 |
|    clip_fraction        | 0.0168      |
|    clip_range           | 0.2         |
|    entropy_loss         | -0.471      |
|    explained_variance   | 0.318       |
|    learning_rate        | 5e-05       |
|    loss                 | 0.258       |
|    n_updates            | 376         |
|    policy_gradient_loss | -0.00306    |
|    value_loss           | 0.312       |
-----------------------------------------
------------------------------------------
| episode/                |              |
|    lines_cleared_mean   | 9.36         |
|    perfect_clears_mean  | 0            |
|    pieces_placed_mean   | 35           |
| rollout/                |              |
|    ep_len_mean          | 31.8         |
|    ep_rew_mean          | 44.7         |
| time/                   |              |
|    fps                  | 622          |
|    iterations           | 96           |
|    time_elapsed         | 1263         |
|    total_timesteps      | 786432       |
| train/                  |              |
|    approx_kl            | 0.0031147993 |
|    clip_fraction        | 0.0175       |
|    clip_range           | 0.2          |
|    entropy_loss         | -0.471       |
|    explained_variance   | 0.302        |
|    learning_rate        | 5e-05        |
|    loss                 | 0.252        |
|    n_updates            | 380          |
|    policy_gradient_loss | -0.0037      |
|    value_loss           | 0.315        |
------------------------------------------
------------------------------------------
| episode/                |              |
|    lines_cleared_mean   | 8.1          |
|    perfect_clears_mean  | 0            |
|    pieces_placed_mean   | 32           |
| rollout/                |              |
|    ep_len_mean          | 30.5         |
|    ep_rew_mean          | 41.7         |
| time/                   |              |
|    fps                  | 622          |
|    iterations           | 97           |
|    time_elapsed         | 1276         |
|    total_timesteps      | 794624       |
| train/                  |              |
|    approx_kl            | 0.0031846096 |
|    clip_fraction        | 0.0234       |
|    clip_range           | 0.2          |
|    entropy_loss         | -0.47        |
|    explained_variance   | 0.342        |
|    learning_rate        | 5e-05        |
|    loss                 | 0.223        |
|    n_updates            | 384          |
|    policy_gradient_loss | -0.0037      |
|    value_loss           | 0.291        |
------------------------------------------
------------------------------------------
| episode/                |              |
|    lines_cleared_mean   | 9.2          |
|    perfect_clears_mean  | 0            |
|    pieces_placed_mean   | 34.9         |
| rollout/                |              |
|    ep_len_mean          | 29.9         |
|    ep_rew_mean          | 40.1         |
| time/                   |              |
|    fps                  | 622          |
|    iterations           | 98           |
|    time_elapsed         | 1288         |
|    total_timesteps      | 802816       |
| train/                  |              |
|    approx_kl            | 0.0033455992 |
|    clip_fraction        | 0.0238       |
|    clip_range           | 0.2          |
|    entropy_loss         | -0.466       |
|    explained_variance   | 0.314        |
|    learning_rate        | 5e-05        |
|    loss                 | 0.252        |
|    n_updates            | 388          |
|    policy_gradient_loss | -0.00462     |
|    value_loss           | 0.288        |
------------------------------------------
------------------------------------------
| episode/                |              |
|    lines_cleared_mean   | 9.9          |
|    perfect_clears_mean  | 0            |
|    pieces_placed_mean   | 36.4         |
| rollout/                |              |
|    ep_len_mean          | 29.7         |
|    ep_rew_mean          | 39.6         |
| time/                   |              |
|    fps                  | 622          |
|    iterations           | 99           |
|    time_elapsed         | 1301         |
|    total_timesteps      | 811008       |
| train/                  |              |
|    approx_kl            | 0.0027470177 |
|    clip_fraction        | 0.0185       |
|    clip_range           | 0.2          |
|    entropy_loss         | -0.466       |
|    explained_variance   | 0.372        |
|    learning_rate        | 5e-05        |
|    loss                 | 0.202        |
|    n_updates            | 392          |
|    policy_gradient_loss | -0.0032      |
|    value_loss           | 0.283        |
------------------------------------------
------------------------------------------
| episode/                |              |
|    lines_cleared_mean   | 7.7          |
|    perfect_clears_mean  | 0            |
|    pieces_placed_mean   | 29.2         |
| rollout/                |              |
|    ep_len_mean          | 31.4         |
|    ep_rew_mean          | 44.3         |
| time/                   |              |
|    fps                  | 623          |
|    iterations           | 100          |
|    time_elapsed         | 1314         |
|    total_timesteps      | 819200       |
| train/                  |              |
|    approx_kl            | 0.0036285392 |
|    clip_fraction        | 0.0238       |
|    clip_range           | 0.2          |
|    entropy_loss         | -0.466       |
|    explained_variance   | 0.348        |
|    learning_rate        | 5e-05        |
|    loss                 | 0.241        |
|    n_updates            | 396          |
|    policy_gradient_loss | -0.00451     |
|    value_loss           | 0.287        |
------------------------------------------
----------------------------------------
| episode/                |            |
|    lines_cleared_mean   | 7          |
|    perfect_clears_mean  | 0          |
|    pieces_placed_mean   | 29.2       |
| rollout/                |            |
|    ep_len_mean          | 29.3       |
|    ep_rew_mean          | 39.2       |
| time/                   |            |
|    fps                  | 623        |
|    iterations           | 101        |
|    time_elapsed         | 1327       |
|    total_timesteps      | 827392     |
| train/                  |            |
|    approx_kl            | 0.00219396 |
|    clip_fraction        | 0.0122     |
|    clip_range           | 0.2        |
|    entropy_loss         | -0.456     |
|    explained_variance   | 0.337      |
|    learning_rate        | 5e-05      |
|    loss                 | 0.259      |
|    n_updates            | 400        |
|    policy_gradient_loss | -0.00306   |
|    value_loss           | 0.301      |
----------------------------------------
------------------------------------------
| episode/                |              |
|    lines_cleared_mean   | 9.3          |
|    perfect_clears_mean  | 0            |
|    pieces_placed_mean   | 34.5         |
| rollout/                |              |
|    ep_len_mean          | 30.9         |
|    ep_rew_mean          | 42.7         |
| time/                   |              |
|    fps                  | 623          |
|    iterations           | 102          |
|    time_elapsed         | 1340         |
|    total_timesteps      | 835584       |
| train/                  |              |
|    approx_kl            | 0.0020609638 |
|    clip_fraction        | 0.0131       |
|    clip_range           | 0.2          |
|    entropy_loss         | -0.467       |
|    explained_variance   | 0.376        |
|    learning_rate        | 5e-05        |
|    loss                 | 0.263        |
|    n_updates            | 404          |
|    policy_gradient_loss | -0.00224     |
|    value_loss           | 0.329        |
------------------------------------------
------------------------------------------
| episode/                |              |
|    lines_cleared_mean   | 7.82         |
|    perfect_clears_mean  | 0            |
|    pieces_placed_mean   | 31.8         |
| rollout/                |              |
|    ep_len_mean          | 30.3         |
|    ep_rew_mean          | 41.8         |
| time/                   |              |
|    fps                  | 623          |
|    iterations           | 103          |
|    time_elapsed         | 1353         |
|    total_timesteps      | 843776       |
| train/                  |              |
|    approx_kl            | 0.0034897386 |
|    clip_fraction        | 0.0244       |
|    clip_range           | 0.2          |
|    entropy_loss         | -0.469       |
|    explained_variance   | 0.378        |
|    learning_rate        | 5e-05        |
|    loss                 | 0.232        |
|    n_updates            | 408          |
|    policy_gradient_loss | -0.0046      |
|    value_loss           | 0.29         |
------------------------------------------
------------------------------------------
| episode/                |              |
|    lines_cleared_mean   | 8            |
|    perfect_clears_mean  | 0            |
|    pieces_placed_mean   | 31.5         |
| rollout/                |              |
|    ep_len_mean          | 31.4         |
|    ep_rew_mean          | 43.8         |
| time/                   |              |
|    fps                  | 623          |
|    iterations           | 104          |
|    time_elapsed         | 1365         |
|    total_timesteps      | 851968       |
| train/                  |              |
|    approx_kl            | 0.0035877523 |
|    clip_fraction        | 0.0242       |
|    clip_range           | 0.2          |
|    entropy_loss         | -0.466       |
|    explained_variance   | 0.344        |
|    learning_rate        | 5e-05        |
|    loss                 | 0.213        |
|    n_updates            | 412          |
|    policy_gradient_loss | -0.00419     |
|    value_loss           | 0.3          |
------------------------------------------
------------------------------------------
| episode/                |              |
|    lines_cleared_mean   | 8.7          |
|    perfect_clears_mean  | 0            |
|    pieces_placed_mean   | 34.2         |
| rollout/                |              |
|    ep_len_mean          | 31.7         |
|    ep_rew_mean          | 44.2         |
| time/                   |              |
|    fps                  | 623          |
|    iterations           | 105          |
|    time_elapsed         | 1378         |
|    total_timesteps      | 860160       |
| train/                  |              |
|    approx_kl            | 0.0035050993 |
|    clip_fraction        | 0.0209       |
|    clip_range           | 0.2          |
|    entropy_loss         | -0.467       |
|    explained_variance   | 0.342        |
|    learning_rate        | 5e-05        |
|    loss                 | 0.237        |
|    n_updates            | 416          |
|    policy_gradient_loss | -0.00387     |
|    value_loss           | 0.312        |
------------------------------------------
------------------------------------------
| episode/                |              |
|    lines_cleared_mean   | 10           |
|    perfect_clears_mean  | 0            |
|    pieces_placed_mean   | 35.9         |
| rollout/                |              |
|    ep_len_mean          | 31.4         |
|    ep_rew_mean          | 44.3         |
| time/                   |              |
|    fps                  | 624          |
|    iterations           | 106          |
|    time_elapsed         | 1391         |
|    total_timesteps      | 868352       |
| train/                  |              |
|    approx_kl            | 0.0030697421 |
|    clip_fraction        | 0.0176       |
|    clip_range           | 0.2          |
|    entropy_loss         | -0.466       |
|    explained_variance   | 0.326        |
|    learning_rate        | 5e-05        |
|    loss                 | 0.233        |
|    n_updates            | 420          |
|    policy_gradient_loss | -0.00352     |
|    value_loss           | 0.314        |
------------------------------------------
------------------------------------------
| episode/                |              |
|    lines_cleared_mean   | 6.8          |
|    perfect_clears_mean  | 0            |
|    pieces_placed_mean   | 28.6         |
| rollout/                |              |
|    ep_len_mean          | 30.4         |
|    ep_rew_mean          | 41.3         |
| time/                   |              |
|    fps                  | 624          |
|    iterations           | 107          |
|    time_elapsed         | 1404         |
|    total_timesteps      | 876544       |
| train/                  |              |
|    approx_kl            | 0.0026902794 |
|    clip_fraction        | 0.019        |
|    clip_range           | 0.2          |
|    entropy_loss         | -0.467       |
|    explained_variance   | 0.343        |
|    learning_rate        | 5e-05        |
|    loss                 | 0.244        |
|    n_updates            | 424          |
|    policy_gradient_loss | -0.0033      |
|    value_loss           | 0.294        |
------------------------------------------
-----------------------------------------
| episode/                |             |
|    lines_cleared_mean   | 8.4         |
|    perfect_clears_mean  | 0           |
|    pieces_placed_mean   | 32.4        |
| rollout/                |             |
|    ep_len_mean          | 30.1        |
|    ep_rew_mean          | 41          |
| time/                   |             |
|    fps                  | 624         |
|    iterations           | 108         |
|    time_elapsed         | 1417        |
|    total_timesteps      | 884736      |
| train/                  |             |
|    approx_kl            | 0.003419816 |
|    clip_fraction        | 0.0221      |
|    clip_range           | 0.2         |
|    entropy_loss         | -0.477      |
|    explained_variance   | 0.338       |
|    learning_rate        | 5e-05       |
|    loss                 | 0.25        |
|    n_updates            | 428         |
|    policy_gradient_loss | -0.00384    |
|    value_loss           | 0.296       |
-----------------------------------------
------------------------------------------
| episode/                |              |
|    lines_cleared_mean   | 9.2          |
|    perfect_clears_mean  | 0            |
|    pieces_placed_mean   | 34           |
| rollout/                |              |
|    ep_len_mean          | 31.4         |
|    ep_rew_mean          | 43.7         |
| time/                   |              |
|    fps                  | 624          |
|    iterations           | 109          |
|    time_elapsed         | 1429         |
|    total_timesteps      | 892928       |
| train/                  |              |
|    approx_kl            | 0.0032682742 |
|    clip_fraction        | 0.0231       |
|    clip_range           | 0.2          |
|    entropy_loss         | -0.472       |
|    explained_variance   | 0.357        |
|    learning_rate        | 5e-05        |
|    loss                 | 0.196        |
|    n_updates            | 432          |
|    policy_gradient_loss | -0.00399     |
|    value_loss           | 0.291        |
------------------------------------------
------------------------------------------
| episode/                |              |
|    lines_cleared_mean   | 6.3          |
|    perfect_clears_mean  | 0            |
|    pieces_placed_mean   | 27.6         |
| rollout/                |              |
|    ep_len_mean          | 29.5         |
|    ep_rew_mean          | 39.5         |
| time/                   |              |
|    fps                  | 624          |
|    iterations           | 110          |
|    time_elapsed         | 1442         |
|    total_timesteps      | 901120       |
| train/                  |              |
|    approx_kl            | 0.0026150797 |
|    clip_fraction        | 0.0149       |
|    clip_range           | 0.2          |
|    entropy_loss         | -0.482       |
|    explained_variance   | 0.364        |
|    learning_rate        | 5e-05        |
|    loss                 | 0.271        |
|    n_updates            | 436          |
|    policy_gradient_loss | -0.00226     |
|    value_loss           | 0.298        |
------------------------------------------
------------------------------------------
| episode/                |              |
|    lines_cleared_mean   | 6.1          |
|    perfect_clears_mean  | 0            |
|    pieces_placed_mean   | 26.8         |
| rollout/                |              |
|    ep_len_mean          | 31.1         |
|    ep_rew_mean          | 43.3         |
| time/                   |              |
|    fps                  | 624          |
|    iterations           | 111          |
|    time_elapsed         | 1455         |
|    total_timesteps      | 909312       |
| train/                  |              |
|    approx_kl            | 0.0025911771 |
|    clip_fraction        | 0.0144       |
|    clip_range           | 0.2          |
|    entropy_loss         | -0.477       |
|    explained_variance   | 0.365        |
|    learning_rate        | 5e-05        |
|    loss                 | 0.258        |
|    n_updates            | 440          |
|    policy_gradient_loss | -0.00322     |
|    value_loss           | 0.335        |
------------------------------------------
-----------------------------------------
| episode/                |             |
|    lines_cleared_mean   | 9           |
|    perfect_clears_mean  | 0           |
|    pieces_placed_mean   | 32.9        |
| rollout/                |             |
|    ep_len_mean          | 30.5        |
|    ep_rew_mean          | 41.2        |
| time/                   |             |
|    fps                  | 624         |
|    iterations           | 112         |
|    time_elapsed         | 1468        |
|    total_timesteps      | 917504      |
| train/                  |             |
|    approx_kl            | 0.002640879 |
|    clip_fraction        | 0.0157      |
|    clip_range           | 0.2         |
|    entropy_loss         | -0.48       |
|    explained_variance   | 0.327       |
|    learning_rate        | 5e-05       |
|    loss                 | 0.323       |
|    n_updates            | 444         |
|    policy_gradient_loss | -0.00402    |
|    value_loss           | 0.366       |
-----------------------------------------
------------------------------------------
| episode/                |              |
|    lines_cleared_mean   | 4.3          |
|    perfect_clears_mean  | 0            |
|    pieces_placed_mean   | 22.5         |
| rollout/                |              |
|    ep_len_mean          | 30.4         |
|    ep_rew_mean          | 41.8         |
| time/                   |              |
|    fps                  | 624          |
|    iterations           | 113          |
|    time_elapsed         | 1481         |
|    total_timesteps      | 925696       |
| train/                  |              |
|    approx_kl            | 0.0024058055 |
|    clip_fraction        | 0.0121       |
|    clip_range           | 0.2          |
|    entropy_loss         | -0.471       |
|    explained_variance   | 0.372        |
|    learning_rate        | 5e-05        |
|    loss                 | 0.272        |
|    n_updates            | 448          |
|    policy_gradient_loss | -0.00308     |
|    value_loss           | 0.338        |
------------------------------------------
------------------------------------------
| episode/                |              |
|    lines_cleared_mean   | 6.8          |
|    perfect_clears_mean  | 0            |
|    pieces_placed_mean   | 28.3         |
| rollout/                |              |
|    ep_len_mean          | 32.2         |
|    ep_rew_mean          | 45.6         |
| time/                   |              |
|    fps                  | 625          |
|    iterations           | 114          |
|    time_elapsed         | 1493         |
|    total_timesteps      | 933888       |
| train/                  |              |
|    approx_kl            | 0.0033892281 |
|    clip_fraction        | 0.0225       |
|    clip_range           | 0.2          |
|    entropy_loss         | -0.476       |
|    explained_variance   | 0.325        |
|    learning_rate        | 5e-05        |
|    loss                 | 0.279        |
|    n_updates            | 452          |
|    policy_gradient_loss | -0.00375     |
|    value_loss           | 0.329        |
------------------------------------------
------------------------------------------
| episode/                |              |
|    lines_cleared_mean   | 7.9          |
|    perfect_clears_mean  | 0            |
|    pieces_placed_mean   | 30.9         |
| rollout/                |              |
|    ep_len_mean          | 30.3         |
|    ep_rew_mean          | 41.5         |
| time/                   |              |
|    fps                  | 625          |
|    iterations           | 115          |
|    time_elapsed         | 1506         |
|    total_timesteps      | 942080       |
| train/                  |              |
|    approx_kl            | 0.0027881842 |
|    clip_fraction        | 0.0219       |
|    clip_range           | 0.2          |
|    entropy_loss         | -0.471       |
|    explained_variance   | 0.341        |
|    learning_rate        | 5e-05        |
|    loss                 | 0.236        |
|    n_updates            | 456          |
|    policy_gradient_loss | -0.00343     |
|    value_loss           | 0.336        |
------------------------------------------
------------------------------------------
| episode/                |              |
|    lines_cleared_mean   | 7.45         |
|    perfect_clears_mean  | 0            |
|    pieces_placed_mean   | 29.9         |
| rollout/                |              |
|    ep_len_mean          | 30.2         |
|    ep_rew_mean          | 40.6         |
| time/                   |              |
|    fps                  | 625          |
|    iterations           | 116          |
|    time_elapsed         | 1519         |
|    total_timesteps      | 950272       |
| train/                  |              |
|    approx_kl            | 0.0032966225 |
|    clip_fraction        | 0.0168       |
|    clip_range           | 0.2          |
|    entropy_loss         | -0.466       |
|    explained_variance   | 0.404        |
|    learning_rate        | 5e-05        |
|    loss                 | 0.274        |
|    n_updates            | 460          |
|    policy_gradient_loss | -0.00333     |
|    value_loss           | 0.299        |
------------------------------------------
------------------------------------------
| episode/                |              |
|    lines_cleared_mean   | 9.6          |
|    perfect_clears_mean  | 0            |
|    pieces_placed_mean   | 34.9         |
| rollout/                |              |
|    ep_len_mean          | 32           |
|    ep_rew_mean          | 44.7         |
| time/                   |              |
|    fps                  | 625          |
|    iterations           | 117          |
|    time_elapsed         | 1532         |
|    total_timesteps      | 958464       |
| train/                  |              |
|    approx_kl            | 0.0039813863 |
|    clip_fraction        | 0.032        |
|    clip_range           | 0.2          |
|    entropy_loss         | -0.485       |
|    explained_variance   | 0.436        |
|    learning_rate        | 5e-05        |
|    loss                 | 0.232        |
|    n_updates            | 464          |
|    policy_gradient_loss | -0.00435     |
|    value_loss           | 0.275        |
------------------------------------------
------------------------------------------
| episode/                |              |
|    lines_cleared_mean   | 7.45         |
|    perfect_clears_mean  | 0            |
|    pieces_placed_mean   | 29.4         |
| rollout/                |              |
|    ep_len_mean          | 31.9         |
|    ep_rew_mean          | 44.6         |
| time/                   |              |
|    fps                  | 625          |
|    iterations           | 118          |
|    time_elapsed         | 1545         |
|    total_timesteps      | 966656       |
| train/                  |              |
|    approx_kl            | 0.0033334177 |
|    clip_fraction        | 0.0267       |
|    clip_range           | 0.2          |
|    entropy_loss         | -0.47        |
|    explained_variance   | 0.388        |
|    learning_rate        | 5e-05        |
|    loss                 | 0.228        |
|    n_updates            | 468          |
|    policy_gradient_loss | -0.00402     |
|    value_loss           | 0.28         |
------------------------------------------
------------------------------------------
| episode/                |              |
|    lines_cleared_mean   | 6.82         |
|    perfect_clears_mean  | 0            |
|    pieces_placed_mean   | 29.2         |
| rollout/                |              |
|    ep_len_mean          | 31.7         |
|    ep_rew_mean          | 43.9         |
| time/                   |              |
|    fps                  | 625          |
|    iterations           | 119          |
|    time_elapsed         | 1557         |
|    total_timesteps      | 974848       |
| train/                  |              |
|    approx_kl            | 0.0038254436 |
|    clip_fraction        | 0.024        |
|    clip_range           | 0.2          |
|    entropy_loss         | -0.477       |
|    explained_variance   | 0.398        |
|    learning_rate        | 5e-05        |
|    loss                 | 0.23         |
|    n_updates            | 472          |
|    policy_gradient_loss | -0.00341     |
|    value_loss           | 0.282        |
------------------------------------------
-----------------------------------------
| episode/                |             |
|    lines_cleared_mean   | 5           |
|    perfect_clears_mean  | 0           |
|    pieces_placed_mean   | 24.7        |
| rollout/                |             |
|    ep_len_mean          | 29.5        |
|    ep_rew_mean          | 39          |
| time/                   |             |
|    fps                  | 625         |
|    iterations           | 120         |
|    time_elapsed         | 1570        |
|    total_timesteps      | 983040      |
| train/                  |             |
|    approx_kl            | 0.003491057 |
|    clip_fraction        | 0.0243      |
|    clip_range           | 0.2         |
|    entropy_loss         | -0.465      |
|    explained_variance   | 0.407       |
|    learning_rate        | 5e-05       |
|    loss                 | 0.247       |
|    n_updates            | 476         |
|    policy_gradient_loss | -0.00446    |
|    value_loss           | 0.294       |
-----------------------------------------
------------------------------------------
| episode/                |              |
|    lines_cleared_mean   | 8.2          |
|    perfect_clears_mean  | 0            |
|    pieces_placed_mean   | 32.4         |
| rollout/                |              |
|    ep_len_mean          | 31.1         |
|    ep_rew_mean          | 42.3         |
| time/                   |              |
|    fps                  | 626          |
|    iterations           | 121          |
|    time_elapsed         | 1583         |
|    total_timesteps      | 991232       |
| train/                  |              |
|    approx_kl            | 0.0033248889 |
|    clip_fraction        | 0.0203       |
|    clip_range           | 0.2          |
|    entropy_loss         | -0.483       |
|    explained_variance   | 0.355        |
|    learning_rate        | 5e-05        |
|    loss                 | 0.297        |
|    n_updates            | 480          |
|    policy_gradient_loss | -0.00396     |
|    value_loss           | 0.328        |
------------------------------------------
------------------------------------------
| episode/                |              |
|    lines_cleared_mean   | 8.92         |
|    perfect_clears_mean  | 0            |
|    pieces_placed_mean   | 34.2         |
| rollout/                |              |
|    ep_len_mean          | 32.5         |
|    ep_rew_mean          | 45.4         |
| time/                   |              |
|    fps                  | 626          |
|    iterations           | 122          |
|    time_elapsed         | 1596         |
|    total_timesteps      | 999424       |
| train/                  |              |
|    approx_kl            | 0.0036320875 |
|    clip_fraction        | 0.0267       |
|    clip_range           | 0.2          |
|    entropy_loss         | -0.475       |
|    explained_variance   | 0.394        |
|    learning_rate        | 5e-05        |
|    loss                 | 0.22         |
|    n_updates            | 484          |
|    policy_gradient_loss | -0.00427     |
|    value_loss           | 0.285        |
------------------------------------------
------------------------------------------
| episode/                |              |
|    lines_cleared_mean   | 7.2          |
|    perfect_clears_mean  | 0            |
|    pieces_placed_mean   | 29.4         |
| rollout/                |              |
|    ep_len_mean          | 29.6         |
|    ep_rew_mean          | 39.5         |
| time/                   |              |
|    fps                  | 626          |
|    iterations           | 123          |
|    time_elapsed         | 1609         |
|    total_timesteps      | 1007616      |
| train/                  |              |
|    approx_kl            | 0.0045496104 |
|    clip_fraction        | 0.0285       |
|    clip_range           | 0.2          |
|    entropy_loss         | -0.485       |
|    explained_variance   | 0.4          |
|    learning_rate        | 5e-05        |
|    loss                 | 0.222        |
|    n_updates            | 488          |
|    policy_gradient_loss | -0.00468     |
|    value_loss           | 0.266        |
------------------------------------------
-----------------------------------------
| episode/                |             |
|    lines_cleared_mean   | 9.9         |
|    perfect_clears_mean  | 0           |
|    pieces_placed_mean   | 36.2        |
| rollout/                |             |
|    ep_len_mean          | 33.9        |
|    ep_rew_mean          | 49.6        |
| time/                   |             |
|    fps                  | 626         |
|    iterations           | 124         |
|    time_elapsed         | 1621        |
|    total_timesteps      | 1015808     |
| train/                  |             |
|    approx_kl            | 0.003353947 |
|    clip_fraction        | 0.0237      |
|    clip_range           | 0.2         |
|    entropy_loss         | -0.47       |
|    explained_variance   | 0.371       |
|    learning_rate        | 5e-05       |
|    loss                 | 0.255       |
|    n_updates            | 492         |
|    policy_gradient_loss | -0.00433    |
|    value_loss           | 0.288       |
-----------------------------------------
-----------------------------------------
| episode/                |             |
|    lines_cleared_mean   | 7.4         |
|    perfect_clears_mean  | 0           |
|    pieces_placed_mean   | 30.4        |
| rollout/                |             |
|    ep_len_mean          | 31.9        |
|    ep_rew_mean          | 45.4        |
| time/                   |             |
|    fps                  | 626         |
|    iterations           | 125         |
|    time_elapsed         | 1634        |
|    total_timesteps      | 1024000     |
| train/                  |             |
|    approx_kl            | 0.002709567 |
|    clip_fraction        | 0.0177      |
|    clip_range           | 0.2         |
|    entropy_loss         | -0.47       |
|    explained_variance   | 0.326       |
|    learning_rate        | 5e-05       |
|    loss                 | 0.25        |
|    n_updates            | 496         |
|    policy_gradient_loss | -0.00378    |
|    value_loss           | 0.337       |
-----------------------------------------
------------------------------------------
| episode/                |              |
|    lines_cleared_mean   | 5.8          |
|    perfect_clears_mean  | 0            |
|    pieces_placed_mean   | 25.9         |
| rollout/                |              |
|    ep_len_mean          | 29.6         |
|    ep_rew_mean          | 39.9         |
| time/                   |              |
|    fps                  | 626          |
|    iterations           | 126          |
|    time_elapsed         | 1647         |
|    total_timesteps      | 1032192      |
| train/                  |              |
|    approx_kl            | 0.0035377834 |
|    clip_fraction        | 0.0257       |
|    clip_range           | 0.2          |
|    entropy_loss         | -0.478       |
|    explained_variance   | 0.343        |
|    learning_rate        | 5e-05        |
|    loss                 | 0.272        |
|    n_updates            | 500          |
|    policy_gradient_loss | -0.00426     |
|    value_loss           | 0.31         |
------------------------------------------
------------------------------------------
| episode/                |              |
|    lines_cleared_mean   | 8.09         |
|    perfect_clears_mean  | 0            |
|    pieces_placed_mean   | 30.6         |
| rollout/                |              |
|    ep_len_mean          | 30.1         |
|    ep_rew_mean          | 41           |
| time/                   |              |
|    fps                  | 626          |
|    iterations           | 127          |
|    time_elapsed         | 1660         |
|    total_timesteps      | 1040384      |
| train/                  |              |
|    approx_kl            | 0.0030667873 |
|    clip_fraction        | 0.0208       |
|    clip_range           | 0.2          |
|    entropy_loss         | -0.48        |
|    explained_variance   | 0.416        |
|    learning_rate        | 5e-05        |
|    loss                 | 0.239        |
|    n_updates            | 504          |
|    policy_gradient_loss | -0.00353     |
|    value_loss           | 0.285        |
------------------------------------------
------------------------------------------
| episode/                |              |
|    lines_cleared_mean   | 7            |
|    perfect_clears_mean  | 0            |
|    pieces_placed_mean   | 28.3         |
| rollout/                |              |
|    ep_len_mean          | 29.4         |
|    ep_rew_mean          | 38.4         |
| time/                   |              |
|    fps                  | 626          |
|    iterations           | 128          |
|    time_elapsed         | 1673         |
|    total_timesteps      | 1048576      |
| train/                  |              |
|    approx_kl            | 0.0035881032 |
|    clip_fraction        | 0.0225       |
|    clip_range           | 0.2          |
|    entropy_loss         | -0.475       |
|    explained_variance   | 0.356        |
|    learning_rate        | 5e-05        |
|    loss                 | 0.201        |
|    n_updates            | 508          |
|    policy_gradient_loss | -0.00408     |
|    value_loss           | 0.281        |
------------------------------------------
------------------------------------------
| episode/                |              |
|    lines_cleared_mean   | 8.1          |
|    perfect_clears_mean  | 0            |
|    pieces_placed_mean   | 32.4         |
| rollout/                |              |
|    ep_len_mean          | 32.2         |
|    ep_rew_mean          | 45.8         |
| time/                   |              |
|    fps                  | 626          |
|    iterations           | 129          |
|    time_elapsed         | 1685         |
|    total_timesteps      | 1056768      |
| train/                  |              |
|    approx_kl            | 0.0026800411 |
|    clip_fraction        | 0.0139       |
|    clip_range           | 0.2          |
|    entropy_loss         | -0.483       |
|    explained_variance   | 0.38         |
|    learning_rate        | 5e-05        |
|    loss                 | 0.22         |
|    n_updates            | 512          |
|    policy_gradient_loss | -0.00353     |
|    value_loss           | 0.255        |
------------------------------------------
------------------------------------------
| episode/                |              |
|    lines_cleared_mean   | 10.4         |
|    perfect_clears_mean  | 0            |
|    pieces_placed_mean   | 36.9         |
| rollout/                |              |
|    ep_len_mean          | 32.5         |
|    ep_rew_mean          | 46           |
| time/                   |              |
|    fps                  | 626          |
|    iterations           | 130          |
|    time_elapsed         | 1698         |
|    total_timesteps      | 1064960      |
| train/                  |              |
|    approx_kl            | 0.0037009558 |
|    clip_fraction        | 0.024        |
|    clip_range           | 0.2          |
|    entropy_loss         | -0.477       |
|    explained_variance   | 0.367        |
|    learning_rate        | 5e-05        |
|    loss                 | 0.223        |
|    n_updates            | 516          |
|    policy_gradient_loss | -0.00405     |
|    value_loss           | 0.266        |
------------------------------------------
------------------------------------------
| episode/                |              |
|    lines_cleared_mean   | 8.6          |
|    perfect_clears_mean  | 0            |
|    pieces_placed_mean   | 33.7         |
| rollout/                |              |
|    ep_len_mean          | 29.8         |
|    ep_rew_mean          | 40           |
| time/                   |              |
|    fps                  | 627          |
|    iterations           | 131          |
|    time_elapsed         | 1711         |
|    total_timesteps      | 1073152      |
| train/                  |              |
|    approx_kl            | 0.0036696808 |
|    clip_fraction        | 0.0255       |
|    clip_range           | 0.2          |
|    entropy_loss         | -0.467       |
|    explained_variance   | 0.364        |
|    learning_rate        | 5e-05        |
|    loss                 | 0.236        |
|    n_updates            | 520          |
|    policy_gradient_loss | -0.00424     |
|    value_loss           | 0.291        |
------------------------------------------
------------------------------------------
| episode/                |              |
|    lines_cleared_mean   | 8.8          |
|    perfect_clears_mean  | 0            |
|    pieces_placed_mean   | 33.5         |
| rollout/                |              |
|    ep_len_mean          | 32.1         |
|    ep_rew_mean          | 45.5         |
| time/                   |              |
|    fps                  | 627          |
|    iterations           | 132          |
|    time_elapsed         | 1724         |
|    total_timesteps      | 1081344      |
| train/                  |              |
|    approx_kl            | 0.0036641397 |
|    clip_fraction        | 0.0292       |
|    clip_range           | 0.2          |
|    entropy_loss         | -0.473       |
|    explained_variance   | 0.381        |
|    learning_rate        | 5e-05        |
|    loss                 | 0.231        |
|    n_updates            | 524          |
|    policy_gradient_loss | -0.00463     |
|    value_loss           | 0.288        |
------------------------------------------
-----------------------------------------
| episode/                |             |
|    lines_cleared_mean   | 6.6         |
|    perfect_clears_mean  | 0           |
|    pieces_placed_mean   | 28.4        |
| rollout/                |             |
|    ep_len_mean          | 30.8        |
|    ep_rew_mean          | 42.1        |
| time/                   |             |
|    fps                  | 627         |
|    iterations           | 133         |
|    time_elapsed         | 1736        |
|    total_timesteps      | 1089536     |
| train/                  |             |
|    approx_kl            | 0.003494719 |
|    clip_fraction        | 0.0235      |
|    clip_range           | 0.2         |
|    entropy_loss         | -0.466      |
|    explained_variance   | 0.382       |
|    learning_rate        | 5e-05       |
|    loss                 | 0.217       |
|    n_updates            | 528         |
|    policy_gradient_loss | -0.00405    |
|    value_loss           | 0.286       |
-----------------------------------------
------------------------------------------
| episode/                |              |
|    lines_cleared_mean   | 7.1          |
|    perfect_clears_mean  | 0            |
|    pieces_placed_mean   | 28.9         |
| rollout/                |              |
|    ep_len_mean          | 31.3         |
|    ep_rew_mean          | 42.9         |
| time/                   |              |
|    fps                  | 627          |
|    iterations           | 134          |
|    time_elapsed         | 1749         |
|    total_timesteps      | 1097728      |
| train/                  |              |
|    approx_kl            | 0.0028127646 |
|    clip_fraction        | 0.0179       |
|    clip_range           | 0.2          |
|    entropy_loss         | -0.486       |
|    explained_variance   | 0.392        |
|    learning_rate        | 5e-05        |
|    loss                 | 0.229        |
|    n_updates            | 532          |
|    policy_gradient_loss | -0.00326     |
|    value_loss           | 0.312        |
------------------------------------------
------------------------------------------
| episode/                |              |
|    lines_cleared_mean   | 9.5          |
|    perfect_clears_mean  | 0            |
|    pieces_placed_mean   | 34.1         |
| rollout/                |              |
|    ep_len_mean          | 31.2         |
|    ep_rew_mean          | 43.3         |
| time/                   |              |
|    fps                  | 627          |
|    iterations           | 135          |
|    time_elapsed         | 1762         |
|    total_timesteps      | 1105920      |
| train/                  |              |
|    approx_kl            | 0.0027227188 |
|    clip_fraction        | 0.0149       |
|    clip_range           | 0.2          |
|    entropy_loss         | -0.474       |
|    explained_variance   | 0.294        |
|    learning_rate        | 5e-05        |
|    loss                 | 0.284        |
|    n_updates            | 536          |
|    policy_gradient_loss | -0.00306     |
|    value_loss           | 0.339        |
------------------------------------------
------------------------------------------
| episode/                |              |
|    lines_cleared_mean   | 10.2         |
|    perfect_clears_mean  | 0            |
|    pieces_placed_mean   | 35.7         |
| rollout/                |              |
|    ep_len_mean          | 33.1         |
|    ep_rew_mean          | 47.7         |
| time/                   |              |
|    fps                  | 627          |
|    iterations           | 136          |
|    time_elapsed         | 1775         |
|    total_timesteps      | 1114112      |
| train/                  |              |
|    approx_kl            | 0.0033215173 |
|    clip_fraction        | 0.0215       |
|    clip_range           | 0.2          |
|    entropy_loss         | -0.468       |
|    explained_variance   | 0.378        |
|    learning_rate        | 5e-05        |
|    loss                 | 0.278        |
|    n_updates            | 540          |
|    policy_gradient_loss | -0.00397     |
|    value_loss           | 0.312        |
------------------------------------------
------------------------------------------
| episode/                |              |
|    lines_cleared_mean   | 6.7          |
|    perfect_clears_mean  | 0            |
|    pieces_placed_mean   | 28.7         |
| rollout/                |              |
|    ep_len_mean          | 30.3         |
|    ep_rew_mean          | 41.3         |
| time/                   |              |
|    fps                  | 627          |
|    iterations           | 137          |
|    time_elapsed         | 1788         |
|    total_timesteps      | 1122304      |
| train/                  |              |
|    approx_kl            | 0.0034870142 |
|    clip_fraction        | 0.022        |
|    clip_range           | 0.2          |
|    entropy_loss         | -0.472       |
|    explained_variance   | 0.384        |
|    learning_rate        | 5e-05        |
|    loss                 | 0.267        |
|    n_updates            | 544          |
|    policy_gradient_loss | -0.00373     |
|    value_loss           | 0.306        |
------------------------------------------
------------------------------------------
| episode/                |              |
|    lines_cleared_mean   | 5.9          |
|    perfect_clears_mean  | 0            |
|    pieces_placed_mean   | 27           |
| rollout/                |              |
|    ep_len_mean          | 29.1         |
|    ep_rew_mean          | 38.7         |
| time/                   |              |
|    fps                  | 627          |
|    iterations           | 138          |
|    time_elapsed         | 1800         |
|    total_timesteps      | 1130496      |
| train/                  |              |
|    approx_kl            | 0.0037309313 |
|    clip_fraction        | 0.0264       |
|    clip_range           | 0.2          |
|    entropy_loss         | -0.475       |
|    explained_variance   | 0.391        |
|    learning_rate        | 5e-05        |
|    loss                 | 0.253        |
|    n_updates            | 548          |
|    policy_gradient_loss | -0.00432     |
|    value_loss           | 0.294        |
------------------------------------------
-----------------------------------------
| episode/                |             |
|    lines_cleared_mean   | 8.5         |
|    perfect_clears_mean  | 0           |
|    pieces_placed_mean   | 33.2        |
| rollout/                |             |
|    ep_len_mean          | 31.1        |
|    ep_rew_mean          | 42.8        |
| time/                   |             |
|    fps                  | 627         |
|    iterations           | 139         |
|    time_elapsed         | 1813        |
|    total_timesteps      | 1138688     |
| train/                  |             |
|    approx_kl            | 0.004058467 |
|    clip_fraction        | 0.0235      |
|    clip_range           | 0.2         |
|    entropy_loss         | -0.486      |
|    explained_variance   | 0.407       |
|    learning_rate        | 5e-05       |
|    loss                 | 0.245       |
|    n_updates            | 552         |
|    policy_gradient_loss | -0.00446    |
|    value_loss           | 0.287       |
-----------------------------------------
------------------------------------------
| episode/                |              |
|    lines_cleared_mean   | 4.2          |
|    perfect_clears_mean  | 0            |
|    pieces_placed_mean   | 22.8         |
| rollout/                |              |
|    ep_len_mean          | 30.9         |
|    ep_rew_mean          | 42.8         |
| time/                   |              |
|    fps                  | 627          |
|    iterations           | 140          |
|    time_elapsed         | 1826         |
|    total_timesteps      | 1146880      |
| train/                  |              |
|    approx_kl            | 0.0026076075 |
|    clip_fraction        | 0.0204       |
|    clip_range           | 0.2          |
|    entropy_loss         | -0.471       |
|    explained_variance   | 0.369        |
|    learning_rate        | 5e-05        |
|    loss                 | 0.223        |
|    n_updates            | 556          |
|    policy_gradient_loss | -0.0031      |
|    value_loss           | 0.288        |
------------------------------------------
-----------------------------------------
| episode/                |             |
|    lines_cleared_mean   | 7.5         |
|    perfect_clears_mean  | 0           |
|    pieces_placed_mean   | 30.2        |
| rollout/                |             |
|    ep_len_mean          | 30.8        |
|    ep_rew_mean          | 41.9        |
| time/                   |             |
|    fps                  | 627         |
|    iterations           | 141         |
|    time_elapsed         | 1839        |
|    total_timesteps      | 1155072     |
| train/                  |             |
|    approx_kl            | 0.003915333 |
|    clip_fraction        | 0.0239      |
|    clip_range           | 0.2         |
|    entropy_loss         | -0.486      |
|    explained_variance   | 0.331       |
|    learning_rate        | 5e-05       |
|    loss                 | 0.329       |
|    n_updates            | 560         |
|    policy_gradient_loss | -0.00455    |
|    value_loss           | 0.343       |
-----------------------------------------
------------------------------------------
| episode/                |              |
|    lines_cleared_mean   | 9.82         |
|    perfect_clears_mean  | 0            |
|    pieces_placed_mean   | 34.9         |
| rollout/                |              |
|    ep_len_mean          | 31.6         |
|    ep_rew_mean          | 44.2         |
| time/                   |              |
|    fps                  | 628          |
|    iterations           | 142          |
|    time_elapsed         | 1852         |
|    total_timesteps      | 1163264      |
| train/                  |              |
|    approx_kl            | 0.0030233616 |
|    clip_fraction        | 0.0204       |
|    clip_range           | 0.2          |
|    entropy_loss         | -0.477       |
|    explained_variance   | 0.366        |
|    learning_rate        | 5e-05        |
|    loss                 | 0.253        |
|    n_updates            | 564          |
|    policy_gradient_loss | -0.00417     |
|    value_loss           | 0.321        |
------------------------------------------
-----------------------------------------
| episode/                |             |
|    lines_cleared_mean   | 7.5         |
|    perfect_clears_mean  | 0           |
|    pieces_placed_mean   | 30.2        |
| rollout/                |             |
|    ep_len_mean          | 29.7        |
|    ep_rew_mean          | 39.8        |
| time/                   |             |
|    fps                  | 628         |
|    iterations           | 143         |
|    time_elapsed         | 1864        |
|    total_timesteps      | 1171456     |
| train/                  |             |
|    approx_kl            | 0.003591192 |
|    clip_fraction        | 0.0247      |
|    clip_range           | 0.2         |
|    entropy_loss         | -0.482      |
|    explained_variance   | 0.326       |
|    learning_rate        | 5e-05       |
|    loss                 | 0.297       |
|    n_updates            | 568         |
|    policy_gradient_loss | -0.00382    |
|    value_loss           | 0.33        |
-----------------------------------------
------------------------------------------
| episode/                |              |
|    lines_cleared_mean   | 6.45         |
|    perfect_clears_mean  | 0            |
|    pieces_placed_mean   | 27.9         |
| rollout/                |              |
|    ep_len_mean          | 30.7         |
|    ep_rew_mean          | 41.7         |
| time/                   |              |
|    fps                  | 628          |
|    iterations           | 144          |
|    time_elapsed         | 1877         |
|    total_timesteps      | 1179648      |
| train/                  |              |
|    approx_kl            | 0.0034550298 |
|    clip_fraction        | 0.0226       |
|    clip_range           | 0.2          |
|    entropy_loss         | -0.486       |
|    explained_variance   | 0.414        |
|    learning_rate        | 5e-05        |
|    loss                 | 0.221        |
|    n_updates            | 572          |
|    policy_gradient_loss | -0.00361     |
|    value_loss           | 0.302        |
------------------------------------------
------------------------------------------
| episode/                |              |
|    lines_cleared_mean   | 7.1          |
|    perfect_clears_mean  | 0            |
|    pieces_placed_mean   | 28.8         |
| rollout/                |              |
|    ep_len_mean          | 31.7         |
|    ep_rew_mean          | 43.7         |
| time/                   |              |
|    fps                  | 628          |
|    iterations           | 145          |
|    time_elapsed         | 1890         |
|    total_timesteps      | 1187840      |
| train/                  |              |
|    approx_kl            | 0.0036145719 |
|    clip_fraction        | 0.0194       |
|    clip_range           | 0.2          |
|    entropy_loss         | -0.484       |
|    explained_variance   | 0.419        |
|    learning_rate        | 5e-05        |
|    loss                 | 0.252        |
|    n_updates            | 576          |
|    policy_gradient_loss | -0.00349     |
|    value_loss           | 0.303        |
------------------------------------------
------------------------------------------
| episode/                |              |
|    lines_cleared_mean   | 9.1          |
|    perfect_clears_mean  | 0.1          |
|    pieces_placed_mean   | 34.2         |
| rollout/                |              |
|    ep_len_mean          | 33.1         |
|    ep_rew_mean          | 47.9         |
| time/                   |              |
|    fps                  | 628          |
|    iterations           | 146          |
|    time_elapsed         | 1903         |
|    total_timesteps      | 1196032      |
| train/                  |              |
|    approx_kl            | 0.0035717837 |
|    clip_fraction        | 0.0208       |
|    clip_range           | 0.2          |
|    entropy_loss         | -0.474       |
|    explained_variance   | 0.398        |
|    learning_rate        | 5e-05        |
|    loss                 | 0.258        |
|    n_updates            | 580          |
|    policy_gradient_loss | -0.00399     |
|    value_loss           | 0.301        |
------------------------------------------
------------------------------------------
| episode/                |              |
|    lines_cleared_mean   | 7.5          |
|    perfect_clears_mean  | 0            |
|    pieces_placed_mean   | 30.6         |
| rollout/                |              |
|    ep_len_mean          | 31.9         |
|    ep_rew_mean          | 44.3         |
| time/                   |              |
|    fps                  | 628          |
|    iterations           | 147          |
|    time_elapsed         | 1915         |
|    total_timesteps      | 1204224      |
| train/                  |              |
|    approx_kl            | 0.0038897034 |
|    clip_fraction        | 0.0262       |
|    clip_range           | 0.2          |
|    entropy_loss         | -0.479       |
|    explained_variance   | 0.387        |
|    learning_rate        | 5e-05        |
|    loss                 | 0.244        |
|    n_updates            | 584          |
|    policy_gradient_loss | -0.00451     |
|    value_loss           | 0.317        |
------------------------------------------
------------------------------------------
| episode/                |              |
|    lines_cleared_mean   | 9.55         |
|    perfect_clears_mean  | 0            |
|    pieces_placed_mean   | 35.8         |
| rollout/                |              |
|    ep_len_mean          | 32           |
|    ep_rew_mean          | 45.2         |
| time/                   |              |
|    fps                  | 628          |
|    iterations           | 148          |
|    time_elapsed         | 1928         |
|    total_timesteps      | 1212416      |
| train/                  |              |
|    approx_kl            | 0.0033111693 |
|    clip_fraction        | 0.0188       |
|    clip_range           | 0.2          |
|    entropy_loss         | -0.476       |
|    explained_variance   | 0.404        |
|    learning_rate        | 5e-05        |
|    loss                 | 0.233        |
|    n_updates            | 588          |
|    policy_gradient_loss | -0.0037      |
|    value_loss           | 0.295        |
------------------------------------------
------------------------------------------
| episode/                |              |
|    lines_cleared_mean   | 7.9          |
|    perfect_clears_mean  | 0            |
|    pieces_placed_mean   | 31.9         |
| rollout/                |              |
|    ep_len_mean          | 30.7         |
|    ep_rew_mean          | 42.1         |
| time/                   |              |
|    fps                  | 628          |
|    iterations           | 149          |
|    time_elapsed         | 1941         |
|    total_timesteps      | 1220608      |
| train/                  |              |
|    approx_kl            | 0.0032860464 |
|    clip_fraction        | 0.0235       |
|    clip_range           | 0.2          |
|    entropy_loss         | -0.474       |
|    explained_variance   | 0.385        |
|    learning_rate        | 5e-05        |
|    loss                 | 0.225        |
|    n_updates            | 592          |
|    policy_gradient_loss | -0.00363     |
|    value_loss           | 0.309        |
------------------------------------------
------------------------------------------
| episode/                |              |
|    lines_cleared_mean   | 8.55         |
|    perfect_clears_mean  | 0            |
|    pieces_placed_mean   | 32.6         |
| rollout/                |              |
|    ep_len_mean          | 31.1         |
|    ep_rew_mean          | 43.1         |
| time/                   |              |
|    fps                  | 628          |
|    iterations           | 150          |
|    time_elapsed         | 1954         |
|    total_timesteps      | 1228800      |
| train/                  |              |
|    approx_kl            | 0.0033035788 |
|    clip_fraction        | 0.0205       |
|    clip_range           | 0.2          |
|    entropy_loss         | -0.476       |
|    explained_variance   | 0.349        |
|    learning_rate        | 5e-05        |
|    loss                 | 0.226        |
|    n_updates            | 596          |
|    policy_gradient_loss | -0.00368     |
|    value_loss           | 0.286        |
------------------------------------------
------------------------------------------
| episode/                |              |
|    lines_cleared_mean   | 7.09         |
|    perfect_clears_mean  | 0            |
|    pieces_placed_mean   | 29.5         |
| rollout/                |              |
|    ep_len_mean          | 28.4         |
|    ep_rew_mean          | 36.7         |
| time/                   |              |
|    fps                  | 628          |
|    iterations           | 151          |
|    time_elapsed         | 1967         |
|    total_timesteps      | 1236992      |
| train/                  |              |
|    approx_kl            | 0.0030627083 |
|    clip_fraction        | 0.018        |
|    clip_range           | 0.2          |
|    entropy_loss         | -0.48        |
|    explained_variance   | 0.354        |
|    learning_rate        | 5e-05        |
|    loss                 | 0.252        |
|    n_updates            | 600          |
|    policy_gradient_loss | -0.00373     |
|    value_loss           | 0.306        |
------------------------------------------
------------------------------------------
| episode/                |              |
|    lines_cleared_mean   | 6.9          |
|    perfect_clears_mean  | 0            |
|    pieces_placed_mean   | 29           |
| rollout/                |              |
|    ep_len_mean          | 31.7         |
|    ep_rew_mean          | 43.6         |
| time/                   |              |
|    fps                  | 628          |
|    iterations           | 152          |
|    time_elapsed         | 1979         |
|    total_timesteps      | 1245184      |
| train/                  |              |
|    approx_kl            | 0.0028747022 |
|    clip_fraction        | 0.0186       |
|    clip_range           | 0.2          |
|    entropy_loss         | -0.487       |
|    explained_variance   | 0.358        |
|    learning_rate        | 5e-05        |
|    loss                 | 0.247        |
|    n_updates            | 604          |
|    policy_gradient_loss | -0.0037      |
|    value_loss           | 0.301        |
------------------------------------------
------------------------------------------
| episode/                |              |
|    lines_cleared_mean   | 9.2          |
|    perfect_clears_mean  | 0            |
|    pieces_placed_mean   | 34.9         |
| rollout/                |              |
|    ep_len_mean          | 32.2         |
|    ep_rew_mean          | 45.6         |
| time/                   |              |
|    fps                  | 629          |
|    iterations           | 153          |
|    time_elapsed         | 1992         |
|    total_timesteps      | 1253376      |
| train/                  |              |
|    approx_kl            | 0.0027636122 |
|    clip_fraction        | 0.0175       |
|    clip_range           | 0.2          |
|    entropy_loss         | -0.476       |
|    explained_variance   | 0.363        |
|    learning_rate        | 5e-05        |
|    loss                 | 0.237        |
|    n_updates            | 608          |
|    policy_gradient_loss | -0.00289     |
|    value_loss           | 0.29         |
------------------------------------------
------------------------------------------
| episode/                |              |
|    lines_cleared_mean   | 9.2          |
|    perfect_clears_mean  | 0            |
|    pieces_placed_mean   | 34.3         |
| rollout/                |              |
|    ep_len_mean          | 31.5         |
|    ep_rew_mean          | 44.2         |
| time/                   |              |
|    fps                  | 629          |
|    iterations           | 154          |
|    time_elapsed         | 2005         |
|    total_timesteps      | 1261568      |
| train/                  |              |
|    approx_kl            | 0.0031582923 |
|    clip_fraction        | 0.0208       |
|    clip_range           | 0.2          |
|    entropy_loss         | -0.467       |
|    explained_variance   | 0.37         |
|    learning_rate        | 5e-05        |
|    loss                 | 0.284        |
|    n_updates            | 612          |
|    policy_gradient_loss | -0.00384     |
|    value_loss           | 0.311        |
------------------------------------------
------------------------------------------
| episode/                |              |
|    lines_cleared_mean   | 9.33         |
|    perfect_clears_mean  | 0            |
|    pieces_placed_mean   | 34.7         |
| rollout/                |              |
|    ep_len_mean          | 34.4         |
|    ep_rew_mean          | 50.1         |
| time/                   |              |
|    fps                  | 629          |
|    iterations           | 155          |
|    time_elapsed         | 2018         |
|    total_timesteps      | 1269760      |
| train/                  |              |
|    approx_kl            | 0.0031358465 |
|    clip_fraction        | 0.0244       |
|    clip_range           | 0.2          |
|    entropy_loss         | -0.469       |
|    explained_variance   | 0.387        |
|    learning_rate        | 5e-05        |
|    loss                 | 0.185        |
|    n_updates            | 616          |
|    policy_gradient_loss | -0.00414     |
|    value_loss           | 0.281        |
------------------------------------------
------------------------------------------
| episode/                |              |
|    lines_cleared_mean   | 7.7          |
|    perfect_clears_mean  | 0            |
|    pieces_placed_mean   | 31.1         |
| rollout/                |              |
|    ep_len_mean          | 31.2         |
|    ep_rew_mean          | 43.1         |
| time/                   |              |
|    fps                  | 629          |
|    iterations           | 156          |
|    time_elapsed         | 2031         |
|    total_timesteps      | 1277952      |
| train/                  |              |
|    approx_kl            | 0.0036840965 |
|    clip_fraction        | 0.0196       |
|    clip_range           | 0.2          |
|    entropy_loss         | -0.474       |
|    explained_variance   | 0.372        |
|    learning_rate        | 5e-05        |
|    loss                 | 0.296        |
|    n_updates            | 620          |
|    policy_gradient_loss | -0.00354     |
|    value_loss           | 0.317        |
------------------------------------------
-----------------------------------------
| episode/                |             |
|    lines_cleared_mean   | 11.6        |
|    perfect_clears_mean  | 0           |
|    pieces_placed_mean   | 40.2        |
| rollout/                |             |
|    ep_len_mean          | 33.4        |
|    ep_rew_mean          | 47.9        |
| time/                   |             |
|    fps                  | 629         |
|    iterations           | 157         |
|    time_elapsed         | 2043        |
|    total_timesteps      | 1286144     |
| train/                  |             |
|    approx_kl            | 0.003983158 |
|    clip_fraction        | 0.0264      |
|    clip_range           | 0.2         |
|    entropy_loss         | -0.479      |
|    explained_variance   | 0.396       |
|    learning_rate        | 5e-05       |
|    loss                 | 0.192       |
|    n_updates            | 624         |
|    policy_gradient_loss | -0.0043     |
|    value_loss           | 0.274       |
-----------------------------------------
-----------------------------------------
| episode/                |             |
|    lines_cleared_mean   | 5.6         |
|    perfect_clears_mean  | 0           |
|    pieces_placed_mean   | 25.2        |
| rollout/                |             |
|    ep_len_mean          | 29.6        |
|    ep_rew_mean          | 40.3        |
| time/                   |             |
|    fps                  | 629         |
|    iterations           | 158         |
|    time_elapsed         | 2056        |
|    total_timesteps      | 1294336     |
| train/                  |             |
|    approx_kl            | 0.003484366 |
|    clip_fraction        | 0.0208      |
|    clip_range           | 0.2         |
|    entropy_loss         | -0.473      |
|    explained_variance   | 0.373       |
|    learning_rate        | 5e-05       |
|    loss                 | 0.294       |
|    n_updates            | 628         |
|    policy_gradient_loss | -0.00376    |
|    value_loss           | 0.335       |
-----------------------------------------
------------------------------------------
| episode/                |              |
|    lines_cleared_mean   | 5.8          |
|    perfect_clears_mean  | 0            |
|    pieces_placed_mean   | 25.3         |
| rollout/                |              |
|    ep_len_mean          | 31.4         |
|    ep_rew_mean          | 43.3         |
| time/                   |              |
|    fps                  | 629          |
|    iterations           | 159          |
|    time_elapsed         | 2069         |
|    total_timesteps      | 1302528      |
| train/                  |              |
|    approx_kl            | 0.0040122154 |
|    clip_fraction        | 0.0351       |
|    clip_range           | 0.2          |
|    entropy_loss         | -0.489       |
|    explained_variance   | 0.397        |
|    learning_rate        | 5e-05        |
|    loss                 | 0.23         |
|    n_updates            | 632          |
|    policy_gradient_loss | -0.00487     |
|    value_loss           | 0.307        |
------------------------------------------
------------------------------------------
| episode/                |              |
|    lines_cleared_mean   | 7            |
|    perfect_clears_mean  | 0            |
|    pieces_placed_mean   | 28.3         |
| rollout/                |              |
|    ep_len_mean          | 31.3         |
|    ep_rew_mean          | 43.6         |
| time/                   |              |
|    fps                  | 629          |
|    iterations           | 160          |
|    time_elapsed         | 2081         |
|    total_timesteps      | 1310720      |
| train/                  |              |
|    approx_kl            | 0.0032572728 |
|    clip_fraction        | 0.022        |
|    clip_range           | 0.2          |
|    entropy_loss         | -0.481       |
|    explained_variance   | 0.35         |
|    learning_rate        | 5e-05        |
|    loss                 | 0.292        |
|    n_updates            | 636          |
|    policy_gradient_loss | -0.00475     |
|    value_loss           | 0.334        |
------------------------------------------
------------------------------------------
| episode/                |              |
|    lines_cleared_mean   | 6.6          |
|    perfect_clears_mean  | 0            |
|    pieces_placed_mean   | 28.4         |
| rollout/                |              |
|    ep_len_mean          | 30.1         |
|    ep_rew_mean          | 40.6         |
| time/                   |              |
|    fps                  | 629          |
|    iterations           | 161          |
|    time_elapsed         | 2094         |
|    total_timesteps      | 1318912      |
| train/                  |              |
|    approx_kl            | 0.0026915409 |
|    clip_fraction        | 0.0161       |
|    clip_range           | 0.2          |
|    entropy_loss         | -0.477       |
|    explained_variance   | 0.38         |
|    learning_rate        | 5e-05        |
|    loss                 | 0.332        |
|    n_updates            | 640          |
|    policy_gradient_loss | -0.00278     |
|    value_loss           | 0.308        |
------------------------------------------
----------------------------------------
| episode/                |            |
|    lines_cleared_mean   | 7          |
|    perfect_clears_mean  | 0          |
|    pieces_placed_mean   | 29.5       |
| rollout/                |            |
|    ep_len_mean          | 29.8       |
|    ep_rew_mean          | 40.1       |
| time/                   |            |
|    fps                  | 629        |
|    iterations           | 162        |
|    time_elapsed         | 2107       |
|    total_timesteps      | 1327104    |
| train/                  |            |
|    approx_kl            | 0.00332504 |
|    clip_fraction        | 0.0188     |
|    clip_range           | 0.2        |
|    entropy_loss         | -0.495     |
|    explained_variance   | 0.375      |
|    learning_rate        | 5e-05      |
|    loss                 | 0.321      |
|    n_updates            | 644        |
|    policy_gradient_loss | -0.00328   |
|    value_loss           | 0.334      |
----------------------------------------
------------------------------------------
| episode/                |              |
|    lines_cleared_mean   | 6.3          |
|    perfect_clears_mean  | 0            |
|    pieces_placed_mean   | 26.7         |
| rollout/                |              |
|    ep_len_mean          | 31.9         |
|    ep_rew_mean          | 44.4         |
| time/                   |              |
|    fps                  | 629          |
|    iterations           | 163          |
|    time_elapsed         | 2120         |
|    total_timesteps      | 1335296      |
| train/                  |              |
|    approx_kl            | 0.0032760974 |
|    clip_fraction        | 0.0145       |
|    clip_range           | 0.2          |
|    entropy_loss         | -0.491       |
|    explained_variance   | 0.355        |
|    learning_rate        | 5e-05        |
|    loss                 | 0.247        |
|    n_updates            | 648          |
|    policy_gradient_loss | -0.00299     |
|    value_loss           | 0.306        |
------------------------------------------
------------------------------------------
| episode/                |              |
|    lines_cleared_mean   | 10.2         |
|    perfect_clears_mean  | 0            |
|    pieces_placed_mean   | 36.8         |
| rollout/                |              |
|    ep_len_mean          | 31.8         |
|    ep_rew_mean          | 44.7         |
| time/                   |              |
|    fps                  | 629          |
|    iterations           | 164          |
|    time_elapsed         | 2132         |
|    total_timesteps      | 1343488      |
| train/                  |              |
|    approx_kl            | 0.0032607703 |
|    clip_fraction        | 0.02         |
|    clip_range           | 0.2          |
|    entropy_loss         | -0.48        |
|    explained_variance   | 0.391        |
|    learning_rate        | 5e-05        |
|    loss                 | 0.273        |
|    n_updates            | 652          |
|    policy_gradient_loss | -0.00377     |
|    value_loss           | 0.291        |
------------------------------------------
------------------------------------------
| episode/                |              |
|    lines_cleared_mean   | 10.6         |
|    perfect_clears_mean  | 0            |
|    pieces_placed_mean   | 38.6         |
| rollout/                |              |
|    ep_len_mean          | 32.4         |
|    ep_rew_mean          | 45.5         |
| time/                   |              |
|    fps                  | 629          |
|    iterations           | 165          |
|    time_elapsed         | 2145         |
|    total_timesteps      | 1351680      |
| train/                  |              |
|    approx_kl            | 0.0030126479 |
|    clip_fraction        | 0.0164       |
|    clip_range           | 0.2          |
|    entropy_loss         | -0.483       |
|    explained_variance   | 0.314        |
|    learning_rate        | 5e-05        |
|    loss                 | 0.322        |
|    n_updates            | 656          |
|    policy_gradient_loss | -0.00344     |
|    value_loss           | 0.32         |
------------------------------------------
-----------------------------------------
| episode/                |             |
|    lines_cleared_mean   | 10          |
|    perfect_clears_mean  | 0           |
|    pieces_placed_mean   | 35.4        |
| rollout/                |             |
|    ep_len_mean          | 30.4        |
|    ep_rew_mean          | 41.2        |
| time/                   |             |
|    fps                  | 630         |
|    iterations           | 166         |
|    time_elapsed         | 2158        |
|    total_timesteps      | 1359872     |
| train/                  |             |
|    approx_kl            | 0.003778583 |
|    clip_fraction        | 0.0192      |
|    clip_range           | 0.2         |
|    entropy_loss         | -0.49       |
|    explained_variance   | 0.323       |
|    learning_rate        | 5e-05       |
|    loss                 | 0.296       |
|    n_updates            | 660         |
|    policy_gradient_loss | -0.00395    |
|    value_loss           | 0.313       |
-----------------------------------------
------------------------------------------
| episode/                |              |
|    lines_cleared_mean   | 9.1          |
|    perfect_clears_mean  | 0            |
|    pieces_placed_mean   | 33.9         |
| rollout/                |              |
|    ep_len_mean          | 33.4         |
|    ep_rew_mean          | 47.9         |
| time/                   |              |
|    fps                  | 630          |
|    iterations           | 167          |
|    time_elapsed         | 2171         |
|    total_timesteps      | 1368064      |
| train/                  |              |
|    approx_kl            | 0.0028331755 |
|    clip_fraction        | 0.0132       |
|    clip_range           | 0.2          |
|    entropy_loss         | -0.491       |
|    explained_variance   | 0.374        |
|    learning_rate        | 5e-05        |
|    loss                 | 0.265        |
|    n_updates            | 664          |
|    policy_gradient_loss | -0.00315     |
|    value_loss           | 0.295        |
------------------------------------------
------------------------------------------
| episode/                |              |
|    lines_cleared_mean   | 10.3         |
|    perfect_clears_mean  | 0            |
|    pieces_placed_mean   | 37.4         |
| rollout/                |              |
|    ep_len_mean          | 31.9         |
|    ep_rew_mean          | 44.7         |
| time/                   |              |
|    fps                  | 630          |
|    iterations           | 168          |
|    time_elapsed         | 2183         |
|    total_timesteps      | 1376256      |
| train/                  |              |
|    approx_kl            | 0.0031668176 |
|    clip_fraction        | 0.0179       |
|    clip_range           | 0.2          |
|    entropy_loss         | -0.474       |
|    explained_variance   | 0.38         |
|    learning_rate        | 5e-05        |
|    loss                 | 0.289        |
|    n_updates            | 668          |
|    policy_gradient_loss | -0.00376     |
|    value_loss           | 0.304        |
------------------------------------------
------------------------------------------
| episode/                |              |
|    lines_cleared_mean   | 7            |
|    perfect_clears_mean  | 0            |
|    pieces_placed_mean   | 29.1         |
| rollout/                |              |
|    ep_len_mean          | 32.8         |
|    ep_rew_mean          | 46.2         |
| time/                   |              |
|    fps                  | 630          |
|    iterations           | 169          |
|    time_elapsed         | 2196         |
|    total_timesteps      | 1384448      |
| train/                  |              |
|    approx_kl            | 0.0032524094 |
|    clip_fraction        | 0.017        |
|    clip_range           | 0.2          |
|    entropy_loss         | -0.487       |
|    explained_variance   | 0.415        |
|    learning_rate        | 5e-05        |
|    loss                 | 0.285        |
|    n_updates            | 672          |
|    policy_gradient_loss | -0.00321     |
|    value_loss           | 0.289        |
------------------------------------------
------------------------------------------
| episode/                |              |
|    lines_cleared_mean   | 9.45         |
|    perfect_clears_mean  | 0            |
|    pieces_placed_mean   | 34.8         |
| rollout/                |              |
|    ep_len_mean          | 31.1         |
|    ep_rew_mean          | 43           |
| time/                   |              |
|    fps                  | 630          |
|    iterations           | 170          |
|    time_elapsed         | 2209         |
|    total_timesteps      | 1392640      |
| train/                  |              |
|    approx_kl            | 0.0028930844 |
|    clip_fraction        | 0.019        |
|    clip_range           | 0.2          |
|    entropy_loss         | -0.477       |
|    explained_variance   | 0.302        |
|    learning_rate        | 5e-05        |
|    loss                 | 0.264        |
|    n_updates            | 676          |
|    policy_gradient_loss | -0.00345     |
|    value_loss           | 0.324        |
------------------------------------------
-----------------------------------------
| episode/                |             |
|    lines_cleared_mean   | 9.1         |
|    perfect_clears_mean  | 0           |
|    pieces_placed_mean   | 34.1        |
| rollout/                |             |
|    ep_len_mean          | 29.4        |
|    ep_rew_mean          | 39.5        |
| time/                   |             |
|    fps                  | 630         |
|    iterations           | 171         |
|    time_elapsed         | 2222        |
|    total_timesteps      | 1400832     |
| train/                  |             |
|    approx_kl            | 0.003276794 |
|    clip_fraction        | 0.0221      |
|    clip_range           | 0.2         |
|    entropy_loss         | -0.485      |
|    explained_variance   | 0.376       |
|    learning_rate        | 5e-05       |
|    loss                 | 0.276       |
|    n_updates            | 680         |
|    policy_gradient_loss | -0.00371    |
|    value_loss           | 0.317       |
-----------------------------------------
------------------------------------------
| episode/                |              |
|    lines_cleared_mean   | 8            |
|    perfect_clears_mean  | 0            |
|    pieces_placed_mean   | 31.6         |
| rollout/                |              |
|    ep_len_mean          | 30.9         |
|    ep_rew_mean          | 43.1         |
| time/                   |              |
|    fps                  | 630          |
|    iterations           | 172          |
|    time_elapsed         | 2234         |
|    total_timesteps      | 1409024      |
| train/                  |              |
|    approx_kl            | 0.0035461236 |
|    clip_fraction        | 0.019        |
|    clip_range           | 0.2          |
|    entropy_loss         | -0.474       |
|    explained_variance   | 0.426        |
|    learning_rate        | 5e-05        |
|    loss                 | 0.256        |
|    n_updates            | 684          |
|    policy_gradient_loss | -0.00382     |
|    value_loss           | 0.276        |
------------------------------------------
------------------------------------------
| episode/                |              |
|    lines_cleared_mean   | 4.4          |
|    perfect_clears_mean  | 0            |
|    pieces_placed_mean   | 22.4         |
| rollout/                |              |
|    ep_len_mean          | 30.5         |
|    ep_rew_mean          | 42.3         |
| time/                   |              |
|    fps                  | 630          |
|    iterations           | 173          |
|    time_elapsed         | 2247         |
|    total_timesteps      | 1417216      |
| train/                  |              |
|    approx_kl            | 0.0029975628 |
|    clip_fraction        | 0.0201       |
|    clip_range           | 0.2          |
|    entropy_loss         | -0.478       |
|    explained_variance   | 0.348        |
|    learning_rate        | 5e-05        |
|    loss                 | 0.259        |
|    n_updates            | 688          |
|    policy_gradient_loss | -0.00353     |
|    value_loss           | 0.294        |
------------------------------------------
-----------------------------------------
| episode/                |             |
|    lines_cleared_mean   | 7.5         |
|    perfect_clears_mean  | 0           |
|    pieces_placed_mean   | 30.6        |
| rollout/                |             |
|    ep_len_mean          | 31.6        |
|    ep_rew_mean          | 43.8        |
| time/                   |             |
|    fps                  | 630         |
|    iterations           | 174         |
|    time_elapsed         | 2260        |
|    total_timesteps      | 1425408     |
| train/                  |             |
|    approx_kl            | 0.002642646 |
|    clip_fraction        | 0.0155      |
|    clip_range           | 0.2         |
|    entropy_loss         | -0.468      |
|    explained_variance   | 0.402       |
|    learning_rate        | 5e-05       |
|    loss                 | 0.222       |
|    n_updates            | 692         |
|    policy_gradient_loss | -0.00336    |
|    value_loss           | 0.286       |
-----------------------------------------
------------------------------------------
| episode/                |              |
|    lines_cleared_mean   | 6.5          |
|    perfect_clears_mean  | 0            |
|    pieces_placed_mean   | 27.6         |
| rollout/                |              |
|    ep_len_mean          | 29           |
|    ep_rew_mean          | 38.3         |
| time/                   |              |
|    fps                  | 630          |
|    iterations           | 175          |
|    time_elapsed         | 2273         |
|    total_timesteps      | 1433600      |
| train/                  |              |
|    approx_kl            | 0.0028838245 |
|    clip_fraction        | 0.0186       |
|    clip_range           | 0.2          |
|    entropy_loss         | -0.476       |
|    explained_variance   | 0.371        |
|    learning_rate        | 5e-05        |
|    loss                 | 0.25         |
|    n_updates            | 696          |
|    policy_gradient_loss | -0.00334     |
|    value_loss           | 0.302        |
------------------------------------------
----------------------------------------
| episode/                |            |
|    lines_cleared_mean   | 6.9        |
|    perfect_clears_mean  | 0          |
|    pieces_placed_mean   | 29.6       |
| rollout/                |            |
|    ep_len_mean          | 32.1       |
|    ep_rew_mean          | 45         |
| time/                   |            |
|    fps                  | 630        |
|    iterations           | 176        |
|    time_elapsed         | 2285       |
|    total_timesteps      | 1441792    |
| train/                  |            |
|    approx_kl            | 0.00342608 |
|    clip_fraction        | 0.0241     |
|    clip_range           | 0.2        |
|    entropy_loss         | -0.487     |
|    explained_variance   | 0.369      |
|    learning_rate        | 5e-05      |
|    loss                 | 0.211      |
|    n_updates            | 700        |
|    policy_gradient_loss | -0.00402   |
|    value_loss           | 0.283      |
----------------------------------------
------------------------------------------
| episode/                |              |
|    lines_cleared_mean   | 7.8          |
|    perfect_clears_mean  | 0            |
|    pieces_placed_mean   | 31.1         |
| rollout/                |              |
|    ep_len_mean          | 32           |
|    ep_rew_mean          | 45.1         |
| time/                   |              |
|    fps                  | 630          |
|    iterations           | 177          |
|    time_elapsed         | 2298         |
|    total_timesteps      | 1449984      |
| train/                  |              |
|    approx_kl            | 0.0032495693 |
|    clip_fraction        | 0.0198       |
|    clip_range           | 0.2          |
|    entropy_loss         | -0.474       |
|    explained_variance   | 0.384        |
|    learning_rate        | 5e-05        |
|    loss                 | 0.215        |
|    n_updates            | 704          |
|    policy_gradient_loss | -0.00387     |
|    value_loss           | 0.296        |
------------------------------------------
------------------------------------------
| episode/                |              |
|    lines_cleared_mean   | 4.8          |
|    perfect_clears_mean  | 0            |
|    pieces_placed_mean   | 24           |
| rollout/                |              |
|    ep_len_mean          | 30.4         |
|    ep_rew_mean          | 41.6         |
| time/                   |              |
|    fps                  | 630          |
|    iterations           | 178          |
|    time_elapsed         | 2311         |
|    total_timesteps      | 1458176      |
| train/                  |              |
|    approx_kl            | 0.0028884513 |
|    clip_fraction        | 0.0164       |
|    clip_range           | 0.2          |
|    entropy_loss         | -0.475       |
|    explained_variance   | 0.366        |
|    learning_rate        | 5e-05        |
|    loss                 | 0.32         |
|    n_updates            | 708          |
|    policy_gradient_loss | -0.00317     |
|    value_loss           | 0.336        |
------------------------------------------
------------------------------------------
| episode/                |              |
|    lines_cleared_mean   | 9.2          |
|    perfect_clears_mean  | 0            |
|    pieces_placed_mean   | 34.4         |
| rollout/                |              |
|    ep_len_mean          | 32           |
|    ep_rew_mean          | 45           |
| time/                   |              |
|    fps                  | 630          |
|    iterations           | 179          |
|    time_elapsed         | 2324         |
|    total_timesteps      | 1466368      |
| train/                  |              |
|    approx_kl            | 0.0028374672 |
|    clip_fraction        | 0.0144       |
|    clip_range           | 0.2          |
|    entropy_loss         | -0.481       |
|    explained_variance   | 0.359        |
|    learning_rate        | 5e-05        |
|    loss                 | 0.29         |
|    n_updates            | 712          |
|    policy_gradient_loss | -0.00302     |
|    value_loss           | 0.332        |
------------------------------------------
------------------------------------------
| episode/                |              |
|    lines_cleared_mean   | 6.82         |
|    perfect_clears_mean  | 0            |
|    pieces_placed_mean   | 28.2         |
| rollout/                |              |
|    ep_len_mean          | 29.6         |
|    ep_rew_mean          | 39.1         |
| time/                   |              |
|    fps                  | 630          |
|    iterations           | 180          |
|    time_elapsed         | 2336         |
|    total_timesteps      | 1474560      |
| train/                  |              |
|    approx_kl            | 0.0027997184 |
|    clip_fraction        | 0.0141       |
|    clip_range           | 0.2          |
|    entropy_loss         | -0.483       |
|    explained_variance   | 0.394        |
|    learning_rate        | 5e-05        |
|    loss                 | 0.275        |
|    n_updates            | 716          |
|    policy_gradient_loss | -0.00295     |
|    value_loss           | 0.306        |
------------------------------------------
------------------------------------------
| episode/                |              |
|    lines_cleared_mean   | 6.1          |
|    perfect_clears_mean  | 0            |
|    pieces_placed_mean   | 27.7         |
| rollout/                |              |
|    ep_len_mean          | 32           |
|    ep_rew_mean          | 45.2         |
| time/                   |              |
|    fps                  | 631          |
|    iterations           | 181          |
|    time_elapsed         | 2349         |
|    total_timesteps      | 1482752      |
| train/                  |              |
|    approx_kl            | 0.0032920255 |
|    clip_fraction        | 0.019        |
|    clip_range           | 0.2          |
|    entropy_loss         | -0.48        |
|    explained_variance   | 0.406        |
|    learning_rate        | 5e-05        |
|    loss                 | 0.205        |
|    n_updates            | 720          |
|    policy_gradient_loss | -0.00377     |
|    value_loss           | 0.274        |
------------------------------------------
------------------------------------------
| episode/                |              |
|    lines_cleared_mean   | 8.1          |
|    perfect_clears_mean  | 0            |
|    pieces_placed_mean   | 31.2         |
| rollout/                |              |
|    ep_len_mean          | 30.3         |
|    ep_rew_mean          | 41.1         |
| time/                   |              |
|    fps                  | 631          |
|    iterations           | 182          |
|    time_elapsed         | 2362         |
|    total_timesteps      | 1490944      |
| train/                  |              |
|    approx_kl            | 0.0038789816 |
|    clip_fraction        | 0.0228       |
|    clip_range           | 0.2          |
|    entropy_loss         | -0.478       |
|    explained_variance   | 0.346        |
|    learning_rate        | 5e-05        |
|    loss                 | 0.267        |
|    n_updates            | 724          |
|    policy_gradient_loss | -0.00397     |
|    value_loss           | 0.306        |
------------------------------------------
-----------------------------------------
| episode/                |             |
|    lines_cleared_mean   | 8.5         |
|    perfect_clears_mean  | 0           |
|    pieces_placed_mean   | 32.5        |
| rollout/                |             |
|    ep_len_mean          | 31.3        |
|    ep_rew_mean          | 43.1        |
| time/                   |             |
|    fps                  | 631         |
|    iterations           | 183         |
|    time_elapsed         | 2375        |
|    total_timesteps      | 1499136     |
| train/                  |             |
|    approx_kl            | 0.002921916 |
|    clip_fraction        | 0.0171      |
|    clip_range           | 0.2         |
|    entropy_loss         | -0.488      |
|    explained_variance   | 0.422       |
|    learning_rate        | 5e-05       |
|    loss                 | 0.289       |
|    n_updates            | 728         |
|    policy_gradient_loss | -0.00386    |
|    value_loss           | 0.303       |
-----------------------------------------
-----------------------------------------
| episode/                |             |
|    lines_cleared_mean   | 8.55        |
|    perfect_clears_mean  | 0           |
|    pieces_placed_mean   | 32.2        |
| rollout/                |             |
|    ep_len_mean          | 31.8        |
|    ep_rew_mean          | 44.2        |
| time/                   |             |
|    fps                  | 631         |
|    iterations           | 184         |
|    time_elapsed         | 2388        |
|    total_timesteps      | 1507328     |
| train/                  |             |
|    approx_kl            | 0.002491514 |
|    clip_fraction        | 0.0125      |
|    clip_range           | 0.2         |
|    entropy_loss         | -0.482      |
|    explained_variance   | 0.363       |
|    learning_rate        | 5e-05       |
|    loss                 | 0.232       |
|    n_updates            | 732         |
|    policy_gradient_loss | -0.00311    |
|    value_loss           | 0.324       |
-----------------------------------------
----------------------------------------
| episode/                |            |
|    lines_cleared_mean   | 10.1       |
|    perfect_clears_mean  | 0          |
|    pieces_placed_mean   | 35.8       |
| rollout/                |            |
|    ep_len_mean          | 34.6       |
|    ep_rew_mean          | 51         |
| time/                   |            |
|    fps                  | 631        |
|    iterations           | 185        |
|    time_elapsed         | 2400       |
|    total_timesteps      | 1515520    |
| train/                  |            |
|    approx_kl            | 0.00360274 |
|    clip_fraction        | 0.0181     |
|    clip_range           | 0.2        |
|    entropy_loss         | -0.484     |
|    explained_variance   | 0.368      |
|    learning_rate        | 5e-05      |
|    loss                 | 0.249      |
|    n_updates            | 736        |
|    policy_gradient_loss | -0.00349   |
|    value_loss           | 0.299      |
----------------------------------------
-----------------------------------------
| episode/                |             |
|    lines_cleared_mean   | 7.3         |
|    perfect_clears_mean  | 0           |
|    pieces_placed_mean   | 29.6        |
| rollout/                |             |
|    ep_len_mean          | 31.7        |
|    ep_rew_mean          | 44.6        |
| time/                   |             |
|    fps                  | 631         |
|    iterations           | 186         |
|    time_elapsed         | 2413        |
|    total_timesteps      | 1523712     |
| train/                  |             |
|    approx_kl            | 0.003007472 |
|    clip_fraction        | 0.018       |
|    clip_range           | 0.2         |
|    entropy_loss         | -0.47       |
|    explained_variance   | 0.354       |
|    learning_rate        | 5e-05       |
|    loss                 | 0.23        |
|    n_updates            | 740         |
|    policy_gradient_loss | -0.00329    |
|    value_loss           | 0.322       |
-----------------------------------------
-----------------------------------------
| episode/                |             |
|    lines_cleared_mean   | 9.2         |
|    perfect_clears_mean  | 0           |
|    pieces_placed_mean   | 33.6        |
| rollout/                |             |
|    ep_len_mean          | 30.5        |
|    ep_rew_mean          | 42          |
| time/                   |             |
|    fps                  | 631         |
|    iterations           | 187         |
|    time_elapsed         | 2426        |
|    total_timesteps      | 1531904     |
| train/                  |             |
|    approx_kl            | 0.003337937 |
|    clip_fraction        | 0.0214      |
|    clip_range           | 0.2         |
|    entropy_loss         | -0.472      |
|    explained_variance   | 0.351       |
|    learning_rate        | 5e-05       |
|    loss                 | 0.212       |
|    n_updates            | 744         |
|    policy_gradient_loss | -0.00425    |
|    value_loss           | 0.292       |
-----------------------------------------
------------------------------------------
| episode/                |              |
|    lines_cleared_mean   | 8.1          |
|    perfect_clears_mean  | 0            |
|    pieces_placed_mean   | 31.5         |
| rollout/                |              |
|    ep_len_mean          | 31.2         |
|    ep_rew_mean          | 43           |
| time/                   |              |
|    fps                  | 631          |
|    iterations           | 188          |
|    time_elapsed         | 2439         |
|    total_timesteps      | 1540096      |
| train/                  |              |
|    approx_kl            | 0.0028063732 |
|    clip_fraction        | 0.0194       |
|    clip_range           | 0.2          |
|    entropy_loss         | -0.468       |
|    explained_variance   | 0.337        |
|    learning_rate        | 5e-05        |
|    loss                 | 0.226        |
|    n_updates            | 748          |
|    policy_gradient_loss | -0.00352     |
|    value_loss           | 0.291        |
------------------------------------------
-----------------------------------------
| episode/                |             |
|    lines_cleared_mean   | 6.8         |
|    perfect_clears_mean  | 0           |
|    pieces_placed_mean   | 28.8        |
| rollout/                |             |
|    ep_len_mean          | 31.6        |
|    ep_rew_mean          | 44          |
| time/                   |             |
|    fps                  | 631         |
|    iterations           | 189         |
|    time_elapsed         | 2451        |
|    total_timesteps      | 1548288     |
| train/                  |             |
|    approx_kl            | 0.003239322 |
|    clip_fraction        | 0.0238      |
|    clip_range           | 0.2         |
|    entropy_loss         | -0.464      |
|    explained_variance   | 0.384       |
|    learning_rate        | 5e-05       |
|    loss                 | 0.231       |
|    n_updates            | 752         |
|    policy_gradient_loss | -0.00394    |
|    value_loss           | 0.311       |
-----------------------------------------
-----------------------------------------
| episode/                |             |
|    lines_cleared_mean   | 9.1         |
|    perfect_clears_mean  | 0           |
|    pieces_placed_mean   | 33.3        |
| rollout/                |             |
|    ep_len_mean          | 30.8        |
|    ep_rew_mean          | 42.3        |
| time/                   |             |
|    fps                  | 631         |
|    iterations           | 190         |
|    time_elapsed         | 2464        |
|    total_timesteps      | 1556480     |
| train/                  |             |
|    approx_kl            | 0.003167431 |
|    clip_fraction        | 0.0233      |
|    clip_range           | 0.2         |
|    entropy_loss         | -0.472      |
|    explained_variance   | 0.391       |
|    learning_rate        | 5e-05       |
|    loss                 | 0.231       |
|    n_updates            | 756         |
|    policy_gradient_loss | -0.00392    |
|    value_loss           | 0.301       |
-----------------------------------------
------------------------------------------
| episode/                |              |
|    lines_cleared_mean   | 10.6         |
|    perfect_clears_mean  | 0            |
|    pieces_placed_mean   | 38.1         |
| rollout/                |              |
|    ep_len_mean          | 31           |
|    ep_rew_mean          | 42.5         |
| time/                   |              |
|    fps                  | 631          |
|    iterations           | 191          |
|    time_elapsed         | 2477         |
|    total_timesteps      | 1564672      |
| train/                  |              |
|    approx_kl            | 0.0022098557 |
|    clip_fraction        | 0.0104       |
|    clip_range           | 0.2          |
|    entropy_loss         | -0.459       |
|    explained_variance   | 0.387        |
|    learning_rate        | 5e-05        |
|    loss                 | 0.288        |
|    n_updates            | 760          |
|    policy_gradient_loss | -0.00266     |
|    value_loss           | 0.307        |
------------------------------------------
------------------------------------------
| episode/                |              |
|    lines_cleared_mean   | 10.4         |
|    perfect_clears_mean  | 0            |
|    pieces_placed_mean   | 37           |
| rollout/                |              |
|    ep_len_mean          | 32.4         |
|    ep_rew_mean          | 46.2         |
| time/                   |              |
|    fps                  | 631          |
|    iterations           | 192          |
|    time_elapsed         | 2490         |
|    total_timesteps      | 1572864      |
| train/                  |              |
|    approx_kl            | 0.0032894027 |
|    clip_fraction        | 0.0211       |
|    clip_range           | 0.2          |
|    entropy_loss         | -0.477       |
|    explained_variance   | 0.386        |
|    learning_rate        | 5e-05        |
|    loss                 | 0.215        |
|    n_updates            | 764          |
|    policy_gradient_loss | -0.00378     |
|    value_loss           | 0.273        |
------------------------------------------
------------------------------------------
| episode/                |              |
|    lines_cleared_mean   | 6            |
|    perfect_clears_mean  | 0            |
|    pieces_placed_mean   | 27.7         |
| rollout/                |              |
|    ep_len_mean          | 31.2         |
|    ep_rew_mean          | 42.4         |
| time/                   |              |
|    fps                  | 631          |
|    iterations           | 193          |
|    time_elapsed         | 2502         |
|    total_timesteps      | 1581056      |
| train/                  |              |
|    approx_kl            | 0.0033067581 |
|    clip_fraction        | 0.0235       |
|    clip_range           | 0.2          |
|    entropy_loss         | -0.46        |
|    explained_variance   | 0.381        |
|    learning_rate        | 5e-05        |
|    loss                 | 0.264        |
|    n_updates            | 768          |
|    policy_gradient_loss | -0.00428     |
|    value_loss           | 0.303        |
------------------------------------------
------------------------------------------
| episode/                |              |
|    lines_cleared_mean   | 9.9          |
|    perfect_clears_mean  | 0            |
|    pieces_placed_mean   | 35.7         |
| rollout/                |              |
|    ep_len_mean          | 31.2         |
|    ep_rew_mean          | 43.7         |
| time/                   |              |
|    fps                  | 631          |
|    iterations           | 194          |
|    time_elapsed         | 2515         |
|    total_timesteps      | 1589248      |
| train/                  |              |
|    approx_kl            | 0.0031006383 |
|    clip_fraction        | 0.0206       |
|    clip_range           | 0.2          |
|    entropy_loss         | -0.473       |
|    explained_variance   | 0.386        |
|    learning_rate        | 5e-05        |
|    loss                 | 0.278        |
|    n_updates            | 772          |
|    policy_gradient_loss | -0.00316     |
|    value_loss           | 0.297        |
------------------------------------------
------------------------------------------
| episode/                |              |
|    lines_cleared_mean   | 7.1          |
|    perfect_clears_mean  | 0            |
|    pieces_placed_mean   | 30.3         |
| rollout/                |              |
|    ep_len_mean          | 32.6         |
|    ep_rew_mean          | 45.9         |
| time/                   |              |
|    fps                  | 631          |
|    iterations           | 195          |
|    time_elapsed         | 2528         |
|    total_timesteps      | 1597440      |
| train/                  |              |
|    approx_kl            | 0.0036308127 |
|    clip_fraction        | 0.0225       |
|    clip_range           | 0.2          |
|    entropy_loss         | -0.462       |
|    explained_variance   | 0.417        |
|    learning_rate        | 5e-05        |
|    loss                 | 0.198        |
|    n_updates            | 776          |
|    policy_gradient_loss | -0.00346     |
|    value_loss           | 0.278        |
------------------------------------------
------------------------------------------
| episode/                |              |
|    lines_cleared_mean   | 4.8          |
|    perfect_clears_mean  | 0            |
|    pieces_placed_mean   | 25.3         |
| rollout/                |              |
|    ep_len_mean          | 30.6         |
|    ep_rew_mean          | 41.6         |
| time/                   |              |
|    fps                  | 631          |
|    iterations           | 196          |
|    time_elapsed         | 2540         |
|    total_timesteps      | 1605632      |
| train/                  |              |
|    approx_kl            | 0.0029569122 |
|    clip_fraction        | 0.0204       |
|    clip_range           | 0.2          |
|    entropy_loss         | -0.449       |
|    explained_variance   | 0.359        |
|    learning_rate        | 5e-05        |
|    loss                 | 0.284        |
|    n_updates            | 780          |
|    policy_gradient_loss | -0.00392     |
|    value_loss           | 0.314        |
------------------------------------------
-----------------------------------------
| episode/                |             |
|    lines_cleared_mean   | 7.9         |
|    perfect_clears_mean  | 0           |
|    pieces_placed_mean   | 30.5        |
| rollout/                |             |
|    ep_len_mean          | 30.3        |
|    ep_rew_mean          | 41.4        |
| time/                   |             |
|    fps                  | 631         |
|    iterations           | 197         |
|    time_elapsed         | 2553        |
|    total_timesteps      | 1613824     |
| train/                  |             |
|    approx_kl            | 0.002989314 |
|    clip_fraction        | 0.0186      |
|    clip_range           | 0.2         |
|    entropy_loss         | -0.458      |
|    explained_variance   | 0.4         |
|    learning_rate        | 5e-05       |
|    loss                 | 0.268       |
|    n_updates            | 784         |
|    policy_gradient_loss | -0.00297    |
|    value_loss           | 0.301       |
-----------------------------------------
-----------------------------------------
| episode/                |             |
|    lines_cleared_mean   | 5.7         |
|    perfect_clears_mean  | 0           |
|    pieces_placed_mean   | 25.9        |
| rollout/                |             |
|    ep_len_mean          | 30.5        |
|    ep_rew_mean          | 42          |
| time/                   |             |
|    fps                  | 631         |
|    iterations           | 198         |
|    time_elapsed         | 2566        |
|    total_timesteps      | 1622016     |
| train/                  |             |
|    approx_kl            | 0.003424176 |
|    clip_fraction        | 0.0229      |
|    clip_range           | 0.2         |
|    entropy_loss         | -0.468      |
|    explained_variance   | 0.407       |
|    learning_rate        | 5e-05       |
|    loss                 | 0.236       |
|    n_updates            | 788         |
|    policy_gradient_loss | -0.00379    |
|    value_loss           | 0.286       |
-----------------------------------------
------------------------------------------
| episode/                |              |
|    lines_cleared_mean   | 7.7          |
|    perfect_clears_mean  | 0            |
|    pieces_placed_mean   | 30.2         |
| rollout/                |              |
|    ep_len_mean          | 32.2         |
|    ep_rew_mean          | 45.5         |
| time/                   |              |
|    fps                  | 632          |
|    iterations           | 199          |
|    time_elapsed         | 2579         |
|    total_timesteps      | 1630208      |
| train/                  |              |
|    approx_kl            | 0.0025698957 |
|    clip_fraction        | 0.0168       |
|    clip_range           | 0.2          |
|    entropy_loss         | -0.457       |
|    explained_variance   | 0.368        |
|    learning_rate        | 5e-05        |
|    loss                 | 0.301        |
|    n_updates            | 792          |
|    policy_gradient_loss | -0.00381     |
|    value_loss           | 0.303        |
------------------------------------------
------------------------------------------
| episode/                |              |
|    lines_cleared_mean   | 8.3          |
|    perfect_clears_mean  | 0            |
|    pieces_placed_mean   | 32.2         |
| rollout/                |              |
|    ep_len_mean          | 31.1         |
|    ep_rew_mean          | 43.1         |
| time/                   |              |
|    fps                  | 632          |
|    iterations           | 200          |
|    time_elapsed         | 2592         |
|    total_timesteps      | 1638400      |
| train/                  |              |
|    approx_kl            | 0.0035315333 |
|    clip_fraction        | 0.0264       |
|    clip_range           | 0.2          |
|    entropy_loss         | -0.457       |
|    explained_variance   | 0.341        |
|    learning_rate        | 5e-05        |
|    loss                 | 0.292        |
|    n_updates            | 796          |
|    policy_gradient_loss | -0.00424     |
|    value_loss           | 0.305        |
------------------------------------------
------------------------------------------
| episode/                |              |
|    lines_cleared_mean   | 6.5          |
|    perfect_clears_mean  | 0            |
|    pieces_placed_mean   | 27.7         |
| rollout/                |              |
|    ep_len_mean          | 29.5         |
|    ep_rew_mean          | 39.1         |
| time/                   |              |
|    fps                  | 632          |
|    iterations           | 201          |
|    time_elapsed         | 2604         |
|    total_timesteps      | 1646592      |
| train/                  |              |
|    approx_kl            | 0.0032171793 |
|    clip_fraction        | 0.0246       |
|    clip_range           | 0.2          |
|    entropy_loss         | -0.461       |
|    explained_variance   | 0.386        |
|    learning_rate        | 5e-05        |
|    loss                 | 0.256        |
|    n_updates            | 800          |
|    policy_gradient_loss | -0.00469     |
|    value_loss           | 0.311        |
------------------------------------------
------------------------------------------
| episode/                |              |
|    lines_cleared_mean   | 8.9          |
|    perfect_clears_mean  | 0            |
|    pieces_placed_mean   | 34.3         |
| rollout/                |              |
|    ep_len_mean          | 30.1         |
|    ep_rew_mean          | 40.7         |
| time/                   |              |
|    fps                  | 632          |
|    iterations           | 202          |
|    time_elapsed         | 2617         |
|    total_timesteps      | 1654784      |
| train/                  |              |
|    approx_kl            | 0.0037736553 |
|    clip_fraction        | 0.0258       |
|    clip_range           | 0.2          |
|    entropy_loss         | -0.453       |
|    explained_variance   | 0.401        |
|    learning_rate        | 5e-05        |
|    loss                 | 0.269        |
|    n_updates            | 804          |
|    policy_gradient_loss | -0.00417     |
|    value_loss           | 0.274        |
------------------------------------------
------------------------------------------
| episode/                |              |
|    lines_cleared_mean   | 7.7          |
|    perfect_clears_mean  | 0            |
|    pieces_placed_mean   | 30.3         |
| rollout/                |              |
|    ep_len_mean          | 28.7         |
|    ep_rew_mean          | 37.2         |
| time/                   |              |
|    fps                  | 632          |
|    iterations           | 203          |
|    time_elapsed         | 2630         |
|    total_timesteps      | 1662976      |
| train/                  |              |
|    approx_kl            | 0.0034318792 |
|    clip_fraction        | 0.0219       |
|    clip_range           | 0.2          |
|    entropy_loss         | -0.463       |
|    explained_variance   | 0.318        |
|    learning_rate        | 5e-05        |
|    loss                 | 0.25         |
|    n_updates            | 808          |
|    policy_gradient_loss | -0.00395     |
|    value_loss           | 0.307        |
------------------------------------------
------------------------------------------
| episode/                |              |
|    lines_cleared_mean   | 7.8          |
|    perfect_clears_mean  | 0            |
|    pieces_placed_mean   | 31.9         |
| rollout/                |              |
|    ep_len_mean          | 29.8         |
|    ep_rew_mean          | 39.6         |
| time/                   |              |
|    fps                  | 632          |
|    iterations           | 204          |
|    time_elapsed         | 2643         |
|    total_timesteps      | 1671168      |
| train/                  |              |
|    approx_kl            | 0.0031399815 |
|    clip_fraction        | 0.0235       |
|    clip_range           | 0.2          |
|    entropy_loss         | -0.456       |
|    explained_variance   | 0.348        |
|    learning_rate        | 5e-05        |
|    loss                 | 0.234        |
|    n_updates            | 812          |
|    policy_gradient_loss | -0.00465     |
|    value_loss           | 0.3          |
------------------------------------------
-----------------------------------------
| episode/                |             |
|    lines_cleared_mean   | 8.7         |
|    perfect_clears_mean  | 0           |
|    pieces_placed_mean   | 32.6        |
| rollout/                |             |
|    ep_len_mean          | 31.9        |
|    ep_rew_mean          | 45          |
| time/                   |             |
|    fps                  | 632         |
|    iterations           | 205         |
|    time_elapsed         | 2655        |
|    total_timesteps      | 1679360     |
| train/                  |             |
|    approx_kl            | 0.003350119 |
|    clip_fraction        | 0.018       |
|    clip_range           | 0.2         |
|    entropy_loss         | -0.462      |
|    explained_variance   | 0.385       |
|    learning_rate        | 5e-05       |
|    loss                 | 0.216       |
|    n_updates            | 816         |
|    policy_gradient_loss | -0.00356    |
|    value_loss           | 0.282       |
-----------------------------------------
------------------------------------------
| episode/                |              |
|    lines_cleared_mean   | 7.7          |
|    perfect_clears_mean  | 0            |
|    pieces_placed_mean   | 30.9         |
| rollout/                |              |
|    ep_len_mean          | 32.1         |
|    ep_rew_mean          | 45.9         |
| time/                   |              |
|    fps                  | 632          |
|    iterations           | 206          |
|    time_elapsed         | 2668         |
|    total_timesteps      | 1687552      |
| train/                  |              |
|    approx_kl            | 0.0025303985 |
|    clip_fraction        | 0.0153       |
|    clip_range           | 0.2          |
|    entropy_loss         | -0.447       |
|    explained_variance   | 0.409        |
|    learning_rate        | 5e-05        |
|    loss                 | 0.252        |
|    n_updates            | 820          |
|    policy_gradient_loss | -0.00277     |
|    value_loss           | 0.275        |
------------------------------------------
------------------------------------------
| episode/                |              |
|    lines_cleared_mean   | 9.6          |
|    perfect_clears_mean  | 0            |
|    pieces_placed_mean   | 35.3         |
| rollout/                |              |
|    ep_len_mean          | 30.9         |
|    ep_rew_mean          | 42.2         |
| time/                   |              |
|    fps                  | 632          |
|    iterations           | 207          |
|    time_elapsed         | 2681         |
|    total_timesteps      | 1695744      |
| train/                  |              |
|    approx_kl            | 0.0032508704 |
|    clip_fraction        | 0.0215       |
|    clip_range           | 0.2          |
|    entropy_loss         | -0.451       |
|    explained_variance   | 0.36         |
|    learning_rate        | 5e-05        |
|    loss                 | 0.255        |
|    n_updates            | 824          |
|    policy_gradient_loss | -0.00419     |
|    value_loss           | 0.283        |
------------------------------------------
------------------------------------------
| episode/                |              |
|    lines_cleared_mean   | 6.4          |
|    perfect_clears_mean  | 0            |
|    pieces_placed_mean   | 27.4         |
| rollout/                |              |
|    ep_len_mean          | 30.2         |
|    ep_rew_mean          | 41.2         |
| time/                   |              |
|    fps                  | 632          |
|    iterations           | 208          |
|    time_elapsed         | 2694         |
|    total_timesteps      | 1703936      |
| train/                  |              |
|    approx_kl            | 0.0029232015 |
|    clip_fraction        | 0.0197       |
|    clip_range           | 0.2          |
|    entropy_loss         | -0.452       |
|    explained_variance   | 0.377        |
|    learning_rate        | 5e-05        |
|    loss                 | 0.285        |
|    n_updates            | 828          |
|    policy_gradient_loss | -0.00383     |
|    value_loss           | 0.314        |
------------------------------------------
------------------------------------------
| episode/                |              |
|    lines_cleared_mean   | 6.6          |
|    perfect_clears_mean  | 0            |
|    pieces_placed_mean   | 26.9         |
| rollout/                |              |
|    ep_len_mean          | 30.3         |
|    ep_rew_mean          | 41.3         |
| time/                   |              |
|    fps                  | 632          |
|    iterations           | 209          |
|    time_elapsed         | 2707         |
|    total_timesteps      | 1712128      |
| train/                  |              |
|    approx_kl            | 0.0030137473 |
|    clip_fraction        | 0.0221       |
|    clip_range           | 0.2          |
|    entropy_loss         | -0.458       |
|    explained_variance   | 0.396        |
|    learning_rate        | 5e-05        |
|    loss                 | 0.258        |
|    n_updates            | 832          |
|    policy_gradient_loss | -0.00454     |
|    value_loss           | 0.302        |
------------------------------------------
-----------------------------------------
| episode/                |             |
|    lines_cleared_mean   | 7.6         |
|    perfect_clears_mean  | 0           |
|    pieces_placed_mean   | 30.7        |
| rollout/                |             |
|    ep_len_mean          | 31.9        |
|    ep_rew_mean          | 44.8        |
| time/                   |             |
|    fps                  | 632         |
|    iterations           | 210         |
|    time_elapsed         | 2719        |
|    total_timesteps      | 1720320     |
| train/                  |             |
|    approx_kl            | 0.003241416 |
|    clip_fraction        | 0.0222      |
|    clip_range           | 0.2         |
|    entropy_loss         | -0.457      |
|    explained_variance   | 0.332       |
|    learning_rate        | 5e-05       |
|    loss                 | 0.279       |
|    n_updates            | 836         |
|    policy_gradient_loss | -0.00396    |
|    value_loss           | 0.305       |
-----------------------------------------
------------------------------------------
| episode/                |              |
|    lines_cleared_mean   | 9.5          |
|    perfect_clears_mean  | 0            |
|    pieces_placed_mean   | 34.4         |
| rollout/                |              |
|    ep_len_mean          | 32.8         |
|    ep_rew_mean          | 46.9         |
| time/                   |              |
|    fps                  | 632          |
|    iterations           | 211          |
|    time_elapsed         | 2732         |
|    total_timesteps      | 1728512      |
| train/                  |              |
|    approx_kl            | 0.0021852972 |
|    clip_fraction        | 0.0111       |
|    clip_range           | 0.2          |
|    entropy_loss         | -0.451       |
|    explained_variance   | 0.353        |
|    learning_rate        | 5e-05        |
|    loss                 | 0.219        |
|    n_updates            | 840          |
|    policy_gradient_loss | -0.00262     |
|    value_loss           | 0.3          |
------------------------------------------
-----------------------------------------
| episode/                |             |
|    lines_cleared_mean   | 6.9         |
|    perfect_clears_mean  | 0           |
|    pieces_placed_mean   | 28.1        |
| rollout/                |             |
|    ep_len_mean          | 30.8        |
|    ep_rew_mean          | 41.9        |
| time/                   |             |
|    fps                  | 632         |
|    iterations           | 212         |
|    time_elapsed         | 2745        |
|    total_timesteps      | 1736704     |
| train/                  |             |
|    approx_kl            | 0.002862314 |
|    clip_fraction        | 0.0189      |
|    clip_range           | 0.2         |
|    entropy_loss         | -0.454      |
|    explained_variance   | 0.399       |
|    learning_rate        | 5e-05       |
|    loss                 | 0.236       |
|    n_updates            | 844         |
|    policy_gradient_loss | -0.00359    |
|    value_loss           | 0.307       |
-----------------------------------------
------------------------------------------
| episode/                |              |
|    lines_cleared_mean   | 6.36         |
|    perfect_clears_mean  | 0            |
|    pieces_placed_mean   | 28.4         |
| rollout/                |              |
|    ep_len_mean          | 31.5         |
|    ep_rew_mean          | 44.4         |
| time/                   |              |
|    fps                  | 632          |
|    iterations           | 213          |
|    time_elapsed         | 2758         |
|    total_timesteps      | 1744896      |
| train/                  |              |
|    approx_kl            | 0.0027272967 |
|    clip_fraction        | 0.0182       |
|    clip_range           | 0.2          |
|    entropy_loss         | -0.446       |
|    explained_variance   | 0.383        |
|    learning_rate        | 5e-05        |
|    loss                 | 0.232        |
|    n_updates            | 848          |
|    policy_gradient_loss | -0.00349     |
|    value_loss           | 0.309        |
------------------------------------------
------------------------------------------
| episode/                |              |
|    lines_cleared_mean   | 6            |
|    perfect_clears_mean  | 0            |
|    pieces_placed_mean   | 26.3         |
| rollout/                |              |
|    ep_len_mean          | 31.1         |
|    ep_rew_mean          | 43.4         |
| time/                   |              |
|    fps                  | 632          |
|    iterations           | 214          |
|    time_elapsed         | 2770         |
|    total_timesteps      | 1753088      |
| train/                  |              |
|    approx_kl            | 0.0026084892 |
|    clip_fraction        | 0.0173       |
|    clip_range           | 0.2          |
|    entropy_loss         | -0.449       |
|    explained_variance   | 0.401        |
|    learning_rate        | 5e-05        |
|    loss                 | 0.244        |
|    n_updates            | 852          |
|    policy_gradient_loss | -0.00286     |
|    value_loss           | 0.295        |
------------------------------------------
------------------------------------------
| episode/                |              |
|    lines_cleared_mean   | 7.6          |
|    perfect_clears_mean  | 0            |
|    pieces_placed_mean   | 31           |
| rollout/                |              |
|    ep_len_mean          | 32.1         |
|    ep_rew_mean          | 45.8         |
| time/                   |              |
|    fps                  | 632          |
|    iterations           | 215          |
|    time_elapsed         | 2783         |
|    total_timesteps      | 1761280      |
| train/                  |              |
|    approx_kl            | 0.0025303578 |
|    clip_fraction        | 0.0143       |
|    clip_range           | 0.2          |
|    entropy_loss         | -0.445       |
|    explained_variance   | 0.382        |
|    learning_rate        | 5e-05        |
|    loss                 | 0.251        |
|    n_updates            | 856          |
|    policy_gradient_loss | -0.00349     |
|    value_loss           | 0.325        |
------------------------------------------
------------------------------------------
| episode/                |              |
|    lines_cleared_mean   | 8.2          |
|    perfect_clears_mean  | 0            |
|    pieces_placed_mean   | 32           |
| rollout/                |              |
|    ep_len_mean          | 31.1         |
|    ep_rew_mean          | 43.3         |
| time/                   |              |
|    fps                  | 632          |
|    iterations           | 216          |
|    time_elapsed         | 2796         |
|    total_timesteps      | 1769472      |
| train/                  |              |
|    approx_kl            | 0.0027380427 |
|    clip_fraction        | 0.015        |
|    clip_range           | 0.2          |
|    entropy_loss         | -0.446       |
|    explained_variance   | 0.304        |
|    learning_rate        | 5e-05        |
|    loss                 | 0.33         |
|    n_updates            | 860          |
|    policy_gradient_loss | -0.00328     |
|    value_loss           | 0.345        |
------------------------------------------
------------------------------------------
| episode/                |              |
|    lines_cleared_mean   | 9.4          |
|    perfect_clears_mean  | 0            |
|    pieces_placed_mean   | 34.9         |
| rollout/                |              |
|    ep_len_mean          | 31.2         |
|    ep_rew_mean          | 43.6         |
| time/                   |              |
|    fps                  | 632          |
|    iterations           | 217          |
|    time_elapsed         | 2809         |
|    total_timesteps      | 1777664      |
| train/                  |              |
|    approx_kl            | 0.0032481165 |
|    clip_fraction        | 0.0234       |
|    clip_range           | 0.2          |
|    entropy_loss         | -0.449       |
|    explained_variance   | 0.393        |
|    learning_rate        | 5e-05        |
|    loss                 | 0.234        |
|    n_updates            | 864          |
|    policy_gradient_loss | -0.00472     |
|    value_loss           | 0.296        |
------------------------------------------
------------------------------------------
| episode/                |              |
|    lines_cleared_mean   | 9.3          |
|    perfect_clears_mean  | 0            |
|    pieces_placed_mean   | 33.7         |
| rollout/                |              |
|    ep_len_mean          | 29.3         |
|    ep_rew_mean          | 38.9         |
| time/                   |              |
|    fps                  | 632          |
|    iterations           | 218          |
|    time_elapsed         | 2821         |
|    total_timesteps      | 1785856      |
| train/                  |              |
|    approx_kl            | 0.0022566654 |
|    clip_fraction        | 0.0139       |
|    clip_range           | 0.2          |
|    entropy_loss         | -0.458       |
|    explained_variance   | 0.37         |
|    learning_rate        | 5e-05        |
|    loss                 | 0.249        |
|    n_updates            | 868          |
|    policy_gradient_loss | -0.00331     |
|    value_loss           | 0.317        |
------------------------------------------
------------------------------------------
| episode/                |              |
|    lines_cleared_mean   | 6.4          |
|    perfect_clears_mean  | 0            |
|    pieces_placed_mean   | 26.6         |
| rollout/                |              |
|    ep_len_mean          | 30.7         |
|    ep_rew_mean          | 41.6         |
| time/                   |              |
|    fps                  | 632          |
|    iterations           | 219          |
|    time_elapsed         | 2834         |
|    total_timesteps      | 1794048      |
| train/                  |              |
|    approx_kl            | 0.0028160666 |
|    clip_fraction        | 0.0184       |
|    clip_range           | 0.2          |
|    entropy_loss         | -0.463       |
|    explained_variance   | 0.334        |
|    learning_rate        | 5e-05        |
|    loss                 | 0.259        |
|    n_updates            | 872          |
|    policy_gradient_loss | -0.00329     |
|    value_loss           | 0.326        |
------------------------------------------
-----------------------------------------
| episode/                |             |
|    lines_cleared_mean   | 7           |
|    perfect_clears_mean  | 0           |
|    pieces_placed_mean   | 28.8        |
| rollout/                |             |
|    ep_len_mean          | 30.9        |
|    ep_rew_mean          | 42.8        |
| time/                   |             |
|    fps                  | 632         |
|    iterations           | 220         |
|    time_elapsed         | 2847        |
|    total_timesteps      | 1802240     |
| train/                  |             |
|    approx_kl            | 0.002593827 |
|    clip_fraction        | 0.0147      |
|    clip_range           | 0.2         |
|    entropy_loss         | -0.458      |
|    explained_variance   | 0.41        |
|    learning_rate        | 5e-05       |
|    loss                 | 0.228       |
|    n_updates            | 876         |
|    policy_gradient_loss | -0.00327    |
|    value_loss           | 0.283       |
-----------------------------------------
-----------------------------------------
| episode/                |             |
|    lines_cleared_mean   | 7.7         |
|    perfect_clears_mean  | 0           |
|    pieces_placed_mean   | 30.2        |
| rollout/                |             |
|    ep_len_mean          | 32.2        |
|    ep_rew_mean          | 44.9        |
| time/                   |             |
|    fps                  | 632         |
|    iterations           | 221         |
|    time_elapsed         | 2860        |
|    total_timesteps      | 1810432     |
| train/                  |             |
|    approx_kl            | 0.002827427 |
|    clip_fraction        | 0.0169      |
|    clip_range           | 0.2         |
|    entropy_loss         | -0.452      |
|    explained_variance   | 0.339       |
|    learning_rate        | 5e-05       |
|    loss                 | 0.278       |
|    n_updates            | 880         |
|    policy_gradient_loss | -0.00282    |
|    value_loss           | 0.315       |
-----------------------------------------
------------------------------------------
| episode/                |              |
|    lines_cleared_mean   | 6.8          |
|    perfect_clears_mean  | 0            |
|    pieces_placed_mean   | 28.7         |
| rollout/                |              |
|    ep_len_mean          | 31.7         |
|    ep_rew_mean          | 44.8         |
| time/                   |              |
|    fps                  | 633          |
|    iterations           | 222          |
|    time_elapsed         | 2872         |
|    total_timesteps      | 1818624      |
| train/                  |              |
|    approx_kl            | 0.0029907832 |
|    clip_fraction        | 0.0231       |
|    clip_range           | 0.2          |
|    entropy_loss         | -0.456       |
|    explained_variance   | 0.399        |
|    learning_rate        | 5e-05        |
|    loss                 | 0.272        |
|    n_updates            | 884          |
|    policy_gradient_loss | -0.00402     |
|    value_loss           | 0.284        |
------------------------------------------
------------------------------------------
| episode/                |              |
|    lines_cleared_mean   | 9.7          |
|    perfect_clears_mean  | 0            |
|    pieces_placed_mean   | 35.3         |
| rollout/                |              |
|    ep_len_mean          | 31.1         |
|    ep_rew_mean          | 42.8         |
| time/                   |              |
|    fps                  | 633          |
|    iterations           | 223          |
|    time_elapsed         | 2885         |
|    total_timesteps      | 1826816      |
| train/                  |              |
|    approx_kl            | 0.0028916006 |
|    clip_fraction        | 0.0185       |
|    clip_range           | 0.2          |
|    entropy_loss         | -0.449       |
|    explained_variance   | 0.371        |
|    learning_rate        | 5e-05        |
|    loss                 | 0.261        |
|    n_updates            | 888          |
|    policy_gradient_loss | -0.0035      |
|    value_loss           | 0.299        |
------------------------------------------
------------------------------------------
| episode/                |              |
|    lines_cleared_mean   | 7.7          |
|    perfect_clears_mean  | 0            |
|    pieces_placed_mean   | 31.3         |
| rollout/                |              |
|    ep_len_mean          | 32.5         |
|    ep_rew_mean          | 46           |
| time/                   |              |
|    fps                  | 633          |
|    iterations           | 224          |
|    time_elapsed         | 2898         |
|    total_timesteps      | 1835008      |
| train/                  |              |
|    approx_kl            | 0.0038917987 |
|    clip_fraction        | 0.0276       |
|    clip_range           | 0.2          |
|    entropy_loss         | -0.46        |
|    explained_variance   | 0.399        |
|    learning_rate        | 5e-05        |
|    loss                 | 0.253        |
|    n_updates            | 892          |
|    policy_gradient_loss | -0.00449     |
|    value_loss           | 0.281        |
------------------------------------------
------------------------------------------
| episode/                |              |
|    lines_cleared_mean   | 6.9          |
|    perfect_clears_mean  | 0            |
|    pieces_placed_mean   | 28.3         |
| rollout/                |              |
|    ep_len_mean          | 31.7         |
|    ep_rew_mean          | 44.5         |
| time/                   |              |
|    fps                  | 633          |
|    iterations           | 225          |
|    time_elapsed         | 2911         |
|    total_timesteps      | 1843200      |
| train/                  |              |
|    approx_kl            | 0.0023936983 |
|    clip_fraction        | 0.0132       |
|    clip_range           | 0.2          |
|    entropy_loss         | -0.453       |
|    explained_variance   | 0.364        |
|    learning_rate        | 5e-05        |
|    loss                 | 0.279        |
|    n_updates            | 896          |
|    policy_gradient_loss | -0.00242     |
|    value_loss           | 0.324        |
------------------------------------------
------------------------------------------
| episode/                |              |
|    lines_cleared_mean   | 11.4         |
|    perfect_clears_mean  | 0            |
|    pieces_placed_mean   | 39.1         |
| rollout/                |              |
|    ep_len_mean          | 34.5         |
|    ep_rew_mean          | 50.8         |
| time/                   |              |
|    fps                  | 633          |
|    iterations           | 226          |
|    time_elapsed         | 2923         |
|    total_timesteps      | 1851392      |
| train/                  |              |
|    approx_kl            | 0.0025226362 |
|    clip_fraction        | 0.0181       |
|    clip_range           | 0.2          |
|    entropy_loss         | -0.45        |
|    explained_variance   | 0.367        |
|    learning_rate        | 5e-05        |
|    loss                 | 0.222        |
|    n_updates            | 900          |
|    policy_gradient_loss | -0.00316     |
|    value_loss           | 0.314        |
------------------------------------------
------------------------------------------
| episode/                |              |
|    lines_cleared_mean   | 9.3          |
|    perfect_clears_mean  | 0            |
|    pieces_placed_mean   | 34.9         |
| rollout/                |              |
|    ep_len_mean          | 30.7         |
|    ep_rew_mean          | 42.1         |
| time/                   |              |
|    fps                  | 633          |
|    iterations           | 227          |
|    time_elapsed         | 2936         |
|    total_timesteps      | 1859584      |
| train/                  |              |
|    approx_kl            | 0.0033582114 |
|    clip_fraction        | 0.0227       |
|    clip_range           | 0.2          |
|    entropy_loss         | -0.451       |
|    explained_variance   | 0.325        |
|    learning_rate        | 5e-05        |
|    loss                 | 0.264        |
|    n_updates            | 904          |
|    policy_gradient_loss | -0.00401     |
|    value_loss           | 0.346        |
------------------------------------------
------------------------------------------
| episode/                |              |
|    lines_cleared_mean   | 7            |
|    perfect_clears_mean  | 0.1          |
|    pieces_placed_mean   | 29.6         |
| rollout/                |              |
|    ep_len_mean          | 30.3         |
|    ep_rew_mean          | 41.5         |
| time/                   |              |
|    fps                  | 633          |
|    iterations           | 228          |
|    time_elapsed         | 2949         |
|    total_timesteps      | 1867776      |
| train/                  |              |
|    approx_kl            | 0.0027717082 |
|    clip_fraction        | 0.0147       |
|    clip_range           | 0.2          |
|    entropy_loss         | -0.455       |
|    explained_variance   | 0.372        |
|    learning_rate        | 5e-05        |
|    loss                 | 0.239        |
|    n_updates            | 908          |
|    policy_gradient_loss | -0.00384     |
|    value_loss           | 0.31         |
------------------------------------------
----------------------------------------
| episode/                |            |
|    lines_cleared_mean   | 6.4        |
|    perfect_clears_mean  | 0          |
|    pieces_placed_mean   | 28.8       |
| rollout/                |            |
|    ep_len_mean          | 31         |
|    ep_rew_mean          | 42.8       |
| time/                   |            |
|    fps                  | 633        |
|    iterations           | 229        |
|    time_elapsed         | 2961       |
|    total_timesteps      | 1875968    |
| train/                  |            |
|    approx_kl            | 0.00271286 |
|    clip_fraction        | 0.0175     |
|    clip_range           | 0.2        |
|    entropy_loss         | -0.447     |
|    explained_variance   | 0.433      |
|    learning_rate        | 5e-05      |
|    loss                 | 0.266      |
|    n_updates            | 912        |
|    policy_gradient_loss | -0.00362   |
|    value_loss           | 0.318      |
----------------------------------------
------------------------------------------
| episode/                |              |
|    lines_cleared_mean   | 6.4          |
|    perfect_clears_mean  | 0            |
|    pieces_placed_mean   | 26.7         |
| rollout/                |              |
|    ep_len_mean          | 31.6         |
|    ep_rew_mean          | 44.8         |
| time/                   |              |
|    fps                  | 633          |
|    iterations           | 230          |
|    time_elapsed         | 2974         |
|    total_timesteps      | 1884160      |
| train/                  |              |
|    approx_kl            | 0.0032525724 |
|    clip_fraction        | 0.0238       |
|    clip_range           | 0.2          |
|    entropy_loss         | -0.451       |
|    explained_variance   | 0.387        |
|    learning_rate        | 5e-05        |
|    loss                 | 0.207        |
|    n_updates            | 916          |
|    policy_gradient_loss | -0.00409     |
|    value_loss           | 0.304        |
------------------------------------------
------------------------------------------
| episode/                |              |
|    lines_cleared_mean   | 5.8          |
|    perfect_clears_mean  | 0            |
|    pieces_placed_mean   | 25.7         |
| rollout/                |              |
|    ep_len_mean          | 32.1         |
|    ep_rew_mean          | 45.3         |
| time/                   |              |
|    fps                  | 633          |
|    iterations           | 231          |
|    time_elapsed         | 2987         |
|    total_timesteps      | 1892352      |
| train/                  |              |
|    approx_kl            | 0.0031711492 |
|    clip_fraction        | 0.0202       |
|    clip_range           | 0.2          |
|    entropy_loss         | -0.447       |
|    explained_variance   | 0.354        |
|    learning_rate        | 5e-05        |
|    loss                 | 0.261        |
|    n_updates            | 920          |
|    policy_gradient_loss | -0.00431     |
|    value_loss           | 0.324        |
------------------------------------------
------------------------------------------
| episode/                |              |
|    lines_cleared_mean   | 6.6          |
|    perfect_clears_mean  | 0            |
|    pieces_placed_mean   | 27.8         |
| rollout/                |              |
|    ep_len_mean          | 32.1         |
|    ep_rew_mean          | 45.8         |
| time/                   |              |
|    fps                  | 633          |
|    iterations           | 232          |
|    time_elapsed         | 3000         |
|    total_timesteps      | 1900544      |
| train/                  |              |
|    approx_kl            | 0.0030128057 |
|    clip_fraction        | 0.0208       |
|    clip_range           | 0.2          |
|    entropy_loss         | -0.453       |
|    explained_variance   | 0.379        |
|    learning_rate        | 5e-05        |
|    loss                 | 0.253        |
|    n_updates            | 924          |
|    policy_gradient_loss | -0.00353     |
|    value_loss           | 0.32         |
------------------------------------------
-----------------------------------------
| episode/                |             |
|    lines_cleared_mean   | 9.55        |
|    perfect_clears_mean  | 0           |
|    pieces_placed_mean   | 35.2        |
| rollout/                |             |
|    ep_len_mean          | 32.8        |
|    ep_rew_mean          | 47.4        |
| time/                   |             |
|    fps                  | 633         |
|    iterations           | 233         |
|    time_elapsed         | 3012        |
|    total_timesteps      | 1908736     |
| train/                  |             |
|    approx_kl            | 0.002814504 |
|    clip_fraction        | 0.0172      |
|    clip_range           | 0.2         |
|    entropy_loss         | -0.439      |
|    explained_variance   | 0.343       |
|    learning_rate        | 5e-05       |
|    loss                 | 0.276       |
|    n_updates            | 928         |
|    policy_gradient_loss | -0.00374    |
|    value_loss           | 0.334       |
-----------------------------------------
------------------------------------------
| episode/                |              |
|    lines_cleared_mean   | 10.8         |
|    perfect_clears_mean  | 0            |
|    pieces_placed_mean   | 39.3         |
| rollout/                |              |
|    ep_len_mean          | 32           |
|    ep_rew_mean          | 44.4         |
| time/                   |              |
|    fps                  | 633          |
|    iterations           | 234          |
|    time_elapsed         | 3025         |
|    total_timesteps      | 1916928      |
| train/                  |              |
|    approx_kl            | 0.0024108533 |
|    clip_fraction        | 0.0147       |
|    clip_range           | 0.2          |
|    entropy_loss         | -0.443       |
|    explained_variance   | 0.337        |
|    learning_rate        | 5e-05        |
|    loss                 | 0.306        |
|    n_updates            | 932          |
|    policy_gradient_loss | -0.00312     |
|    value_loss           | 0.342        |
------------------------------------------
------------------------------------------
| episode/                |              |
|    lines_cleared_mean   | 10.7         |
|    perfect_clears_mean  | 0            |
|    pieces_placed_mean   | 38.5         |
| rollout/                |              |
|    ep_len_mean          | 33           |
|    ep_rew_mean          | 47.2         |
| time/                   |              |
|    fps                  | 633          |
|    iterations           | 235          |
|    time_elapsed         | 3038         |
|    total_timesteps      | 1925120      |
| train/                  |              |
|    approx_kl            | 0.0025420175 |
|    clip_fraction        | 0.0135       |
|    clip_range           | 0.2          |
|    entropy_loss         | -0.442       |
|    explained_variance   | 0.317        |
|    learning_rate        | 5e-05        |
|    loss                 | 0.324        |
|    n_updates            | 936          |
|    policy_gradient_loss | -0.00274     |
|    value_loss           | 0.377        |
------------------------------------------
------------------------------------------
| episode/                |              |
|    lines_cleared_mean   | 6.7          |
|    perfect_clears_mean  | 0            |
|    pieces_placed_mean   | 29.1         |
| rollout/                |              |
|    ep_len_mean          | 29.9         |
|    ep_rew_mean          | 39.6         |
| time/                   |              |
|    fps                  | 633          |
|    iterations           | 236          |
|    time_elapsed         | 3051         |
|    total_timesteps      | 1933312      |
| train/                  |              |
|    approx_kl            | 0.0029157589 |
|    clip_fraction        | 0.0185       |
|    clip_range           | 0.2          |
|    entropy_loss         | -0.454       |
|    explained_variance   | 0.428        |
|    learning_rate        | 5e-05        |
|    loss                 | 0.235        |
|    n_updates            | 940          |
|    policy_gradient_loss | -0.00364     |
|    value_loss           | 0.301        |
------------------------------------------
------------------------------------------
| episode/                |              |
|    lines_cleared_mean   | 7.55         |
|    perfect_clears_mean  | 0            |
|    pieces_placed_mean   | 30.3         |
| rollout/                |              |
|    ep_len_mean          | 31.4         |
|    ep_rew_mean          | 43.8         |
| time/                   |              |
|    fps                  | 633          |
|    iterations           | 237          |
|    time_elapsed         | 3063         |
|    total_timesteps      | 1941504      |
| train/                  |              |
|    approx_kl            | 0.0027159245 |
|    clip_fraction        | 0.0144       |
|    clip_range           | 0.2          |
|    entropy_loss         | -0.457       |
|    explained_variance   | 0.407        |
|    learning_rate        | 5e-05        |
|    loss                 | 0.308        |
|    n_updates            | 944          |
|    policy_gradient_loss | -0.00297     |
|    value_loss           | 0.308        |
------------------------------------------
------------------------------------------
| episode/                |              |
|    lines_cleared_mean   | 6.7          |
|    perfect_clears_mean  | 0            |
|    pieces_placed_mean   | 29.1         |
| rollout/                |              |
|    ep_len_mean          | 33.7         |
|    ep_rew_mean          | 48.8         |
| time/                   |              |
|    fps                  | 633          |
|    iterations           | 238          |
|    time_elapsed         | 3076         |
|    total_timesteps      | 1949696      |
| train/                  |              |
|    approx_kl            | 0.0027854983 |
|    clip_fraction        | 0.0194       |
|    clip_range           | 0.2          |
|    entropy_loss         | -0.456       |
|    explained_variance   | 0.353        |
|    learning_rate        | 5e-05        |
|    loss                 | 0.217        |
|    n_updates            | 948          |
|    policy_gradient_loss | -0.00363     |
|    value_loss           | 0.299        |
------------------------------------------
-----------------------------------------
| episode/                |             |
|    lines_cleared_mean   | 7.5         |
|    perfect_clears_mean  | 0           |
|    pieces_placed_mean   | 30.5        |
| rollout/                |             |
|    ep_len_mean          | 30.6        |
|    ep_rew_mean          | 41.6        |
| time/                   |             |
|    fps                  | 633         |
|    iterations           | 239         |
|    time_elapsed         | 3089        |
|    total_timesteps      | 1957888     |
| train/                  |             |
|    approx_kl            | 0.002817113 |
|    clip_fraction        | 0.021       |
|    clip_range           | 0.2         |
|    entropy_loss         | -0.453      |
|    explained_variance   | 0.37        |
|    learning_rate        | 5e-05       |
|    loss                 | 0.252       |
|    n_updates            | 952         |
|    policy_gradient_loss | -0.00394    |
|    value_loss           | 0.311       |
-----------------------------------------
------------------------------------------
| episode/                |              |
|    lines_cleared_mean   | 8.91         |
|    perfect_clears_mean  | 0            |
|    pieces_placed_mean   | 34.2         |
| rollout/                |              |
|    ep_len_mean          | 31.2         |
|    ep_rew_mean          | 42.9         |
| time/                   |              |
|    fps                  | 633          |
|    iterations           | 240          |
|    time_elapsed         | 3102         |
|    total_timesteps      | 1966080      |
| train/                  |              |
|    approx_kl            | 0.0028505058 |
|    clip_fraction        | 0.0197       |
|    clip_range           | 0.2          |
|    entropy_loss         | -0.451       |
|    explained_variance   | 0.418        |
|    learning_rate        | 5e-05        |
|    loss                 | 0.217        |
|    n_updates            | 956          |
|    policy_gradient_loss | -0.0034      |
|    value_loss           | 0.273        |
------------------------------------------
------------------------------------------
| episode/                |              |
|    lines_cleared_mean   | 11.5         |
|    perfect_clears_mean  | 0            |
|    pieces_placed_mean   | 40.5         |
| rollout/                |              |
|    ep_len_mean          | 33.4         |
|    ep_rew_mean          | 48.2         |
| time/                   |              |
|    fps                  | 633          |
|    iterations           | 241          |
|    time_elapsed         | 3114         |
|    total_timesteps      | 1974272      |
| train/                  |              |
|    approx_kl            | 0.0033652396 |
|    clip_fraction        | 0.0237       |
|    clip_range           | 0.2          |
|    entropy_loss         | -0.448       |
|    explained_variance   | 0.416        |
|    learning_rate        | 5e-05        |
|    loss                 | 0.3          |
|    n_updates            | 960          |
|    policy_gradient_loss | -0.00387     |
|    value_loss           | 0.292        |
------------------------------------------
-----------------------------------------
| episode/                |             |
|    lines_cleared_mean   | 8.4         |
|    perfect_clears_mean  | 0           |
|    pieces_placed_mean   | 33.5        |
| rollout/                |             |
|    ep_len_mean          | 30          |
|    ep_rew_mean          | 39.9        |
| time/                   |             |
|    fps                  | 633         |
|    iterations           | 242         |
|    time_elapsed         | 3127        |
|    total_timesteps      | 1982464     |
| train/                  |             |
|    approx_kl            | 0.003755707 |
|    clip_fraction        | 0.0263      |
|    clip_range           | 0.2         |
|    entropy_loss         | -0.453      |
|    explained_variance   | 0.437       |
|    learning_rate        | 5e-05       |
|    loss                 | 0.22        |
|    n_updates            | 964         |
|    policy_gradient_loss | -0.0044     |
|    value_loss           | 0.276       |
-----------------------------------------
------------------------------------------
| episode/                |              |
|    lines_cleared_mean   | 8.09         |
|    perfect_clears_mean  | 0            |
|    pieces_placed_mean   | 31.4         |
| rollout/                |              |
|    ep_len_mean          | 30           |
|    ep_rew_mean          | 41.2         |
| time/                   |              |
|    fps                  | 633          |
|    iterations           | 243          |
|    time_elapsed         | 3140         |
|    total_timesteps      | 1990656      |
| train/                  |              |
|    approx_kl            | 0.0037152637 |
|    clip_fraction        | 0.0229       |
|    clip_range           | 0.2          |
|    entropy_loss         | -0.458       |
|    explained_variance   | 0.383        |
|    learning_rate        | 5e-05        |
|    loss                 | 0.281        |
|    n_updates            | 968          |
|    policy_gradient_loss | -0.00411     |
|    value_loss           | 0.319        |
------------------------------------------
------------------------------------------
| episode/                |              |
|    lines_cleared_mean   | 8.91         |
|    perfect_clears_mean  | 0            |
|    pieces_placed_mean   | 33.6         |
| rollout/                |              |
|    ep_len_mean          | 32.1         |
|    ep_rew_mean          | 45           |
| time/                   |              |
|    fps                  | 633          |
|    iterations           | 244          |
|    time_elapsed         | 3153         |
|    total_timesteps      | 1998848      |
| train/                  |              |
|    approx_kl            | 0.0034541143 |
|    clip_fraction        | 0.0216       |
|    clip_range           | 0.2          |
|    entropy_loss         | -0.448       |
|    explained_variance   | 0.357        |
|    learning_rate        | 5e-05        |
|    loss                 | 0.29         |
|    n_updates            | 972          |
|    policy_gradient_loss | -0.00399     |
|    value_loss           | 0.291        |
------------------------------------------
------------------------------------------
| episode/                |              |
|    lines_cleared_mean   | 9            |
|    perfect_clears_mean  | 0            |
|    pieces_placed_mean   | 34.1         |
| rollout/                |              |
|    ep_len_mean          | 30.7         |
|    ep_rew_mean          | 42.3         |
| time/                   |              |
|    fps                  | 633          |
|    iterations           | 245          |
|    time_elapsed         | 3166         |
|    total_timesteps      | 2007040      |
| train/                  |              |
|    approx_kl            | 0.0027575435 |
|    clip_fraction        | 0.0142       |
|    clip_range           | 0.2          |
|    entropy_loss         | -0.447       |
|    explained_variance   | 0.349        |
|    learning_rate        | 5e-05        |
|    loss                 | 0.297        |
|    n_updates            | 976          |
|    policy_gradient_loss | -0.00322     |
|    value_loss           | 0.32         |
------------------------------------------
------------------------------------------
| episode/                |              |
|    lines_cleared_mean   | 9.8          |
|    perfect_clears_mean  | 0            |
|    pieces_placed_mean   | 37           |
| rollout/                |              |
|    ep_len_mean          | 32           |
|    ep_rew_mean          | 44.6         |
| time/                   |              |
|    fps                  | 633          |
|    iterations           | 246          |
|    time_elapsed         | 3179         |
|    total_timesteps      | 2015232      |
| train/                  |              |
|    approx_kl            | 0.0028838536 |
|    clip_fraction        | 0.0189       |
|    clip_range           | 0.2          |
|    entropy_loss         | -0.444       |
|    explained_variance   | 0.36         |
|    learning_rate        | 5e-05        |
|    loss                 | 0.253        |
|    n_updates            | 980          |
|    policy_gradient_loss | -0.00339     |
|    value_loss           | 0.288        |
------------------------------------------
------------------------------------------
| episode/                |              |
|    lines_cleared_mean   | 6.55         |
|    perfect_clears_mean  | 0.0909       |
|    pieces_placed_mean   | 27.8         |
| rollout/                |              |
|    ep_len_mean          | 32.6         |
|    ep_rew_mean          | 47.1         |
| time/                   |              |
|    fps                  | 633          |
|    iterations           | 247          |
|    time_elapsed         | 3191         |
|    total_timesteps      | 2023424      |
| train/                  |              |
|    approx_kl            | 0.0030111978 |
|    clip_fraction        | 0.0188       |
|    clip_range           | 0.2          |
|    entropy_loss         | -0.437       |
|    explained_variance   | 0.373        |
|    learning_rate        | 5e-05        |
|    loss                 | 0.215        |
|    n_updates            | 984          |
|    policy_gradient_loss | -0.00345     |
|    value_loss           | 0.292        |
------------------------------------------
------------------------------------------
| episode/                |              |
|    lines_cleared_mean   | 9.4          |
|    perfect_clears_mean  | 0            |
|    pieces_placed_mean   | 35           |
| rollout/                |              |
|    ep_len_mean          | 29.5         |
|    ep_rew_mean          | 39.3         |
| time/                   |              |
|    fps                  | 633          |
|    iterations           | 248          |
|    time_elapsed         | 3204         |
|    total_timesteps      | 2031616      |
| train/                  |              |
|    approx_kl            | 0.0031477439 |
|    clip_fraction        | 0.0236       |
|    clip_range           | 0.2          |
|    entropy_loss         | -0.435       |
|    explained_variance   | 0.402        |
|    learning_rate        | 5e-05        |
|    loss                 | 0.25         |
|    n_updates            | 988          |
|    policy_gradient_loss | -0.00391     |
|    value_loss           | 0.299        |
------------------------------------------
------------------------------------------
| episode/                |              |
|    lines_cleared_mean   | 8.69         |
|    perfect_clears_mean  | 0            |
|    pieces_placed_mean   | 33.2         |
| rollout/                |              |
|    ep_len_mean          | 32.2         |
|    ep_rew_mean          | 45.2         |
| time/                   |              |
|    fps                  | 634          |
|    iterations           | 249          |
|    time_elapsed         | 3217         |
|    total_timesteps      | 2039808      |
| train/                  |              |
|    approx_kl            | 0.0036591836 |
|    clip_fraction        | 0.0222       |
|    clip_range           | 0.2          |
|    entropy_loss         | -0.448       |
|    explained_variance   | 0.446        |
|    learning_rate        | 5e-05        |
|    loss                 | 0.19         |
|    n_updates            | 992          |
|    policy_gradient_loss | -0.0045      |
|    value_loss           | 0.258        |
------------------------------------------
------------------------------------------
| episode/                |              |
|    lines_cleared_mean   | 7.5          |
|    perfect_clears_mean  | 0            |
|    pieces_placed_mean   | 30           |
| rollout/                |              |
|    ep_len_mean          | 32           |
|    ep_rew_mean          | 45.2         |
| time/                   |              |
|    fps                  | 634          |
|    iterations           | 250          |
|    time_elapsed         | 3230         |
|    total_timesteps      | 2048000      |
| train/                  |              |
|    approx_kl            | 0.0029542693 |
|    clip_fraction        | 0.0233       |
|    clip_range           | 0.2          |
|    entropy_loss         | -0.449       |
|    explained_variance   | 0.362        |
|    learning_rate        | 5e-05        |
|    loss                 | 0.284        |
|    n_updates            | 996          |
|    policy_gradient_loss | -0.00385     |
|    value_loss           | 0.301        |
------------------------------------------
------------------------------------------
| episode/                |              |
|    lines_cleared_mean   | 11           |
|    perfect_clears_mean  | 0            |
|    pieces_placed_mean   | 39           |
| rollout/                |              |
|    ep_len_mean          | 32.9         |
|    ep_rew_mean          | 47           |
| time/                   |              |
|    fps                  | 634          |
|    iterations           | 251          |
|    time_elapsed         | 3242         |
|    total_timesteps      | 2056192      |
| train/                  |              |
|    approx_kl            | 0.0032975515 |
|    clip_fraction        | 0.022        |
|    clip_range           | 0.2          |
|    entropy_loss         | -0.44        |
|    explained_variance   | 0.42         |
|    learning_rate        | 5e-05        |
|    loss                 | 0.212        |
|    n_updates            | 1000         |
|    policy_gradient_loss | -0.00366     |
|    value_loss           | 0.268        |
------------------------------------------
------------------------------------------
| episode/                |              |
|    lines_cleared_mean   | 5.7          |
|    perfect_clears_mean  | 0            |
|    pieces_placed_mean   | 26.2         |
| rollout/                |              |
|    ep_len_mean          | 32.5         |
|    ep_rew_mean          | 45.6         |
| time/                   |              |
|    fps                  | 634          |
|    iterations           | 252          |
|    time_elapsed         | 3255         |
|    total_timesteps      | 2064384      |
| train/                  |              |
|    approx_kl            | 0.0030429454 |
|    clip_fraction        | 0.0199       |
|    clip_range           | 0.2          |
|    entropy_loss         | -0.448       |
|    explained_variance   | 0.366        |
|    learning_rate        | 5e-05        |
|    loss                 | 0.258        |
|    n_updates            | 1004         |
|    policy_gradient_loss | -0.00412     |
|    value_loss           | 0.304        |
------------------------------------------
------------------------------------------
| episode/                |              |
|    lines_cleared_mean   | 5.6          |
|    perfect_clears_mean  | 0            |
|    pieces_placed_mean   | 25.5         |
| rollout/                |              |
|    ep_len_mean          | 30.7         |
|    ep_rew_mean          | 42           |
| time/                   |              |
|    fps                  | 634          |
|    iterations           | 253          |
|    time_elapsed         | 3268         |
|    total_timesteps      | 2072576      |
| train/                  |              |
|    approx_kl            | 0.0031756046 |
|    clip_fraction        | 0.0201       |
|    clip_range           | 0.2          |
|    entropy_loss         | -0.445       |
|    explained_variance   | 0.349        |
|    learning_rate        | 5e-05        |
|    loss                 | 0.27         |
|    n_updates            | 1008         |
|    policy_gradient_loss | -0.0041      |
|    value_loss           | 0.342        |
------------------------------------------
------------------------------------------
| episode/                |              |
|    lines_cleared_mean   | 10.3         |
|    perfect_clears_mean  | 0            |
|    pieces_placed_mean   | 37.1         |
| rollout/                |              |
|    ep_len_mean          | 31.3         |
|    ep_rew_mean          | 43           |
| time/                   |              |
|    fps                  | 634          |
|    iterations           | 254          |
|    time_elapsed         | 3281         |
|    total_timesteps      | 2080768      |
| train/                  |              |
|    approx_kl            | 0.0022713337 |
|    clip_fraction        | 0.0109       |
|    clip_range           | 0.2          |
|    entropy_loss         | -0.445       |
|    explained_variance   | 0.41         |
|    learning_rate        | 5e-05        |
|    loss                 | 0.244        |
|    n_updates            | 1012         |
|    policy_gradient_loss | -0.00192     |
|    value_loss           | 0.289        |
------------------------------------------
-----------------------------------------
| episode/                |             |
|    lines_cleared_mean   | 6.3         |
|    perfect_clears_mean  | 0           |
|    pieces_placed_mean   | 28.8        |
| rollout/                |             |
|    ep_len_mean          | 29.9        |
|    ep_rew_mean          | 40.7        |
| time/                   |             |
|    fps                  | 634         |
|    iterations           | 255         |
|    time_elapsed         | 3294        |
|    total_timesteps      | 2088960     |
| train/                  |             |
|    approx_kl            | 0.003163095 |
|    clip_fraction        | 0.0182      |
|    clip_range           | 0.2         |
|    entropy_loss         | -0.453      |
|    explained_variance   | 0.379       |
|    learning_rate        | 5e-05       |
|    loss                 | 0.219       |
|    n_updates            | 1016        |
|    policy_gradient_loss | -0.00334    |
|    value_loss           | 0.276       |
-----------------------------------------
------------------------------------------
| episode/                |              |
|    lines_cleared_mean   | 7.2          |
|    perfect_clears_mean  | 0            |
|    pieces_placed_mean   | 29.7         |
| rollout/                |              |
|    ep_len_mean          | 30.2         |
|    ep_rew_mean          | 40.4         |
| time/                   |              |
|    fps                  | 634          |
|    iterations           | 256          |
|    time_elapsed         | 3306         |
|    total_timesteps      | 2097152      |
| train/                  |              |
|    approx_kl            | 0.0036640519 |
|    clip_fraction        | 0.0242       |
|    clip_range           | 0.2          |
|    entropy_loss         | -0.459       |
|    explained_variance   | 0.363        |
|    learning_rate        | 5e-05        |
|    loss                 | 0.251        |
|    n_updates            | 1020         |
|    policy_gradient_loss | -0.00396     |
|    value_loss           | 0.286        |
------------------------------------------
-----------------------------------------
| episode/                |             |
|    lines_cleared_mean   | 9.1         |
|    perfect_clears_mean  | 0           |
|    pieces_placed_mean   | 33.5        |
| rollout/                |             |
|    ep_len_mean          | 30.6        |
|    ep_rew_mean          | 42          |
| time/                   |             |
|    fps                  | 634         |
|    iterations           | 257         |
|    time_elapsed         | 3319        |
|    total_timesteps      | 2105344     |
| train/                  |             |
|    approx_kl            | 0.002276334 |
|    clip_fraction        | 0.0125      |
|    clip_range           | 0.2         |
|    entropy_loss         | -0.443      |
|    explained_variance   | 0.412       |
|    learning_rate        | 5e-05       |
|    loss                 | 0.22        |
|    n_updates            | 1024        |
|    policy_gradient_loss | -0.00303    |
|    value_loss           | 0.291       |
-----------------------------------------
------------------------------------------
| episode/                |              |
|    lines_cleared_mean   | 6.1          |
|    perfect_clears_mean  | 0            |
|    pieces_placed_mean   | 26.6         |
| rollout/                |              |
|    ep_len_mean          | 33.6         |
|    ep_rew_mean          | 48.4         |
| time/                   |              |
|    fps                  | 634          |
|    iterations           | 258          |
|    time_elapsed         | 3332         |
|    total_timesteps      | 2113536      |
| train/                  |              |
|    approx_kl            | 0.0030450344 |
|    clip_fraction        | 0.0184       |
|    clip_range           | 0.2          |
|    entropy_loss         | -0.442       |
|    explained_variance   | 0.419        |
|    learning_rate        | 5e-05        |
|    loss                 | 0.26         |
|    n_updates            | 1028         |
|    policy_gradient_loss | -0.00317     |
|    value_loss           | 0.312        |
------------------------------------------
-----------------------------------------
| episode/                |             |
|    lines_cleared_mean   | 6.1         |
|    perfect_clears_mean  | 0           |
|    pieces_placed_mean   | 28.1        |
| rollout/                |             |
|    ep_len_mean          | 33.5        |
|    ep_rew_mean          | 48.8        |
| time/                   |             |
|    fps                  | 634         |
|    iterations           | 259         |
|    time_elapsed         | 3344        |
|    total_timesteps      | 2121728     |
| train/                  |             |
|    approx_kl            | 0.002777856 |
|    clip_fraction        | 0.0151      |
|    clip_range           | 0.2         |
|    entropy_loss         | -0.437      |
|    explained_variance   | 0.332       |
|    learning_rate        | 5e-05       |
|    loss                 | 0.265       |
|    n_updates            | 1032        |
|    policy_gradient_loss | -0.00333    |
|    value_loss           | 0.35        |
-----------------------------------------
------------------------------------------
| episode/                |              |
|    lines_cleared_mean   | 6.4          |
|    perfect_clears_mean  | 0            |
|    pieces_placed_mean   | 27.1         |
| rollout/                |              |
|    ep_len_mean          | 31.1         |
|    ep_rew_mean          | 43.2         |
| time/                   |              |
|    fps                  | 634          |
|    iterations           | 260          |
|    time_elapsed         | 3357         |
|    total_timesteps      | 2129920      |
| train/                  |              |
|    approx_kl            | 0.0033181494 |
|    clip_fraction        | 0.0216       |
|    clip_range           | 0.2          |
|    entropy_loss         | -0.44        |
|    explained_variance   | 0.366        |
|    learning_rate        | 5e-05        |
|    loss                 | 0.232        |
|    n_updates            | 1036         |
|    policy_gradient_loss | -0.00378     |
|    value_loss           | 0.304        |
------------------------------------------
------------------------------------------
| episode/                |              |
|    lines_cleared_mean   | 7.18         |
|    perfect_clears_mean  | 0            |
|    pieces_placed_mean   | 28.5         |
| rollout/                |              |
|    ep_len_mean          | 30.7         |
|    ep_rew_mean          | 42.5         |
| time/                   |              |
|    fps                  | 634          |
|    iterations           | 261          |
|    time_elapsed         | 3370         |
|    total_timesteps      | 2138112      |
| train/                  |              |
|    approx_kl            | 0.0033397572 |
|    clip_fraction        | 0.0235       |
|    clip_range           | 0.2          |
|    entropy_loss         | -0.45        |
|    explained_variance   | 0.357        |
|    learning_rate        | 5e-05        |
|    loss                 | 0.217        |
|    n_updates            | 1040         |
|    policy_gradient_loss | -0.00353     |
|    value_loss           | 0.307        |
------------------------------------------
----------------------------------------
| episode/                |            |
|    lines_cleared_mean   | 5.9        |
|    perfect_clears_mean  | 0          |
|    pieces_placed_mean   | 26.4       |
| rollout/                |            |
|    ep_len_mean          | 33.1       |
|    ep_rew_mean          | 47.6       |
| time/                   |            |
|    fps                  | 634        |
|    iterations           | 262        |
|    time_elapsed         | 3383       |
|    total_timesteps      | 2146304    |
| train/                  |            |
|    approx_kl            | 0.00411016 |
|    clip_fraction        | 0.0254     |
|    clip_range           | 0.2        |
|    entropy_loss         | -0.452     |
|    explained_variance   | 0.437      |
|    learning_rate        | 5e-05      |
|    loss                 | 0.227      |
|    n_updates            | 1044       |
|    policy_gradient_loss | -0.00505   |
|    value_loss           | 0.262      |
----------------------------------------
-----------------------------------------
| episode/                |             |
|    lines_cleared_mean   | 8.2         |
|    perfect_clears_mean  | 0           |
|    pieces_placed_mean   | 32.8        |
| rollout/                |             |
|    ep_len_mean          | 31.4        |
|    ep_rew_mean          | 43.5        |
| time/                   |             |
|    fps                  | 634         |
|    iterations           | 263         |
|    time_elapsed         | 3395        |
|    total_timesteps      | 2154496     |
| train/                  |             |
|    approx_kl            | 0.003362095 |
|    clip_fraction        | 0.0194      |
|    clip_range           | 0.2         |
|    entropy_loss         | -0.444      |
|    explained_variance   | 0.39        |
|    learning_rate        | 5e-05       |
|    loss                 | 0.226       |
|    n_updates            | 1048        |
|    policy_gradient_loss | -0.00376    |
|    value_loss           | 0.294       |
-----------------------------------------
------------------------------------------
| episode/                |              |
|    lines_cleared_mean   | 7.45         |
|    perfect_clears_mean  | 0            |
|    pieces_placed_mean   | 30           |
| rollout/                |              |
|    ep_len_mean          | 31.7         |
|    ep_rew_mean          | 44.2         |
| time/                   |              |
|    fps                  | 634          |
|    iterations           | 264          |
|    time_elapsed         | 3408         |
|    total_timesteps      | 2162688      |
| train/                  |              |
|    approx_kl            | 0.0036526714 |
|    clip_fraction        | 0.0218       |
|    clip_range           | 0.2          |
|    entropy_loss         | -0.441       |
|    explained_variance   | 0.359        |
|    learning_rate        | 5e-05        |
|    loss                 | 0.21         |
|    n_updates            | 1052         |
|    policy_gradient_loss | -0.00401     |
|    value_loss           | 0.288        |
------------------------------------------
------------------------------------------
| episode/                |              |
|    lines_cleared_mean   | 9.1          |
|    perfect_clears_mean  | 0            |
|    pieces_placed_mean   | 33.7         |
| rollout/                |              |
|    ep_len_mean          | 30.7         |
|    ep_rew_mean          | 41.9         |
| time/                   |              |
|    fps                  | 634          |
|    iterations           | 265          |
|    time_elapsed         | 3421         |
|    total_timesteps      | 2170880      |
| train/                  |              |
|    approx_kl            | 0.0033221524 |
|    clip_fraction        | 0.0224       |
|    clip_range           | 0.2          |
|    entropy_loss         | -0.44        |
|    explained_variance   | 0.382        |
|    learning_rate        | 5e-05        |
|    loss                 | 0.261        |
|    n_updates            | 1056         |
|    policy_gradient_loss | -0.00399     |
|    value_loss           | 0.3          |
------------------------------------------
------------------------------------------
| episode/                |              |
|    lines_cleared_mean   | 7.6          |
|    perfect_clears_mean  | 0            |
|    pieces_placed_mean   | 30.8         |
| rollout/                |              |
|    ep_len_mean          | 30.5         |
|    ep_rew_mean          | 42           |
| time/                   |              |
|    fps                  | 634          |
|    iterations           | 266          |
|    time_elapsed         | 3434         |
|    total_timesteps      | 2179072      |
| train/                  |              |
|    approx_kl            | 0.0024288623 |
|    clip_fraction        | 0.0137       |
|    clip_range           | 0.2          |
|    entropy_loss         | -0.44        |
|    explained_variance   | 0.369        |
|    learning_rate        | 5e-05        |
|    loss                 | 0.249        |
|    n_updates            | 1060         |
|    policy_gradient_loss | -0.00365     |
|    value_loss           | 0.308        |
------------------------------------------
------------------------------------------
| episode/                |              |
|    lines_cleared_mean   | 6.9          |
|    perfect_clears_mean  | 0            |
|    pieces_placed_mean   | 28.8         |
| rollout/                |              |
|    ep_len_mean          | 32.2         |
|    ep_rew_mean          | 45.4         |
| time/                   |              |
|    fps                  | 634          |
|    iterations           | 267          |
|    time_elapsed         | 3446         |
|    total_timesteps      | 2187264      |
| train/                  |              |
|    approx_kl            | 0.0030833036 |
|    clip_fraction        | 0.0182       |
|    clip_range           | 0.2          |
|    entropy_loss         | -0.446       |
|    explained_variance   | 0.362        |
|    learning_rate        | 5e-05        |
|    loss                 | 0.307        |
|    n_updates            | 1064         |
|    policy_gradient_loss | -0.00323     |
|    value_loss           | 0.306        |
------------------------------------------
------------------------------------------
| episode/                |              |
|    lines_cleared_mean   | 4.6          |
|    perfect_clears_mean  | 0            |
|    pieces_placed_mean   | 23.8         |
| rollout/                |              |
|    ep_len_mean          | 29.4         |
|    ep_rew_mean          | 39.3         |
| time/                   |              |
|    fps                  | 634          |
|    iterations           | 268          |
|    time_elapsed         | 3459         |
|    total_timesteps      | 2195456      |
| train/                  |              |
|    approx_kl            | 0.0029900805 |
|    clip_fraction        | 0.019        |
|    clip_range           | 0.2          |
|    entropy_loss         | -0.443       |
|    explained_variance   | 0.308        |
|    learning_rate        | 5e-05        |
|    loss                 | 0.323        |
|    n_updates            | 1068         |
|    policy_gradient_loss | -0.00435     |
|    value_loss           | 0.359        |
------------------------------------------
------------------------------------------
| episode/                |              |
|    lines_cleared_mean   | 8.6          |
|    perfect_clears_mean  | 0            |
|    pieces_placed_mean   | 33.5         |
| rollout/                |              |
|    ep_len_mean          | 31.9         |
|    ep_rew_mean          | 44.6         |
| time/                   |              |
|    fps                  | 634          |
|    iterations           | 269          |
|    time_elapsed         | 3472         |
|    total_timesteps      | 2203648      |
| train/                  |              |
|    approx_kl            | 0.0028903452 |
|    clip_fraction        | 0.0183       |
|    clip_range           | 0.2          |
|    entropy_loss         | -0.444       |
|    explained_variance   | 0.396        |
|    learning_rate        | 5e-05        |
|    loss                 | 0.249        |
|    n_updates            | 1072         |
|    policy_gradient_loss | -0.00319     |
|    value_loss           | 0.316        |
------------------------------------------
------------------------------------------
| episode/                |              |
|    lines_cleared_mean   | 6            |
|    perfect_clears_mean  | 0            |
|    pieces_placed_mean   | 26.1         |
| rollout/                |              |
|    ep_len_mean          | 31.1         |
|    ep_rew_mean          | 43.3         |
| time/                   |              |
|    fps                  | 634          |
|    iterations           | 270          |
|    time_elapsed         | 3485         |
|    total_timesteps      | 2211840      |
| train/                  |              |
|    approx_kl            | 0.0025682137 |
|    clip_fraction        | 0.0133       |
|    clip_range           | 0.2          |
|    entropy_loss         | -0.449       |
|    explained_variance   | 0.341        |
|    learning_rate        | 5e-05        |
|    loss                 | 0.272        |
|    n_updates            | 1076         |
|    policy_gradient_loss | -0.00342     |
|    value_loss           | 0.343        |
------------------------------------------
------------------------------------------
| episode/                |              |
|    lines_cleared_mean   | 8.2          |
|    perfect_clears_mean  | 0            |
|    pieces_placed_mean   | 31.5         |
| rollout/                |              |
|    ep_len_mean          | 29.6         |
|    ep_rew_mean          | 39.5         |
| time/                   |              |
|    fps                  | 634          |
|    iterations           | 271          |
|    time_elapsed         | 3497         |
|    total_timesteps      | 2220032      |
| train/                  |              |
|    approx_kl            | 0.0034836046 |
|    clip_fraction        | 0.0201       |
|    clip_range           | 0.2          |
|    entropy_loss         | -0.445       |
|    explained_variance   | 0.407        |
|    learning_rate        | 5e-05        |
|    loss                 | 0.233        |
|    n_updates            | 1080         |
|    policy_gradient_loss | -0.00434     |
|    value_loss           | 0.302        |
------------------------------------------
------------------------------------------
| episode/                |              |
|    lines_cleared_mean   | 7.8          |
|    perfect_clears_mean  | 0            |
|    pieces_placed_mean   | 32.2         |
| rollout/                |              |
|    ep_len_mean          | 32.2         |
|    ep_rew_mean          | 45.2         |
| time/                   |              |
|    fps                  | 634          |
|    iterations           | 272          |
|    time_elapsed         | 3510         |
|    total_timesteps      | 2228224      |
| train/                  |              |
|    approx_kl            | 0.0024467155 |
|    clip_fraction        | 0.0146       |
|    clip_range           | 0.2          |
|    entropy_loss         | -0.447       |
|    explained_variance   | 0.416        |
|    learning_rate        | 5e-05        |
|    loss                 | 0.224        |
|    n_updates            | 1084         |
|    policy_gradient_loss | -0.00333     |
|    value_loss           | 0.29         |
------------------------------------------
------------------------------------------
| episode/                |              |
|    lines_cleared_mean   | 7.18         |
|    perfect_clears_mean  | 0            |
|    pieces_placed_mean   | 29.3         |
| rollout/                |              |
|    ep_len_mean          | 31.1         |
|    ep_rew_mean          | 42.9         |
| time/                   |              |
|    fps                  | 634          |
|    iterations           | 273          |
|    time_elapsed         | 3523         |
|    total_timesteps      | 2236416      |
| train/                  |              |
|    approx_kl            | 0.0027253926 |
|    clip_fraction        | 0.0145       |
|    clip_range           | 0.2          |
|    entropy_loss         | -0.437       |
|    explained_variance   | 0.385        |
|    learning_rate        | 5e-05        |
|    loss                 | 0.221        |
|    n_updates            | 1088         |
|    policy_gradient_loss | -0.00359     |
|    value_loss           | 0.31         |
------------------------------------------
------------------------------------------
| episode/                |              |
|    lines_cleared_mean   | 8.08         |
|    perfect_clears_mean  | 0            |
|    pieces_placed_mean   | 31.2         |
| rollout/                |              |
|    ep_len_mean          | 30.9         |
|    ep_rew_mean          | 42.8         |
| time/                   |              |
|    fps                  | 634          |
|    iterations           | 274          |
|    time_elapsed         | 3536         |
|    total_timesteps      | 2244608      |
| train/                  |              |
|    approx_kl            | 0.0030096942 |
|    clip_fraction        | 0.0164       |
|    clip_range           | 0.2          |
|    entropy_loss         | -0.443       |
|    explained_variance   | 0.437        |
|    learning_rate        | 5e-05        |
|    loss                 | 0.268        |
|    n_updates            | 1092         |
|    policy_gradient_loss | -0.00355     |
|    value_loss           | 0.318        |
------------------------------------------
------------------------------------------
| episode/                |              |
|    lines_cleared_mean   | 7.3          |
|    perfect_clears_mean  | 0            |
|    pieces_placed_mean   | 29.9         |
| rollout/                |              |
|    ep_len_mean          | 31.4         |
|    ep_rew_mean          | 43.4         |
| time/                   |              |
|    fps                  | 634          |
|    iterations           | 275          |
|    time_elapsed         | 3548         |
|    total_timesteps      | 2252800      |
| train/                  |              |
|    approx_kl            | 0.0028782948 |
|    clip_fraction        | 0.0239       |
|    clip_range           | 0.2          |
|    entropy_loss         | -0.448       |
|    explained_variance   | 0.424        |
|    learning_rate        | 5e-05        |
|    loss                 | 0.205        |
|    n_updates            | 1096         |
|    policy_gradient_loss | -0.0038      |
|    value_loss           | 0.295        |
------------------------------------------
------------------------------------------
| episode/                |              |
|    lines_cleared_mean   | 8.2          |
|    perfect_clears_mean  | 0            |
|    pieces_placed_mean   | 32.7         |
| rollout/                |              |
|    ep_len_mean          | 32.5         |
|    ep_rew_mean          | 45.6         |
| time/                   |              |
|    fps                  | 634          |
|    iterations           | 276          |
|    time_elapsed         | 3561         |
|    total_timesteps      | 2260992      |
| train/                  |              |
|    approx_kl            | 0.0024210415 |
|    clip_fraction        | 0.0152       |
|    clip_range           | 0.2          |
|    entropy_loss         | -0.434       |
|    explained_variance   | 0.37         |
|    learning_rate        | 5e-05        |
|    loss                 | 0.322        |
|    n_updates            | 1100         |
|    policy_gradient_loss | -0.00307     |
|    value_loss           | 0.35         |
------------------------------------------
----------------------------------------
| episode/                |            |
|    lines_cleared_mean   | 4.36       |
|    perfect_clears_mean  | 0          |
|    pieces_placed_mean   | 22.8       |
| rollout/                |            |
|    ep_len_mean          | 30.6       |
|    ep_rew_mean          | 41.8       |
| time/                   |            |
|    fps                  | 634        |
|    iterations           | 277        |
|    time_elapsed         | 3574       |
|    total_timesteps      | 2269184    |
| train/                  |            |
|    approx_kl            | 0.00255701 |
|    clip_fraction        | 0.0176     |
|    clip_range           | 0.2        |
|    entropy_loss         | -0.439     |
|    explained_variance   | 0.429      |
|    learning_rate        | 5e-05      |
|    loss                 | 0.284      |
|    n_updates            | 1104       |
|    policy_gradient_loss | -0.00354   |
|    value_loss           | 0.29       |
----------------------------------------
------------------------------------------
| episode/                |              |
|    lines_cleared_mean   | 4.7          |
|    perfect_clears_mean  | 0            |
|    pieces_placed_mean   | 24.1         |
| rollout/                |              |
|    ep_len_mean          | 31.3         |
|    ep_rew_mean          | 43.3         |
| time/                   |              |
|    fps                  | 634          |
|    iterations           | 278          |
|    time_elapsed         | 3587         |
|    total_timesteps      | 2277376      |
| train/                  |              |
|    approx_kl            | 0.0029158155 |
|    clip_fraction        | 0.0203       |
|    clip_range           | 0.2          |
|    entropy_loss         | -0.424       |
|    explained_variance   | 0.349        |
|    learning_rate        | 5e-05        |
|    loss                 | 0.239        |
|    n_updates            | 1108         |
|    policy_gradient_loss | -0.00352     |
|    value_loss           | 0.358        |
------------------------------------------
------------------------------------------
| episode/                |              |
|    lines_cleared_mean   | 6.4          |
|    perfect_clears_mean  | 0            |
|    pieces_placed_mean   | 27.1         |
| rollout/                |              |
|    ep_len_mean          | 30.1         |
|    ep_rew_mean          | 40.3         |
| time/                   |              |
|    fps                  | 634          |
|    iterations           | 279          |
|    time_elapsed         | 3600         |
|    total_timesteps      | 2285568      |
| train/                  |              |
|    approx_kl            | 0.0026011807 |
|    clip_fraction        | 0.013        |
|    clip_range           | 0.2          |
|    entropy_loss         | -0.443       |
|    explained_variance   | 0.36         |
|    learning_rate        | 5e-05        |
|    loss                 | 0.266        |
|    n_updates            | 1112         |
|    policy_gradient_loss | -0.00289     |
|    value_loss           | 0.328        |
------------------------------------------
------------------------------------------
| episode/                |              |
|    lines_cleared_mean   | 5.3          |
|    perfect_clears_mean  | 0            |
|    pieces_placed_mean   | 24.8         |
| rollout/                |              |
|    ep_len_mean          | 30.6         |
|    ep_rew_mean          | 42           |
| time/                   |              |
|    fps                  | 634          |
|    iterations           | 280          |
|    time_elapsed         | 3612         |
|    total_timesteps      | 2293760      |
| train/                  |              |
|    approx_kl            | 0.0031566445 |
|    clip_fraction        | 0.0207       |
|    clip_range           | 0.2          |
|    entropy_loss         | -0.445       |
|    explained_variance   | 0.378        |
|    learning_rate        | 5e-05        |
|    loss                 | 0.236        |
|    n_updates            | 1116         |
|    policy_gradient_loss | -0.00394     |
|    value_loss           | 0.296        |
------------------------------------------
-----------------------------------------
| episode/                |             |
|    lines_cleared_mean   | 5.1         |
|    perfect_clears_mean  | 0           |
|    pieces_placed_mean   | 24.6        |
| rollout/                |             |
|    ep_len_mean          | 30.8        |
|    ep_rew_mean          | 42          |
| time/                   |             |
|    fps                  | 634         |
|    iterations           | 281         |
|    time_elapsed         | 3625        |
|    total_timesteps      | 2301952     |
| train/                  |             |
|    approx_kl            | 0.002676494 |
|    clip_fraction        | 0.015       |
|    clip_range           | 0.2         |
|    entropy_loss         | -0.439      |
|    explained_variance   | 0.39        |
|    learning_rate        | 5e-05       |
|    loss                 | 0.29        |
|    n_updates            | 1120        |
|    policy_gradient_loss | -0.00308    |
|    value_loss           | 0.312       |
-----------------------------------------
------------------------------------------
| episode/                |              |
|    lines_cleared_mean   | 8.5          |
|    perfect_clears_mean  | 0            |
|    pieces_placed_mean   | 31.9         |
| rollout/                |              |
|    ep_len_mean          | 30.2         |
|    ep_rew_mean          | 41.2         |
| time/                   |              |
|    fps                  | 634          |
|    iterations           | 282          |
|    time_elapsed         | 3638         |
|    total_timesteps      | 2310144      |
| train/                  |              |
|    approx_kl            | 0.0033405994 |
|    clip_fraction        | 0.0223       |
|    clip_range           | 0.2          |
|    entropy_loss         | -0.44        |
|    explained_variance   | 0.393        |
|    learning_rate        | 5e-05        |
|    loss                 | 0.239        |
|    n_updates            | 1124         |
|    policy_gradient_loss | -0.00394     |
|    value_loss           | 0.301        |
------------------------------------------
------------------------------------------
| episode/                |              |
|    lines_cleared_mean   | 10           |
|    perfect_clears_mean  | 0            |
|    pieces_placed_mean   | 35.6         |
| rollout/                |              |
|    ep_len_mean          | 28.9         |
|    ep_rew_mean          | 38.3         |
| time/                   |              |
|    fps                  | 634          |
|    iterations           | 283          |
|    time_elapsed         | 3651         |
|    total_timesteps      | 2318336      |
| train/                  |              |
|    approx_kl            | 0.0030950408 |
|    clip_fraction        | 0.0194       |
|    clip_range           | 0.2          |
|    entropy_loss         | -0.431       |
|    explained_variance   | 0.417        |
|    learning_rate        | 5e-05        |
|    loss                 | 0.232        |
|    n_updates            | 1128         |
|    policy_gradient_loss | -0.00341     |
|    value_loss           | 0.283        |
------------------------------------------
------------------------------------------
| episode/                |              |
|    lines_cleared_mean   | 10.2         |
|    perfect_clears_mean  | 0            |
|    pieces_placed_mean   | 36.5         |
| rollout/                |              |
|    ep_len_mean          | 34.4         |
|    ep_rew_mean          | 50.1         |
| time/                   |              |
|    fps                  | 634          |
|    iterations           | 284          |
|    time_elapsed         | 3664         |
|    total_timesteps      | 2326528      |
| train/                  |              |
|    approx_kl            | 0.0025571873 |
|    clip_fraction        | 0.0179       |
|    clip_range           | 0.2          |
|    entropy_loss         | -0.435       |
|    explained_variance   | 0.344        |
|    learning_rate        | 5e-05        |
|    loss                 | 0.244        |
|    n_updates            | 1132         |
|    policy_gradient_loss | -0.00281     |
|    value_loss           | 0.307        |
------------------------------------------
------------------------------------------
| episode/                |              |
|    lines_cleared_mean   | 8.6          |
|    perfect_clears_mean  | 0            |
|    pieces_placed_mean   | 32.3         |
| rollout/                |              |
|    ep_len_mean          | 33.8         |
|    ep_rew_mean          | 48.6         |
| time/                   |              |
|    fps                  | 634          |
|    iterations           | 285          |
|    time_elapsed         | 3676         |
|    total_timesteps      | 2334720      |
| train/                  |              |
|    approx_kl            | 0.0027978313 |
|    clip_fraction        | 0.0174       |
|    clip_range           | 0.2          |
|    entropy_loss         | -0.424       |
|    explained_variance   | 0.361        |
|    learning_rate        | 5e-05        |
|    loss                 | 0.278        |
|    n_updates            | 1136         |
|    policy_gradient_loss | -0.00409     |
|    value_loss           | 0.328        |
------------------------------------------
------------------------------------------
| episode/                |              |
|    lines_cleared_mean   | 7.7          |
|    perfect_clears_mean  | 0            |
|    pieces_placed_mean   | 31.2         |
| rollout/                |              |
|    ep_len_mean          | 29.4         |
|    ep_rew_mean          | 39.2         |
| time/                   |              |
|    fps                  | 634          |
|    iterations           | 286          |
|    time_elapsed         | 3689         |
|    total_timesteps      | 2342912      |
| train/                  |              |
|    approx_kl            | 0.0028415169 |
|    clip_fraction        | 0.0193       |
|    clip_range           | 0.2          |
|    entropy_loss         | -0.43        |
|    explained_variance   | 0.373        |
|    learning_rate        | 5e-05        |
|    loss                 | 0.28         |
|    n_updates            | 1140         |
|    policy_gradient_loss | -0.00341     |
|    value_loss           | 0.325        |
------------------------------------------
-----------------------------------------
| episode/                |             |
|    lines_cleared_mean   | 6.1         |
|    perfect_clears_mean  | 0           |
|    pieces_placed_mean   | 26.5        |
| rollout/                |             |
|    ep_len_mean          | 29.8        |
|    ep_rew_mean          | 40.6        |
| time/                   |             |
|    fps                  | 635         |
|    iterations           | 287         |
|    time_elapsed         | 3702        |
|    total_timesteps      | 2351104     |
| train/                  |             |
|    approx_kl            | 0.003593493 |
|    clip_fraction        | 0.0289      |
|    clip_range           | 0.2         |
|    entropy_loss         | -0.443      |
|    explained_variance   | 0.419       |
|    learning_rate        | 5e-05       |
|    loss                 | 0.241       |
|    n_updates            | 1144        |
|    policy_gradient_loss | -0.00429    |
|    value_loss           | 0.292       |
-----------------------------------------
------------------------------------------
| episode/                |              |
|    lines_cleared_mean   | 7.3          |
|    perfect_clears_mean  | 0            |
|    pieces_placed_mean   | 30           |
| rollout/                |              |
|    ep_len_mean          | 28.4         |
|    ep_rew_mean          | 36.9         |
| time/                   |              |
|    fps                  | 635          |
|    iterations           | 288          |
|    time_elapsed         | 3714         |
|    total_timesteps      | 2359296      |
| train/                  |              |
|    approx_kl            | 0.0032721895 |
|    clip_fraction        | 0.0257       |
|    clip_range           | 0.2          |
|    entropy_loss         | -0.442       |
|    explained_variance   | 0.362        |
|    learning_rate        | 5e-05        |
|    loss                 | 0.244        |
|    n_updates            | 1148         |
|    policy_gradient_loss | -0.00425     |
|    value_loss           | 0.286        |
------------------------------------------
-----------------------------------------
| episode/                |             |
|    lines_cleared_mean   | 5.45        |
|    perfect_clears_mean  | 0           |
|    pieces_placed_mean   | 24.8        |
| rollout/                |             |
|    ep_len_mean          | 28.4        |
|    ep_rew_mean          | 37.7        |
| time/                   |             |
|    fps                  | 635         |
|    iterations           | 289         |
|    time_elapsed         | 3727        |
|    total_timesteps      | 2367488     |
| train/                  |             |
|    approx_kl            | 0.002851442 |
|    clip_fraction        | 0.0166      |
|    clip_range           | 0.2         |
|    entropy_loss         | -0.43       |
|    explained_variance   | 0.392       |
|    learning_rate        | 5e-05       |
|    loss                 | 0.245       |
|    n_updates            | 1152        |
|    policy_gradient_loss | -0.00355    |
|    value_loss           | 0.291       |
-----------------------------------------
------------------------------------------
| episode/                |              |
|    lines_cleared_mean   | 8.3          |
|    perfect_clears_mean  | 0            |
|    pieces_placed_mean   | 32.7         |
| rollout/                |              |
|    ep_len_mean          | 31.6         |
|    ep_rew_mean          | 44.2         |
| time/                   |              |
|    fps                  | 635          |
|    iterations           | 290          |
|    time_elapsed         | 3740         |
|    total_timesteps      | 2375680      |
| train/                  |              |
|    approx_kl            | 0.0023847478 |
|    clip_fraction        | 0.0152       |
|    clip_range           | 0.2          |
|    entropy_loss         | -0.44        |
|    explained_variance   | 0.386        |
|    learning_rate        | 5e-05        |
|    loss                 | 0.219        |
|    n_updates            | 1156         |
|    policy_gradient_loss | -0.00298     |
|    value_loss           | 0.285        |
------------------------------------------
------------------------------------------
| episode/                |              |
|    lines_cleared_mean   | 6.1          |
|    perfect_clears_mean  | 0            |
|    pieces_placed_mean   | 27.1         |
| rollout/                |              |
|    ep_len_mean          | 31.5         |
|    ep_rew_mean          | 43.6         |
| time/                   |              |
|    fps                  | 635          |
|    iterations           | 291          |
|    time_elapsed         | 3752         |
|    total_timesteps      | 2383872      |
| train/                  |              |
|    approx_kl            | 0.0029164224 |
|    clip_fraction        | 0.0179       |
|    clip_range           | 0.2          |
|    entropy_loss         | -0.434       |
|    explained_variance   | 0.404        |
|    learning_rate        | 5e-05        |
|    loss                 | 0.242        |
|    n_updates            | 1160         |
|    policy_gradient_loss | -0.00371     |
|    value_loss           | 0.297        |
------------------------------------------
-----------------------------------------
| episode/                |             |
|    lines_cleared_mean   | 9           |
|    perfect_clears_mean  | 0           |
|    pieces_placed_mean   | 34.1        |
| rollout/                |             |
|    ep_len_mean          | 30.9        |
|    ep_rew_mean          | 42.4        |
| time/                   |             |
|    fps                  | 635         |
|    iterations           | 292         |
|    time_elapsed         | 3765        |
|    total_timesteps      | 2392064     |
| train/                  |             |
|    approx_kl            | 0.002191866 |
|    clip_fraction        | 0.0124      |
|    clip_range           | 0.2         |
|    entropy_loss         | -0.425      |
|    explained_variance   | 0.414       |
|    learning_rate        | 5e-05       |
|    loss                 | 0.269       |
|    n_updates            | 1164        |
|    policy_gradient_loss | -0.00258    |
|    value_loss           | 0.303       |
-----------------------------------------
-----------------------------------------
| episode/                |             |
|    lines_cleared_mean   | 6.55        |
|    perfect_clears_mean  | 0           |
|    pieces_placed_mean   | 27.9        |
| rollout/                |             |
|    ep_len_mean          | 29.9        |
|    ep_rew_mean          | 40.3        |
| time/                   |             |
|    fps                  | 635         |
|    iterations           | 293         |
|    time_elapsed         | 3778        |
|    total_timesteps      | 2400256     |
| train/                  |             |
|    approx_kl            | 0.003012265 |
|    clip_fraction        | 0.0216      |
|    clip_range           | 0.2         |
|    entropy_loss         | -0.443      |
|    explained_variance   | 0.424       |
|    learning_rate        | 5e-05       |
|    loss                 | 0.266       |
|    n_updates            | 1168        |
|    policy_gradient_loss | -0.00405    |
|    value_loss           | 0.287       |
-----------------------------------------
------------------------------------------
| episode/                |              |
|    lines_cleared_mean   | 10.2         |
|    perfect_clears_mean  | 0            |
|    pieces_placed_mean   | 36.9         |
| rollout/                |              |
|    ep_len_mean          | 30.3         |
|    ep_rew_mean          | 40.9         |
| time/                   |              |
|    fps                  | 635          |
|    iterations           | 294          |
|    time_elapsed         | 3790         |
|    total_timesteps      | 2408448      |
| train/                  |              |
|    approx_kl            | 0.0031525944 |
|    clip_fraction        | 0.0238       |
|    clip_range           | 0.2          |
|    entropy_loss         | -0.438       |
|    explained_variance   | 0.4          |
|    learning_rate        | 5e-05        |
|    loss                 | 0.281        |
|    n_updates            | 1172         |
|    policy_gradient_loss | -0.00437     |
|    value_loss           | 0.299        |
------------------------------------------
------------------------------------------
| episode/                |              |
|    lines_cleared_mean   | 9            |
|    perfect_clears_mean  | 0            |
|    pieces_placed_mean   | 33.6         |
| rollout/                |              |
|    ep_len_mean          | 32.8         |
|    ep_rew_mean          | 46.5         |
| time/                   |              |
|    fps                  | 635          |
|    iterations           | 295          |
|    time_elapsed         | 3803         |
|    total_timesteps      | 2416640      |
| train/                  |              |
|    approx_kl            | 0.0029593823 |
|    clip_fraction        | 0.0216       |
|    clip_range           | 0.2          |
|    entropy_loss         | -0.435       |
|    explained_variance   | 0.393        |
|    learning_rate        | 5e-05        |
|    loss                 | 0.274        |
|    n_updates            | 1176         |
|    policy_gradient_loss | -0.00421     |
|    value_loss           | 0.31         |
------------------------------------------
-----------------------------------------
| episode/                |             |
|    lines_cleared_mean   | 8.7         |
|    perfect_clears_mean  | 0           |
|    pieces_placed_mean   | 33          |
| rollout/                |             |
|    ep_len_mean          | 32          |
|    ep_rew_mean          | 45.5        |
| time/                   |             |
|    fps                  | 635         |
|    iterations           | 296         |
|    time_elapsed         | 3816        |
|    total_timesteps      | 2424832     |
| train/                  |             |
|    approx_kl            | 0.002186651 |
|    clip_fraction        | 0.0134      |
|    clip_range           | 0.2         |
|    entropy_loss         | -0.435      |
|    explained_variance   | 0.348       |
|    learning_rate        | 5e-05       |
|    loss                 | 0.318       |
|    n_updates            | 1180        |
|    policy_gradient_loss | -0.00263    |
|    value_loss           | 0.32        |
-----------------------------------------
------------------------------------------
| episode/                |              |
|    lines_cleared_mean   | 7.27         |
|    perfect_clears_mean  | 0            |
|    pieces_placed_mean   | 28.9         |
| rollout/                |              |
|    ep_len_mean          | 30.8         |
|    ep_rew_mean          | 43           |
| time/                   |              |
|    fps                  | 635          |
|    iterations           | 297          |
|    time_elapsed         | 3828         |
|    total_timesteps      | 2433024      |
| train/                  |              |
|    approx_kl            | 0.0033229245 |
|    clip_fraction        | 0.0246       |
|    clip_range           | 0.2          |
|    entropy_loss         | -0.44        |
|    explained_variance   | 0.373        |
|    learning_rate        | 5e-05        |
|    loss                 | 0.261        |
|    n_updates            | 1184         |
|    policy_gradient_loss | -0.00436     |
|    value_loss           | 0.315        |
------------------------------------------
------------------------------------------
| episode/                |              |
|    lines_cleared_mean   | 6.6          |
|    perfect_clears_mean  | 0            |
|    pieces_placed_mean   | 28.1         |
| rollout/                |              |
|    ep_len_mean          | 31.8         |
|    ep_rew_mean          | 45.2         |
| time/                   |              |
|    fps                  | 635          |
|    iterations           | 298          |
|    time_elapsed         | 3841         |
|    total_timesteps      | 2441216      |
| train/                  |              |
|    approx_kl            | 0.0038498035 |
|    clip_fraction        | 0.0278       |
|    clip_range           | 0.2          |
|    entropy_loss         | -0.443       |
|    explained_variance   | 0.407        |
|    learning_rate        | 5e-05        |
|    loss                 | 0.254        |
|    n_updates            | 1188         |
|    policy_gradient_loss | -0.00463     |
|    value_loss           | 0.306        |
------------------------------------------
------------------------------------------
| episode/                |              |
|    lines_cleared_mean   | 5.4          |
|    perfect_clears_mean  | 0            |
|    pieces_placed_mean   | 25.6         |
| rollout/                |              |
|    ep_len_mean          | 31.7         |
|    ep_rew_mean          | 44.5         |
| time/                   |              |
|    fps                  | 635          |
|    iterations           | 299          |
|    time_elapsed         | 3854         |
|    total_timesteps      | 2449408      |
| train/                  |              |
|    approx_kl            | 0.0025939746 |
|    clip_fraction        | 0.0185       |
|    clip_range           | 0.2          |
|    entropy_loss         | -0.431       |
|    explained_variance   | 0.382        |
|    learning_rate        | 5e-05        |
|    loss                 | 0.235        |
|    n_updates            | 1192         |
|    policy_gradient_loss | -0.00325     |
|    value_loss           | 0.3          |
------------------------------------------
------------------------------------------
| episode/                |              |
|    lines_cleared_mean   | 6.8          |
|    perfect_clears_mean  | 0            |
|    pieces_placed_mean   | 29           |
| rollout/                |              |
|    ep_len_mean          | 31.2         |
|    ep_rew_mean          | 43           |
| time/                   |              |
|    fps                  | 635          |
|    iterations           | 300          |
|    time_elapsed         | 3866         |
|    total_timesteps      | 2457600      |
| train/                  |              |
|    approx_kl            | 0.0028849167 |
|    clip_fraction        | 0.0186       |
|    clip_range           | 0.2          |
|    entropy_loss         | -0.419       |
|    explained_variance   | 0.409        |
|    learning_rate        | 5e-05        |
|    loss                 | 0.252        |
|    n_updates            | 1196         |
|    policy_gradient_loss | -0.00361     |
|    value_loss           | 0.287        |
------------------------------------------
------------------------------------------
| episode/                |              |
|    lines_cleared_mean   | 8.36         |
|    perfect_clears_mean  | 0            |
|    pieces_placed_mean   | 33.2         |
| rollout/                |              |
|    ep_len_mean          | 33.2         |
|    ep_rew_mean          | 47.5         |
| time/                   |              |
|    fps                  | 635          |
|    iterations           | 301          |
|    time_elapsed         | 3879         |
|    total_timesteps      | 2465792      |
| train/                  |              |
|    approx_kl            | 0.0025034181 |
|    clip_fraction        | 0.0151       |
|    clip_range           | 0.2          |
|    entropy_loss         | -0.435       |
|    explained_variance   | 0.385        |
|    learning_rate        | 5e-05        |
|    loss                 | 0.3          |
|    n_updates            | 1200         |
|    policy_gradient_loss | -0.00377     |
|    value_loss           | 0.332        |
------------------------------------------
------------------------------------------
| episode/                |              |
|    lines_cleared_mean   | 11.1         |
|    perfect_clears_mean  | 0            |
|    pieces_placed_mean   | 38.6         |
| rollout/                |              |
|    ep_len_mean          | 32.1         |
|    ep_rew_mean          | 45.6         |
| time/                   |              |
|    fps                  | 635          |
|    iterations           | 302          |
|    time_elapsed         | 3892         |
|    total_timesteps      | 2473984      |
| train/                  |              |
|    approx_kl            | 0.0029651048 |
|    clip_fraction        | 0.0222       |
|    clip_range           | 0.2          |
|    entropy_loss         | -0.427       |
|    explained_variance   | 0.406        |
|    learning_rate        | 5e-05        |
|    loss                 | 0.241        |
|    n_updates            | 1204         |
|    policy_gradient_loss | -0.00358     |
|    value_loss           | 0.286        |
------------------------------------------
------------------------------------------
| episode/                |              |
|    lines_cleared_mean   | 11.4         |
|    perfect_clears_mean  | 0            |
|    pieces_placed_mean   | 38.7         |
| rollout/                |              |
|    ep_len_mean          | 31.4         |
|    ep_rew_mean          | 43.5         |
| time/                   |              |
|    fps                  | 635          |
|    iterations           | 303          |
|    time_elapsed         | 3904         |
|    total_timesteps      | 2482176      |
| train/                  |              |
|    approx_kl            | 0.0033730934 |
|    clip_fraction        | 0.023        |
|    clip_range           | 0.2          |
|    entropy_loss         | -0.431       |
|    explained_variance   | 0.363        |
|    learning_rate        | 5e-05        |
|    loss                 | 0.257        |
|    n_updates            | 1208         |
|    policy_gradient_loss | -0.00393     |
|    value_loss           | 0.337        |
------------------------------------------
-----------------------------------------
| episode/                |             |
|    lines_cleared_mean   | 9.4         |
|    perfect_clears_mean  | 0           |
|    pieces_placed_mean   | 35          |
| rollout/                |             |
|    ep_len_mean          | 32.2        |
|    ep_rew_mean          | 45.2        |
| time/                   |             |
|    fps                  | 635         |
|    iterations           | 304         |
|    time_elapsed         | 3917        |
|    total_timesteps      | 2490368     |
| train/                  |             |
|    approx_kl            | 0.003449711 |
|    clip_fraction        | 0.0248      |
|    clip_range           | 0.2         |
|    entropy_loss         | -0.43       |
|    explained_variance   | 0.373       |
|    learning_rate        | 5e-05       |
|    loss                 | 0.253       |
|    n_updates            | 1212        |
|    policy_gradient_loss | -0.00426    |
|    value_loss           | 0.314       |
-----------------------------------------
------------------------------------------
| episode/                |              |
|    lines_cleared_mean   | 11.1         |
|    perfect_clears_mean  | 0            |
|    pieces_placed_mean   | 38.7         |
| rollout/                |              |
|    ep_len_mean          | 32           |
|    ep_rew_mean          | 44.7         |
| time/                   |              |
|    fps                  | 635          |
|    iterations           | 305          |
|    time_elapsed         | 3930         |
|    total_timesteps      | 2498560      |
| train/                  |              |
|    approx_kl            | 0.0028885785 |
|    clip_fraction        | 0.0185       |
|    clip_range           | 0.2          |
|    entropy_loss         | -0.422       |
|    explained_variance   | 0.371        |
|    learning_rate        | 5e-05        |
|    loss                 | 0.241        |
|    n_updates            | 1216         |
|    policy_gradient_loss | -0.00347     |
|    value_loss           | 0.304        |
------------------------------------------
------------------------------------------
| episode/                |              |
|    lines_cleared_mean   | 13.9         |
|    perfect_clears_mean  | 0            |
|    pieces_placed_mean   | 44.4         |
| rollout/                |              |
|    ep_len_mean          | 32.1         |
|    ep_rew_mean          | 45.3         |
| time/                   |              |
|    fps                  | 635          |
|    iterations           | 306          |
|    time_elapsed         | 3942         |
|    total_timesteps      | 2506752      |
| train/                  |              |
|    approx_kl            | 0.0026780027 |
|    clip_fraction        | 0.0178       |
|    clip_range           | 0.2          |
|    entropy_loss         | -0.415       |
|    explained_variance   | 0.37         |
|    learning_rate        | 5e-05        |
|    loss                 | 0.252        |
|    n_updates            | 1220         |
|    policy_gradient_loss | -0.00352     |
|    value_loss           | 0.316        |
------------------------------------------
------------------------------------------
| episode/                |              |
|    lines_cleared_mean   | 10.6         |
|    perfect_clears_mean  | 0            |
|    pieces_placed_mean   | 37.7         |
| rollout/                |              |
|    ep_len_mean          | 34.6         |
|    ep_rew_mean          | 50.8         |
| time/                   |              |
|    fps                  | 635          |
|    iterations           | 307          |
|    time_elapsed         | 3955         |
|    total_timesteps      | 2514944      |
| train/                  |              |
|    approx_kl            | 0.0028455148 |
|    clip_fraction        | 0.0174       |
|    clip_range           | 0.2          |
|    entropy_loss         | -0.418       |
|    explained_variance   | 0.341        |
|    learning_rate        | 5e-05        |
|    loss                 | 0.265        |
|    n_updates            | 1224         |
|    policy_gradient_loss | -0.00365     |
|    value_loss           | 0.325        |
------------------------------------------
------------------------------------------
| episode/                |              |
|    lines_cleared_mean   | 9.5          |
|    perfect_clears_mean  | 0            |
|    pieces_placed_mean   | 34.5         |
| rollout/                |              |
|    ep_len_mean          | 30.9         |
|    ep_rew_mean          | 42.6         |
| time/                   |              |
|    fps                  | 635          |
|    iterations           | 308          |
|    time_elapsed         | 3968         |
|    total_timesteps      | 2523136      |
| train/                  |              |
|    approx_kl            | 0.0023747478 |
|    clip_fraction        | 0.0128       |
|    clip_range           | 0.2          |
|    entropy_loss         | -0.422       |
|    explained_variance   | 0.338        |
|    learning_rate        | 5e-05        |
|    loss                 | 0.287        |
|    n_updates            | 1228         |
|    policy_gradient_loss | -0.00286     |
|    value_loss           | 0.329        |
------------------------------------------
------------------------------------------
| episode/                |              |
|    lines_cleared_mean   | 7.7          |
|    perfect_clears_mean  | 0            |
|    pieces_placed_mean   | 30.4         |
| rollout/                |              |
|    ep_len_mean          | 32.1         |
|    ep_rew_mean          | 45.8         |
| time/                   |              |
|    fps                  | 635          |
|    iterations           | 309          |
|    time_elapsed         | 3980         |
|    total_timesteps      | 2531328      |
| train/                  |              |
|    approx_kl            | 0.0028428119 |
|    clip_fraction        | 0.0182       |
|    clip_range           | 0.2          |
|    entropy_loss         | -0.431       |
|    explained_variance   | 0.415        |
|    learning_rate        | 5e-05        |
|    loss                 | 0.243        |
|    n_updates            | 1232         |
|    policy_gradient_loss | -0.00282     |
|    value_loss           | 0.28         |
------------------------------------------
------------------------------------------
| episode/                |              |
|    lines_cleared_mean   | 5.3          |
|    perfect_clears_mean  | 0            |
|    pieces_placed_mean   | 26.3         |
| rollout/                |              |
|    ep_len_mean          | 30.1         |
|    ep_rew_mean          | 40           |
| time/                   |              |
|    fps                  | 635          |
|    iterations           | 310          |
|    time_elapsed         | 3993         |
|    total_timesteps      | 2539520      |
| train/                  |              |
|    approx_kl            | 0.0026213508 |
|    clip_fraction        | 0.0161       |
|    clip_range           | 0.2          |
|    entropy_loss         | -0.425       |
|    explained_variance   | 0.381        |
|    learning_rate        | 5e-05        |
|    loss                 | 0.229        |
|    n_updates            | 1236         |
|    policy_gradient_loss | -0.00278     |
|    value_loss           | 0.288        |
------------------------------------------
------------------------------------------
| episode/                |              |
|    lines_cleared_mean   | 6            |
|    perfect_clears_mean  | 0            |
|    pieces_placed_mean   | 27.1         |
| rollout/                |              |
|    ep_len_mean          | 29.6         |
|    ep_rew_mean          | 40           |
| time/                   |              |
|    fps                  | 635          |
|    iterations           | 311          |
|    time_elapsed         | 4006         |
|    total_timesteps      | 2547712      |
| train/                  |              |
|    approx_kl            | 0.0029034952 |
|    clip_fraction        | 0.0191       |
|    clip_range           | 0.2          |
|    entropy_loss         | -0.423       |
|    explained_variance   | 0.371        |
|    learning_rate        | 5e-05        |
|    loss                 | 0.259        |
|    n_updates            | 1240         |
|    policy_gradient_loss | -0.00353     |
|    value_loss           | 0.31         |
------------------------------------------
------------------------------------------
| episode/                |              |
|    lines_cleared_mean   | 6.9          |
|    perfect_clears_mean  | 0            |
|    pieces_placed_mean   | 29.5         |
| rollout/                |              |
|    ep_len_mean          | 31.9         |
|    ep_rew_mean          | 44.1         |
| time/                   |              |
|    fps                  | 635          |
|    iterations           | 312          |
|    time_elapsed         | 4018         |
|    total_timesteps      | 2555904      |
| train/                  |              |
|    approx_kl            | 0.0028659704 |
|    clip_fraction        | 0.0195       |
|    clip_range           | 0.2          |
|    entropy_loss         | -0.42        |
|    explained_variance   | 0.329        |
|    learning_rate        | 5e-05        |
|    loss                 | 0.262        |
|    n_updates            | 1244         |
|    policy_gradient_loss | -0.00389     |
|    value_loss           | 0.343        |
------------------------------------------
------------------------------------------
| episode/                |              |
|    lines_cleared_mean   | 10.4         |
|    perfect_clears_mean  | 0            |
|    pieces_placed_mean   | 37           |
| rollout/                |              |
|    ep_len_mean          | 31.6         |
|    ep_rew_mean          | 44           |
| time/                   |              |
|    fps                  | 636          |
|    iterations           | 313          |
|    time_elapsed         | 4031         |
|    total_timesteps      | 2564096      |
| train/                  |              |
|    approx_kl            | 0.0030465126 |
|    clip_fraction        | 0.0199       |
|    clip_range           | 0.2          |
|    entropy_loss         | -0.42        |
|    explained_variance   | 0.374        |
|    learning_rate        | 5e-05        |
|    loss                 | 0.296        |
|    n_updates            | 1248         |
|    policy_gradient_loss | -0.00405     |
|    value_loss           | 0.32         |
------------------------------------------
------------------------------------------
| episode/                |              |
|    lines_cleared_mean   | 9            |
|    perfect_clears_mean  | 0            |
|    pieces_placed_mean   | 34.6         |
| rollout/                |              |
|    ep_len_mean          | 32.3         |
|    ep_rew_mean          | 46           |
| time/                   |              |
|    fps                  | 636          |
|    iterations           | 314          |
|    time_elapsed         | 4044         |
|    total_timesteps      | 2572288      |
| train/                  |              |
|    approx_kl            | 0.0021920493 |
|    clip_fraction        | 0.0132       |
|    clip_range           | 0.2          |
|    entropy_loss         | -0.419       |
|    explained_variance   | 0.365        |
|    learning_rate        | 5e-05        |
|    loss                 | 0.293        |
|    n_updates            | 1252         |
|    policy_gradient_loss | -0.00348     |
|    value_loss           | 0.323        |
------------------------------------------
------------------------------------------
| episode/                |              |
|    lines_cleared_mean   | 5.45         |
|    perfect_clears_mean  | 0            |
|    pieces_placed_mean   | 26.3         |
| rollout/                |              |
|    ep_len_mean          | 32.7         |
|    ep_rew_mean          | 45.8         |
| time/                   |              |
|    fps                  | 636          |
|    iterations           | 315          |
|    time_elapsed         | 4056         |
|    total_timesteps      | 2580480      |
| train/                  |              |
|    approx_kl            | 0.0030941095 |
|    clip_fraction        | 0.0204       |
|    clip_range           | 0.2          |
|    entropy_loss         | -0.419       |
|    explained_variance   | 0.306        |
|    learning_rate        | 5e-05        |
|    loss                 | 0.241        |
|    n_updates            | 1256         |
|    policy_gradient_loss | -0.00436     |
|    value_loss           | 0.323        |
------------------------------------------
------------------------------------------
| episode/                |              |
|    lines_cleared_mean   | 11.6         |
|    perfect_clears_mean  | 0            |
|    pieces_placed_mean   | 40.1         |
| rollout/                |              |
|    ep_len_mean          | 32.7         |
|    ep_rew_mean          | 46.4         |
| time/                   |              |
|    fps                  | 636          |
|    iterations           | 316          |
|    time_elapsed         | 4069         |
|    total_timesteps      | 2588672      |
| train/                  |              |
|    approx_kl            | 0.0027773574 |
|    clip_fraction        | 0.0161       |
|    clip_range           | 0.2          |
|    entropy_loss         | -0.418       |
|    explained_variance   | 0.413        |
|    learning_rate        | 5e-05        |
|    loss                 | 0.233        |
|    n_updates            | 1260         |
|    policy_gradient_loss | -0.00341     |
|    value_loss           | 0.279        |
------------------------------------------
------------------------------------------
| episode/                |              |
|    lines_cleared_mean   | 9.7          |
|    perfect_clears_mean  | 0            |
|    pieces_placed_mean   | 35.6         |
| rollout/                |              |
|    ep_len_mean          | 33.3         |
|    ep_rew_mean          | 48.3         |
| time/                   |              |
|    fps                  | 636          |
|    iterations           | 317          |
|    time_elapsed         | 4082         |
|    total_timesteps      | 2596864      |
| train/                  |              |
|    approx_kl            | 0.0030824463 |
|    clip_fraction        | 0.0221       |
|    clip_range           | 0.2          |
|    entropy_loss         | -0.406       |
|    explained_variance   | 0.39         |
|    learning_rate        | 5e-05        |
|    loss                 | 0.274        |
|    n_updates            | 1264         |
|    policy_gradient_loss | -0.00357     |
|    value_loss           | 0.292        |
------------------------------------------
------------------------------------------
| episode/                |              |
|    lines_cleared_mean   | 8.38         |
|    perfect_clears_mean  | 0            |
|    pieces_placed_mean   | 32.2         |
| rollout/                |              |
|    ep_len_mean          | 34.9         |
|    ep_rew_mean          | 51.8         |
| time/                   |              |
|    fps                  | 636          |
|    iterations           | 318          |
|    time_elapsed         | 4094         |
|    total_timesteps      | 2605056      |
| train/                  |              |
|    approx_kl            | 0.0024057906 |
|    clip_fraction        | 0.0123       |
|    clip_range           | 0.2          |
|    entropy_loss         | -0.4         |
|    explained_variance   | 0.408        |
|    learning_rate        | 5e-05        |
|    loss                 | 0.263        |
|    n_updates            | 1268         |
|    policy_gradient_loss | -0.00274     |
|    value_loss           | 0.287        |
------------------------------------------
------------------------------------------
| episode/                |              |
|    lines_cleared_mean   | 9            |
|    perfect_clears_mean  | 0            |
|    pieces_placed_mean   | 33.3         |
| rollout/                |              |
|    ep_len_mean          | 32.4         |
|    ep_rew_mean          | 45.8         |
| time/                   |              |
|    fps                  | 636          |
|    iterations           | 319          |
|    time_elapsed         | 4107         |
|    total_timesteps      | 2613248      |
| train/                  |              |
|    approx_kl            | 0.0028561056 |
|    clip_fraction        | 0.0192       |
|    clip_range           | 0.2          |
|    entropy_loss         | -0.407       |
|    explained_variance   | 0.365        |
|    learning_rate        | 5e-05        |
|    loss                 | 0.288        |
|    n_updates            | 1272         |
|    policy_gradient_loss | -0.00327     |
|    value_loss           | 0.315        |
------------------------------------------
------------------------------------------
| episode/                |              |
|    lines_cleared_mean   | 7.36         |
|    perfect_clears_mean  | 0            |
|    pieces_placed_mean   | 29.3         |
| rollout/                |              |
|    ep_len_mean          | 32           |
|    ep_rew_mean          | 45.4         |
| time/                   |              |
|    fps                  | 636          |
|    iterations           | 320          |
|    time_elapsed         | 4120         |
|    total_timesteps      | 2621440      |
| train/                  |              |
|    approx_kl            | 0.0027028506 |
|    clip_fraction        | 0.0177       |
|    clip_range           | 0.2          |
|    entropy_loss         | -0.411       |
|    explained_variance   | 0.39         |
|    learning_rate        | 5e-05        |
|    loss                 | 0.247        |
|    n_updates            | 1276         |
|    policy_gradient_loss | -0.00353     |
|    value_loss           | 0.305        |
------------------------------------------
------------------------------------------
| episode/                |              |
|    lines_cleared_mean   | 6.9          |
|    perfect_clears_mean  | 0            |
|    pieces_placed_mean   | 28.2         |
| rollout/                |              |
|    ep_len_mean          | 31.3         |
|    ep_rew_mean          | 43.5         |
| time/                   |              |
|    fps                  | 636          |
|    iterations           | 321          |
|    time_elapsed         | 4132         |
|    total_timesteps      | 2629632      |
| train/                  |              |
|    approx_kl            | 0.0034575183 |
|    clip_fraction        | 0.0293       |
|    clip_range           | 0.2          |
|    entropy_loss         | -0.415       |
|    explained_variance   | 0.371        |
|    learning_rate        | 5e-05        |
|    loss                 | 0.289        |
|    n_updates            | 1280         |
|    policy_gradient_loss | -0.00489     |
|    value_loss           | 0.319        |
------------------------------------------
------------------------------------------
| episode/                |              |
|    lines_cleared_mean   | 7.4          |
|    perfect_clears_mean  | 0            |
|    pieces_placed_mean   | 29.6         |
| rollout/                |              |
|    ep_len_mean          | 30.2         |
|    ep_rew_mean          | 40.9         |
| time/                   |              |
|    fps                  | 636          |
|    iterations           | 322          |
|    time_elapsed         | 4145         |
|    total_timesteps      | 2637824      |
| train/                  |              |
|    approx_kl            | 0.0028706717 |
|    clip_fraction        | 0.0161       |
|    clip_range           | 0.2          |
|    entropy_loss         | -0.412       |
|    explained_variance   | 0.392        |
|    learning_rate        | 5e-05        |
|    loss                 | 0.25         |
|    n_updates            | 1284         |
|    policy_gradient_loss | -0.00302     |
|    value_loss           | 0.298        |
------------------------------------------
-----------------------------------------
| episode/                |             |
|    lines_cleared_mean   | 5.7         |
|    perfect_clears_mean  | 0           |
|    pieces_placed_mean   | 25.8        |
| rollout/                |             |
|    ep_len_mean          | 32.4        |
|    ep_rew_mean          | 45.6        |
| time/                   |             |
|    fps                  | 636         |
|    iterations           | 323         |
|    time_elapsed         | 4158        |
|    total_timesteps      | 2646016     |
| train/                  |             |
|    approx_kl            | 0.003281207 |
|    clip_fraction        | 0.0245      |
|    clip_range           | 0.2         |
|    entropy_loss         | -0.431      |
|    explained_variance   | 0.39        |
|    learning_rate        | 5e-05       |
|    loss                 | 0.229       |
|    n_updates            | 1288        |
|    policy_gradient_loss | -0.0044     |
|    value_loss           | 0.287       |
-----------------------------------------
------------------------------------------
| episode/                |              |
|    lines_cleared_mean   | 6.4          |
|    perfect_clears_mean  | 0            |
|    pieces_placed_mean   | 27           |
| rollout/                |              |
|    ep_len_mean          | 31.7         |
|    ep_rew_mean          | 44.1         |
| time/                   |              |
|    fps                  | 636          |
|    iterations           | 324          |
|    time_elapsed         | 4170         |
|    total_timesteps      | 2654208      |
| train/                  |              |
|    approx_kl            | 0.0030374015 |
|    clip_fraction        | 0.0239       |
|    clip_range           | 0.2          |
|    entropy_loss         | -0.42        |
|    explained_variance   | 0.393        |
|    learning_rate        | 5e-05        |
|    loss                 | 0.281        |
|    n_updates            | 1292         |
|    policy_gradient_loss | -0.00439     |
|    value_loss           | 0.31         |
------------------------------------------
------------------------------------------
| episode/                |              |
|    lines_cleared_mean   | 8.27         |
|    perfect_clears_mean  | 0            |
|    pieces_placed_mean   | 32.5         |
| rollout/                |              |
|    ep_len_mean          | 32.9         |
|    ep_rew_mean          | 46.5         |
| time/                   |              |
|    fps                  | 636          |
|    iterations           | 325          |
|    time_elapsed         | 4183         |
|    total_timesteps      | 2662400      |
| train/                  |              |
|    approx_kl            | 0.0033245333 |
|    clip_fraction        | 0.0222       |
|    clip_range           | 0.2          |
|    entropy_loss         | -0.426       |
|    explained_variance   | 0.399        |
|    learning_rate        | 5e-05        |
|    loss                 | 0.276        |
|    n_updates            | 1296         |
|    policy_gradient_loss | -0.00442     |
|    value_loss           | 0.312        |
------------------------------------------
------------------------------------------
| episode/                |              |
|    lines_cleared_mean   | 10.1         |
|    perfect_clears_mean  | 0            |
|    pieces_placed_mean   | 36.5         |
| rollout/                |              |
|    ep_len_mean          | 32.6         |
|    ep_rew_mean          | 46.3         |
| time/                   |              |
|    fps                  | 636          |
|    iterations           | 326          |
|    time_elapsed         | 4196         |
|    total_timesteps      | 2670592      |
| train/                  |              |
|    approx_kl            | 0.0025242236 |
|    clip_fraction        | 0.0158       |
|    clip_range           | 0.2          |
|    entropy_loss         | -0.428       |
|    explained_variance   | 0.372        |
|    learning_rate        | 5e-05        |
|    loss                 | 0.296        |
|    n_updates            | 1300         |
|    policy_gradient_loss | -0.00404     |
|    value_loss           | 0.311        |
------------------------------------------
-----------------------------------------
| episode/                |             |
|    lines_cleared_mean   | 8.36        |
|    perfect_clears_mean  | 0           |
|    pieces_placed_mean   | 32.6        |
| rollout/                |             |
|    ep_len_mean          | 33.2        |
|    ep_rew_mean          | 47.3        |
| time/                   |             |
|    fps                  | 636         |
|    iterations           | 327         |
|    time_elapsed         | 4208        |
|    total_timesteps      | 2678784     |
| train/                  |             |
|    approx_kl            | 0.002374426 |
|    clip_fraction        | 0.013       |
|    clip_range           | 0.2         |
|    entropy_loss         | -0.412      |
|    explained_variance   | 0.407       |
|    learning_rate        | 5e-05       |
|    loss                 | 0.208       |
|    n_updates            | 1304        |
|    policy_gradient_loss | -0.00308    |
|    value_loss           | 0.28        |
-----------------------------------------
------------------------------------------
| episode/                |              |
|    lines_cleared_mean   | 10.7         |
|    perfect_clears_mean  | 0            |
|    pieces_placed_mean   | 37.1         |
| rollout/                |              |
|    ep_len_mean          | 33.7         |
|    ep_rew_mean          | 48.6         |
| time/                   |              |
|    fps                  | 636          |
|    iterations           | 328          |
|    time_elapsed         | 4221         |
|    total_timesteps      | 2686976      |
| train/                  |              |
|    approx_kl            | 0.0028992924 |
|    clip_fraction        | 0.0193       |
|    clip_range           | 0.2          |
|    entropy_loss         | -0.414       |
|    explained_variance   | 0.423        |
|    learning_rate        | 5e-05        |
|    loss                 | 0.245        |
|    n_updates            | 1308         |
|    policy_gradient_loss | -0.00406     |
|    value_loss           | 0.281        |
------------------------------------------
------------------------------------------
| episode/                |              |
|    lines_cleared_mean   | 8.18         |
|    perfect_clears_mean  | 0            |
|    pieces_placed_mean   | 31.6         |
| rollout/                |              |
|    ep_len_mean          | 33.7         |
|    ep_rew_mean          | 48.9         |
| time/                   |              |
|    fps                  | 636          |
|    iterations           | 329          |
|    time_elapsed         | 4234         |
|    total_timesteps      | 2695168      |
| train/                  |              |
|    approx_kl            | 0.0023788405 |
|    clip_fraction        | 0.0125       |
|    clip_range           | 0.2          |
|    entropy_loss         | -0.419       |
|    explained_variance   | 0.387        |
|    learning_rate        | 5e-05        |
|    loss                 | 0.299        |
|    n_updates            | 1312         |
|    policy_gradient_loss | -0.00276     |
|    value_loss           | 0.307        |
------------------------------------------
-----------------------------------------
| episode/                |             |
|    lines_cleared_mean   | 11.1        |
|    perfect_clears_mean  | 0           |
|    pieces_placed_mean   | 38.3        |
| rollout/                |             |
|    ep_len_mean          | 32.9        |
|    ep_rew_mean          | 47.3        |
| time/                   |             |
|    fps                  | 636         |
|    iterations           | 330         |
|    time_elapsed         | 4246        |
|    total_timesteps      | 2703360     |
| train/                  |             |
|    approx_kl            | 0.003140526 |
|    clip_fraction        | 0.0217      |
|    clip_range           | 0.2         |
|    entropy_loss         | -0.419      |
|    explained_variance   | 0.384       |
|    learning_rate        | 5e-05       |
|    loss                 | 0.259       |
|    n_updates            | 1316        |
|    policy_gradient_loss | -0.00361    |
|    value_loss           | 0.277       |
-----------------------------------------
-----------------------------------------
| episode/                |             |
|    lines_cleared_mean   | 9.82        |
|    perfect_clears_mean  | 0           |
|    pieces_placed_mean   | 35.8        |
| rollout/                |             |
|    ep_len_mean          | 33.7        |
|    ep_rew_mean          | 48.8        |
| time/                   |             |
|    fps                  | 636         |
|    iterations           | 331         |
|    time_elapsed         | 4259        |
|    total_timesteps      | 2711552     |
| train/                  |             |
|    approx_kl            | 0.002666902 |
|    clip_fraction        | 0.016       |
|    clip_range           | 0.2         |
|    entropy_loss         | -0.419      |
|    explained_variance   | 0.369       |
|    learning_rate        | 5e-05       |
|    loss                 | 0.27        |
|    n_updates            | 1320        |
|    policy_gradient_loss | -0.00335    |
|    value_loss           | 0.312       |
-----------------------------------------
------------------------------------------
| episode/                |              |
|    lines_cleared_mean   | 10.1         |
|    perfect_clears_mean  | 0            |
|    pieces_placed_mean   | 35.9         |
| rollout/                |              |
|    ep_len_mean          | 32.7         |
|    ep_rew_mean          | 46.5         |
| time/                   |              |
|    fps                  | 636          |
|    iterations           | 332          |
|    time_elapsed         | 4272         |
|    total_timesteps      | 2719744      |
| train/                  |              |
|    approx_kl            | 0.0026049465 |
|    clip_fraction        | 0.017        |
|    clip_range           | 0.2          |
|    entropy_loss         | -0.408       |
|    explained_variance   | 0.424        |
|    learning_rate        | 5e-05        |
|    loss                 | 0.216        |
|    n_updates            | 1324         |
|    policy_gradient_loss | -0.00338     |
|    value_loss           | 0.286        |
------------------------------------------
------------------------------------------
| episode/                |              |
|    lines_cleared_mean   | 11.8         |
|    perfect_clears_mean  | 0            |
|    pieces_placed_mean   | 39.6         |
| rollout/                |              |
|    ep_len_mean          | 33.2         |
|    ep_rew_mean          | 48.1         |
| time/                   |              |
|    fps                  | 636          |
|    iterations           | 333          |
|    time_elapsed         | 4284         |
|    total_timesteps      | 2727936      |
| train/                  |              |
|    approx_kl            | 0.0026196362 |
|    clip_fraction        | 0.0142       |
|    clip_range           | 0.2          |
|    entropy_loss         | -0.416       |
|    explained_variance   | 0.355        |
|    learning_rate        | 5e-05        |
|    loss                 | 0.302        |
|    n_updates            | 1328         |
|    policy_gradient_loss | -0.00338     |
|    value_loss           | 0.345        |
------------------------------------------
------------------------------------------
| episode/                |              |
|    lines_cleared_mean   | 8.9          |
|    perfect_clears_mean  | 0            |
|    pieces_placed_mean   | 33.9         |
| rollout/                |              |
|    ep_len_mean          | 30.8         |
|    ep_rew_mean          | 42.3         |
| time/                   |              |
|    fps                  | 636          |
|    iterations           | 334          |
|    time_elapsed         | 4297         |
|    total_timesteps      | 2736128      |
| train/                  |              |
|    approx_kl            | 0.0023251814 |
|    clip_fraction        | 0.0134       |
|    clip_range           | 0.2          |
|    entropy_loss         | -0.43        |
|    explained_variance   | 0.35         |
|    learning_rate        | 5e-05        |
|    loss                 | 0.336        |
|    n_updates            | 1332         |
|    policy_gradient_loss | -0.00312     |
|    value_loss           | 0.35         |
------------------------------------------
------------------------------------------
| episode/                |              |
|    lines_cleared_mean   | 9.1          |
|    perfect_clears_mean  | 0            |
|    pieces_placed_mean   | 33.6         |
| rollout/                |              |
|    ep_len_mean          | 32.6         |
|    ep_rew_mean          | 46.4         |
| time/                   |              |
|    fps                  | 636          |
|    iterations           | 335          |
|    time_elapsed         | 4310         |
|    total_timesteps      | 2744320      |
| train/                  |              |
|    approx_kl            | 0.0026852025 |
|    clip_fraction        | 0.0162       |
|    clip_range           | 0.2          |
|    entropy_loss         | -0.422       |
|    explained_variance   | 0.357        |
|    learning_rate        | 5e-05        |
|    loss                 | 0.212        |
|    n_updates            | 1336         |
|    policy_gradient_loss | -0.0031      |
|    value_loss           | 0.268        |
------------------------------------------
-----------------------------------------
| episode/                |             |
|    lines_cleared_mean   | 6.7         |
|    perfect_clears_mean  | 0           |
|    pieces_placed_mean   | 28.7        |
| rollout/                |             |
|    ep_len_mean          | 31.4        |
|    ep_rew_mean          | 44          |
| time/                   |             |
|    fps                  | 636         |
|    iterations           | 336         |
|    time_elapsed         | 4323        |
|    total_timesteps      | 2752512     |
| train/                  |             |
|    approx_kl            | 0.002739835 |
|    clip_fraction        | 0.0191      |
|    clip_range           | 0.2         |
|    entropy_loss         | -0.414      |
|    explained_variance   | 0.336       |
|    learning_rate        | 5e-05       |
|    loss                 | 0.264       |
|    n_updates            | 1340        |
|    policy_gradient_loss | -0.00316    |
|    value_loss           | 0.318       |
-----------------------------------------
------------------------------------------
| episode/                |              |
|    lines_cleared_mean   | 5.5          |
|    perfect_clears_mean  | 0            |
|    pieces_placed_mean   | 25.1         |
| rollout/                |              |
|    ep_len_mean          | 30.3         |
|    ep_rew_mean          | 41.6         |
| time/                   |              |
|    fps                  | 636          |
|    iterations           | 337          |
|    time_elapsed         | 4335         |
|    total_timesteps      | 2760704      |
| train/                  |              |
|    approx_kl            | 0.0025347504 |
|    clip_fraction        | 0.0163       |
|    clip_range           | 0.2          |
|    entropy_loss         | -0.41        |
|    explained_variance   | 0.415        |
|    learning_rate        | 5e-05        |
|    loss                 | 0.215        |
|    n_updates            | 1344         |
|    policy_gradient_loss | -0.00323     |
|    value_loss           | 0.296        |
------------------------------------------
------------------------------------------
| episode/                |              |
|    lines_cleared_mean   | 8.08         |
|    perfect_clears_mean  | 0            |
|    pieces_placed_mean   | 31.8         |
| rollout/                |              |
|    ep_len_mean          | 31.2         |
|    ep_rew_mean          | 42.9         |
| time/                   |              |
|    fps                  | 636          |
|    iterations           | 338          |
|    time_elapsed         | 4348         |
|    total_timesteps      | 2768896      |
| train/                  |              |
|    approx_kl            | 0.0027105417 |
|    clip_fraction        | 0.0153       |
|    clip_range           | 0.2          |
|    entropy_loss         | -0.415       |
|    explained_variance   | 0.384        |
|    learning_rate        | 5e-05        |
|    loss                 | 0.241        |
|    n_updates            | 1348         |
|    policy_gradient_loss | -0.00316     |
|    value_loss           | 0.295        |
------------------------------------------
------------------------------------------
| episode/                |              |
|    lines_cleared_mean   | 7.45         |
|    perfect_clears_mean  | 0            |
|    pieces_placed_mean   | 29.8         |
| rollout/                |              |
|    ep_len_mean          | 29.4         |
|    ep_rew_mean          | 39.3         |
| time/                   |              |
|    fps                  | 636          |
|    iterations           | 339          |
|    time_elapsed         | 4361         |
|    total_timesteps      | 2777088      |
| train/                  |              |
|    approx_kl            | 0.0024491241 |
|    clip_fraction        | 0.0131       |
|    clip_range           | 0.2          |
|    entropy_loss         | -0.418       |
|    explained_variance   | 0.424        |
|    learning_rate        | 5e-05        |
|    loss                 | 0.271        |
|    n_updates            | 1352         |
|    policy_gradient_loss | -0.0024      |
|    value_loss           | 0.298        |
------------------------------------------
-----------------------------------------
| episode/                |             |
|    lines_cleared_mean   | 8.09        |
|    perfect_clears_mean  | 0           |
|    pieces_placed_mean   | 31.4        |
| rollout/                |             |
|    ep_len_mean          | 31          |
|    ep_rew_mean          | 43          |
| time/                   |             |
|    fps                  | 636         |
|    iterations           | 340         |
|    time_elapsed         | 4373        |
|    total_timesteps      | 2785280     |
| train/                  |             |
|    approx_kl            | 0.002913288 |
|    clip_fraction        | 0.0234      |
|    clip_range           | 0.2         |
|    entropy_loss         | -0.413      |
|    explained_variance   | 0.398       |
|    learning_rate        | 5e-05       |
|    loss                 | 0.273       |
|    n_updates            | 1356        |
|    policy_gradient_loss | -0.00437    |
|    value_loss           | 0.3         |
-----------------------------------------
------------------------------------------
| episode/                |              |
|    lines_cleared_mean   | 7            |
|    perfect_clears_mean  | 0            |
|    pieces_placed_mean   | 28.1         |
| rollout/                |              |
|    ep_len_mean          | 31.3         |
|    ep_rew_mean          | 44.1         |
| time/                   |              |
|    fps                  | 636          |
|    iterations           | 341          |
|    time_elapsed         | 4386         |
|    total_timesteps      | 2793472      |
| train/                  |              |
|    approx_kl            | 0.0021612584 |
|    clip_fraction        | 0.0134       |
|    clip_range           | 0.2          |
|    entropy_loss         | -0.422       |
|    explained_variance   | 0.359        |
|    learning_rate        | 5e-05        |
|    loss                 | 0.247        |
|    n_updates            | 1360         |
|    policy_gradient_loss | -0.0031      |
|    value_loss           | 0.304        |
------------------------------------------
------------------------------------------
| episode/                |              |
|    lines_cleared_mean   | 9.4          |
|    perfect_clears_mean  | 0            |
|    pieces_placed_mean   | 35.3         |
| rollout/                |              |
|    ep_len_mean          | 31.3         |
|    ep_rew_mean          | 43.3         |
| time/                   |              |
|    fps                  | 636          |
|    iterations           | 342          |
|    time_elapsed         | 4399         |
|    total_timesteps      | 2801664      |
| train/                  |              |
|    approx_kl            | 0.0023611847 |
|    clip_fraction        | 0.0146       |
|    clip_range           | 0.2          |
|    entropy_loss         | -0.41        |
|    explained_variance   | 0.364        |
|    learning_rate        | 5e-05        |
|    loss                 | 0.25         |
|    n_updates            | 1364         |
|    policy_gradient_loss | -0.00307     |
|    value_loss           | 0.323        |
------------------------------------------
------------------------------------------
| episode/                |              |
|    lines_cleared_mean   | 8.4          |
|    perfect_clears_mean  | 0            |
|    pieces_placed_mean   | 32.9         |
| rollout/                |              |
|    ep_len_mean          | 31.4         |
|    ep_rew_mean          | 43.5         |
| time/                   |              |
|    fps                  | 636          |
|    iterations           | 343          |
|    time_elapsed         | 4411         |
|    total_timesteps      | 2809856      |
| train/                  |              |
|    approx_kl            | 0.0025790595 |
|    clip_fraction        | 0.0194       |
|    clip_range           | 0.2          |
|    entropy_loss         | -0.418       |
|    explained_variance   | 0.394        |
|    learning_rate        | 5e-05        |
|    loss                 | 0.247        |
|    n_updates            | 1368         |
|    policy_gradient_loss | -0.00347     |
|    value_loss           | 0.311        |
------------------------------------------
------------------------------------------
| episode/                |              |
|    lines_cleared_mean   | 10.9         |
|    perfect_clears_mean  | 0            |
|    pieces_placed_mean   | 37.9         |
| rollout/                |              |
|    ep_len_mean          | 32.2         |
|    ep_rew_mean          | 45.5         |
| time/                   |              |
|    fps                  | 636          |
|    iterations           | 344          |
|    time_elapsed         | 4424         |
|    total_timesteps      | 2818048      |
| train/                  |              |
|    approx_kl            | 0.0033023793 |
|    clip_fraction        | 0.0225       |
|    clip_range           | 0.2          |
|    entropy_loss         | -0.416       |
|    explained_variance   | 0.403        |
|    learning_rate        | 5e-05        |
|    loss                 | 0.267        |
|    n_updates            | 1372         |
|    policy_gradient_loss | -0.00455     |
|    value_loss           | 0.3          |
------------------------------------------
------------------------------------------
| episode/                |              |
|    lines_cleared_mean   | 10.3         |
|    perfect_clears_mean  | 0            |
|    pieces_placed_mean   | 37.5         |
| rollout/                |              |
|    ep_len_mean          | 31.6         |
|    ep_rew_mean          | 43.5         |
| time/                   |              |
|    fps                  | 636          |
|    iterations           | 345          |
|    time_elapsed         | 4437         |
|    total_timesteps      | 2826240      |
| train/                  |              |
|    approx_kl            | 0.0029278267 |
|    clip_fraction        | 0.0207       |
|    clip_range           | 0.2          |
|    entropy_loss         | -0.409       |
|    explained_variance   | 0.378        |
|    learning_rate        | 5e-05        |
|    loss                 | 0.277        |
|    n_updates            | 1376         |
|    policy_gradient_loss | -0.0036      |
|    value_loss           | 0.312        |
------------------------------------------
------------------------------------------
| episode/                |              |
|    lines_cleared_mean   | 9.2          |
|    perfect_clears_mean  | 0            |
|    pieces_placed_mean   | 33.8         |
| rollout/                |              |
|    ep_len_mean          | 32.5         |
|    ep_rew_mean          | 46.2         |
| time/                   |              |
|    fps                  | 636          |
|    iterations           | 346          |
|    time_elapsed         | 4449         |
|    total_timesteps      | 2834432      |
| train/                  |              |
|    approx_kl            | 0.0027568077 |
|    clip_fraction        | 0.0153       |
|    clip_range           | 0.2          |
|    entropy_loss         | -0.419       |
|    explained_variance   | 0.379        |
|    learning_rate        | 5e-05        |
|    loss                 | 0.268        |
|    n_updates            | 1380         |
|    policy_gradient_loss | -0.00337     |
|    value_loss           | 0.331        |
------------------------------------------
-----------------------------------------
| episode/                |             |
|    lines_cleared_mean   | 8.92        |
|    perfect_clears_mean  | 0           |
|    pieces_placed_mean   | 33.7        |
| rollout/                |             |
|    ep_len_mean          | 31.4        |
|    ep_rew_mean          | 43.9        |
| time/                   |             |
|    fps                  | 636         |
|    iterations           | 347         |
|    time_elapsed         | 4462        |
|    total_timesteps      | 2842624     |
| train/                  |             |
|    approx_kl            | 0.002536333 |
|    clip_fraction        | 0.0161      |
|    clip_range           | 0.2         |
|    entropy_loss         | -0.42       |
|    explained_variance   | 0.39        |
|    learning_rate        | 5e-05       |
|    loss                 | 0.249       |
|    n_updates            | 1384        |
|    policy_gradient_loss | -0.00348    |
|    value_loss           | 0.329       |
-----------------------------------------
----------------------------------------
| episode/                |            |
|    lines_cleared_mean   | 8.2        |
|    perfect_clears_mean  | 0          |
|    pieces_placed_mean   | 32.1       |
| rollout/                |            |
|    ep_len_mean          | 32         |
|    ep_rew_mean          | 45.3       |
| time/                   |            |
|    fps                  | 637        |
|    iterations           | 348        |
|    time_elapsed         | 4475       |
|    total_timesteps      | 2850816    |
| train/                  |            |
|    approx_kl            | 0.00259643 |
|    clip_fraction        | 0.02       |
|    clip_range           | 0.2        |
|    entropy_loss         | -0.424     |
|    explained_variance   | 0.338      |
|    learning_rate        | 5e-05      |
|    loss                 | 0.261      |
|    n_updates            | 1388       |
|    policy_gradient_loss | -0.00357   |
|    value_loss           | 0.352      |
----------------------------------------
-----------------------------------------
| episode/                |             |
|    lines_cleared_mean   | 10          |
|    perfect_clears_mean  | 0           |
|    pieces_placed_mean   | 36          |
| rollout/                |             |
|    ep_len_mean          | 34.2        |
|    ep_rew_mean          | 49.9        |
| time/                   |             |
|    fps                  | 637         |
|    iterations           | 349         |
|    time_elapsed         | 4487        |
|    total_timesteps      | 2859008     |
| train/                  |             |
|    approx_kl            | 0.003048371 |
|    clip_fraction        | 0.0229      |
|    clip_range           | 0.2         |
|    entropy_loss         | -0.424      |
|    explained_variance   | 0.382       |
|    learning_rate        | 5e-05       |
|    loss                 | 0.277       |
|    n_updates            | 1392        |
|    policy_gradient_loss | -0.00389    |
|    value_loss           | 0.308       |
-----------------------------------------
------------------------------------------
| episode/                |              |
|    lines_cleared_mean   | 9.4          |
|    perfect_clears_mean  | 0            |
|    pieces_placed_mean   | 35.3         |
| rollout/                |              |
|    ep_len_mean          | 30.4         |
|    ep_rew_mean          | 41.5         |
| time/                   |              |
|    fps                  | 637          |
|    iterations           | 350          |
|    time_elapsed         | 4500         |
|    total_timesteps      | 2867200      |
| train/                  |              |
|    approx_kl            | 0.0025571424 |
|    clip_fraction        | 0.0159       |
|    clip_range           | 0.2          |
|    entropy_loss         | -0.419       |
|    explained_variance   | 0.311        |
|    learning_rate        | 5e-05        |
|    loss                 | 0.327        |
|    n_updates            | 1396         |
|    policy_gradient_loss | -0.00341     |
|    value_loss           | 0.364        |
------------------------------------------
-----------------------------------------
| episode/                |             |
|    lines_cleared_mean   | 8.3         |
|    perfect_clears_mean  | 0           |
|    pieces_placed_mean   | 31.6        |
| rollout/                |             |
|    ep_len_mean          | 29.6        |
|    ep_rew_mean          | 39.5        |
| time/                   |             |
|    fps                  | 637         |
|    iterations           | 351         |
|    time_elapsed         | 4513        |
|    total_timesteps      | 2875392     |
| train/                  |             |
|    approx_kl            | 0.002667041 |
|    clip_fraction        | 0.0219      |
|    clip_range           | 0.2         |
|    entropy_loss         | -0.419      |
|    explained_variance   | 0.34        |
|    learning_rate        | 5e-05       |
|    loss                 | 0.3         |
|    n_updates            | 1400        |
|    policy_gradient_loss | -0.00442    |
|    value_loss           | 0.341       |
-----------------------------------------
------------------------------------------
| episode/                |              |
|    lines_cleared_mean   | 5.8          |
|    perfect_clears_mean  | 0            |
|    pieces_placed_mean   | 26.2         |
| rollout/                |              |
|    ep_len_mean          | 29.4         |
|    ep_rew_mean          | 39.1         |
| time/                   |              |
|    fps                  | 637          |
|    iterations           | 352          |
|    time_elapsed         | 4525         |
|    total_timesteps      | 2883584      |
| train/                  |              |
|    approx_kl            | 0.0029109232 |
|    clip_fraction        | 0.02         |
|    clip_range           | 0.2          |
|    entropy_loss         | -0.429       |
|    explained_variance   | 0.352        |
|    learning_rate        | 5e-05        |
|    loss                 | 0.292        |
|    n_updates            | 1404         |
|    policy_gradient_loss | -0.00336     |
|    value_loss           | 0.312        |
------------------------------------------
------------------------------------------
| episode/                |              |
|    lines_cleared_mean   | 6.5          |
|    perfect_clears_mean  | 0            |
|    pieces_placed_mean   | 28.1         |
| rollout/                |              |
|    ep_len_mean          | 31           |
|    ep_rew_mean          | 42.9         |
| time/                   |              |
|    fps                  | 637          |
|    iterations           | 353          |
|    time_elapsed         | 4538         |
|    total_timesteps      | 2891776      |
| train/                  |              |
|    approx_kl            | 0.0027346094 |
|    clip_fraction        | 0.0181       |
|    clip_range           | 0.2          |
|    entropy_loss         | -0.429       |
|    explained_variance   | 0.388        |
|    learning_rate        | 5e-05        |
|    loss                 | 0.276        |
|    n_updates            | 1408         |
|    policy_gradient_loss | -0.00313     |
|    value_loss           | 0.327        |
------------------------------------------
------------------------------------------
| episode/                |              |
|    lines_cleared_mean   | 11.2         |
|    perfect_clears_mean  | 0            |
|    pieces_placed_mean   | 38.1         |
| rollout/                |              |
|    ep_len_mean          | 34           |
|    ep_rew_mean          | 49.4         |
| time/                   |              |
|    fps                  | 637          |
|    iterations           | 354          |
|    time_elapsed         | 4551         |
|    total_timesteps      | 2899968      |
| train/                  |              |
|    approx_kl            | 0.0026498097 |
|    clip_fraction        | 0.0159       |
|    clip_range           | 0.2          |
|    entropy_loss         | -0.419       |
|    explained_variance   | 0.41         |
|    learning_rate        | 5e-05        |
|    loss                 | 0.262        |
|    n_updates            | 1412         |
|    policy_gradient_loss | -0.0033      |
|    value_loss           | 0.317        |
------------------------------------------
------------------------------------------
| episode/                |              |
|    lines_cleared_mean   | 10.6         |
|    perfect_clears_mean  | 0            |
|    pieces_placed_mean   | 38.1         |
| rollout/                |              |
|    ep_len_mean          | 31.4         |
|    ep_rew_mean          | 43.3         |
| time/                   |              |
|    fps                  | 637          |
|    iterations           | 355          |
|    time_elapsed         | 4564         |
|    total_timesteps      | 2908160      |
| train/                  |              |
|    approx_kl            | 0.0030553811 |
|    clip_fraction        | 0.0221       |
|    clip_range           | 0.2          |
|    entropy_loss         | -0.407       |
|    explained_variance   | 0.396        |
|    learning_rate        | 5e-05        |
|    loss                 | 0.303        |
|    n_updates            | 1416         |
|    policy_gradient_loss | -0.00388     |
|    value_loss           | 0.328        |
------------------------------------------
-----------------------------------------
| episode/                |             |
|    lines_cleared_mean   | 5.4         |
|    perfect_clears_mean  | 0           |
|    pieces_placed_mean   | 24.1        |
| rollout/                |             |
|    ep_len_mean          | 31.2        |
|    ep_rew_mean          | 43.6        |
| time/                   |             |
|    fps                  | 637         |
|    iterations           | 356         |
|    time_elapsed         | 4576        |
|    total_timesteps      | 2916352     |
| train/                  |             |
|    approx_kl            | 0.002963404 |
|    clip_fraction        | 0.0169      |
|    clip_range           | 0.2         |
|    entropy_loss         | -0.419      |
|    explained_variance   | 0.338       |
|    learning_rate        | 5e-05       |
|    loss                 | 0.285       |
|    n_updates            | 1420        |
|    policy_gradient_loss | -0.00373    |
|    value_loss           | 0.341       |
-----------------------------------------
------------------------------------------
| episode/                |              |
|    lines_cleared_mean   | 7.8          |
|    perfect_clears_mean  | 0            |
|    pieces_placed_mean   | 31.7         |
| rollout/                |              |
|    ep_len_mean          | 33.3         |
|    ep_rew_mean          | 47.2         |
| time/                   |              |
|    fps                  | 637          |
|    iterations           | 357          |
|    time_elapsed         | 4589         |
|    total_timesteps      | 2924544      |
| train/                  |              |
|    approx_kl            | 0.0028319163 |
|    clip_fraction        | 0.0215       |
|    clip_range           | 0.2          |
|    entropy_loss         | -0.417       |
|    explained_variance   | 0.392        |
|    learning_rate        | 5e-05        |
|    loss                 | 0.308        |
|    n_updates            | 1424         |
|    policy_gradient_loss | -0.00384     |
|    value_loss           | 0.323        |
------------------------------------------
------------------------------------------
| episode/                |              |
|    lines_cleared_mean   | 8.4          |
|    perfect_clears_mean  | 0            |
|    pieces_placed_mean   | 32.3         |
| rollout/                |              |
|    ep_len_mean          | 31.1         |
|    ep_rew_mean          | 43           |
| time/                   |              |
|    fps                  | 637          |
|    iterations           | 358          |
|    time_elapsed         | 4601         |
|    total_timesteps      | 2932736      |
| train/                  |              |
|    approx_kl            | 0.0028523286 |
|    clip_fraction        | 0.0211       |
|    clip_range           | 0.2          |
|    entropy_loss         | -0.413       |
|    explained_variance   | 0.4          |
|    learning_rate        | 5e-05        |
|    loss                 | 0.224        |
|    n_updates            | 1428         |
|    policy_gradient_loss | -0.00338     |
|    value_loss           | 0.291        |
------------------------------------------
-----------------------------------------
| episode/                |             |
|    lines_cleared_mean   | 9.7         |
|    perfect_clears_mean  | 0           |
|    pieces_placed_mean   | 35.1        |
| rollout/                |             |
|    ep_len_mean          | 30.7        |
|    ep_rew_mean          | 41.5        |
| time/                   |             |
|    fps                  | 637         |
|    iterations           | 359         |
|    time_elapsed         | 4614        |
|    total_timesteps      | 2940928     |
| train/                  |             |
|    approx_kl            | 0.003120474 |
|    clip_fraction        | 0.0258      |
|    clip_range           | 0.2         |
|    entropy_loss         | -0.417      |
|    explained_variance   | 0.4         |
|    learning_rate        | 5e-05       |
|    loss                 | 0.249       |
|    n_updates            | 1432        |
|    policy_gradient_loss | -0.0039     |
|    value_loss           | 0.285       |
-----------------------------------------
------------------------------------------
| episode/                |              |
|    lines_cleared_mean   | 7.4          |
|    perfect_clears_mean  | 0            |
|    pieces_placed_mean   | 29.7         |
| rollout/                |              |
|    ep_len_mean          | 32.9         |
|    ep_rew_mean          | 47.1         |
| time/                   |              |
|    fps                  | 637          |
|    iterations           | 360          |
|    time_elapsed         | 4627         |
|    total_timesteps      | 2949120      |
| train/                  |              |
|    approx_kl            | 0.0029968545 |
|    clip_fraction        | 0.023        |
|    clip_range           | 0.2          |
|    entropy_loss         | -0.416       |
|    explained_variance   | 0.415        |
|    learning_rate        | 5e-05        |
|    loss                 | 0.219        |
|    n_updates            | 1436         |
|    policy_gradient_loss | -0.00412     |
|    value_loss           | 0.272        |
------------------------------------------
------------------------------------------
| episode/                |              |
|    lines_cleared_mean   | 8.1          |
|    perfect_clears_mean  | 0            |
|    pieces_placed_mean   | 32           |
| rollout/                |              |
|    ep_len_mean          | 32.7         |
|    ep_rew_mean          | 46.7         |
| time/                   |              |
|    fps                  | 637          |
|    iterations           | 361          |
|    time_elapsed         | 4639         |
|    total_timesteps      | 2957312      |
| train/                  |              |
|    approx_kl            | 0.0025214353 |
|    clip_fraction        | 0.0122       |
|    clip_range           | 0.2          |
|    entropy_loss         | -0.408       |
|    explained_variance   | 0.378        |
|    learning_rate        | 5e-05        |
|    loss                 | 0.239        |
|    n_updates            | 1440         |
|    policy_gradient_loss | -0.00343     |
|    value_loss           | 0.291        |
------------------------------------------
------------------------------------------
| episode/                |              |
|    lines_cleared_mean   | 8.91         |
|    perfect_clears_mean  | 0            |
|    pieces_placed_mean   | 34           |
| rollout/                |              |
|    ep_len_mean          | 31.1         |
|    ep_rew_mean          | 42.7         |
| time/                   |              |
|    fps                  | 637          |
|    iterations           | 362          |
|    time_elapsed         | 4652         |
|    total_timesteps      | 2965504      |
| train/                  |              |
|    approx_kl            | 0.0034935283 |
|    clip_fraction        | 0.0255       |
|    clip_range           | 0.2          |
|    entropy_loss         | -0.422       |
|    explained_variance   | 0.35         |
|    learning_rate        | 5e-05        |
|    loss                 | 0.253        |
|    n_updates            | 1444         |
|    policy_gradient_loss | -0.00474     |
|    value_loss           | 0.314        |
------------------------------------------
------------------------------------------
| episode/                |              |
|    lines_cleared_mean   | 8.82         |
|    perfect_clears_mean  | 0            |
|    pieces_placed_mean   | 33.6         |
| rollout/                |              |
|    ep_len_mean          | 30.9         |
|    ep_rew_mean          | 42.2         |
| time/                   |              |
|    fps                  | 637          |
|    iterations           | 363          |
|    time_elapsed         | 4665         |
|    total_timesteps      | 2973696      |
| train/                  |              |
|    approx_kl            | 0.0028090999 |
|    clip_fraction        | 0.0172       |
|    clip_range           | 0.2          |
|    entropy_loss         | -0.415       |
|    explained_variance   | 0.394        |
|    learning_rate        | 5e-05        |
|    loss                 | 0.244        |
|    n_updates            | 1448         |
|    policy_gradient_loss | -0.00371     |
|    value_loss           | 0.313        |
------------------------------------------
------------------------------------------
| episode/                |              |
|    lines_cleared_mean   | 6.5          |
|    perfect_clears_mean  | 0            |
|    pieces_placed_mean   | 26.9         |
| rollout/                |              |
|    ep_len_mean          | 33           |
|    ep_rew_mean          | 47.2         |
| time/                   |              |
|    fps                  | 637          |
|    iterations           | 364          |
|    time_elapsed         | 4677         |
|    total_timesteps      | 2981888      |
| train/                  |              |
|    approx_kl            | 0.0028069043 |
|    clip_fraction        | 0.0164       |
|    clip_range           | 0.2          |
|    entropy_loss         | -0.411       |
|    explained_variance   | 0.38         |
|    learning_rate        | 5e-05        |
|    loss                 | 0.285        |
|    n_updates            | 1452         |
|    policy_gradient_loss | -0.00359     |
|    value_loss           | 0.337        |
------------------------------------------
-----------------------------------------
| episode/                |             |
|    lines_cleared_mean   | 7.5         |
|    perfect_clears_mean  | 0           |
|    pieces_placed_mean   | 28.9        |
| rollout/                |             |
|    ep_len_mean          | 32.8        |
|    ep_rew_mean          | 46.6        |
| time/                   |             |
|    fps                  | 637         |
|    iterations           | 365         |
|    time_elapsed         | 4690        |
|    total_timesteps      | 2990080     |
| train/                  |             |
|    approx_kl            | 0.002650821 |
|    clip_fraction        | 0.0162      |
|    clip_range           | 0.2         |
|    entropy_loss         | -0.415      |
|    explained_variance   | 0.376       |
|    learning_rate        | 5e-05       |
|    loss                 | 0.248       |
|    n_updates            | 1456        |
|    policy_gradient_loss | -0.00361    |
|    value_loss           | 0.348       |
-----------------------------------------
------------------------------------------
| episode/                |              |
|    lines_cleared_mean   | 9.9          |
|    perfect_clears_mean  | 0            |
|    pieces_placed_mean   | 36           |
| rollout/                |              |
|    ep_len_mean          | 32           |
|    ep_rew_mean          | 45           |
| time/                   |              |
|    fps                  | 637          |
|    iterations           | 366          |
|    time_elapsed         | 4703         |
|    total_timesteps      | 2998272      |
| train/                  |              |
|    approx_kl            | 0.0027603712 |
|    clip_fraction        | 0.0197       |
|    clip_range           | 0.2          |
|    entropy_loss         | -0.417       |
|    explained_variance   | 0.43         |
|    learning_rate        | 5e-05        |
|    loss                 | 0.21         |
|    n_updates            | 1460         |
|    policy_gradient_loss | -0.00358     |
|    value_loss           | 0.306        |
------------------------------------------
------------------------------------------
| episode/                |              |
|    lines_cleared_mean   | 9.4          |
|    perfect_clears_mean  | 0            |
|    pieces_placed_mean   | 35.3         |
| rollout/                |              |
|    ep_len_mean          | 31.8         |
|    ep_rew_mean          | 44.4         |
| time/                   |              |
|    fps                  | 637          |
|    iterations           | 367          |
|    time_elapsed         | 4716         |
|    total_timesteps      | 3006464      |
| train/                  |              |
|    approx_kl            | 0.0028609294 |
|    clip_fraction        | 0.017        |
|    clip_range           | 0.2          |
|    entropy_loss         | -0.416       |
|    explained_variance   | 0.428        |
|    learning_rate        | 5e-05        |
|    loss                 | 0.242        |
|    n_updates            | 1464         |
|    policy_gradient_loss | -0.00373     |
|    value_loss           | 0.305        |
------------------------------------------
------------------------------------------
| episode/                |              |
|    lines_cleared_mean   | 8.17         |
|    perfect_clears_mean  | 0            |
|    pieces_placed_mean   | 31.5         |
| rollout/                |              |
|    ep_len_mean          | 31.9         |
|    ep_rew_mean          | 44.7         |
| time/                   |              |
|    fps                  | 637          |
|    iterations           | 368          |
|    time_elapsed         | 4728         |
|    total_timesteps      | 3014656      |
| train/                  |              |
|    approx_kl            | 0.0026718562 |
|    clip_fraction        | 0.0184       |
|    clip_range           | 0.2          |
|    entropy_loss         | -0.406       |
|    explained_variance   | 0.409        |
|    learning_rate        | 5e-05        |
|    loss                 | 0.195        |
|    n_updates            | 1468         |
|    policy_gradient_loss | -0.00327     |
|    value_loss           | 0.295        |
------------------------------------------
------------------------------------------
| episode/                |              |
|    lines_cleared_mean   | 6.6          |
|    perfect_clears_mean  | 0            |
|    pieces_placed_mean   | 27.8         |
| rollout/                |              |
|    ep_len_mean          | 29.9         |
|    ep_rew_mean          | 40.4         |
| time/                   |              |
|    fps                  | 637          |
|    iterations           | 369          |
|    time_elapsed         | 4741         |
|    total_timesteps      | 3022848      |
| train/                  |              |
|    approx_kl            | 0.0034351402 |
|    clip_fraction        | 0.0268       |
|    clip_range           | 0.2          |
|    entropy_loss         | -0.409       |
|    explained_variance   | 0.375        |
|    learning_rate        | 5e-05        |
|    loss                 | 0.258        |
|    n_updates            | 1472         |
|    policy_gradient_loss | -0.00384     |
|    value_loss           | 0.294        |
------------------------------------------
------------------------------------------
| episode/                |              |
|    lines_cleared_mean   | 8.7          |
|    perfect_clears_mean  | 0            |
|    pieces_placed_mean   | 33.2         |
| rollout/                |              |
|    ep_len_mean          | 32.1         |
|    ep_rew_mean          | 44.9         |
| time/                   |              |
|    fps                  | 637          |
|    iterations           | 370          |
|    time_elapsed         | 4753         |
|    total_timesteps      | 3031040      |
| train/                  |              |
|    approx_kl            | 0.0032193065 |
|    clip_fraction        | 0.0246       |
|    clip_range           | 0.2          |
|    entropy_loss         | -0.4         |
|    explained_variance   | 0.374        |
|    learning_rate        | 5e-05        |
|    loss                 | 0.271        |
|    n_updates            | 1476         |
|    policy_gradient_loss | -0.00371     |
|    value_loss           | 0.314        |
------------------------------------------
------------------------------------------
| episode/                |              |
|    lines_cleared_mean   | 6.6          |
|    perfect_clears_mean  | 0            |
|    pieces_placed_mean   | 27.2         |
| rollout/                |              |
|    ep_len_mean          | 32.9         |
|    ep_rew_mean          | 47.4         |
| time/                   |              |
|    fps                  | 637          |
|    iterations           | 371          |
|    time_elapsed         | 4766         |
|    total_timesteps      | 3039232      |
| train/                  |              |
|    approx_kl            | 0.0026997183 |
|    clip_fraction        | 0.019        |
|    clip_range           | 0.2          |
|    entropy_loss         | -0.414       |
|    explained_variance   | 0.391        |
|    learning_rate        | 5e-05        |
|    loss                 | 0.25         |
|    n_updates            | 1480         |
|    policy_gradient_loss | -0.00357     |
|    value_loss           | 0.286        |
------------------------------------------
------------------------------------------
| episode/                |              |
|    lines_cleared_mean   | 9.7          |
|    perfect_clears_mean  | 0            |
|    pieces_placed_mean   | 36.2         |
| rollout/                |              |
|    ep_len_mean          | 31.8         |
|    ep_rew_mean          | 43.9         |
| time/                   |              |
|    fps                  | 637          |
|    iterations           | 372          |
|    time_elapsed         | 4779         |
|    total_timesteps      | 3047424      |
| train/                  |              |
|    approx_kl            | 0.0024529723 |
|    clip_fraction        | 0.0128       |
|    clip_range           | 0.2          |
|    entropy_loss         | -0.4         |
|    explained_variance   | 0.361        |
|    learning_rate        | 5e-05        |
|    loss                 | 0.249        |
|    n_updates            | 1484         |
|    policy_gradient_loss | -0.00273     |
|    value_loss           | 0.303        |
------------------------------------------
------------------------------------------
| episode/                |              |
|    lines_cleared_mean   | 7.09         |
|    perfect_clears_mean  | 0            |
|    pieces_placed_mean   | 29           |
| rollout/                |              |
|    ep_len_mean          | 34           |
|    ep_rew_mean          | 49.9         |
| time/                   |              |
|    fps                  | 637          |
|    iterations           | 373          |
|    time_elapsed         | 4792         |
|    total_timesteps      | 3055616      |
| train/                  |              |
|    approx_kl            | 0.0025518283 |
|    clip_fraction        | 0.015        |
|    clip_range           | 0.2          |
|    entropy_loss         | -0.42        |
|    explained_variance   | 0.394        |
|    learning_rate        | 5e-05        |
|    loss                 | 0.251        |
|    n_updates            | 1488         |
|    policy_gradient_loss | -0.00328     |
|    value_loss           | 0.295        |
------------------------------------------
------------------------------------------
| episode/                |              |
|    lines_cleared_mean   | 13.4         |
|    perfect_clears_mean  | 0            |
|    pieces_placed_mean   | 45.3         |
| rollout/                |              |
|    ep_len_mean          | 32           |
|    ep_rew_mean          | 44.3         |
| time/                   |              |
|    fps                  | 637          |
|    iterations           | 374          |
|    time_elapsed         | 4805         |
|    total_timesteps      | 3063808      |
| train/                  |              |
|    approx_kl            | 0.0026512712 |
|    clip_fraction        | 0.0212       |
|    clip_range           | 0.2          |
|    entropy_loss         | -0.407       |
|    explained_variance   | 0.352        |
|    learning_rate        | 5e-05        |
|    loss                 | 0.257        |
|    n_updates            | 1492         |
|    policy_gradient_loss | -0.00325     |
|    value_loss           | 0.34         |
------------------------------------------
-----------------------------------------
| episode/                |             |
|    lines_cleared_mean   | 9.1         |
|    perfect_clears_mean  | 0           |
|    pieces_placed_mean   | 35.6        |
| rollout/                |             |
|    ep_len_mean          | 33.7        |
|    ep_rew_mean          | 48.7        |
| time/                   |             |
|    fps                  | 637         |
|    iterations           | 375         |
|    time_elapsed         | 4818        |
|    total_timesteps      | 3072000     |
| train/                  |             |
|    approx_kl            | 0.003339461 |
|    clip_fraction        | 0.0232      |
|    clip_range           | 0.2         |
|    entropy_loss         | -0.413      |
|    explained_variance   | 0.394       |
|    learning_rate        | 5e-05       |
|    loss                 | 0.272       |
|    n_updates            | 1496        |
|    policy_gradient_loss | -0.00399    |
|    value_loss           | 0.326       |
-----------------------------------------
-----------------------------------------
| episode/                |             |
|    lines_cleared_mean   | 10.5        |
|    perfect_clears_mean  | 0           |
|    pieces_placed_mean   | 37.6        |
| rollout/                |             |
|    ep_len_mean          | 33.4        |
|    ep_rew_mean          | 48          |
| time/                   |             |
|    fps                  | 637         |
|    iterations           | 376         |
|    time_elapsed         | 4830        |
|    total_timesteps      | 3080192     |
| train/                  |             |
|    approx_kl            | 0.002800899 |
|    clip_fraction        | 0.0198      |
|    clip_range           | 0.2         |
|    entropy_loss         | -0.412      |
|    explained_variance   | 0.409       |
|    learning_rate        | 5e-05       |
|    loss                 | 0.274       |
|    n_updates            | 1500        |
|    policy_gradient_loss | -0.00389    |
|    value_loss           | 0.316       |
-----------------------------------------
------------------------------------------
| episode/                |              |
|    lines_cleared_mean   | 7.4          |
|    perfect_clears_mean  | 0            |
|    pieces_placed_mean   | 31           |
| rollout/                |              |
|    ep_len_mean          | 30.1         |
|    ep_rew_mean          | 40.7         |
| time/                   |              |
|    fps                  | 637          |
|    iterations           | 377          |
|    time_elapsed         | 4843         |
|    total_timesteps      | 3088384      |
| train/                  |              |
|    approx_kl            | 0.0030531078 |
|    clip_fraction        | 0.0208       |
|    clip_range           | 0.2          |
|    entropy_loss         | -0.411       |
|    explained_variance   | 0.406        |
|    learning_rate        | 5e-05        |
|    loss                 | 0.21         |
|    n_updates            | 1504         |
|    policy_gradient_loss | -0.00385     |
|    value_loss           | 0.301        |
------------------------------------------
------------------------------------------
| episode/                |              |
|    lines_cleared_mean   | 12.2         |
|    perfect_clears_mean  | 0            |
|    pieces_placed_mean   | 42.1         |
| rollout/                |              |
|    ep_len_mean          | 32.1         |
|    ep_rew_mean          | 44.9         |
| time/                   |              |
|    fps                  | 637          |
|    iterations           | 378          |
|    time_elapsed         | 4856         |
|    total_timesteps      | 3096576      |
| train/                  |              |
|    approx_kl            | 0.0030026142 |
|    clip_fraction        | 0.0233       |
|    clip_range           | 0.2          |
|    entropy_loss         | -0.413       |
|    explained_variance   | 0.43         |
|    learning_rate        | 5e-05        |
|    loss                 | 0.234        |
|    n_updates            | 1508         |
|    policy_gradient_loss | -0.00365     |
|    value_loss           | 0.275        |
------------------------------------------
------------------------------------------
| episode/                |              |
|    lines_cleared_mean   | 8.3          |
|    perfect_clears_mean  | 0            |
|    pieces_placed_mean   | 32.8         |
| rollout/                |              |
|    ep_len_mean          | 31.7         |
|    ep_rew_mean          | 43.7         |
| time/                   |              |
|    fps                  | 637          |
|    iterations           | 379          |
|    time_elapsed         | 4869         |
|    total_timesteps      | 3104768      |
| train/                  |              |
|    approx_kl            | 0.0026156264 |
|    clip_fraction        | 0.0186       |
|    clip_range           | 0.2          |
|    entropy_loss         | -0.41        |
|    explained_variance   | 0.372        |
|    learning_rate        | 5e-05        |
|    loss                 | 0.25         |
|    n_updates            | 1512         |
|    policy_gradient_loss | -0.00326     |
|    value_loss           | 0.284        |
------------------------------------------
------------------------------------------
| episode/                |              |
|    lines_cleared_mean   | 10.2         |
|    perfect_clears_mean  | 0            |
|    pieces_placed_mean   | 36.8         |
| rollout/                |              |
|    ep_len_mean          | 32.6         |
|    ep_rew_mean          | 45.9         |
| time/                   |              |
|    fps                  | 637          |
|    iterations           | 380          |
|    time_elapsed         | 4881         |
|    total_timesteps      | 3112960      |
| train/                  |              |
|    approx_kl            | 0.0025495235 |
|    clip_fraction        | 0.0184       |
|    clip_range           | 0.2          |
|    entropy_loss         | -0.426       |
|    explained_variance   | 0.424        |
|    learning_rate        | 5e-05        |
|    loss                 | 0.294        |
|    n_updates            | 1516         |
|    policy_gradient_loss | -0.00383     |
|    value_loss           | 0.269        |
------------------------------------------
-----------------------------------------
| episode/                |             |
|    lines_cleared_mean   | 11.4        |
|    perfect_clears_mean  | 0           |
|    pieces_placed_mean   | 39.1        |
| rollout/                |             |
|    ep_len_mean          | 33.1        |
|    ep_rew_mean          | 47.7        |
| time/                   |             |
|    fps                  | 637         |
|    iterations           | 381         |
|    time_elapsed         | 4894        |
|    total_timesteps      | 3121152     |
| train/                  |             |
|    approx_kl            | 0.002601881 |
|    clip_fraction        | 0.0147      |
|    clip_range           | 0.2         |
|    entropy_loss         | -0.412      |
|    explained_variance   | 0.384       |
|    learning_rate        | 5e-05       |
|    loss                 | 0.249       |
|    n_updates            | 1520        |
|    policy_gradient_loss | -0.00323    |
|    value_loss           | 0.303       |
-----------------------------------------
-----------------------------------------
| episode/                |             |
|    lines_cleared_mean   | 9.36        |
|    perfect_clears_mean  | 0           |
|    pieces_placed_mean   | 34.9        |
| rollout/                |             |
|    ep_len_mean          | 30.4        |
|    ep_rew_mean          | 42.4        |
| time/                   |             |
|    fps                  | 637         |
|    iterations           | 382         |
|    time_elapsed         | 4907        |
|    total_timesteps      | 3129344     |
| train/                  |             |
|    approx_kl            | 0.003217492 |
|    clip_fraction        | 0.0263      |
|    clip_range           | 0.2         |
|    entropy_loss         | -0.413      |
|    explained_variance   | 0.387       |
|    learning_rate        | 5e-05       |
|    loss                 | 0.249       |
|    n_updates            | 1524        |
|    policy_gradient_loss | -0.00423    |
|    value_loss           | 0.321       |
-----------------------------------------
------------------------------------------
| episode/                |              |
|    lines_cleared_mean   | 8.36         |
|    perfect_clears_mean  | 0            |
|    pieces_placed_mean   | 32           |
| rollout/                |              |
|    ep_len_mean          | 33.4         |
|    ep_rew_mean          | 48.3         |
| time/                   |              |
|    fps                  | 637          |
|    iterations           | 383          |
|    time_elapsed         | 4919         |
|    total_timesteps      | 3137536      |
| train/                  |              |
|    approx_kl            | 0.0028708833 |
|    clip_fraction        | 0.0197       |
|    clip_range           | 0.2          |
|    entropy_loss         | -0.414       |
|    explained_variance   | 0.369        |
|    learning_rate        | 5e-05        |
|    loss                 | 0.255        |
|    n_updates            | 1528         |
|    policy_gradient_loss | -0.00373     |
|    value_loss           | 0.31         |
------------------------------------------
------------------------------------------
| episode/                |              |
|    lines_cleared_mean   | 6.1          |
|    perfect_clears_mean  | 0            |
|    pieces_placed_mean   | 26.3         |
| rollout/                |              |
|    ep_len_mean          | 33.2         |
|    ep_rew_mean          | 47.3         |
| time/                   |              |
|    fps                  | 637          |
|    iterations           | 384          |
|    time_elapsed         | 4932         |
|    total_timesteps      | 3145728      |
| train/                  |              |
|    approx_kl            | 0.0026381952 |
|    clip_fraction        | 0.0179       |
|    clip_range           | 0.2          |
|    entropy_loss         | -0.41        |
|    explained_variance   | 0.38         |
|    learning_rate        | 5e-05        |
|    loss                 | 0.227        |
|    n_updates            | 1532         |
|    policy_gradient_loss | -0.00344     |
|    value_loss           | 0.299        |
------------------------------------------
------------------------------------------
| episode/                |              |
|    lines_cleared_mean   | 5.7          |
|    perfect_clears_mean  | 0            |
|    pieces_placed_mean   | 24.7         |
| rollout/                |              |
|    ep_len_mean          | 29.9         |
|    ep_rew_mean          | 41.1         |
| time/                   |              |
|    fps                  | 637          |
|    iterations           | 385          |
|    time_elapsed         | 4945         |
|    total_timesteps      | 3153920      |
| train/                  |              |
|    approx_kl            | 0.0025881145 |
|    clip_fraction        | 0.0165       |
|    clip_range           | 0.2          |
|    entropy_loss         | -0.416       |
|    explained_variance   | 0.319        |
|    learning_rate        | 5e-05        |
|    loss                 | 0.286        |
|    n_updates            | 1536         |
|    policy_gradient_loss | -0.00382     |
|    value_loss           | 0.332        |
------------------------------------------
------------------------------------------
| episode/                |              |
|    lines_cleared_mean   | 8.5          |
|    perfect_clears_mean  | 0            |
|    pieces_placed_mean   | 32.8         |
| rollout/                |              |
|    ep_len_mean          | 31.7         |
|    ep_rew_mean          | 44.3         |
| time/                   |              |
|    fps                  | 637          |
|    iterations           | 386          |
|    time_elapsed         | 4958         |
|    total_timesteps      | 3162112      |
| train/                  |              |
|    approx_kl            | 0.0026221108 |
|    clip_fraction        | 0.0193       |
|    clip_range           | 0.2          |
|    entropy_loss         | -0.416       |
|    explained_variance   | 0.403        |
|    learning_rate        | 5e-05        |
|    loss                 | 0.26         |
|    n_updates            | 1540         |
|    policy_gradient_loss | -0.004       |
|    value_loss           | 0.311        |
------------------------------------------
------------------------------------------
| episode/                |              |
|    lines_cleared_mean   | 8            |
|    perfect_clears_mean  | 0            |
|    pieces_placed_mean   | 30.8         |
| rollout/                |              |
|    ep_len_mean          | 33.2         |
|    ep_rew_mean          | 48.3         |
| time/                   |              |
|    fps                  | 637          |
|    iterations           | 387          |
|    time_elapsed         | 4970         |
|    total_timesteps      | 3170304      |
| train/                  |              |
|    approx_kl            | 0.0026780763 |
|    clip_fraction        | 0.0159       |
|    clip_range           | 0.2          |
|    entropy_loss         | -0.411       |
|    explained_variance   | 0.413        |
|    learning_rate        | 5e-05        |
|    loss                 | 0.284        |
|    n_updates            | 1544         |
|    policy_gradient_loss | -0.00347     |
|    value_loss           | 0.325        |
------------------------------------------
------------------------------------------
| episode/                |              |
|    lines_cleared_mean   | 10.5         |
|    perfect_clears_mean  | 0            |
|    pieces_placed_mean   | 37.1         |
| rollout/                |              |
|    ep_len_mean          | 30.7         |
|    ep_rew_mean          | 41.7         |
| time/                   |              |
|    fps                  | 637          |
|    iterations           | 388          |
|    time_elapsed         | 4983         |
|    total_timesteps      | 3178496      |
| train/                  |              |
|    approx_kl            | 0.0020061727 |
|    clip_fraction        | 0.0135       |
|    clip_range           | 0.2          |
|    entropy_loss         | -0.407       |
|    explained_variance   | 0.33         |
|    learning_rate        | 5e-05        |
|    loss                 | 0.287        |
|    n_updates            | 1548         |
|    policy_gradient_loss | -0.0026      |
|    value_loss           | 0.321        |
------------------------------------------
------------------------------------------
| episode/                |              |
|    lines_cleared_mean   | 11.7         |
|    perfect_clears_mean  | 0            |
|    pieces_placed_mean   | 40.9         |
| rollout/                |              |
|    ep_len_mean          | 33.9         |
|    ep_rew_mean          | 49.3         |
| time/                   |              |
|    fps                  | 637          |
|    iterations           | 389          |
|    time_elapsed         | 4996         |
|    total_timesteps      | 3186688      |
| train/                  |              |
|    approx_kl            | 0.0027825325 |
|    clip_fraction        | 0.0182       |
|    clip_range           | 0.2          |
|    entropy_loss         | -0.404       |
|    explained_variance   | 0.367        |
|    learning_rate        | 5e-05        |
|    loss                 | 0.274        |
|    n_updates            | 1552         |
|    policy_gradient_loss | -0.00419     |
|    value_loss           | 0.311        |
------------------------------------------
-----------------------------------------
| episode/                |             |
|    lines_cleared_mean   | 6.2         |
|    perfect_clears_mean  | 0           |
|    pieces_placed_mean   | 27.7        |
| rollout/                |             |
|    ep_len_mean          | 30.4        |
|    ep_rew_mean          | 41.3        |
| time/                   |             |
|    fps                  | 637         |
|    iterations           | 390         |
|    time_elapsed         | 5008        |
|    total_timesteps      | 3194880     |
| train/                  |             |
|    approx_kl            | 0.001776302 |
|    clip_fraction        | 0.0102      |
|    clip_range           | 0.2         |
|    entropy_loss         | -0.395      |
|    explained_variance   | 0.327       |
|    learning_rate        | 5e-05       |
|    loss                 | 0.256       |
|    n_updates            | 1556        |
|    policy_gradient_loss | -0.00239    |
|    value_loss           | 0.344       |
-----------------------------------------
------------------------------------------
| episode/                |              |
|    lines_cleared_mean   | 5.8          |
|    perfect_clears_mean  | 0            |
|    pieces_placed_mean   | 25.6         |
| rollout/                |              |
|    ep_len_mean          | 30.1         |
|    ep_rew_mean          | 40.9         |
| time/                   |              |
|    fps                  | 637          |
|    iterations           | 391          |
|    time_elapsed         | 5021         |
|    total_timesteps      | 3203072      |
| train/                  |              |
|    approx_kl            | 0.0029092752 |
|    clip_fraction        | 0.02         |
|    clip_range           | 0.2          |
|    entropy_loss         | -0.404       |
|    explained_variance   | 0.416        |
|    learning_rate        | 5e-05        |
|    loss                 | 0.266        |
|    n_updates            | 1560         |
|    policy_gradient_loss | -0.0038      |
|    value_loss           | 0.327        |
------------------------------------------
------------------------------------------
| episode/                |              |
|    lines_cleared_mean   | 10.5         |
|    perfect_clears_mean  | 0            |
|    pieces_placed_mean   | 36.6         |
| rollout/                |              |
|    ep_len_mean          | 30.9         |
|    ep_rew_mean          | 42.6         |
| time/                   |              |
|    fps                  | 637          |
|    iterations           | 392          |
|    time_elapsed         | 5034         |
|    total_timesteps      | 3211264      |
| train/                  |              |
|    approx_kl            | 0.0025584192 |
|    clip_fraction        | 0.0191       |
|    clip_range           | 0.2          |
|    entropy_loss         | -0.407       |
|    explained_variance   | 0.388        |
|    learning_rate        | 5e-05        |
|    loss                 | 0.314        |
|    n_updates            | 1564         |
|    policy_gradient_loss | -0.00319     |
|    value_loss           | 0.304        |
------------------------------------------
------------------------------------------
| episode/                |              |
|    lines_cleared_mean   | 7.6          |
|    perfect_clears_mean  | 0            |
|    pieces_placed_mean   | 30.8         |
| rollout/                |              |
|    ep_len_mean          | 31.6         |
|    ep_rew_mean          | 43.6         |
| time/                   |              |
|    fps                  | 637          |
|    iterations           | 393          |
|    time_elapsed         | 5047         |
|    total_timesteps      | 3219456      |
| train/                  |              |
|    approx_kl            | 0.0023290103 |
|    clip_fraction        | 0.0162       |
|    clip_range           | 0.2          |
|    entropy_loss         | -0.402       |
|    explained_variance   | 0.392        |
|    learning_rate        | 5e-05        |
|    loss                 | 0.306        |
|    n_updates            | 1568         |
|    policy_gradient_loss | -0.00343     |
|    value_loss           | 0.301        |
------------------------------------------
-----------------------------------------
| episode/                |             |
|    lines_cleared_mean   | 8.7         |
|    perfect_clears_mean  | 0           |
|    pieces_placed_mean   | 33.6        |
| rollout/                |             |
|    ep_len_mean          | 31.4        |
|    ep_rew_mean          | 43.4        |
| time/                   |             |
|    fps                  | 637         |
|    iterations           | 394         |
|    time_elapsed         | 5059        |
|    total_timesteps      | 3227648     |
| train/                  |             |
|    approx_kl            | 0.003210773 |
|    clip_fraction        | 0.0222      |
|    clip_range           | 0.2         |
|    entropy_loss         | -0.413      |
|    explained_variance   | 0.407       |
|    learning_rate        | 5e-05       |
|    loss                 | 0.231       |
|    n_updates            | 1572        |
|    policy_gradient_loss | -0.00405    |
|    value_loss           | 0.282       |
-----------------------------------------
------------------------------------------
| episode/                |              |
|    lines_cleared_mean   | 7.91         |
|    perfect_clears_mean  | 0            |
|    pieces_placed_mean   | 31.6         |
| rollout/                |              |
|    ep_len_mean          | 30.7         |
|    ep_rew_mean          | 41.3         |
| time/                   |              |
|    fps                  | 637          |
|    iterations           | 395          |
|    time_elapsed         | 5072         |
|    total_timesteps      | 3235840      |
| train/                  |              |
|    approx_kl            | 0.0028624057 |
|    clip_fraction        | 0.0191       |
|    clip_range           | 0.2          |
|    entropy_loss         | -0.411       |
|    explained_variance   | 0.38         |
|    learning_rate        | 5e-05        |
|    loss                 | 0.227        |
|    n_updates            | 1576         |
|    policy_gradient_loss | -0.00388     |
|    value_loss           | 0.29         |
------------------------------------------
-----------------------------------------
| episode/                |             |
|    lines_cleared_mean   | 9.7         |
|    perfect_clears_mean  | 0           |
|    pieces_placed_mean   | 36.2        |
| rollout/                |             |
|    ep_len_mean          | 33          |
|    ep_rew_mean          | 46.5        |
| time/                   |             |
|    fps                  | 637         |
|    iterations           | 396         |
|    time_elapsed         | 5085        |
|    total_timesteps      | 3244032     |
| train/                  |             |
|    approx_kl            | 0.002541942 |
|    clip_fraction        | 0.0195      |
|    clip_range           | 0.2         |
|    entropy_loss         | -0.407      |
|    explained_variance   | 0.376       |
|    learning_rate        | 5e-05       |
|    loss                 | 0.255       |
|    n_updates            | 1580        |
|    policy_gradient_loss | -0.00337    |
|    value_loss           | 0.309       |
-----------------------------------------
-----------------------------------------
| episode/                |             |
|    lines_cleared_mean   | 9.8         |
|    perfect_clears_mean  | 0           |
|    pieces_placed_mean   | 35.5        |
| rollout/                |             |
|    ep_len_mean          | 31.5        |
|    ep_rew_mean          | 44          |
| time/                   |             |
|    fps                  | 637         |
|    iterations           | 397         |
|    time_elapsed         | 5097        |
|    total_timesteps      | 3252224     |
| train/                  |             |
|    approx_kl            | 0.002821503 |
|    clip_fraction        | 0.021       |
|    clip_range           | 0.2         |
|    entropy_loss         | -0.41       |
|    explained_variance   | 0.349       |
|    learning_rate        | 5e-05       |
|    loss                 | 0.27        |
|    n_updates            | 1584        |
|    policy_gradient_loss | -0.00394    |
|    value_loss           | 0.323       |
-----------------------------------------
------------------------------------------
| episode/                |              |
|    lines_cleared_mean   | 6.4          |
|    perfect_clears_mean  | 0            |
|    pieces_placed_mean   | 27.2         |
| rollout/                |              |
|    ep_len_mean          | 31           |
|    ep_rew_mean          | 42.4         |
| time/                   |              |
|    fps                  | 637          |
|    iterations           | 398          |
|    time_elapsed         | 5110         |
|    total_timesteps      | 3260416      |
| train/                  |              |
|    approx_kl            | 0.0026485687 |
|    clip_fraction        | 0.02         |
|    clip_range           | 0.2          |
|    entropy_loss         | -0.408       |
|    explained_variance   | 0.328        |
|    learning_rate        | 5e-05        |
|    loss                 | 0.247        |
|    n_updates            | 1588         |
|    policy_gradient_loss | -0.00366     |
|    value_loss           | 0.331        |
------------------------------------------
-----------------------------------------
| episode/                |             |
|    lines_cleared_mean   | 11.3        |
|    perfect_clears_mean  | 0           |
|    pieces_placed_mean   | 39.8        |
| rollout/                |             |
|    ep_len_mean          | 33.6        |
|    ep_rew_mean          | 47.6        |
| time/                   |             |
|    fps                  | 637         |
|    iterations           | 399         |
|    time_elapsed         | 5123        |
|    total_timesteps      | 3268608     |
| train/                  |             |
|    approx_kl            | 0.002975169 |
|    clip_fraction        | 0.0228      |
|    clip_range           | 0.2         |
|    entropy_loss         | -0.408      |
|    explained_variance   | 0.297       |
|    learning_rate        | 5e-05       |
|    loss                 | 0.303       |
|    n_updates            | 1592        |
|    policy_gradient_loss | -0.00432    |
|    value_loss           | 0.36        |
-----------------------------------------
------------------------------------------
| episode/                |              |
|    lines_cleared_mean   | 9            |
|    perfect_clears_mean  | 0            |
|    pieces_placed_mean   | 33.2         |
| rollout/                |              |
|    ep_len_mean          | 30.9         |
|    ep_rew_mean          | 42.6         |
| time/                   |              |
|    fps                  | 637          |
|    iterations           | 400          |
|    time_elapsed         | 5136         |
|    total_timesteps      | 3276800      |
| train/                  |              |
|    approx_kl            | 0.0033658575 |
|    clip_fraction        | 0.0278       |
|    clip_range           | 0.2          |
|    entropy_loss         | -0.405       |
|    explained_variance   | 0.32         |
|    learning_rate        | 5e-05        |
|    loss                 | 0.265        |
|    n_updates            | 1596         |
|    policy_gradient_loss | -0.00477     |
|    value_loss           | 0.305        |
------------------------------------------
-----------------------------------------
| episode/                |             |
|    lines_cleared_mean   | 8.1         |
|    perfect_clears_mean  | 0           |
|    pieces_placed_mean   | 32.2        |
| rollout/                |             |
|    ep_len_mean          | 29.6        |
|    ep_rew_mean          | 39.7        |
| time/                   |             |
|    fps                  | 638         |
|    iterations           | 401         |
|    time_elapsed         | 5148        |
|    total_timesteps      | 3284992     |
| train/                  |             |
|    approx_kl            | 0.002665948 |
|    clip_fraction        | 0.0168      |
|    clip_range           | 0.2         |
|    entropy_loss         | -0.401      |
|    explained_variance   | 0.383       |
|    learning_rate        | 5e-05       |
|    loss                 | 0.284       |
|    n_updates            | 1600        |
|    policy_gradient_loss | -0.00315    |
|    value_loss           | 0.308       |
-----------------------------------------
------------------------------------------
| episode/                |              |
|    lines_cleared_mean   | 7.8          |
|    perfect_clears_mean  | 0            |
|    pieces_placed_mean   | 31           |
| rollout/                |              |
|    ep_len_mean          | 32.2         |
|    ep_rew_mean          | 45.7         |
| time/                   |              |
|    fps                  | 638          |
|    iterations           | 402          |
|    time_elapsed         | 5161         |
|    total_timesteps      | 3293184      |
| train/                  |              |
|    approx_kl            | 0.0021328763 |
|    clip_fraction        | 0.0135       |
|    clip_range           | 0.2          |
|    entropy_loss         | -0.413       |
|    explained_variance   | 0.449        |
|    learning_rate        | 5e-05        |
|    loss                 | 0.208        |
|    n_updates            | 1604         |
|    policy_gradient_loss | -0.00279     |
|    value_loss           | 0.289        |
------------------------------------------
------------------------------------------
| episode/                |              |
|    lines_cleared_mean   | 6.64         |
|    perfect_clears_mean  | 0            |
|    pieces_placed_mean   | 29.1         |
| rollout/                |              |
|    ep_len_mean          | 30           |
|    ep_rew_mean          | 40.1         |
| time/                   |              |
|    fps                  | 638          |
|    iterations           | 403          |
|    time_elapsed         | 5174         |
|    total_timesteps      | 3301376      |
| train/                  |              |
|    approx_kl            | 0.0029529803 |
|    clip_fraction        | 0.0216       |
|    clip_range           | 0.2          |
|    entropy_loss         | -0.398       |
|    explained_variance   | 0.369        |
|    learning_rate        | 5e-05        |
|    loss                 | 0.26         |
|    n_updates            | 1608         |
|    policy_gradient_loss | -0.00449     |
|    value_loss           | 0.319        |
------------------------------------------
-----------------------------------------
| episode/                |             |
|    lines_cleared_mean   | 8.73        |
|    perfect_clears_mean  | 0           |
|    pieces_placed_mean   | 34.3        |
| rollout/                |             |
|    ep_len_mean          | 31.8        |
|    ep_rew_mean          | 44.4        |
| time/                   |             |
|    fps                  | 638         |
|    iterations           | 404         |
|    time_elapsed         | 5186        |
|    total_timesteps      | 3309568     |
| train/                  |             |
|    approx_kl            | 0.002600301 |
|    clip_fraction        | 0.0194      |
|    clip_range           | 0.2         |
|    entropy_loss         | -0.412      |
|    explained_variance   | 0.369       |
|    learning_rate        | 5e-05       |
|    loss                 | 0.274       |
|    n_updates            | 1612        |
|    policy_gradient_loss | -0.00307    |
|    value_loss           | 0.31        |
-----------------------------------------
------------------------------------------
| episode/                |              |
|    lines_cleared_mean   | 10.3         |
|    perfect_clears_mean  | 0            |
|    pieces_placed_mean   | 37.2         |
| rollout/                |              |
|    ep_len_mean          | 30.3         |
|    ep_rew_mean          | 41.1         |
| time/                   |              |
|    fps                  | 638          |
|    iterations           | 405          |
|    time_elapsed         | 5199         |
|    total_timesteps      | 3317760      |
| train/                  |              |
|    approx_kl            | 0.0022204593 |
|    clip_fraction        | 0.0131       |
|    clip_range           | 0.2          |
|    entropy_loss         | -0.412       |
|    explained_variance   | 0.391        |
|    learning_rate        | 5e-05        |
|    loss                 | 0.268        |
|    n_updates            | 1616         |
|    policy_gradient_loss | -0.00307     |
|    value_loss           | 0.326        |
------------------------------------------
-----------------------------------------
| episode/                |             |
|    lines_cleared_mean   | 6.6         |
|    perfect_clears_mean  | 0           |
|    pieces_placed_mean   | 28.3        |
| rollout/                |             |
|    ep_len_mean          | 33.1        |
|    ep_rew_mean          | 47.1        |
| time/                   |             |
|    fps                  | 638         |
|    iterations           | 406         |
|    time_elapsed         | 5212        |
|    total_timesteps      | 3325952     |
| train/                  |             |
|    approx_kl            | 0.003645296 |
|    clip_fraction        | 0.0277      |
|    clip_range           | 0.2         |
|    entropy_loss         | -0.411      |
|    explained_variance   | 0.421       |
|    learning_rate        | 5e-05       |
|    loss                 | 0.23        |
|    n_updates            | 1620        |
|    policy_gradient_loss | -0.00512    |
|    value_loss           | 0.273       |
-----------------------------------------
------------------------------------------
| episode/                |              |
|    lines_cleared_mean   | 9.3          |
|    perfect_clears_mean  | 0            |
|    pieces_placed_mean   | 34.1         |
| rollout/                |              |
|    ep_len_mean          | 31.4         |
|    ep_rew_mean          | 43.8         |
| time/                   |              |
|    fps                  | 638          |
|    iterations           | 407          |
|    time_elapsed         | 5224         |
|    total_timesteps      | 3334144      |
| train/                  |              |
|    approx_kl            | 0.0023808568 |
|    clip_fraction        | 0.0146       |
|    clip_range           | 0.2          |
|    entropy_loss         | -0.413       |
|    explained_variance   | 0.345        |
|    learning_rate        | 5e-05        |
|    loss                 | 0.247        |
|    n_updates            | 1624         |
|    policy_gradient_loss | -0.0035      |
|    value_loss           | 0.321        |
------------------------------------------
------------------------------------------
| episode/                |              |
|    lines_cleared_mean   | 9.3          |
|    perfect_clears_mean  | 0            |
|    pieces_placed_mean   | 34.2         |
| rollout/                |              |
|    ep_len_mean          | 31           |
|    ep_rew_mean          | 42.9         |
| time/                   |              |
|    fps                  | 638          |
|    iterations           | 408          |
|    time_elapsed         | 5237         |
|    total_timesteps      | 3342336      |
| train/                  |              |
|    approx_kl            | 0.0023488116 |
|    clip_fraction        | 0.0144       |
|    clip_range           | 0.2          |
|    entropy_loss         | -0.405       |
|    explained_variance   | 0.34         |
|    learning_rate        | 5e-05        |
|    loss                 | 0.261        |
|    n_updates            | 1628         |
|    policy_gradient_loss | -0.00265     |
|    value_loss           | 0.321        |
------------------------------------------
-----------------------------------------
| episode/                |             |
|    lines_cleared_mean   | 6.3         |
|    perfect_clears_mean  | 0           |
|    pieces_placed_mean   | 27.8        |
| rollout/                |             |
|    ep_len_mean          | 30.6        |
|    ep_rew_mean          | 41.5        |
| time/                   |             |
|    fps                  | 638         |
|    iterations           | 409         |
|    time_elapsed         | 5250        |
|    total_timesteps      | 3350528     |
| train/                  |             |
|    approx_kl            | 0.002499015 |
|    clip_fraction        | 0.015       |
|    clip_range           | 0.2         |
|    entropy_loss         | -0.417      |
|    explained_variance   | 0.371       |
|    learning_rate        | 5e-05       |
|    loss                 | 0.235       |
|    n_updates            | 1632        |
|    policy_gradient_loss | -0.00238    |
|    value_loss           | 0.302       |
-----------------------------------------
------------------------------------------
| episode/                |              |
|    lines_cleared_mean   | 11.3         |
|    perfect_clears_mean  | 0            |
|    pieces_placed_mean   | 39.5         |
| rollout/                |              |
|    ep_len_mean          | 31.4         |
|    ep_rew_mean          | 43.8         |
| time/                   |              |
|    fps                  | 638          |
|    iterations           | 410          |
|    time_elapsed         | 5263         |
|    total_timesteps      | 3358720      |
| train/                  |              |
|    approx_kl            | 0.0032338942 |
|    clip_fraction        | 0.024        |
|    clip_range           | 0.2          |
|    entropy_loss         | -0.409       |
|    explained_variance   | 0.361        |
|    learning_rate        | 5e-05        |
|    loss                 | 0.211        |
|    n_updates            | 1636         |
|    policy_gradient_loss | -0.00455     |
|    value_loss           | 0.295        |
------------------------------------------
-----------------------------------------
| episode/                |             |
|    lines_cleared_mean   | 9.9         |
|    perfect_clears_mean  | 0           |
|    pieces_placed_mean   | 35.5        |
| rollout/                |             |
|    ep_len_mean          | 32          |
|    ep_rew_mean          | 45.2        |
| time/                   |             |
|    fps                  | 638         |
|    iterations           | 411         |
|    time_elapsed         | 5275        |
|    total_timesteps      | 3366912     |
| train/                  |             |
|    approx_kl            | 0.002805031 |
|    clip_fraction        | 0.0157      |
|    clip_range           | 0.2         |
|    entropy_loss         | -0.404      |
|    explained_variance   | 0.371       |
|    learning_rate        | 5e-05       |
|    loss                 | 0.257       |
|    n_updates            | 1640        |
|    policy_gradient_loss | -0.00292    |
|    value_loss           | 0.308       |
-----------------------------------------
------------------------------------------
| episode/                |              |
|    lines_cleared_mean   | 10.6         |
|    perfect_clears_mean  | 0            |
|    pieces_placed_mean   | 37           |
| rollout/                |              |
|    ep_len_mean          | 30.5         |
|    ep_rew_mean          | 41.6         |
| time/                   |              |
|    fps                  | 638          |
|    iterations           | 412          |
|    time_elapsed         | 5288         |
|    total_timesteps      | 3375104      |
| train/                  |              |
|    approx_kl            | 0.0029360529 |
|    clip_fraction        | 0.0201       |
|    clip_range           | 0.2          |
|    entropy_loss         | -0.403       |
|    explained_variance   | 0.405        |
|    learning_rate        | 5e-05        |
|    loss                 | 0.193        |
|    n_updates            | 1644         |
|    policy_gradient_loss | -0.00338     |
|    value_loss           | 0.279        |
------------------------------------------
-----------------------------------------
| episode/                |             |
|    lines_cleared_mean   | 7.9         |
|    perfect_clears_mean  | 0           |
|    pieces_placed_mean   | 31.4        |
| rollout/                |             |
|    ep_len_mean          | 31.1        |
|    ep_rew_mean          | 42.9        |
| time/                   |             |
|    fps                  | 638         |
|    iterations           | 413         |
|    time_elapsed         | 5301        |
|    total_timesteps      | 3383296     |
| train/                  |             |
|    approx_kl            | 0.002563969 |
|    clip_fraction        | 0.0138      |
|    clip_range           | 0.2         |
|    entropy_loss         | -0.42       |
|    explained_variance   | 0.357       |
|    learning_rate        | 5e-05       |
|    loss                 | 0.249       |
|    n_updates            | 1648        |
|    policy_gradient_loss | -0.0033     |
|    value_loss           | 0.322       |
-----------------------------------------
------------------------------------------
| episode/                |              |
|    lines_cleared_mean   | 6.4          |
|    perfect_clears_mean  | 0            |
|    pieces_placed_mean   | 28.7         |
| rollout/                |              |
|    ep_len_mean          | 32.9         |
|    ep_rew_mean          | 46.7         |
| time/                   |              |
|    fps                  | 638          |
|    iterations           | 414          |
|    time_elapsed         | 5314         |
|    total_timesteps      | 3391488      |
| train/                  |              |
|    approx_kl            | 0.0026809783 |
|    clip_fraction        | 0.0166       |
|    clip_range           | 0.2          |
|    entropy_loss         | -0.411       |
|    explained_variance   | 0.367        |
|    learning_rate        | 5e-05        |
|    loss                 | 0.218        |
|    n_updates            | 1652         |
|    policy_gradient_loss | -0.00312     |
|    value_loss           | 0.265        |
------------------------------------------
------------------------------------------
| episode/                |              |
|    lines_cleared_mean   | 5            |
|    perfect_clears_mean  | 0            |
|    pieces_placed_mean   | 24.4         |
| rollout/                |              |
|    ep_len_mean          | 31.8         |
|    ep_rew_mean          | 44.8         |
| time/                   |              |
|    fps                  | 638          |
|    iterations           | 415          |
|    time_elapsed         | 5326         |
|    total_timesteps      | 3399680      |
| train/                  |              |
|    approx_kl            | 0.0028574378 |
|    clip_fraction        | 0.0203       |
|    clip_range           | 0.2          |
|    entropy_loss         | -0.41        |
|    explained_variance   | 0.405        |
|    learning_rate        | 5e-05        |
|    loss                 | 0.293        |
|    n_updates            | 1656         |
|    policy_gradient_loss | -0.00364     |
|    value_loss           | 0.293        |
------------------------------------------
------------------------------------------
| episode/                |              |
|    lines_cleared_mean   | 8.7          |
|    perfect_clears_mean  | 0            |
|    pieces_placed_mean   | 32.1         |
| rollout/                |              |
|    ep_len_mean          | 30.6         |
|    ep_rew_mean          | 41.7         |
| time/                   |              |
|    fps                  | 638          |
|    iterations           | 416          |
|    time_elapsed         | 5339         |
|    total_timesteps      | 3407872      |
| train/                  |              |
|    approx_kl            | 0.0023602806 |
|    clip_fraction        | 0.0146       |
|    clip_range           | 0.2          |
|    entropy_loss         | -0.419       |
|    explained_variance   | 0.408        |
|    learning_rate        | 5e-05        |
|    loss                 | 0.219        |
|    n_updates            | 1660         |
|    policy_gradient_loss | -0.00267     |
|    value_loss           | 0.289        |
------------------------------------------
------------------------------------------
| episode/                |              |
|    lines_cleared_mean   | 7.2          |
|    perfect_clears_mean  | 0            |
|    pieces_placed_mean   | 29.5         |
| rollout/                |              |
|    ep_len_mean          | 34.4         |
|    ep_rew_mean          | 50.2         |
| time/                   |              |
|    fps                  | 638          |
|    iterations           | 417          |
|    time_elapsed         | 5352         |
|    total_timesteps      | 3416064      |
| train/                  |              |
|    approx_kl            | 0.0030160896 |
|    clip_fraction        | 0.0231       |
|    clip_range           | 0.2          |
|    entropy_loss         | -0.412       |
|    explained_variance   | 0.392        |
|    learning_rate        | 5e-05        |
|    loss                 | 0.22         |
|    n_updates            | 1664         |
|    policy_gradient_loss | -0.00396     |
|    value_loss           | 0.273        |
------------------------------------------
------------------------------------------
| episode/                |              |
|    lines_cleared_mean   | 11.1         |
|    perfect_clears_mean  | 0            |
|    pieces_placed_mean   | 39.7         |
| rollout/                |              |
|    ep_len_mean          | 33.4         |
|    ep_rew_mean          | 47.5         |
| time/                   |              |
|    fps                  | 638          |
|    iterations           | 418          |
|    time_elapsed         | 5364         |
|    total_timesteps      | 3424256      |
| train/                  |              |
|    approx_kl            | 0.0031797327 |
|    clip_fraction        | 0.022        |
|    clip_range           | 0.2          |
|    entropy_loss         | -0.413       |
|    explained_variance   | 0.362        |
|    learning_rate        | 5e-05        |
|    loss                 | 0.253        |
|    n_updates            | 1668         |
|    policy_gradient_loss | -0.00376     |
|    value_loss           | 0.304        |
------------------------------------------
------------------------------------------
| episode/                |              |
|    lines_cleared_mean   | 8.5          |
|    perfect_clears_mean  | 0            |
|    pieces_placed_mean   | 31.4         |
| rollout/                |              |
|    ep_len_mean          | 30.7         |
|    ep_rew_mean          | 42.6         |
| time/                   |              |
|    fps                  | 638          |
|    iterations           | 419          |
|    time_elapsed         | 5377         |
|    total_timesteps      | 3432448      |
| train/                  |              |
|    approx_kl            | 0.0028717988 |
|    clip_fraction        | 0.019        |
|    clip_range           | 0.2          |
|    entropy_loss         | -0.411       |
|    explained_variance   | 0.357        |
|    learning_rate        | 5e-05        |
|    loss                 | 0.222        |
|    n_updates            | 1672         |
|    policy_gradient_loss | -0.00348     |
|    value_loss           | 0.316        |
------------------------------------------
-----------------------------------------
| episode/                |             |
|    lines_cleared_mean   | 10          |
|    perfect_clears_mean  | 0           |
|    pieces_placed_mean   | 36.5        |
| rollout/                |             |
|    ep_len_mean          | 32.9        |
|    ep_rew_mean          | 47.5        |
| time/                   |             |
|    fps                  | 638         |
|    iterations           | 420         |
|    time_elapsed         | 5390        |
|    total_timesteps      | 3440640     |
| train/                  |             |
|    approx_kl            | 0.002412301 |
|    clip_fraction        | 0.0146      |
|    clip_range           | 0.2         |
|    entropy_loss         | -0.404      |
|    explained_variance   | 0.365       |
|    learning_rate        | 5e-05       |
|    loss                 | 0.299       |
|    n_updates            | 1676        |
|    policy_gradient_loss | -0.00355    |
|    value_loss           | 0.343       |
-----------------------------------------
------------------------------------------
| episode/                |              |
|    lines_cleared_mean   | 6.2          |
|    perfect_clears_mean  | 0            |
|    pieces_placed_mean   | 27           |
| rollout/                |              |
|    ep_len_mean          | 34.4         |
|    ep_rew_mean          | 50.4         |
| time/                   |              |
|    fps                  | 638          |
|    iterations           | 421          |
|    time_elapsed         | 5402         |
|    total_timesteps      | 3448832      |
| train/                  |              |
|    approx_kl            | 0.0027120747 |
|    clip_fraction        | 0.0175       |
|    clip_range           | 0.2          |
|    entropy_loss         | -0.403       |
|    explained_variance   | 0.35         |
|    learning_rate        | 5e-05        |
|    loss                 | 0.285        |
|    n_updates            | 1680         |
|    policy_gradient_loss | -0.00372     |
|    value_loss           | 0.348        |
------------------------------------------
-----------------------------------------
| episode/                |             |
|    lines_cleared_mean   | 9.45        |
|    perfect_clears_mean  | 0           |
|    pieces_placed_mean   | 34          |
| rollout/                |             |
|    ep_len_mean          | 33.5        |
|    ep_rew_mean          | 48.3        |
| time/                   |             |
|    fps                  | 638         |
|    iterations           | 422         |
|    time_elapsed         | 5415        |
|    total_timesteps      | 3457024     |
| train/                  |             |
|    approx_kl            | 0.003208368 |
|    clip_fraction        | 0.0222      |
|    clip_range           | 0.2         |
|    entropy_loss         | -0.402      |
|    explained_variance   | 0.408       |
|    learning_rate        | 5e-05       |
|    loss                 | 0.27        |
|    n_updates            | 1684        |
|    policy_gradient_loss | -0.00375    |
|    value_loss           | 0.293       |
-----------------------------------------
-----------------------------------------
| episode/                |             |
|    lines_cleared_mean   | 9           |
|    perfect_clears_mean  | 0           |
|    pieces_placed_mean   | 33.7        |
| rollout/                |             |
|    ep_len_mean          | 33          |
|    ep_rew_mean          | 47.4        |
| time/                   |             |
|    fps                  | 638         |
|    iterations           | 423         |
|    time_elapsed         | 5428        |
|    total_timesteps      | 3465216     |
| train/                  |             |
|    approx_kl            | 0.002839406 |
|    clip_fraction        | 0.0181      |
|    clip_range           | 0.2         |
|    entropy_loss         | -0.4        |
|    explained_variance   | 0.367       |
|    learning_rate        | 5e-05       |
|    loss                 | 0.249       |
|    n_updates            | 1688        |
|    policy_gradient_loss | -0.00383    |
|    value_loss           | 0.298       |
-----------------------------------------
------------------------------------------
| episode/                |              |
|    lines_cleared_mean   | 5.9          |
|    perfect_clears_mean  | 0            |
|    pieces_placed_mean   | 25.9         |
| rollout/                |              |
|    ep_len_mean          | 29           |
|    ep_rew_mean          | 37.7         |
| time/                   |              |
|    fps                  | 638          |
|    iterations           | 424          |
|    time_elapsed         | 5441         |
|    total_timesteps      | 3473408      |
| train/                  |              |
|    approx_kl            | 0.0029698028 |
|    clip_fraction        | 0.0194       |
|    clip_range           | 0.2          |
|    entropy_loss         | -0.402       |
|    explained_variance   | 0.4          |
|    learning_rate        | 5e-05        |
|    loss                 | 0.223        |
|    n_updates            | 1692         |
|    policy_gradient_loss | -0.00452     |
|    value_loss           | 0.292        |
------------------------------------------
------------------------------------------
| episode/                |              |
|    lines_cleared_mean   | 10.6         |
|    perfect_clears_mean  | 0            |
|    pieces_placed_mean   | 36.8         |
| rollout/                |              |
|    ep_len_mean          | 32.1         |
|    ep_rew_mean          | 45.8         |
| time/                   |              |
|    fps                  | 638          |
|    iterations           | 425          |
|    time_elapsed         | 5453         |
|    total_timesteps      | 3481600      |
| train/                  |              |
|    approx_kl            | 0.0028593238 |
|    clip_fraction        | 0.0178       |
|    clip_range           | 0.2          |
|    entropy_loss         | -0.404       |
|    explained_variance   | 0.373        |
|    learning_rate        | 5e-05        |
|    loss                 | 0.242        |
|    n_updates            | 1696         |
|    policy_gradient_loss | -0.00368     |
|    value_loss           | 0.315        |
------------------------------------------
------------------------------------------
| episode/                |              |
|    lines_cleared_mean   | 9            |
|    perfect_clears_mean  | 0            |
|    pieces_placed_mean   | 33.8         |
| rollout/                |              |
|    ep_len_mean          | 30.9         |
|    ep_rew_mean          | 42.5         |
| time/                   |              |
|    fps                  | 638          |
|    iterations           | 426          |
|    time_elapsed         | 5466         |
|    total_timesteps      | 3489792      |
| train/                  |              |
|    approx_kl            | 0.0027451445 |
|    clip_fraction        | 0.0176       |
|    clip_range           | 0.2          |
|    entropy_loss         | -0.395       |
|    explained_variance   | 0.414        |
|    learning_rate        | 5e-05        |
|    loss                 | 0.231        |
|    n_updates            | 1700         |
|    policy_gradient_loss | -0.00306     |
|    value_loss           | 0.287        |
------------------------------------------
------------------------------------------
| episode/                |              |
|    lines_cleared_mean   | 7.3          |
|    perfect_clears_mean  | 0            |
|    pieces_placed_mean   | 29.3         |
| rollout/                |              |
|    ep_len_mean          | 32.9         |
|    ep_rew_mean          | 47.7         |
| time/                   |              |
|    fps                  | 638          |
|    iterations           | 427          |
|    time_elapsed         | 5479         |
|    total_timesteps      | 3497984      |
| train/                  |              |
|    approx_kl            | 0.0025660363 |
|    clip_fraction        | 0.0171       |
|    clip_range           | 0.2          |
|    entropy_loss         | -0.4         |
|    explained_variance   | 0.412        |
|    learning_rate        | 5e-05        |
|    loss                 | 0.249        |
|    n_updates            | 1704         |
|    policy_gradient_loss | -0.00338     |
|    value_loss           | 0.293        |
------------------------------------------
------------------------------------------
| episode/                |              |
|    lines_cleared_mean   | 8.4          |
|    perfect_clears_mean  | 0            |
|    pieces_placed_mean   | 32.3         |
| rollout/                |              |
|    ep_len_mean          | 30.9         |
|    ep_rew_mean          | 42.8         |
| time/                   |              |
|    fps                  | 638          |
|    iterations           | 428          |
|    time_elapsed         | 5492         |
|    total_timesteps      | 3506176      |
| train/                  |              |
|    approx_kl            | 0.0024409078 |
|    clip_fraction        | 0.0141       |
|    clip_range           | 0.2          |
|    entropy_loss         | -0.39        |
|    explained_variance   | 0.341        |
|    learning_rate        | 5e-05        |
|    loss                 | 0.265        |
|    n_updates            | 1708         |
|    policy_gradient_loss | -0.00313     |
|    value_loss           | 0.356        |
------------------------------------------
------------------------------------------
| episode/                |              |
|    lines_cleared_mean   | 7.36         |
|    perfect_clears_mean  | 0            |
|    pieces_placed_mean   | 29.2         |
| rollout/                |              |
|    ep_len_mean          | 31.1         |
|    ep_rew_mean          | 43.1         |
| time/                   |              |
|    fps                  | 638          |
|    iterations           | 429          |
|    time_elapsed         | 5504         |
|    total_timesteps      | 3514368      |
| train/                  |              |
|    approx_kl            | 0.0030135827 |
|    clip_fraction        | 0.0222       |
|    clip_range           | 0.2          |
|    entropy_loss         | -0.4         |
|    explained_variance   | 0.399        |
|    learning_rate        | 5e-05        |
|    loss                 | 0.256        |
|    n_updates            | 1712         |
|    policy_gradient_loss | -0.00436     |
|    value_loss           | 0.299        |
------------------------------------------
------------------------------------------
| episode/                |              |
|    lines_cleared_mean   | 8.6          |
|    perfect_clears_mean  | 0            |
|    pieces_placed_mean   | 32.8         |
| rollout/                |              |
|    ep_len_mean          | 33.1         |
|    ep_rew_mean          | 48           |
| time/                   |              |
|    fps                  | 638          |
|    iterations           | 430          |
|    time_elapsed         | 5517         |
|    total_timesteps      | 3522560      |
| train/                  |              |
|    approx_kl            | 0.0027355687 |
|    clip_fraction        | 0.0162       |
|    clip_range           | 0.2          |
|    entropy_loss         | -0.396       |
|    explained_variance   | 0.382        |
|    learning_rate        | 5e-05        |
|    loss                 | 0.252        |
|    n_updates            | 1716         |
|    policy_gradient_loss | -0.0036      |
|    value_loss           | 0.315        |
------------------------------------------
------------------------------------------
| episode/                |              |
|    lines_cleared_mean   | 4.4          |
|    perfect_clears_mean  | 0            |
|    pieces_placed_mean   | 22.8         |
| rollout/                |              |
|    ep_len_mean          | 30.5         |
|    ep_rew_mean          | 41.9         |
| time/                   |              |
|    fps                  | 638          |
|    iterations           | 431          |
|    time_elapsed         | 5530         |
|    total_timesteps      | 3530752      |
| train/                  |              |
|    approx_kl            | 0.0024529197 |
|    clip_fraction        | 0.0164       |
|    clip_range           | 0.2          |
|    entropy_loss         | -0.388       |
|    explained_variance   | 0.382        |
|    learning_rate        | 5e-05        |
|    loss                 | 0.276        |
|    n_updates            | 1720         |
|    policy_gradient_loss | -0.0033      |
|    value_loss           | 0.326        |
------------------------------------------
------------------------------------------
| episode/                |              |
|    lines_cleared_mean   | 7.67         |
|    perfect_clears_mean  | 0            |
|    pieces_placed_mean   | 30.8         |
| rollout/                |              |
|    ep_len_mean          | 31.5         |
|    ep_rew_mean          | 43.7         |
| time/                   |              |
|    fps                  | 638          |
|    iterations           | 432          |
|    time_elapsed         | 5542         |
|    total_timesteps      | 3538944      |
| train/                  |              |
|    approx_kl            | 0.0027645198 |
|    clip_fraction        | 0.0168       |
|    clip_range           | 0.2          |
|    entropy_loss         | -0.405       |
|    explained_variance   | 0.393        |
|    learning_rate        | 5e-05        |
|    loss                 | 0.242        |
|    n_updates            | 1724         |
|    policy_gradient_loss | -0.00353     |
|    value_loss           | 0.323        |
------------------------------------------
------------------------------------------
| episode/                |              |
|    lines_cleared_mean   | 8.7          |
|    perfect_clears_mean  | 0            |
|    pieces_placed_mean   | 32.7         |
| rollout/                |              |
|    ep_len_mean          | 33.4         |
|    ep_rew_mean          | 48.5         |
| time/                   |              |
|    fps                  | 638          |
|    iterations           | 433          |
|    time_elapsed         | 5555         |
|    total_timesteps      | 3547136      |
| train/                  |              |
|    approx_kl            | 0.0031751909 |
|    clip_fraction        | 0.0223       |
|    clip_range           | 0.2          |
|    entropy_loss         | -0.396       |
|    explained_variance   | 0.403        |
|    learning_rate        | 5e-05        |
|    loss                 | 0.236        |
|    n_updates            | 1728         |
|    policy_gradient_loss | -0.00378     |
|    value_loss           | 0.305        |
------------------------------------------
------------------------------------------
| episode/                |              |
|    lines_cleared_mean   | 7.5          |
|    perfect_clears_mean  | 0            |
|    pieces_placed_mean   | 30.5         |
| rollout/                |              |
|    ep_len_mean          | 30.4         |
|    ep_rew_mean          | 41.4         |
| time/                   |              |
|    fps                  | 638          |
|    iterations           | 434          |
|    time_elapsed         | 5568         |
|    total_timesteps      | 3555328      |
| train/                  |              |
|    approx_kl            | 0.0025753574 |
|    clip_fraction        | 0.0158       |
|    clip_range           | 0.2          |
|    entropy_loss         | -0.389       |
|    explained_variance   | 0.421        |
|    learning_rate        | 5e-05        |
|    loss                 | 0.247        |
|    n_updates            | 1732         |
|    policy_gradient_loss | -0.00309     |
|    value_loss           | 0.29         |
------------------------------------------
------------------------------------------
| episode/                |              |
|    lines_cleared_mean   | 9.4          |
|    perfect_clears_mean  | 0            |
|    pieces_placed_mean   | 33.9         |
| rollout/                |              |
|    ep_len_mean          | 34.1         |
|    ep_rew_mean          | 49.8         |
| time/                   |              |
|    fps                  | 638          |
|    iterations           | 435          |
|    time_elapsed         | 5580         |
|    total_timesteps      | 3563520      |
| train/                  |              |
|    approx_kl            | 0.0026034084 |
|    clip_fraction        | 0.0195       |
|    clip_range           | 0.2          |
|    entropy_loss         | -0.398       |
|    explained_variance   | 0.434        |
|    learning_rate        | 5e-05        |
|    loss                 | 0.243        |
|    n_updates            | 1736         |
|    policy_gradient_loss | -0.00331     |
|    value_loss           | 0.295        |
------------------------------------------
----------------------------------------
| episode/                |            |
|    lines_cleared_mean   | 11.6       |
|    perfect_clears_mean  | 0          |
|    pieces_placed_mean   | 39.2       |
| rollout/                |            |
|    ep_len_mean          | 38.2       |
|    ep_rew_mean          | 59.4       |
| time/                   |            |
|    fps                  | 638        |
|    iterations           | 436        |
|    time_elapsed         | 5593       |
|    total_timesteps      | 3571712    |
| train/                  |            |
|    approx_kl            | 0.00245583 |
|    clip_fraction        | 0.015      |
|    clip_range           | 0.2        |
|    entropy_loss         | -0.381     |
|    explained_variance   | 0.371      |
|    learning_rate        | 5e-05      |
|    loss                 | 0.262      |
|    n_updates            | 1740       |
|    policy_gradient_loss | -0.00334   |
|    value_loss           | 0.308      |
----------------------------------------
------------------------------------------
| episode/                |              |
|    lines_cleared_mean   | 7.9          |
|    perfect_clears_mean  | 0            |
|    pieces_placed_mean   | 31.9         |
| rollout/                |              |
|    ep_len_mean          | 29.6         |
|    ep_rew_mean          | 39.2         |
| time/                   |              |
|    fps                  | 638          |
|    iterations           | 437          |
|    time_elapsed         | 5606         |
|    total_timesteps      | 3579904      |
| train/                  |              |
|    approx_kl            | 0.0025685504 |
|    clip_fraction        | 0.0182       |
|    clip_range           | 0.2          |
|    entropy_loss         | -0.373       |
|    explained_variance   | 0.353        |
|    learning_rate        | 5e-05        |
|    loss                 | 0.352        |
|    n_updates            | 1744         |
|    policy_gradient_loss | -0.00376     |
|    value_loss           | 0.348        |
------------------------------------------
------------------------------------------
| episode/                |              |
|    lines_cleared_mean   | 7.09         |
|    perfect_clears_mean  | 0            |
|    pieces_placed_mean   | 28.9         |
| rollout/                |              |
|    ep_len_mean          | 30.6         |
|    ep_rew_mean          | 42.2         |
| time/                   |              |
|    fps                  | 638          |
|    iterations           | 438          |
|    time_elapsed         | 5619         |
|    total_timesteps      | 3588096      |
| train/                  |              |
|    approx_kl            | 0.0026016636 |
|    clip_fraction        | 0.0157       |
|    clip_range           | 0.2          |
|    entropy_loss         | -0.398       |
|    explained_variance   | 0.413        |
|    learning_rate        | 5e-05        |
|    loss                 | 0.265        |
|    n_updates            | 1748         |
|    policy_gradient_loss | -0.00349     |
|    value_loss           | 0.325        |
------------------------------------------
-----------------------------------------
| episode/                |             |
|    lines_cleared_mean   | 9.3         |
|    perfect_clears_mean  | 0           |
|    pieces_placed_mean   | 34.9        |
| rollout/                |             |
|    ep_len_mean          | 32          |
|    ep_rew_mean          | 44.9        |
| time/                   |             |
|    fps                  | 638         |
|    iterations           | 439         |
|    time_elapsed         | 5631        |
|    total_timesteps      | 3596288     |
| train/                  |             |
|    approx_kl            | 0.003037552 |
|    clip_fraction        | 0.0196      |
|    clip_range           | 0.2         |
|    entropy_loss         | -0.401      |
|    explained_variance   | 0.423       |
|    learning_rate        | 5e-05       |
|    loss                 | 0.297       |
|    n_updates            | 1752        |
|    policy_gradient_loss | -0.00333    |
|    value_loss           | 0.311       |
-----------------------------------------
------------------------------------------
| episode/                |              |
|    lines_cleared_mean   | 8.8          |
|    perfect_clears_mean  | 0            |
|    pieces_placed_mean   | 33.8         |
| rollout/                |              |
|    ep_len_mean          | 34.6         |
|    ep_rew_mean          | 50.4         |
| time/                   |              |
|    fps                  | 638          |
|    iterations           | 440          |
|    time_elapsed         | 5644         |
|    total_timesteps      | 3604480      |
| train/                  |              |
|    approx_kl            | 0.0030148649 |
|    clip_fraction        | 0.0212       |
|    clip_range           | 0.2          |
|    entropy_loss         | -0.388       |
|    explained_variance   | 0.384        |
|    learning_rate        | 5e-05        |
|    loss                 | 0.251        |
|    n_updates            | 1756         |
|    policy_gradient_loss | -0.00384     |
|    value_loss           | 0.299        |
------------------------------------------
------------------------------------------
| episode/                |              |
|    lines_cleared_mean   | 7.4          |
|    perfect_clears_mean  | 0            |
|    pieces_placed_mean   | 29.4         |
| rollout/                |              |
|    ep_len_mean          | 31.8         |
|    ep_rew_mean          | 44.2         |
| time/                   |              |
|    fps                  | 638          |
|    iterations           | 441          |
|    time_elapsed         | 5657         |
|    total_timesteps      | 3612672      |
| train/                  |              |
|    approx_kl            | 0.0026960229 |
|    clip_fraction        | 0.0193       |
|    clip_range           | 0.2          |
|    entropy_loss         | -0.385       |
|    explained_variance   | 0.39         |
|    learning_rate        | 5e-05        |
|    loss                 | 0.252        |
|    n_updates            | 1760         |
|    policy_gradient_loss | -0.00352     |
|    value_loss           | 0.33         |
------------------------------------------
-----------------------------------------
| episode/                |             |
|    lines_cleared_mean   | 5.3         |
|    perfect_clears_mean  | 0           |
|    pieces_placed_mean   | 24.3        |
| rollout/                |             |
|    ep_len_mean          | 32.1        |
|    ep_rew_mean          | 45.2        |
| time/                   |             |
|    fps                  | 638         |
|    iterations           | 442         |
|    time_elapsed         | 5669        |
|    total_timesteps      | 3620864     |
| train/                  |             |
|    approx_kl            | 0.002938924 |
|    clip_fraction        | 0.0195      |
|    clip_range           | 0.2         |
|    entropy_loss         | -0.392      |
|    explained_variance   | 0.404       |
|    learning_rate        | 5e-05       |
|    loss                 | 0.247       |
|    n_updates            | 1764        |
|    policy_gradient_loss | -0.00365    |
|    value_loss           | 0.299       |
-----------------------------------------
------------------------------------------
| episode/                |              |
|    lines_cleared_mean   | 8.3          |
|    perfect_clears_mean  | 0            |
|    pieces_placed_mean   | 32.2         |
| rollout/                |              |
|    ep_len_mean          | 30.5         |
|    ep_rew_mean          | 41.3         |
| time/                   |              |
|    fps                  | 638          |
|    iterations           | 443          |
|    time_elapsed         | 5682         |
|    total_timesteps      | 3629056      |
| train/                  |              |
|    approx_kl            | 0.0026210563 |
|    clip_fraction        | 0.0187       |
|    clip_range           | 0.2          |
|    entropy_loss         | -0.391       |
|    explained_variance   | 0.418        |
|    learning_rate        | 5e-05        |
|    loss                 | 0.281        |
|    n_updates            | 1768         |
|    policy_gradient_loss | -0.00354     |
|    value_loss           | 0.304        |
------------------------------------------
-----------------------------------------
| episode/                |             |
|    lines_cleared_mean   | 10.5        |
|    perfect_clears_mean  | 0           |
|    pieces_placed_mean   | 36.9        |
| rollout/                |             |
|    ep_len_mean          | 31.3        |
|    ep_rew_mean          | 44          |
| time/                   |             |
|    fps                  | 638         |
|    iterations           | 444         |
|    time_elapsed         | 5695        |
|    total_timesteps      | 3637248     |
| train/                  |             |
|    approx_kl            | 0.002813849 |
|    clip_fraction        | 0.0185      |
|    clip_range           | 0.2         |
|    entropy_loss         | -0.397      |
|    explained_variance   | 0.368       |
|    learning_rate        | 5e-05       |
|    loss                 | 0.267       |
|    n_updates            | 1772        |
|    policy_gradient_loss | -0.00376    |
|    value_loss           | 0.314       |
-----------------------------------------
-----------------------------------------
| episode/                |             |
|    lines_cleared_mean   | 7.5         |
|    perfect_clears_mean  | 0           |
|    pieces_placed_mean   | 30.9        |
| rollout/                |             |
|    ep_len_mean          | 32.3        |
|    ep_rew_mean          | 46.1        |
| time/                   |             |
|    fps                  | 638         |
|    iterations           | 445         |
|    time_elapsed         | 5707        |
|    total_timesteps      | 3645440     |
| train/                  |             |
|    approx_kl            | 0.002674526 |
|    clip_fraction        | 0.0146      |
|    clip_range           | 0.2         |
|    entropy_loss         | -0.393      |
|    explained_variance   | 0.365       |
|    learning_rate        | 5e-05       |
|    loss                 | 0.285       |
|    n_updates            | 1776        |
|    policy_gradient_loss | -0.0034     |
|    value_loss           | 0.31        |
-----------------------------------------
------------------------------------------
| episode/                |              |
|    lines_cleared_mean   | 7.8          |
|    perfect_clears_mean  | 0            |
|    pieces_placed_mean   | 30.5         |
| rollout/                |              |
|    ep_len_mean          | 33.5         |
|    ep_rew_mean          | 48.4         |
| time/                   |              |
|    fps                  | 638          |
|    iterations           | 446          |
|    time_elapsed         | 5720         |
|    total_timesteps      | 3653632      |
| train/                  |              |
|    approx_kl            | 0.0021253119 |
|    clip_fraction        | 0.0139       |
|    clip_range           | 0.2          |
|    entropy_loss         | -0.377       |
|    explained_variance   | 0.361        |
|    learning_rate        | 5e-05        |
|    loss                 | 0.238        |
|    n_updates            | 1780         |
|    policy_gradient_loss | -0.0035      |
|    value_loss           | 0.328        |
------------------------------------------
-----------------------------------------
| episode/                |             |
|    lines_cleared_mean   | 6.82        |
|    perfect_clears_mean  | 0           |
|    pieces_placed_mean   | 29.3        |
| rollout/                |             |
|    ep_len_mean          | 31.4        |
|    ep_rew_mean          | 43.2        |
| time/                   |             |
|    fps                  | 638         |
|    iterations           | 447         |
|    time_elapsed         | 5733        |
|    total_timesteps      | 3661824     |
| train/                  |             |
|    approx_kl            | 0.003099969 |
|    clip_fraction        | 0.0228      |
|    clip_range           | 0.2         |
|    entropy_loss         | -0.388      |
|    explained_variance   | 0.409       |
|    learning_rate        | 5e-05       |
|    loss                 | 0.278       |
|    n_updates            | 1784        |
|    policy_gradient_loss | -0.00384    |
|    value_loss           | 0.303       |
-----------------------------------------
------------------------------------------
| episode/                |              |
|    lines_cleared_mean   | 8.7          |
|    perfect_clears_mean  | 0            |
|    pieces_placed_mean   | 32.6         |
| rollout/                |              |
|    ep_len_mean          | 32           |
|    ep_rew_mean          | 44.6         |
| time/                   |              |
|    fps                  | 638          |
|    iterations           | 448          |
|    time_elapsed         | 5746         |
|    total_timesteps      | 3670016      |
| train/                  |              |
|    approx_kl            | 0.0025481058 |
|    clip_fraction        | 0.0154       |
|    clip_range           | 0.2          |
|    entropy_loss         | -0.387       |
|    explained_variance   | 0.389        |
|    learning_rate        | 5e-05        |
|    loss                 | 0.243        |
|    n_updates            | 1788         |
|    policy_gradient_loss | -0.0035      |
|    value_loss           | 0.317        |
------------------------------------------
----------------------------------------
| episode/                |            |
|    lines_cleared_mean   | 4.9        |
|    perfect_clears_mean  | 0          |
|    pieces_placed_mean   | 23.6       |
| rollout/                |            |
|    ep_len_mean          | 29.8       |
|    ep_rew_mean          | 39.6       |
| time/                   |            |
|    fps                  | 638        |
|    iterations           | 449        |
|    time_elapsed         | 5758       |
|    total_timesteps      | 3678208    |
| train/                  |            |
|    approx_kl            | 0.00288506 |
|    clip_fraction        | 0.021      |
|    clip_range           | 0.2        |
|    entropy_loss         | -0.393     |
|    explained_variance   | 0.427      |
|    learning_rate        | 5e-05      |
|    loss                 | 0.273      |
|    n_updates            | 1792       |
|    policy_gradient_loss | -0.00427   |
|    value_loss           | 0.325      |
----------------------------------------
----------------------------------------
| episode/                |            |
|    lines_cleared_mean   | 8.5        |
|    perfect_clears_mean  | 0          |
|    pieces_placed_mean   | 34         |
| rollout/                |            |
|    ep_len_mean          | 31.6       |
|    ep_rew_mean          | 43.8       |
| time/                   |            |
|    fps                  | 638        |
|    iterations           | 450        |
|    time_elapsed         | 5771       |
|    total_timesteps      | 3686400    |
| train/                  |            |
|    approx_kl            | 0.00304298 |
|    clip_fraction        | 0.0209     |
|    clip_range           | 0.2        |
|    entropy_loss         | -0.401     |
|    explained_variance   | 0.42       |
|    learning_rate        | 5e-05      |
|    loss                 | 0.209      |
|    n_updates            | 1796       |
|    policy_gradient_loss | -0.00363   |
|    value_loss           | 0.277      |
----------------------------------------
-----------------------------------------
| episode/                |             |
|    lines_cleared_mean   | 8.18        |
|    perfect_clears_mean  | 0           |
|    pieces_placed_mean   | 31.5        |
| rollout/                |             |
|    ep_len_mean          | 32.5        |
|    ep_rew_mean          | 46.3        |
| time/                   |             |
|    fps                  | 638         |
|    iterations           | 451         |
|    time_elapsed         | 5784        |
|    total_timesteps      | 3694592     |
| train/                  |             |
|    approx_kl            | 0.002919811 |
|    clip_fraction        | 0.0181      |
|    clip_range           | 0.2         |
|    entropy_loss         | -0.394      |
|    explained_variance   | 0.339       |
|    learning_rate        | 5e-05       |
|    loss                 | 0.271       |
|    n_updates            | 1800        |
|    policy_gradient_loss | -0.0037     |
|    value_loss           | 0.307       |
-----------------------------------------
------------------------------------------
| episode/                |              |
|    lines_cleared_mean   | 9            |
|    perfect_clears_mean  | 0            |
|    pieces_placed_mean   | 34           |
| rollout/                |              |
|    ep_len_mean          | 30.5         |
|    ep_rew_mean          | 41.9         |
| time/                   |              |
|    fps                  | 638          |
|    iterations           | 452          |
|    time_elapsed         | 5796         |
|    total_timesteps      | 3702784      |
| train/                  |              |
|    approx_kl            | 0.0027799737 |
|    clip_fraction        | 0.0216       |
|    clip_range           | 0.2          |
|    entropy_loss         | -0.389       |
|    explained_variance   | 0.395        |
|    learning_rate        | 5e-05        |
|    loss                 | 0.243        |
|    n_updates            | 1804         |
|    policy_gradient_loss | -0.00412     |
|    value_loss           | 0.291        |
------------------------------------------
------------------------------------------
| episode/                |              |
|    lines_cleared_mean   | 5.7          |
|    perfect_clears_mean  | 0            |
|    pieces_placed_mean   | 26.9         |
| rollout/                |              |
|    ep_len_mean          | 30.9         |
|    ep_rew_mean          | 42.4         |
| time/                   |              |
|    fps                  | 638          |
|    iterations           | 453          |
|    time_elapsed         | 5809         |
|    total_timesteps      | 3710976      |
| train/                  |              |
|    approx_kl            | 0.0026146183 |
|    clip_fraction        | 0.0186       |
|    clip_range           | 0.2          |
|    entropy_loss         | -0.402       |
|    explained_variance   | 0.367        |
|    learning_rate        | 5e-05        |
|    loss                 | 0.255        |
|    n_updates            | 1808         |
|    policy_gradient_loss | -0.00365     |
|    value_loss           | 0.321        |
------------------------------------------
------------------------------------------
| episode/                |              |
|    lines_cleared_mean   | 9.2          |
|    perfect_clears_mean  | 0            |
|    pieces_placed_mean   | 34.5         |
| rollout/                |              |
|    ep_len_mean          | 32.2         |
|    ep_rew_mean          | 44.6         |
| time/                   |              |
|    fps                  | 638          |
|    iterations           | 454          |
|    time_elapsed         | 5822         |
|    total_timesteps      | 3719168      |
| train/                  |              |
|    approx_kl            | 0.0027790535 |
|    clip_fraction        | 0.0159       |
|    clip_range           | 0.2          |
|    entropy_loss         | -0.408       |
|    explained_variance   | 0.372        |
|    learning_rate        | 5e-05        |
|    loss                 | 0.252        |
|    n_updates            | 1812         |
|    policy_gradient_loss | -0.0029      |
|    value_loss           | 0.286        |
------------------------------------------
-----------------------------------------
| episode/                |             |
|    lines_cleared_mean   | 8.7         |
|    perfect_clears_mean  | 0           |
|    pieces_placed_mean   | 32.3        |
| rollout/                |             |
|    ep_len_mean          | 32.1        |
|    ep_rew_mean          | 45.4        |
| time/                   |             |
|    fps                  | 638         |
|    iterations           | 455         |
|    time_elapsed         | 5835        |
|    total_timesteps      | 3727360     |
| train/                  |             |
|    approx_kl            | 0.003046649 |
|    clip_fraction        | 0.0195      |
|    clip_range           | 0.2         |
|    entropy_loss         | -0.406      |
|    explained_variance   | 0.423       |
|    learning_rate        | 5e-05       |
|    loss                 | 0.227       |
|    n_updates            | 1816        |
|    policy_gradient_loss | -0.00358    |
|    value_loss           | 0.259       |
-----------------------------------------
------------------------------------------
| episode/                |              |
|    lines_cleared_mean   | 9            |
|    perfect_clears_mean  | 0            |
|    pieces_placed_mean   | 33.6         |
| rollout/                |              |
|    ep_len_mean          | 32.1         |
|    ep_rew_mean          | 45.1         |
| time/                   |              |
|    fps                  | 638          |
|    iterations           | 456          |
|    time_elapsed         | 5847         |
|    total_timesteps      | 3735552      |
| train/                  |              |
|    approx_kl            | 0.0035906113 |
|    clip_fraction        | 0.0271       |
|    clip_range           | 0.2          |
|    entropy_loss         | -0.404       |
|    explained_variance   | 0.333        |
|    learning_rate        | 5e-05        |
|    loss                 | 0.239        |
|    n_updates            | 1820         |
|    policy_gradient_loss | -0.0045      |
|    value_loss           | 0.293        |
------------------------------------------
------------------------------------------
| episode/                |              |
|    lines_cleared_mean   | 8.4          |
|    perfect_clears_mean  | 0            |
|    pieces_placed_mean   | 32.5         |
| rollout/                |              |
|    ep_len_mean          | 32.8         |
|    ep_rew_mean          | 46.5         |
| time/                   |              |
|    fps                  | 638          |
|    iterations           | 457          |
|    time_elapsed         | 5860         |
|    total_timesteps      | 3743744      |
| train/                  |              |
|    approx_kl            | 0.0028116228 |
|    clip_fraction        | 0.0179       |
|    clip_range           | 0.2          |
|    entropy_loss         | -0.402       |
|    explained_variance   | 0.414        |
|    learning_rate        | 5e-05        |
|    loss                 | 0.229        |
|    n_updates            | 1824         |
|    policy_gradient_loss | -0.00328     |
|    value_loss           | 0.281        |
------------------------------------------
------------------------------------------
| episode/                |              |
|    lines_cleared_mean   | 9.17         |
|    perfect_clears_mean  | 0            |
|    pieces_placed_mean   | 33.8         |
| rollout/                |              |
|    ep_len_mean          | 33.3         |
|    ep_rew_mean          | 47.9         |
| time/                   |              |
|    fps                  | 638          |
|    iterations           | 458          |
|    time_elapsed         | 5873         |
|    total_timesteps      | 3751936      |
| train/                  |              |
|    approx_kl            | 0.0025528548 |
|    clip_fraction        | 0.0165       |
|    clip_range           | 0.2          |
|    entropy_loss         | -0.389       |
|    explained_variance   | 0.316        |
|    learning_rate        | 5e-05        |
|    loss                 | 0.253        |
|    n_updates            | 1828         |
|    policy_gradient_loss | -0.00349     |
|    value_loss           | 0.321        |
------------------------------------------
------------------------------------------
| episode/                |              |
|    lines_cleared_mean   | 11.1         |
|    perfect_clears_mean  | 0            |
|    pieces_placed_mean   | 38.4         |
| rollout/                |              |
|    ep_len_mean          | 33.5         |
|    ep_rew_mean          | 48.7         |
| time/                   |              |
|    fps                  | 638          |
|    iterations           | 459          |
|    time_elapsed         | 5885         |
|    total_timesteps      | 3760128      |
| train/                  |              |
|    approx_kl            | 0.0024878536 |
|    clip_fraction        | 0.0139       |
|    clip_range           | 0.2          |
|    entropy_loss         | -0.395       |
|    explained_variance   | 0.389        |
|    learning_rate        | 5e-05        |
|    loss                 | 0.232        |
|    n_updates            | 1832         |
|    policy_gradient_loss | -0.00293     |
|    value_loss           | 0.304        |
------------------------------------------
------------------------------------------
| episode/                |              |
|    lines_cleared_mean   | 9.6          |
|    perfect_clears_mean  | 0.1          |
|    pieces_placed_mean   | 34.5         |
| rollout/                |              |
|    ep_len_mean          | 32           |
|    ep_rew_mean          | 45.1         |
| time/                   |              |
|    fps                  | 638          |
|    iterations           | 460          |
|    time_elapsed         | 5898         |
|    total_timesteps      | 3768320      |
| train/                  |              |
|    approx_kl            | 0.0029570148 |
|    clip_fraction        | 0.023        |
|    clip_range           | 0.2          |
|    entropy_loss         | -0.394       |
|    explained_variance   | 0.326        |
|    learning_rate        | 5e-05        |
|    loss                 | 0.269        |
|    n_updates            | 1836         |
|    policy_gradient_loss | -0.00422     |
|    value_loss           | 0.333        |
------------------------------------------
-----------------------------------------
| episode/                |             |
|    lines_cleared_mean   | 5.8         |
|    perfect_clears_mean  | 0           |
|    pieces_placed_mean   | 26.5        |
| rollout/                |             |
|    ep_len_mean          | 30.8        |
|    ep_rew_mean          | 42.7        |
| time/                   |             |
|    fps                  | 638         |
|    iterations           | 461         |
|    time_elapsed         | 5911        |
|    total_timesteps      | 3776512     |
| train/                  |             |
|    approx_kl            | 0.002507803 |
|    clip_fraction        | 0.0183      |
|    clip_range           | 0.2         |
|    entropy_loss         | -0.404      |
|    explained_variance   | 0.419       |
|    learning_rate        | 5e-05       |
|    loss                 | 0.217       |
|    n_updates            | 1840        |
|    policy_gradient_loss | -0.00336    |
|    value_loss           | 0.284       |
-----------------------------------------
------------------------------------------
| episode/                |              |
|    lines_cleared_mean   | 7.6          |
|    perfect_clears_mean  | 0            |
|    pieces_placed_mean   | 30.3         |
| rollout/                |              |
|    ep_len_mean          | 31           |
|    ep_rew_mean          | 42.9         |
| time/                   |              |
|    fps                  | 638          |
|    iterations           | 462          |
|    time_elapsed         | 5923         |
|    total_timesteps      | 3784704      |
| train/                  |              |
|    approx_kl            | 0.0032541181 |
|    clip_fraction        | 0.0269       |
|    clip_range           | 0.2          |
|    entropy_loss         | -0.405       |
|    explained_variance   | 0.378        |
|    learning_rate        | 5e-05        |
|    loss                 | 0.226        |
|    n_updates            | 1844         |
|    policy_gradient_loss | -0.00396     |
|    value_loss           | 0.293        |
------------------------------------------
------------------------------------------
| episode/                |              |
|    lines_cleared_mean   | 7.27         |
|    perfect_clears_mean  | 0            |
|    pieces_placed_mean   | 30.2         |
| rollout/                |              |
|    ep_len_mean          | 31.4         |
|    ep_rew_mean          | 43.5         |
| time/                   |              |
|    fps                  | 638          |
|    iterations           | 463          |
|    time_elapsed         | 5936         |
|    total_timesteps      | 3792896      |
| train/                  |              |
|    approx_kl            | 0.0030591283 |
|    clip_fraction        | 0.0202       |
|    clip_range           | 0.2          |
|    entropy_loss         | -0.408       |
|    explained_variance   | 0.411        |
|    learning_rate        | 5e-05        |
|    loss                 | 0.267        |
|    n_updates            | 1848         |
|    policy_gradient_loss | -0.00409     |
|    value_loss           | 0.28         |
------------------------------------------
------------------------------------------
| episode/                |              |
|    lines_cleared_mean   | 6.3          |
|    perfect_clears_mean  | 0            |
|    pieces_placed_mean   | 28.1         |
| rollout/                |              |
|    ep_len_mean          | 30.9         |
|    ep_rew_mean          | 43.3         |
| time/                   |              |
|    fps                  | 638          |
|    iterations           | 464          |
|    time_elapsed         | 5949         |
|    total_timesteps      | 3801088      |
| train/                  |              |
|    approx_kl            | 0.0027160044 |
|    clip_fraction        | 0.0146       |
|    clip_range           | 0.2          |
|    entropy_loss         | -0.41        |
|    explained_variance   | 0.374        |
|    learning_rate        | 5e-05        |
|    loss                 | 0.221        |
|    n_updates            | 1852         |
|    policy_gradient_loss | -0.00345     |
|    value_loss           | 0.292        |
------------------------------------------
------------------------------------------
| episode/                |              |
|    lines_cleared_mean   | 9            |
|    perfect_clears_mean  | 0            |
|    pieces_placed_mean   | 33.9         |
| rollout/                |              |
|    ep_len_mean          | 30.2         |
|    ep_rew_mean          | 41.3         |
| time/                   |              |
|    fps                  | 638          |
|    iterations           | 465          |
|    time_elapsed         | 5961         |
|    total_timesteps      | 3809280      |
| train/                  |              |
|    approx_kl            | 0.0028678654 |
|    clip_fraction        | 0.0159       |
|    clip_range           | 0.2          |
|    entropy_loss         | -0.388       |
|    explained_variance   | 0.418        |
|    learning_rate        | 5e-05        |
|    loss                 | 0.259        |
|    n_updates            | 1856         |
|    policy_gradient_loss | -0.00346     |
|    value_loss           | 0.298        |
------------------------------------------
------------------------------------------
| episode/                |              |
|    lines_cleared_mean   | 8.8          |
|    perfect_clears_mean  | 0            |
|    pieces_placed_mean   | 33.6         |
| rollout/                |              |
|    ep_len_mean          | 29.6         |
|    ep_rew_mean          | 40.5         |
| time/                   |              |
|    fps                  | 638          |
|    iterations           | 466          |
|    time_elapsed         | 5974         |
|    total_timesteps      | 3817472      |
| train/                  |              |
|    approx_kl            | 0.0032698717 |
|    clip_fraction        | 0.0253       |
|    clip_range           | 0.2          |
|    entropy_loss         | -0.406       |
|    explained_variance   | 0.417        |
|    learning_rate        | 5e-05        |
|    loss                 | 0.24         |
|    n_updates            | 1860         |
|    policy_gradient_loss | -0.004       |
|    value_loss           | 0.296        |
------------------------------------------
-----------------------------------------
| episode/                |             |
|    lines_cleared_mean   | 8.3         |
|    perfect_clears_mean  | 0           |
|    pieces_placed_mean   | 32.4        |
| rollout/                |             |
|    ep_len_mean          | 31.6        |
|    ep_rew_mean          | 44.1        |
| time/                   |             |
|    fps                  | 638         |
|    iterations           | 467         |
|    time_elapsed         | 5987        |
|    total_timesteps      | 3825664     |
| train/                  |             |
|    approx_kl            | 0.002899551 |
|    clip_fraction        | 0.0205      |
|    clip_range           | 0.2         |
|    entropy_loss         | -0.395      |
|    explained_variance   | 0.415       |
|    learning_rate        | 5e-05       |
|    loss                 | 0.273       |
|    n_updates            | 1864        |
|    policy_gradient_loss | -0.00336    |
|    value_loss           | 0.284       |
-----------------------------------------
------------------------------------------
| episode/                |              |
|    lines_cleared_mean   | 7.5          |
|    perfect_clears_mean  | 0            |
|    pieces_placed_mean   | 29.9         |
| rollout/                |              |
|    ep_len_mean          | 31.8         |
|    ep_rew_mean          | 44.3         |
| time/                   |              |
|    fps                  | 638          |
|    iterations           | 468          |
|    time_elapsed         | 5999         |
|    total_timesteps      | 3833856      |
| train/                  |              |
|    approx_kl            | 0.0026429486 |
|    clip_fraction        | 0.0211       |
|    clip_range           | 0.2          |
|    entropy_loss         | -0.403       |
|    explained_variance   | 0.424        |
|    learning_rate        | 5e-05        |
|    loss                 | 0.256        |
|    n_updates            | 1868         |
|    policy_gradient_loss | -0.00353     |
|    value_loss           | 0.287        |
------------------------------------------
------------------------------------------
| episode/                |              |
|    lines_cleared_mean   | 6.7          |
|    perfect_clears_mean  | 0            |
|    pieces_placed_mean   | 28.6         |
| rollout/                |              |
|    ep_len_mean          | 30.8         |
|    ep_rew_mean          | 42.1         |
| time/                   |              |
|    fps                  | 638          |
|    iterations           | 469          |
|    time_elapsed         | 6012         |
|    total_timesteps      | 3842048      |
| train/                  |              |
|    approx_kl            | 0.0025225757 |
|    clip_fraction        | 0.0154       |
|    clip_range           | 0.2          |
|    entropy_loss         | -0.384       |
|    explained_variance   | 0.386        |
|    learning_rate        | 5e-05        |
|    loss                 | 0.275        |
|    n_updates            | 1872         |
|    policy_gradient_loss | -0.00329     |
|    value_loss           | 0.323        |
------------------------------------------
-----------------------------------------
| episode/                |             |
|    lines_cleared_mean   | 8.1         |
|    perfect_clears_mean  | 0           |
|    pieces_placed_mean   | 32.1        |
| rollout/                |             |
|    ep_len_mean          | 31.6        |
|    ep_rew_mean          | 43.6        |
| time/                   |             |
|    fps                  | 638         |
|    iterations           | 470         |
|    time_elapsed         | 6025        |
|    total_timesteps      | 3850240     |
| train/                  |             |
|    approx_kl            | 0.003010963 |
|    clip_fraction        | 0.0219      |
|    clip_range           | 0.2         |
|    entropy_loss         | -0.401      |
|    explained_variance   | 0.393       |
|    learning_rate        | 5e-05       |
|    loss                 | 0.258       |
|    n_updates            | 1876        |
|    policy_gradient_loss | -0.00388    |
|    value_loss           | 0.27        |
-----------------------------------------
------------------------------------------
| episode/                |              |
|    lines_cleared_mean   | 5.9          |
|    perfect_clears_mean  | 0            |
|    pieces_placed_mean   | 25.6         |
| rollout/                |              |
|    ep_len_mean          | 32.1         |
|    ep_rew_mean          | 45.6         |
| time/                   |              |
|    fps                  | 639          |
|    iterations           | 471          |
|    time_elapsed         | 6038         |
|    total_timesteps      | 3858432      |
| train/                  |              |
|    approx_kl            | 0.0027444882 |
|    clip_fraction        | 0.0167       |
|    clip_range           | 0.2          |
|    entropy_loss         | -0.399       |
|    explained_variance   | 0.374        |
|    learning_rate        | 5e-05        |
|    loss                 | 0.222        |
|    n_updates            | 1880         |
|    policy_gradient_loss | -0.00333     |
|    value_loss           | 0.305        |
------------------------------------------
------------------------------------------
| episode/                |              |
|    lines_cleared_mean   | 7.6          |
|    perfect_clears_mean  | 0            |
|    pieces_placed_mean   | 31.6         |
| rollout/                |              |
|    ep_len_mean          | 31.1         |
|    ep_rew_mean          | 42.6         |
| time/                   |              |
|    fps                  | 639          |
|    iterations           | 472          |
|    time_elapsed         | 6050         |
|    total_timesteps      | 3866624      |
| train/                  |              |
|    approx_kl            | 0.0027132402 |
|    clip_fraction        | 0.0161       |
|    clip_range           | 0.2          |
|    entropy_loss         | -0.391       |
|    explained_variance   | 0.367        |
|    learning_rate        | 5e-05        |
|    loss                 | 0.268        |
|    n_updates            | 1884         |
|    policy_gradient_loss | -0.0036      |
|    value_loss           | 0.304        |
------------------------------------------
------------------------------------------
| episode/                |              |
|    lines_cleared_mean   | 7.1          |
|    perfect_clears_mean  | 0            |
|    pieces_placed_mean   | 29.5         |
| rollout/                |              |
|    ep_len_mean          | 30.6         |
|    ep_rew_mean          | 41.2         |
| time/                   |              |
|    fps                  | 639          |
|    iterations           | 473          |
|    time_elapsed         | 6063         |
|    total_timesteps      | 3874816      |
| train/                  |              |
|    approx_kl            | 0.0023708837 |
|    clip_fraction        | 0.0155       |
|    clip_range           | 0.2          |
|    entropy_loss         | -0.391       |
|    explained_variance   | 0.401        |
|    learning_rate        | 5e-05        |
|    loss                 | 0.309        |
|    n_updates            | 1888         |
|    policy_gradient_loss | -0.00341     |
|    value_loss           | 0.299        |
------------------------------------------
------------------------------------------
| episode/                |              |
|    lines_cleared_mean   | 8.09         |
|    perfect_clears_mean  | 0            |
|    pieces_placed_mean   | 32.4         |
| rollout/                |              |
|    ep_len_mean          | 32.6         |
|    ep_rew_mean          | 46.5         |
| time/                   |              |
|    fps                  | 639          |
|    iterations           | 474          |
|    time_elapsed         | 6076         |
|    total_timesteps      | 3883008      |
| train/                  |              |
|    approx_kl            | 0.0023217988 |
|    clip_fraction        | 0.0144       |
|    clip_range           | 0.2          |
|    entropy_loss         | -0.39        |
|    explained_variance   | 0.43         |
|    learning_rate        | 5e-05        |
|    loss                 | 0.245        |
|    n_updates            | 1892         |
|    policy_gradient_loss | -0.00312     |
|    value_loss           | 0.301        |
------------------------------------------
------------------------------------------
| episode/                |              |
|    lines_cleared_mean   | 5.4          |
|    perfect_clears_mean  | 0            |
|    pieces_placed_mean   | 25           |
| rollout/                |              |
|    ep_len_mean          | 30.7         |
|    ep_rew_mean          | 42           |
| time/                   |              |
|    fps                  | 639          |
|    iterations           | 475          |
|    time_elapsed         | 6088         |
|    total_timesteps      | 3891200      |
| train/                  |              |
|    approx_kl            | 0.0022822428 |
|    clip_fraction        | 0.0167       |
|    clip_range           | 0.2          |
|    entropy_loss         | -0.389       |
|    explained_variance   | 0.375        |
|    learning_rate        | 5e-05        |
|    loss                 | 0.268        |
|    n_updates            | 1896         |
|    policy_gradient_loss | -0.0034      |
|    value_loss           | 0.339        |
------------------------------------------
------------------------------------------
| episode/                |              |
|    lines_cleared_mean   | 4.4          |
|    perfect_clears_mean  | 0            |
|    pieces_placed_mean   | 22.7         |
| rollout/                |              |
|    ep_len_mean          | 29.5         |
|    ep_rew_mean          | 39           |
| time/                   |              |
|    fps                  | 639          |
|    iterations           | 476          |
|    time_elapsed         | 6101         |
|    total_timesteps      | 3899392      |
| train/                  |              |
|    approx_kl            | 0.0024396335 |
|    clip_fraction        | 0.0163       |
|    clip_range           | 0.2          |
|    entropy_loss         | -0.395       |
|    explained_variance   | 0.39         |
|    learning_rate        | 5e-05        |
|    loss                 | 0.228        |
|    n_updates            | 1900         |
|    policy_gradient_loss | -0.00314     |
|    value_loss           | 0.303        |
------------------------------------------
------------------------------------------
| episode/                |              |
|    lines_cleared_mean   | 8.5          |
|    perfect_clears_mean  | 0            |
|    pieces_placed_mean   | 32           |
| rollout/                |              |
|    ep_len_mean          | 32.9         |
|    ep_rew_mean          | 47           |
| time/                   |              |
|    fps                  | 639          |
|    iterations           | 477          |
|    time_elapsed         | 6114         |
|    total_timesteps      | 3907584      |
| train/                  |              |
|    approx_kl            | 0.0026335288 |
|    clip_fraction        | 0.0177       |
|    clip_range           | 0.2          |
|    entropy_loss         | -0.39        |
|    explained_variance   | 0.37         |
|    learning_rate        | 5e-05        |
|    loss                 | 0.295        |
|    n_updates            | 1904         |
|    policy_gradient_loss | -0.00353     |
|    value_loss           | 0.323        |
------------------------------------------
------------------------------------------
| episode/                |              |
|    lines_cleared_mean   | 9.8          |
|    perfect_clears_mean  | 0            |
|    pieces_placed_mean   | 36.6         |
| rollout/                |              |
|    ep_len_mean          | 31.4         |
|    ep_rew_mean          | 43.4         |
| time/                   |              |
|    fps                  | 639          |
|    iterations           | 478          |
|    time_elapsed         | 6127         |
|    total_timesteps      | 3915776      |
| train/                  |              |
|    approx_kl            | 0.0017892213 |
|    clip_fraction        | 0.00937      |
|    clip_range           | 0.2          |
|    entropy_loss         | -0.39        |
|    explained_variance   | 0.369        |
|    learning_rate        | 5e-05        |
|    loss                 | 0.263        |
|    n_updates            | 1908         |
|    policy_gradient_loss | -0.00225     |
|    value_loss           | 0.32         |
------------------------------------------
----------------------------------------
| episode/                |            |
|    lines_cleared_mean   | 8.45       |
|    perfect_clears_mean  | 0          |
|    pieces_placed_mean   | 32.5       |
| rollout/                |            |
|    ep_len_mean          | 32.1       |
|    ep_rew_mean          | 45.9       |
| time/                   |            |
|    fps                  | 639        |
|    iterations           | 479        |
|    time_elapsed         | 6139       |
|    total_timesteps      | 3923968    |
| train/                  |            |
|    approx_kl            | 0.00312101 |
|    clip_fraction        | 0.0217     |
|    clip_range           | 0.2        |
|    entropy_loss         | -0.396     |
|    explained_variance   | 0.412      |
|    learning_rate        | 5e-05      |
|    loss                 | 0.254      |
|    n_updates            | 1912       |
|    policy_gradient_loss | -0.00372   |
|    value_loss           | 0.312      |
----------------------------------------
------------------------------------------
| episode/                |              |
|    lines_cleared_mean   | 8            |
|    perfect_clears_mean  | 0            |
|    pieces_placed_mean   | 31.4         |
| rollout/                |              |
|    ep_len_mean          | 30.8         |
|    ep_rew_mean          | 42.7         |
| time/                   |              |
|    fps                  | 639          |
|    iterations           | 480          |
|    time_elapsed         | 6152         |
|    total_timesteps      | 3932160      |
| train/                  |              |
|    approx_kl            | 0.0028444324 |
|    clip_fraction        | 0.0174       |
|    clip_range           | 0.2          |
|    entropy_loss         | -0.384       |
|    explained_variance   | 0.413        |
|    learning_rate        | 5e-05        |
|    loss                 | 0.241        |
|    n_updates            | 1916         |
|    policy_gradient_loss | -0.00324     |
|    value_loss           | 0.299        |
------------------------------------------
------------------------------------------
| episode/                |              |
|    lines_cleared_mean   | 7.7          |
|    perfect_clears_mean  | 0            |
|    pieces_placed_mean   | 30.8         |
| rollout/                |              |
|    ep_len_mean          | 34.2         |
|    ep_rew_mean          | 49.7         |
| time/                   |              |
|    fps                  | 639          |
|    iterations           | 481          |
|    time_elapsed         | 6165         |
|    total_timesteps      | 3940352      |
| train/                  |              |
|    approx_kl            | 0.0024325117 |
|    clip_fraction        | 0.0142       |
|    clip_range           | 0.2          |
|    entropy_loss         | -0.389       |
|    explained_variance   | 0.381        |
|    learning_rate        | 5e-05        |
|    loss                 | 0.248        |
|    n_updates            | 1920         |
|    policy_gradient_loss | -0.00303     |
|    value_loss           | 0.311        |
------------------------------------------
-----------------------------------------
| episode/                |             |
|    lines_cleared_mean   | 6.6         |
|    perfect_clears_mean  | 0           |
|    pieces_placed_mean   | 28.3        |
| rollout/                |             |
|    ep_len_mean          | 31.1        |
|    ep_rew_mean          | 43.1        |
| time/                   |             |
|    fps                  | 639         |
|    iterations           | 482         |
|    time_elapsed         | 6177        |
|    total_timesteps      | 3948544     |
| train/                  |             |
|    approx_kl            | 0.002682956 |
|    clip_fraction        | 0.0177      |
|    clip_range           | 0.2         |
|    entropy_loss         | -0.373      |
|    explained_variance   | 0.39        |
|    learning_rate        | 5e-05       |
|    loss                 | 0.287       |
|    n_updates            | 1924        |
|    policy_gradient_loss | -0.00309    |
|    value_loss           | 0.333       |
-----------------------------------------
------------------------------------------
| episode/                |              |
|    lines_cleared_mean   | 6.8          |
|    perfect_clears_mean  | 0            |
|    pieces_placed_mean   | 28.1         |
| rollout/                |              |
|    ep_len_mean          | 32.7         |
|    ep_rew_mean          | 46.8         |
| time/                   |              |
|    fps                  | 639          |
|    iterations           | 483          |
|    time_elapsed         | 6190         |
|    total_timesteps      | 3956736      |
| train/                  |              |
|    approx_kl            | 0.0029197328 |
|    clip_fraction        | 0.02         |
|    clip_range           | 0.2          |
|    entropy_loss         | -0.389       |
|    explained_variance   | 0.412        |
|    learning_rate        | 5e-05        |
|    loss                 | 0.276        |
|    n_updates            | 1928         |
|    policy_gradient_loss | -0.00402     |
|    value_loss           | 0.302        |
------------------------------------------
------------------------------------------
| episode/                |              |
|    lines_cleared_mean   | 9.64         |
|    perfect_clears_mean  | 0            |
|    pieces_placed_mean   | 34.8         |
| rollout/                |              |
|    ep_len_mean          | 30.6         |
|    ep_rew_mean          | 42.3         |
| time/                   |              |
|    fps                  | 639          |
|    iterations           | 484          |
|    time_elapsed         | 6203         |
|    total_timesteps      | 3964928      |
| train/                  |              |
|    approx_kl            | 0.0024021633 |
|    clip_fraction        | 0.0166       |
|    clip_range           | 0.2          |
|    entropy_loss         | -0.39        |
|    explained_variance   | 0.351        |
|    learning_rate        | 5e-05        |
|    loss                 | 0.272        |
|    n_updates            | 1932         |
|    policy_gradient_loss | -0.00352     |
|    value_loss           | 0.321        |
------------------------------------------
------------------------------------------
| episode/                |              |
|    lines_cleared_mean   | 8.3          |
|    perfect_clears_mean  | 0            |
|    pieces_placed_mean   | 32.6         |
| rollout/                |              |
|    ep_len_mean          | 32.2         |
|    ep_rew_mean          | 45.5         |
| time/                   |              |
|    fps                  | 639          |
|    iterations           | 485          |
|    time_elapsed         | 6215         |
|    total_timesteps      | 3973120      |
| train/                  |              |
|    approx_kl            | 0.0029212711 |
|    clip_fraction        | 0.0225       |
|    clip_range           | 0.2          |
|    entropy_loss         | -0.389       |
|    explained_variance   | 0.367        |
|    learning_rate        | 5e-05        |
|    loss                 | 0.211        |
|    n_updates            | 1936         |
|    policy_gradient_loss | -0.00312     |
|    value_loss           | 0.291        |
------------------------------------------
------------------------------------------
| episode/                |              |
|    lines_cleared_mean   | 6.3          |
|    perfect_clears_mean  | 0            |
|    pieces_placed_mean   | 27.1         |
| rollout/                |              |
|    ep_len_mean          | 29.1         |
|    ep_rew_mean          | 38.6         |
| time/                   |              |
|    fps                  | 639          |
|    iterations           | 486          |
|    time_elapsed         | 6228         |
|    total_timesteps      | 3981312      |
| train/                  |              |
|    approx_kl            | 0.0025086028 |
|    clip_fraction        | 0.0198       |
|    clip_range           | 0.2          |
|    entropy_loss         | -0.382       |
|    explained_variance   | 0.39         |
|    learning_rate        | 5e-05        |
|    loss                 | 0.274        |
|    n_updates            | 1940         |
|    policy_gradient_loss | -0.00366     |
|    value_loss           | 0.294        |
------------------------------------------
------------------------------------------
| episode/                |              |
|    lines_cleared_mean   | 6            |
|    perfect_clears_mean  | 0            |
|    pieces_placed_mean   | 25.5         |
| rollout/                |              |
|    ep_len_mean          | 30.1         |
|    ep_rew_mean          | 40.9         |
| time/                   |              |
|    fps                  | 639          |
|    iterations           | 487          |
|    time_elapsed         | 6241         |
|    total_timesteps      | 3989504      |
| train/                  |              |
|    approx_kl            | 0.0022575327 |
|    clip_fraction        | 0.0139       |
|    clip_range           | 0.2          |
|    entropy_loss         | -0.387       |
|    explained_variance   | 0.403        |
|    learning_rate        | 5e-05        |
|    loss                 | 0.24         |
|    n_updates            | 1944         |
|    policy_gradient_loss | -0.00255     |
|    value_loss           | 0.272        |
------------------------------------------
------------------------------------------
| episode/                |              |
|    lines_cleared_mean   | 11           |
|    perfect_clears_mean  | 0            |
|    pieces_placed_mean   | 38.6         |
| rollout/                |              |
|    ep_len_mean          | 33           |
|    ep_rew_mean          | 47.1         |
| time/                   |              |
|    fps                  | 639          |
|    iterations           | 488          |
|    time_elapsed         | 6254         |
|    total_timesteps      | 3997696      |
| train/                  |              |
|    approx_kl            | 0.0028814415 |
|    clip_fraction        | 0.0206       |
|    clip_range           | 0.2          |
|    entropy_loss         | -0.4         |
|    explained_variance   | 0.376        |
|    learning_rate        | 5e-05        |
|    loss                 | 0.211        |
|    n_updates            | 1948         |
|    policy_gradient_loss | -0.0033      |
|    value_loss           | 0.277        |
------------------------------------------
-----------------------------------------
| episode/                |             |
|    lines_cleared_mean   | 9.4         |
|    perfect_clears_mean  | 0           |
|    pieces_placed_mean   | 34.1        |
| rollout/                |             |
|    ep_len_mean          | 32.7        |
|    ep_rew_mean          | 47.3        |
| time/                   |             |
|    fps                  | 639         |
|    iterations           | 489         |
|    time_elapsed         | 6266        |
|    total_timesteps      | 4005888     |
| train/                  |             |
|    approx_kl            | 0.002973689 |
|    clip_fraction        | 0.0213      |
|    clip_range           | 0.2         |
|    entropy_loss         | -0.384      |
|    explained_variance   | 0.363       |
|    learning_rate        | 5e-05       |
|    loss                 | 0.262       |
|    n_updates            | 1952        |
|    policy_gradient_loss | -0.00436    |
|    value_loss           | 0.297       |
-----------------------------------------
------------------------------------------
| episode/                |              |
|    lines_cleared_mean   | 8.9          |
|    perfect_clears_mean  | 0            |
|    pieces_placed_mean   | 32.8         |
| rollout/                |              |
|    ep_len_mean          | 30.3         |
|    ep_rew_mean          | 41.3         |
| time/                   |              |
|    fps                  | 639          |
|    iterations           | 490          |
|    time_elapsed         | 6279         |
|    total_timesteps      | 4014080      |
| train/                  |              |
|    approx_kl            | 0.0022811582 |
|    clip_fraction        | 0.0112       |
|    clip_range           | 0.2          |
|    entropy_loss         | -0.384       |
|    explained_variance   | 0.356        |
|    learning_rate        | 5e-05        |
|    loss                 | 0.276        |
|    n_updates            | 1956         |
|    policy_gradient_loss | -0.00293     |
|    value_loss           | 0.303        |
------------------------------------------
-----------------------------------------
| episode/                |             |
|    lines_cleared_mean   | 8.1         |
|    perfect_clears_mean  | 0           |
|    pieces_placed_mean   | 32.2        |
| rollout/                |             |
|    ep_len_mean          | 32          |
|    ep_rew_mean          | 44.7        |
| time/                   |             |
|    fps                  | 639         |
|    iterations           | 491         |
|    time_elapsed         | 6292        |
|    total_timesteps      | 4022272     |
| train/                  |             |
|    approx_kl            | 0.002607488 |
|    clip_fraction        | 0.0206      |
|    clip_range           | 0.2         |
|    entropy_loss         | -0.386      |
|    explained_variance   | 0.384       |
|    learning_rate        | 5e-05       |
|    loss                 | 0.287       |
|    n_updates            | 1960        |
|    policy_gradient_loss | -0.00333    |
|    value_loss           | 0.309       |
-----------------------------------------
-----------------------------------------
| episode/                |             |
|    lines_cleared_mean   | 12.3        |
|    perfect_clears_mean  | 0           |
|    pieces_placed_mean   | 40.8        |
| rollout/                |             |
|    ep_len_mean          | 33.7        |
|    ep_rew_mean          | 49.3        |
| time/                   |             |
|    fps                  | 639         |
|    iterations           | 492         |
|    time_elapsed         | 6304        |
|    total_timesteps      | 4030464     |
| train/                  |             |
|    approx_kl            | 0.002873037 |
|    clip_fraction        | 0.0215      |
|    clip_range           | 0.2         |
|    entropy_loss         | -0.383      |
|    explained_variance   | 0.387       |
|    learning_rate        | 5e-05       |
|    loss                 | 0.252       |
|    n_updates            | 1964        |
|    policy_gradient_loss | -0.00397    |
|    value_loss           | 0.317       |
-----------------------------------------
------------------------------------------
| episode/                |              |
|    lines_cleared_mean   | 7            |
|    perfect_clears_mean  | 0            |
|    pieces_placed_mean   | 28.4         |
| rollout/                |              |
|    ep_len_mean          | 32.1         |
|    ep_rew_mean          | 45.6         |
| time/                   |              |
|    fps                  | 639          |
|    iterations           | 493          |
|    time_elapsed         | 6317         |
|    total_timesteps      | 4038656      |
| train/                  |              |
|    approx_kl            | 0.0026862505 |
|    clip_fraction        | 0.0185       |
|    clip_range           | 0.2          |
|    entropy_loss         | -0.379       |
|    explained_variance   | 0.356        |
|    learning_rate        | 5e-05        |
|    loss                 | 0.265        |
|    n_updates            | 1968         |
|    policy_gradient_loss | -0.00376     |
|    value_loss           | 0.326        |
------------------------------------------
-----------------------------------------
| episode/                |             |
|    lines_cleared_mean   | 7.45        |
|    perfect_clears_mean  | 0           |
|    pieces_placed_mean   | 30.8        |
| rollout/                |             |
|    ep_len_mean          | 33.4        |
|    ep_rew_mean          | 48          |
| time/                   |             |
|    fps                  | 639         |
|    iterations           | 494         |
|    time_elapsed         | 6330        |
|    total_timesteps      | 4046848     |
| train/                  |             |
|    approx_kl            | 0.002301144 |
|    clip_fraction        | 0.016       |
|    clip_range           | 0.2         |
|    entropy_loss         | -0.394      |
|    explained_variance   | 0.364       |
|    learning_rate        | 5e-05       |
|    loss                 | 0.282       |
|    n_updates            | 1972        |
|    policy_gradient_loss | -0.00314    |
|    value_loss           | 0.331       |
-----------------------------------------
------------------------------------------
| episode/                |              |
|    lines_cleared_mean   | 8.5          |
|    perfect_clears_mean  | 0            |
|    pieces_placed_mean   | 32.2         |
| rollout/                |              |
|    ep_len_mean          | 33.1         |
|    ep_rew_mean          | 47           |
| time/                   |              |
|    fps                  | 639          |
|    iterations           | 495          |
|    time_elapsed         | 6342         |
|    total_timesteps      | 4055040      |
| train/                  |              |
|    approx_kl            | 0.0022314214 |
|    clip_fraction        | 0.0125       |
|    clip_range           | 0.2          |
|    entropy_loss         | -0.391       |
|    explained_variance   | 0.347        |
|    learning_rate        | 5e-05        |
|    loss                 | 0.272        |
|    n_updates            | 1976         |
|    policy_gradient_loss | -0.0027      |
|    value_loss           | 0.327        |
------------------------------------------
-----------------------------------------
| episode/                |             |
|    lines_cleared_mean   | 6           |
|    perfect_clears_mean  | 0           |
|    pieces_placed_mean   | 27.1        |
| rollout/                |             |
|    ep_len_mean          | 31.4        |
|    ep_rew_mean          | 43.6        |
| time/                   |             |
|    fps                  | 639         |
|    iterations           | 496         |
|    time_elapsed         | 6355        |
|    total_timesteps      | 4063232     |
| train/                  |             |
|    approx_kl            | 0.002227204 |
|    clip_fraction        | 0.0133      |
|    clip_range           | 0.2         |
|    entropy_loss         | -0.374      |
|    explained_variance   | 0.298       |
|    learning_rate        | 5e-05       |
|    loss                 | 0.321       |
|    n_updates            | 1980        |
|    policy_gradient_loss | -0.00329    |
|    value_loss           | 0.374       |
-----------------------------------------
------------------------------------------
| episode/                |              |
|    lines_cleared_mean   | 6.9          |
|    perfect_clears_mean  | 0            |
|    pieces_placed_mean   | 28.9         |
| rollout/                |              |
|    ep_len_mean          | 30.9         |
|    ep_rew_mean          | 41.8         |
| time/                   |              |
|    fps                  | 639          |
|    iterations           | 497          |
|    time_elapsed         | 6368         |
|    total_timesteps      | 4071424      |
| train/                  |              |
|    approx_kl            | 0.0022936317 |
|    clip_fraction        | 0.0142       |
|    clip_range           | 0.2          |
|    entropy_loss         | -0.381       |
|    explained_variance   | 0.4          |
|    learning_rate        | 5e-05        |
|    loss                 | 0.273        |
|    n_updates            | 1984         |
|    policy_gradient_loss | -0.00326     |
|    value_loss           | 0.295        |
------------------------------------------
-----------------------------------------
| episode/                |             |
|    lines_cleared_mean   | 9.1         |
|    perfect_clears_mean  | 0           |
|    pieces_placed_mean   | 34.2        |
| rollout/                |             |
|    ep_len_mean          | 31.1        |
|    ep_rew_mean          | 43          |
| time/                   |             |
|    fps                  | 639         |
|    iterations           | 498         |
|    time_elapsed         | 6380        |
|    total_timesteps      | 4079616     |
| train/                  |             |
|    approx_kl            | 0.002795286 |
|    clip_fraction        | 0.018       |
|    clip_range           | 0.2         |
|    entropy_loss         | -0.386      |
|    explained_variance   | 0.41        |
|    learning_rate        | 5e-05       |
|    loss                 | 0.206       |
|    n_updates            | 1988        |
|    policy_gradient_loss | -0.00373    |
|    value_loss           | 0.281       |
-----------------------------------------
------------------------------------------
| episode/                |              |
|    lines_cleared_mean   | 11.6         |
|    perfect_clears_mean  | 0            |
|    pieces_placed_mean   | 39.8         |
| rollout/                |              |
|    ep_len_mean          | 34.3         |
|    ep_rew_mean          | 50.4         |
| time/                   |              |
|    fps                  | 639          |
|    iterations           | 499          |
|    time_elapsed         | 6393         |
|    total_timesteps      | 4087808      |
| train/                  |              |
|    approx_kl            | 0.0026144842 |
|    clip_fraction        | 0.0178       |
|    clip_range           | 0.2          |
|    entropy_loss         | -0.388       |
|    explained_variance   | 0.411        |
|    learning_rate        | 5e-05        |
|    loss                 | 0.238        |
|    n_updates            | 1992         |
|    policy_gradient_loss | -0.00348     |
|    value_loss           | 0.277        |
------------------------------------------
-----------------------------------------
| episode/                |             |
|    lines_cleared_mean   | 8.1         |
|    perfect_clears_mean  | 0           |
|    pieces_placed_mean   | 32.3        |
| rollout/                |             |
|    ep_len_mean          | 31.4        |
|    ep_rew_mean          | 44          |
| time/                   |             |
|    fps                  | 639         |
|    iterations           | 500         |
|    time_elapsed         | 6406        |
|    total_timesteps      | 4096000     |
| train/                  |             |
|    approx_kl            | 0.002361948 |
|    clip_fraction        | 0.0161      |
|    clip_range           | 0.2         |
|    entropy_loss         | -0.386      |
|    explained_variance   | 0.329       |
|    learning_rate        | 5e-05       |
|    loss                 | 0.26        |
|    n_updates            | 1996        |
|    policy_gradient_loss | -0.00344    |
|    value_loss           | 0.337       |
-----------------------------------------
------------------------------------------
| episode/                |              |
|    lines_cleared_mean   | 8.2          |
|    perfect_clears_mean  | 0            |
|    pieces_placed_mean   | 30.6         |
| rollout/                |              |
|    ep_len_mean          | 34.5         |
|    ep_rew_mean          | 50.4         |
| time/                   |              |
|    fps                  | 639          |
|    iterations           | 501          |
|    time_elapsed         | 6419         |
|    total_timesteps      | 4104192      |
| train/                  |              |
|    approx_kl            | 0.0024054507 |
|    clip_fraction        | 0.0164       |
|    clip_range           | 0.2          |
|    entropy_loss         | -0.386       |
|    explained_variance   | 0.366        |
|    learning_rate        | 5e-05        |
|    loss                 | 0.229        |
|    n_updates            | 2000         |
|    policy_gradient_loss | -0.00319     |
|    value_loss           | 0.311        |
------------------------------------------
------------------------------------------
| episode/                |              |
|    lines_cleared_mean   | 9.2          |
|    perfect_clears_mean  | 0            |
|    pieces_placed_mean   | 33.9         |
| rollout/                |              |
|    ep_len_mean          | 31.8         |
|    ep_rew_mean          | 43.8         |
| time/                   |              |
|    fps                  | 639          |
|    iterations           | 502          |
|    time_elapsed         | 6431         |
|    total_timesteps      | 4112384      |
| train/                  |              |
|    approx_kl            | 0.0026793852 |
|    clip_fraction        | 0.0166       |
|    clip_range           | 0.2          |
|    entropy_loss         | -0.39        |
|    explained_variance   | 0.369        |
|    learning_rate        | 5e-05        |
|    loss                 | 0.217        |
|    n_updates            | 2004         |
|    policy_gradient_loss | -0.00387     |
|    value_loss           | 0.312        |
------------------------------------------
-----------------------------------------
| episode/                |             |
|    lines_cleared_mean   | 9.64        |
|    perfect_clears_mean  | 0           |
|    pieces_placed_mean   | 34.7        |
| rollout/                |             |
|    ep_len_mean          | 32.4        |
|    ep_rew_mean          | 45.4        |
| time/                   |             |
|    fps                  | 639         |
|    iterations           | 503         |
|    time_elapsed         | 6444        |
|    total_timesteps      | 4120576     |
| train/                  |             |
|    approx_kl            | 0.002920731 |
|    clip_fraction        | 0.0219      |
|    clip_range           | 0.2         |
|    entropy_loss         | -0.378      |
|    explained_variance   | 0.396       |
|    learning_rate        | 5e-05       |
|    loss                 | 0.2         |
|    n_updates            | 2008        |
|    policy_gradient_loss | -0.00429    |
|    value_loss           | 0.286       |
-----------------------------------------
------------------------------------------
| episode/                |              |
|    lines_cleared_mean   | 9.8          |
|    perfect_clears_mean  | 0            |
|    pieces_placed_mean   | 35.4         |
| rollout/                |              |
|    ep_len_mean          | 31.3         |
|    ep_rew_mean          | 43.7         |
| time/                   |              |
|    fps                  | 639          |
|    iterations           | 504          |
|    time_elapsed         | 6457         |
|    total_timesteps      | 4128768      |
| train/                  |              |
|    approx_kl            | 0.0034492412 |
|    clip_fraction        | 0.0238       |
|    clip_range           | 0.2          |
|    entropy_loss         | -0.38        |
|    explained_variance   | 0.407        |
|    learning_rate        | 5e-05        |
|    loss                 | 0.226        |
|    n_updates            | 2012         |
|    policy_gradient_loss | -0.0041      |
|    value_loss           | 0.286        |
------------------------------------------
------------------------------------------
| episode/                |              |
|    lines_cleared_mean   | 10.1         |
|    perfect_clears_mean  | 0            |
|    pieces_placed_mean   | 36.2         |
| rollout/                |              |
|    ep_len_mean          | 30.6         |
|    ep_rew_mean          | 41.9         |
| time/                   |              |
|    fps                  | 639          |
|    iterations           | 505          |
|    time_elapsed         | 6469         |
|    total_timesteps      | 4136960      |
| train/                  |              |
|    approx_kl            | 0.0024251663 |
|    clip_fraction        | 0.0174       |
|    clip_range           | 0.2          |
|    entropy_loss         | -0.385       |
|    explained_variance   | 0.396        |
|    learning_rate        | 5e-05        |
|    loss                 | 0.261        |
|    n_updates            | 2016         |
|    policy_gradient_loss | -0.0036      |
|    value_loss           | 0.291        |
------------------------------------------
------------------------------------------
| episode/                |              |
|    lines_cleared_mean   | 7.7          |
|    perfect_clears_mean  | 0            |
|    pieces_placed_mean   | 30.7         |
| rollout/                |              |
|    ep_len_mean          | 32.9         |
|    ep_rew_mean          | 47.4         |
| time/                   |              |
|    fps                  | 639          |
|    iterations           | 506          |
|    time_elapsed         | 6482         |
|    total_timesteps      | 4145152      |
| train/                  |              |
|    approx_kl            | 0.0024908076 |
|    clip_fraction        | 0.0191       |
|    clip_range           | 0.2          |
|    entropy_loss         | -0.382       |
|    explained_variance   | 0.386        |
|    learning_rate        | 5e-05        |
|    loss                 | 0.262        |
|    n_updates            | 2020         |
|    policy_gradient_loss | -0.00335     |
|    value_loss           | 0.306        |
------------------------------------------
------------------------------------------
| episode/                |              |
|    lines_cleared_mean   | 3.18         |
|    perfect_clears_mean  | 0            |
|    pieces_placed_mean   | 19.7         |
| rollout/                |              |
|    ep_len_mean          | 31           |
|    ep_rew_mean          | 43           |
| time/                   |              |
|    fps                  | 639          |
|    iterations           | 507          |
|    time_elapsed         | 6495         |
|    total_timesteps      | 4153344      |
| train/                  |              |
|    approx_kl            | 0.0030050792 |
|    clip_fraction        | 0.0237       |
|    clip_range           | 0.2          |
|    entropy_loss         | -0.376       |
|    explained_variance   | 0.377        |
|    learning_rate        | 5e-05        |
|    loss                 | 0.249        |
|    n_updates            | 2024         |
|    policy_gradient_loss | -0.0039      |
|    value_loss           | 0.307        |
------------------------------------------
------------------------------------------
| episode/                |              |
|    lines_cleared_mean   | 6.27         |
|    perfect_clears_mean  | 0            |
|    pieces_placed_mean   | 28           |
| rollout/                |              |
|    ep_len_mean          | 31.5         |
|    ep_rew_mean          | 44.1         |
| time/                   |              |
|    fps                  | 639          |
|    iterations           | 508          |
|    time_elapsed         | 6508         |
|    total_timesteps      | 4161536      |
| train/                  |              |
|    approx_kl            | 0.0026025656 |
|    clip_fraction        | 0.0163       |
|    clip_range           | 0.2          |
|    entropy_loss         | -0.393       |
|    explained_variance   | 0.34         |
|    learning_rate        | 5e-05        |
|    loss                 | 0.222        |
|    n_updates            | 2028         |
|    policy_gradient_loss | -0.00306     |
|    value_loss           | 0.32         |
------------------------------------------
------------------------------------------
| episode/                |              |
|    lines_cleared_mean   | 11.3         |
|    perfect_clears_mean  | 0            |
|    pieces_placed_mean   | 39.2         |
| rollout/                |              |
|    ep_len_mean          | 31.6         |
|    ep_rew_mean          | 44.2         |
| time/                   |              |
|    fps                  | 639          |
|    iterations           | 509          |
|    time_elapsed         | 6520         |
|    total_timesteps      | 4169728      |
| train/                  |              |
|    approx_kl            | 0.0025608751 |
|    clip_fraction        | 0.0161       |
|    clip_range           | 0.2          |
|    entropy_loss         | -0.392       |
|    explained_variance   | 0.418        |
|    learning_rate        | 5e-05        |
|    loss                 | 0.217        |
|    n_updates            | 2032         |
|    policy_gradient_loss | -0.0031      |
|    value_loss           | 0.277        |
------------------------------------------
------------------------------------------
| episode/                |              |
|    lines_cleared_mean   | 6.2          |
|    perfect_clears_mean  | 0            |
|    pieces_placed_mean   | 26.5         |
| rollout/                |              |
|    ep_len_mean          | 33.5         |
|    ep_rew_mean          | 48.7         |
| time/                   |              |
|    fps                  | 639          |
|    iterations           | 510          |
|    time_elapsed         | 6533         |
|    total_timesteps      | 4177920      |
| train/                  |              |
|    approx_kl            | 0.0028249875 |
|    clip_fraction        | 0.0206       |
|    clip_range           | 0.2          |
|    entropy_loss         | -0.391       |
|    explained_variance   | 0.366        |
|    learning_rate        | 5e-05        |
|    loss                 | 0.257        |
|    n_updates            | 2036         |
|    policy_gradient_loss | -0.00346     |
|    value_loss           | 0.298        |
------------------------------------------
-----------------------------------------
| episode/                |             |
|    lines_cleared_mean   | 9           |
|    perfect_clears_mean  | 0           |
|    pieces_placed_mean   | 34.1        |
| rollout/                |             |
|    ep_len_mean          | 33          |
|    ep_rew_mean          | 47.6        |
| time/                   |             |
|    fps                  | 639         |
|    iterations           | 511         |
|    time_elapsed         | 6546        |
|    total_timesteps      | 4186112     |
| train/                  |             |
|    approx_kl            | 0.002657746 |
|    clip_fraction        | 0.0177      |
|    clip_range           | 0.2         |
|    entropy_loss         | -0.385      |
|    explained_variance   | 0.344       |
|    learning_rate        | 5e-05       |
|    loss                 | 0.267       |
|    n_updates            | 2040        |
|    policy_gradient_loss | -0.00344    |
|    value_loss           | 0.289       |
-----------------------------------------
------------------------------------------
| episode/                |              |
|    lines_cleared_mean   | 12.3         |
|    perfect_clears_mean  | 0            |
|    pieces_placed_mean   | 41.9         |
| rollout/                |              |
|    ep_len_mean          | 33.6         |
|    ep_rew_mean          | 48.2         |
| time/                   |              |
|    fps                  | 639          |
|    iterations           | 512          |
|    time_elapsed         | 6558         |
|    total_timesteps      | 4194304      |
| train/                  |              |
|    approx_kl            | 0.0028829172 |
|    clip_fraction        | 0.0223       |
|    clip_range           | 0.2          |
|    entropy_loss         | -0.384       |
|    explained_variance   | 0.39         |
|    learning_rate        | 5e-05        |
|    loss                 | 0.267        |
|    n_updates            | 2044         |
|    policy_gradient_loss | -0.00361     |
|    value_loss           | 0.292        |
------------------------------------------
-----------------------------------------
| episode/                |             |
|    lines_cleared_mean   | 6.45        |
|    perfect_clears_mean  | 0           |
|    pieces_placed_mean   | 28.1        |
| rollout/                |             |
|    ep_len_mean          | 31.2        |
|    ep_rew_mean          | 42.6        |
| time/                   |             |
|    fps                  | 639         |
|    iterations           | 513         |
|    time_elapsed         | 6571        |
|    total_timesteps      | 4202496     |
| train/                  |             |
|    approx_kl            | 0.002709716 |
|    clip_fraction        | 0.0202      |
|    clip_range           | 0.2         |
|    entropy_loss         | -0.386      |
|    explained_variance   | 0.365       |
|    learning_rate        | 5e-05       |
|    loss                 | 0.293       |
|    n_updates            | 2048        |
|    policy_gradient_loss | -0.00412    |
|    value_loss           | 0.331       |
-----------------------------------------
------------------------------------------
| episode/                |              |
|    lines_cleared_mean   | 4.6          |
|    perfect_clears_mean  | 0            |
|    pieces_placed_mean   | 22.8         |
| rollout/                |              |
|    ep_len_mean          | 31.1         |
|    ep_rew_mean          | 43.2         |
| time/                   |              |
|    fps                  | 639          |
|    iterations           | 514          |
|    time_elapsed         | 6584         |
|    total_timesteps      | 4210688      |
| train/                  |              |
|    approx_kl            | 0.0027811117 |
|    clip_fraction        | 0.0186       |
|    clip_range           | 0.2          |
|    entropy_loss         | -0.387       |
|    explained_variance   | 0.386        |
|    learning_rate        | 5e-05        |
|    loss                 | 0.239        |
|    n_updates            | 2052         |
|    policy_gradient_loss | -0.0039      |
|    value_loss           | 0.308        |
------------------------------------------
------------------------------------------
| episode/                |              |
|    lines_cleared_mean   | 9.1          |
|    perfect_clears_mean  | 0            |
|    pieces_placed_mean   | 33.3         |
| rollout/                |              |
|    ep_len_mean          | 31.4         |
|    ep_rew_mean          | 44.1         |
| time/                   |              |
|    fps                  | 639          |
|    iterations           | 515          |
|    time_elapsed         | 6596         |
|    total_timesteps      | 4218880      |
| train/                  |              |
|    approx_kl            | 0.0027973317 |
|    clip_fraction        | 0.018        |
|    clip_range           | 0.2          |
|    entropy_loss         | -0.397       |
|    explained_variance   | 0.395        |
|    learning_rate        | 5e-05        |
|    loss                 | 0.251        |
|    n_updates            | 2056         |
|    policy_gradient_loss | -0.00316     |
|    value_loss           | 0.316        |
------------------------------------------
------------------------------------------
| episode/                |              |
|    lines_cleared_mean   | 10.8         |
|    perfect_clears_mean  | 0            |
|    pieces_placed_mean   | 36.2         |
| rollout/                |              |
|    ep_len_mean          | 31.6         |
|    ep_rew_mean          | 44.3         |
| time/                   |              |
|    fps                  | 639          |
|    iterations           | 516          |
|    time_elapsed         | 6609         |
|    total_timesteps      | 4227072      |
| train/                  |              |
|    approx_kl            | 0.0025735414 |
|    clip_fraction        | 0.018        |
|    clip_range           | 0.2          |
|    entropy_loss         | -0.384       |
|    explained_variance   | 0.341        |
|    learning_rate        | 5e-05        |
|    loss                 | 0.268        |
|    n_updates            | 2060         |
|    policy_gradient_loss | -0.00372     |
|    value_loss           | 0.321        |
------------------------------------------
------------------------------------------
| episode/                |              |
|    lines_cleared_mean   | 9.6          |
|    perfect_clears_mean  | 0            |
|    pieces_placed_mean   | 36.1         |
| rollout/                |              |
|    ep_len_mean          | 32.9         |
|    ep_rew_mean          | 46.3         |
| time/                   |              |
|    fps                  | 639          |
|    iterations           | 517          |
|    time_elapsed         | 6622         |
|    total_timesteps      | 4235264      |
| train/                  |              |
|    approx_kl            | 0.0028109476 |
|    clip_fraction        | 0.0202       |
|    clip_range           | 0.2          |
|    entropy_loss         | -0.4         |
|    explained_variance   | 0.399        |
|    learning_rate        | 5e-05        |
|    loss                 | 0.262        |
|    n_updates            | 2064         |
|    policy_gradient_loss | -0.00383     |
|    value_loss           | 0.285        |
------------------------------------------
------------------------------------------
| episode/                |              |
|    lines_cleared_mean   | 8.8          |
|    perfect_clears_mean  | 0            |
|    pieces_placed_mean   | 33           |
| rollout/                |              |
|    ep_len_mean          | 32.5         |
|    ep_rew_mean          | 45.9         |
| time/                   |              |
|    fps                  | 639          |
|    iterations           | 518          |
|    time_elapsed         | 6635         |
|    total_timesteps      | 4243456      |
| train/                  |              |
|    approx_kl            | 0.0025624624 |
|    clip_fraction        | 0.0154       |
|    clip_range           | 0.2          |
|    entropy_loss         | -0.388       |
|    explained_variance   | 0.401        |
|    learning_rate        | 5e-05        |
|    loss                 | 0.252        |
|    n_updates            | 2068         |
|    policy_gradient_loss | -0.00284     |
|    value_loss           | 0.308        |
------------------------------------------
-----------------------------------------
| episode/                |             |
|    lines_cleared_mean   | 7.8         |
|    perfect_clears_mean  | 0           |
|    pieces_placed_mean   | 30.7        |
| rollout/                |             |
|    ep_len_mean          | 32.5        |
|    ep_rew_mean          | 46.2        |
| time/                   |             |
|    fps                  | 639         |
|    iterations           | 519         |
|    time_elapsed         | 6647        |
|    total_timesteps      | 4251648     |
| train/                  |             |
|    approx_kl            | 0.003041245 |
|    clip_fraction        | 0.0178      |
|    clip_range           | 0.2         |
|    entropy_loss         | -0.392      |
|    explained_variance   | 0.385       |
|    learning_rate        | 5e-05       |
|    loss                 | 0.283       |
|    n_updates            | 2072        |
|    policy_gradient_loss | -0.00383    |
|    value_loss           | 0.325       |
-----------------------------------------
------------------------------------------
| episode/                |              |
|    lines_cleared_mean   | 10.5         |
|    perfect_clears_mean  | 0            |
|    pieces_placed_mean   | 36.8         |
| rollout/                |              |
|    ep_len_mean          | 32.7         |
|    ep_rew_mean          | 46.3         |
| time/                   |              |
|    fps                  | 639          |
|    iterations           | 520          |
|    time_elapsed         | 6660         |
|    total_timesteps      | 4259840      |
| train/                  |              |
|    approx_kl            | 0.0025474415 |
|    clip_fraction        | 0.0176       |
|    clip_range           | 0.2          |
|    entropy_loss         | -0.391       |
|    explained_variance   | 0.378        |
|    learning_rate        | 5e-05        |
|    loss                 | 0.291        |
|    n_updates            | 2076         |
|    policy_gradient_loss | -0.00279     |
|    value_loss           | 0.313        |
------------------------------------------
------------------------------------------
| episode/                |              |
|    lines_cleared_mean   | 8.2          |
|    perfect_clears_mean  | 0            |
|    pieces_placed_mean   | 31.9         |
| rollout/                |              |
|    ep_len_mean          | 31.6         |
|    ep_rew_mean          | 44           |
| time/                   |              |
|    fps                  | 639          |
|    iterations           | 521          |
|    time_elapsed         | 6673         |
|    total_timesteps      | 4268032      |
| train/                  |              |
|    approx_kl            | 0.0029649884 |
|    clip_fraction        | 0.0218       |
|    clip_range           | 0.2          |
|    entropy_loss         | -0.382       |
|    explained_variance   | 0.429        |
|    learning_rate        | 5e-05        |
|    loss                 | 0.245        |
|    n_updates            | 2080         |
|    policy_gradient_loss | -0.00363     |
|    value_loss           | 0.288        |
------------------------------------------
------------------------------------------
| episode/                |              |
|    lines_cleared_mean   | 5.6          |
|    perfect_clears_mean  | 0            |
|    pieces_placed_mean   | 24.9         |
| rollout/                |              |
|    ep_len_mean          | 31.6         |
|    ep_rew_mean          | 44           |
| time/                   |              |
|    fps                  | 639          |
|    iterations           | 522          |
|    time_elapsed         | 6685         |
|    total_timesteps      | 4276224      |
| train/                  |              |
|    approx_kl            | 0.0038487834 |
|    clip_fraction        | 0.0325       |
|    clip_range           | 0.2          |
|    entropy_loss         | -0.393       |
|    explained_variance   | 0.47         |
|    learning_rate        | 5e-05        |
|    loss                 | 0.184        |
|    n_updates            | 2084         |
|    policy_gradient_loss | -0.00518     |
|    value_loss           | 0.246        |
------------------------------------------
------------------------------------------
| episode/                |              |
|    lines_cleared_mean   | 9.73         |
|    perfect_clears_mean  | 0            |
|    pieces_placed_mean   | 35.5         |
| rollout/                |              |
|    ep_len_mean          | 32.6         |
|    ep_rew_mean          | 46.2         |
| time/                   |              |
|    fps                  | 639          |
|    iterations           | 523          |
|    time_elapsed         | 6698         |
|    total_timesteps      | 4284416      |
| train/                  |              |
|    approx_kl            | 0.0024595861 |
|    clip_fraction        | 0.0134       |
|    clip_range           | 0.2          |
|    entropy_loss         | -0.389       |
|    explained_variance   | 0.329        |
|    learning_rate        | 5e-05        |
|    loss                 | 0.276        |
|    n_updates            | 2088         |
|    policy_gradient_loss | -0.00271     |
|    value_loss           | 0.312        |
------------------------------------------
------------------------------------------
| episode/                |              |
|    lines_cleared_mean   | 10.7         |
|    perfect_clears_mean  | 0            |
|    pieces_placed_mean   | 38.5         |
| rollout/                |              |
|    ep_len_mean          | 30.6         |
|    ep_rew_mean          | 41.4         |
| time/                   |              |
|    fps                  | 639          |
|    iterations           | 524          |
|    time_elapsed         | 6711         |
|    total_timesteps      | 4292608      |
| train/                  |              |
|    approx_kl            | 0.0022341388 |
|    clip_fraction        | 0.0155       |
|    clip_range           | 0.2          |
|    entropy_loss         | -0.379       |
|    explained_variance   | 0.383        |
|    learning_rate        | 5e-05        |
|    loss                 | 0.272        |
|    n_updates            | 2092         |
|    policy_gradient_loss | -0.00313     |
|    value_loss           | 0.305        |
------------------------------------------
-----------------------------------------
| episode/                |             |
|    lines_cleared_mean   | 6.8         |
|    perfect_clears_mean  | 0           |
|    pieces_placed_mean   | 27.7        |
| rollout/                |             |
|    ep_len_mean          | 31.6        |
|    ep_rew_mean          | 44.4        |
| time/                   |             |
|    fps                  | 639         |
|    iterations           | 525         |
|    time_elapsed         | 6723        |
|    total_timesteps      | 4300800     |
| train/                  |             |
|    approx_kl            | 0.002263405 |
|    clip_fraction        | 0.0123      |
|    clip_range           | 0.2         |
|    entropy_loss         | -0.387      |
|    explained_variance   | 0.416       |
|    learning_rate        | 5e-05       |
|    loss                 | 0.251       |
|    n_updates            | 2096        |
|    policy_gradient_loss | -0.00296    |
|    value_loss           | 0.289       |
-----------------------------------------
-----------------------------------------
| episode/                |             |
|    lines_cleared_mean   | 8.55        |
|    perfect_clears_mean  | 0           |
|    pieces_placed_mean   | 33.5        |
| rollout/                |             |
|    ep_len_mean          | 32          |
|    ep_rew_mean          | 44.3        |
| time/                   |             |
|    fps                  | 639         |
|    iterations           | 526         |
|    time_elapsed         | 6736        |
|    total_timesteps      | 4308992     |
| train/                  |             |
|    approx_kl            | 0.002565967 |
|    clip_fraction        | 0.0197      |
|    clip_range           | 0.2         |
|    entropy_loss         | -0.39       |
|    explained_variance   | 0.451       |
|    learning_rate        | 5e-05       |
|    loss                 | 0.204       |
|    n_updates            | 2100        |
|    policy_gradient_loss | -0.00316    |
|    value_loss           | 0.291       |
-----------------------------------------
-----------------------------------------
| episode/                |             |
|    lines_cleared_mean   | 10          |
|    perfect_clears_mean  | 0           |
|    pieces_placed_mean   | 36.1        |
| rollout/                |             |
|    ep_len_mean          | 31.7        |
|    ep_rew_mean          | 44.4        |
| time/                   |             |
|    fps                  | 639         |
|    iterations           | 527         |
|    time_elapsed         | 6749        |
|    total_timesteps      | 4317184     |
| train/                  |             |
|    approx_kl            | 0.002731662 |
|    clip_fraction        | 0.019       |
|    clip_range           | 0.2         |
|    entropy_loss         | -0.386      |
|    explained_variance   | 0.395       |
|    learning_rate        | 5e-05       |
|    loss                 | 0.255       |
|    n_updates            | 2104        |
|    policy_gradient_loss | -0.00347    |
|    value_loss           | 0.301       |
-----------------------------------------
------------------------------------------
| episode/                |              |
|    lines_cleared_mean   | 9            |
|    perfect_clears_mean  | 0            |
|    pieces_placed_mean   | 33.8         |
| rollout/                |              |
|    ep_len_mean          | 33.7         |
|    ep_rew_mean          | 48.3         |
| time/                   |              |
|    fps                  | 639          |
|    iterations           | 528          |
|    time_elapsed         | 6762         |
|    total_timesteps      | 4325376      |
| train/                  |              |
|    approx_kl            | 0.0025392778 |
|    clip_fraction        | 0.0169       |
|    clip_range           | 0.2          |
|    entropy_loss         | -0.388       |
|    explained_variance   | 0.384        |
|    learning_rate        | 5e-05        |
|    loss                 | 0.223        |
|    n_updates            | 2108         |
|    policy_gradient_loss | -0.00324     |
|    value_loss           | 0.309        |
------------------------------------------
------------------------------------------
| episode/                |              |
|    lines_cleared_mean   | 5.2          |
|    perfect_clears_mean  | 0            |
|    pieces_placed_mean   | 24.6         |
| rollout/                |              |
|    ep_len_mean          | 31.2         |
|    ep_rew_mean          | 43.3         |
| time/                   |              |
|    fps                  | 639          |
|    iterations           | 529          |
|    time_elapsed         | 6774         |
|    total_timesteps      | 4333568      |
| train/                  |              |
|    approx_kl            | 0.0023675342 |
|    clip_fraction        | 0.0152       |
|    clip_range           | 0.2          |
|    entropy_loss         | -0.385       |
|    explained_variance   | 0.404        |
|    learning_rate        | 5e-05        |
|    loss                 | 0.31         |
|    n_updates            | 2112         |
|    policy_gradient_loss | -0.00333     |
|    value_loss           | 0.303        |
------------------------------------------
------------------------------------------
| episode/                |              |
|    lines_cleared_mean   | 8            |
|    perfect_clears_mean  | 0            |
|    pieces_placed_mean   | 30.7         |
| rollout/                |              |
|    ep_len_mean          | 30.1         |
|    ep_rew_mean          | 40.5         |
| time/                   |              |
|    fps                  | 639          |
|    iterations           | 530          |
|    time_elapsed         | 6787         |
|    total_timesteps      | 4341760      |
| train/                  |              |
|    approx_kl            | 0.0028111662 |
|    clip_fraction        | 0.0194       |
|    clip_range           | 0.2          |
|    entropy_loss         | -0.391       |
|    explained_variance   | 0.41         |
|    learning_rate        | 5e-05        |
|    loss                 | 0.239        |
|    n_updates            | 2116         |
|    policy_gradient_loss | -0.00359     |
|    value_loss           | 0.283        |
------------------------------------------
-----------------------------------------
| episode/                |             |
|    lines_cleared_mean   | 8           |
|    perfect_clears_mean  | 0           |
|    pieces_placed_mean   | 31.5        |
| rollout/                |             |
|    ep_len_mean          | 32.2        |
|    ep_rew_mean          | 45.9        |
| time/                   |             |
|    fps                  | 639         |
|    iterations           | 531         |
|    time_elapsed         | 6800        |
|    total_timesteps      | 4349952     |
| train/                  |             |
|    approx_kl            | 0.003019658 |
|    clip_fraction        | 0.0221      |
|    clip_range           | 0.2         |
|    entropy_loss         | -0.379      |
|    explained_variance   | 0.384       |
|    learning_rate        | 5e-05       |
|    loss                 | 0.235       |
|    n_updates            | 2120        |
|    policy_gradient_loss | -0.00352    |
|    value_loss           | 0.277       |
-----------------------------------------
------------------------------------------
| episode/                |              |
|    lines_cleared_mean   | 8.4          |
|    perfect_clears_mean  | 0            |
|    pieces_placed_mean   | 32.3         |
| rollout/                |              |
|    ep_len_mean          | 30.6         |
|    ep_rew_mean          | 41.8         |
| time/                   |              |
|    fps                  | 639          |
|    iterations           | 532          |
|    time_elapsed         | 6812         |
|    total_timesteps      | 4358144      |
| train/                  |              |
|    approx_kl            | 0.0021049995 |
|    clip_fraction        | 0.013        |
|    clip_range           | 0.2          |
|    entropy_loss         | -0.379       |
|    explained_variance   | 0.382        |
|    learning_rate        | 5e-05        |
|    loss                 | 0.25         |
|    n_updates            | 2124         |
|    policy_gradient_loss | -0.00273     |
|    value_loss           | 0.298        |
------------------------------------------
-----------------------------------------
| episode/                |             |
|    lines_cleared_mean   | 8           |
|    perfect_clears_mean  | 0           |
|    pieces_placed_mean   | 31.4        |
| rollout/                |             |
|    ep_len_mean          | 33          |
|    ep_rew_mean          | 47.4        |
| time/                   |             |
|    fps                  | 639         |
|    iterations           | 533         |
|    time_elapsed         | 6825        |
|    total_timesteps      | 4366336     |
| train/                  |             |
|    approx_kl            | 0.002593787 |
|    clip_fraction        | 0.0167      |
|    clip_range           | 0.2         |
|    entropy_loss         | -0.381      |
|    explained_variance   | 0.364       |
|    learning_rate        | 5e-05       |
|    loss                 | 0.241       |
|    n_updates            | 2128        |
|    policy_gradient_loss | -0.00335    |
|    value_loss           | 0.315       |
-----------------------------------------
------------------------------------------
| episode/                |              |
|    lines_cleared_mean   | 8.2          |
|    perfect_clears_mean  | 0            |
|    pieces_placed_mean   | 31.6         |
| rollout/                |              |
|    ep_len_mean          | 31.2         |
|    ep_rew_mean          | 43           |
| time/                   |              |
|    fps                  | 639          |
|    iterations           | 534          |
|    time_elapsed         | 6838         |
|    total_timesteps      | 4374528      |
| train/                  |              |
|    approx_kl            | 0.0025171996 |
|    clip_fraction        | 0.0169       |
|    clip_range           | 0.2          |
|    entropy_loss         | -0.381       |
|    explained_variance   | 0.384        |
|    learning_rate        | 5e-05        |
|    loss                 | 0.255        |
|    n_updates            | 2132         |
|    policy_gradient_loss | -0.00362     |
|    value_loss           | 0.316        |
------------------------------------------
------------------------------------------
| episode/                |              |
|    lines_cleared_mean   | 6.4          |
|    perfect_clears_mean  | 0            |
|    pieces_placed_mean   | 28.9         |
| rollout/                |              |
|    ep_len_mean          | 33           |
|    ep_rew_mean          | 47           |
| time/                   |              |
|    fps                  | 639          |
|    iterations           | 535          |
|    time_elapsed         | 6850         |
|    total_timesteps      | 4382720      |
| train/                  |              |
|    approx_kl            | 0.0025959886 |
|    clip_fraction        | 0.0181       |
|    clip_range           | 0.2          |
|    entropy_loss         | -0.386       |
|    explained_variance   | 0.409        |
|    learning_rate        | 5e-05        |
|    loss                 | 0.303        |
|    n_updates            | 2136         |
|    policy_gradient_loss | -0.00353     |
|    value_loss           | 0.3          |
------------------------------------------
-----------------------------------------
| episode/                |             |
|    lines_cleared_mean   | 8.3         |
|    perfect_clears_mean  | 0           |
|    pieces_placed_mean   | 31.5        |
| rollout/                |             |
|    ep_len_mean          | 32.4        |
|    ep_rew_mean          | 45.5        |
| time/                   |             |
|    fps                  | 639         |
|    iterations           | 536         |
|    time_elapsed         | 6863        |
|    total_timesteps      | 4390912     |
| train/                  |             |
|    approx_kl            | 0.002825982 |
|    clip_fraction        | 0.0186      |
|    clip_range           | 0.2         |
|    entropy_loss         | -0.384      |
|    explained_variance   | 0.433       |
|    learning_rate        | 5e-05       |
|    loss                 | 0.246       |
|    n_updates            | 2140        |
|    policy_gradient_loss | -0.00326    |
|    value_loss           | 0.294       |
-----------------------------------------
------------------------------------------
| episode/                |              |
|    lines_cleared_mean   | 8.5          |
|    perfect_clears_mean  | 0            |
|    pieces_placed_mean   | 32.3         |
| rollout/                |              |
|    ep_len_mean          | 31.6         |
|    ep_rew_mean          | 44           |
| time/                   |              |
|    fps                  | 639          |
|    iterations           | 537          |
|    time_elapsed         | 6876         |
|    total_timesteps      | 4399104      |
| train/                  |              |
|    approx_kl            | 0.0036250954 |
|    clip_fraction        | 0.0258       |
|    clip_range           | 0.2          |
|    entropy_loss         | -0.384       |
|    explained_variance   | 0.392        |
|    learning_rate        | 5e-05        |
|    loss                 | 0.2          |
|    n_updates            | 2144         |
|    policy_gradient_loss | -0.00441     |
|    value_loss           | 0.273        |
------------------------------------------
------------------------------------------
| episode/                |              |
|    lines_cleared_mean   | 8.36         |
|    perfect_clears_mean  | 0            |
|    pieces_placed_mean   | 32.5         |
| rollout/                |              |
|    ep_len_mean          | 33.3         |
|    ep_rew_mean          | 48           |
| time/                   |              |
|    fps                  | 639          |
|    iterations           | 538          |
|    time_elapsed         | 6890         |
|    total_timesteps      | 4407296      |
| train/                  |              |
|    approx_kl            | 0.0023773361 |
|    clip_fraction        | 0.0158       |
|    clip_range           | 0.2          |
|    entropy_loss         | -0.375       |
|    explained_variance   | 0.39         |
|    learning_rate        | 5e-05        |
|    loss                 | 0.236        |
|    n_updates            | 2148         |
|    policy_gradient_loss | -0.00367     |
|    value_loss           | 0.297        |
------------------------------------------
------------------------------------------
| episode/                |              |
|    lines_cleared_mean   | 10.2         |
|    perfect_clears_mean  | 0            |
|    pieces_placed_mean   | 36.4         |
| rollout/                |              |
|    ep_len_mean          | 31.6         |
|    ep_rew_mean          | 44.3         |
| time/                   |              |
|    fps                  | 639          |
|    iterations           | 539          |
|    time_elapsed         | 6903         |
|    total_timesteps      | 4415488      |
| train/                  |              |
|    approx_kl            | 0.0019580137 |
|    clip_fraction        | 0.0116       |
|    clip_range           | 0.2          |
|    entropy_loss         | -0.382       |
|    explained_variance   | 0.35         |
|    learning_rate        | 5e-05        |
|    loss                 | 0.234        |
|    n_updates            | 2152         |
|    policy_gradient_loss | -0.00303     |
|    value_loss           | 0.339        |
------------------------------------------
------------------------------------------
| episode/                |              |
|    lines_cleared_mean   | 6            |
|    perfect_clears_mean  | 0            |
|    pieces_placed_mean   | 27.5         |
| rollout/                |              |
|    ep_len_mean          | 32.6         |
|    ep_rew_mean          | 46.2         |
| time/                   |              |
|    fps                  | 639          |
|    iterations           | 540          |
|    time_elapsed         | 6916         |
|    total_timesteps      | 4423680      |
| train/                  |              |
|    approx_kl            | 0.0024624518 |
|    clip_fraction        | 0.0171       |
|    clip_range           | 0.2          |
|    entropy_loss         | -0.377       |
|    explained_variance   | 0.35         |
|    learning_rate        | 5e-05        |
|    loss                 | 0.261        |
|    n_updates            | 2156         |
|    policy_gradient_loss | -0.00328     |
|    value_loss           | 0.317        |
------------------------------------------
------------------------------------------
| episode/                |              |
|    lines_cleared_mean   | 6.8          |
|    perfect_clears_mean  | 0            |
|    pieces_placed_mean   | 29.7         |
| rollout/                |              |
|    ep_len_mean          | 32.2         |
|    ep_rew_mean          | 45           |
| time/                   |              |
|    fps                  | 639          |
|    iterations           | 541          |
|    time_elapsed         | 6929         |
|    total_timesteps      | 4431872      |
| train/                  |              |
|    approx_kl            | 0.0021824709 |
|    clip_fraction        | 0.0135       |
|    clip_range           | 0.2          |
|    entropy_loss         | -0.381       |
|    explained_variance   | 0.368        |
|    learning_rate        | 5e-05        |
|    loss                 | 0.249        |
|    n_updates            | 2160         |
|    policy_gradient_loss | -0.00303     |
|    value_loss           | 0.316        |
------------------------------------------
------------------------------------------
| episode/                |              |
|    lines_cleared_mean   | 6.4          |
|    perfect_clears_mean  | 0            |
|    pieces_placed_mean   | 27.7         |
| rollout/                |              |
|    ep_len_mean          | 32.1         |
|    ep_rew_mean          | 45.3         |
| time/                   |              |
|    fps                  | 639          |
|    iterations           | 542          |
|    time_elapsed         | 6943         |
|    total_timesteps      | 4440064      |
| train/                  |              |
|    approx_kl            | 0.0026819308 |
|    clip_fraction        | 0.0181       |
|    clip_range           | 0.2          |
|    entropy_loss         | -0.39        |
|    explained_variance   | 0.366        |
|    learning_rate        | 5e-05        |
|    loss                 | 0.289        |
|    n_updates            | 2164         |
|    policy_gradient_loss | -0.00391     |
|    value_loss           | 0.314        |
------------------------------------------
------------------------------------------
| episode/                |              |
|    lines_cleared_mean   | 7.82         |
|    perfect_clears_mean  | 0            |
|    pieces_placed_mean   | 31.5         |
| rollout/                |              |
|    ep_len_mean          | 33.4         |
|    ep_rew_mean          | 47.7         |
| time/                   |              |
|    fps                  | 639          |
|    iterations           | 543          |
|    time_elapsed         | 6958         |
|    total_timesteps      | 4448256      |
| train/                  |              |
|    approx_kl            | 0.0030337712 |
|    clip_fraction        | 0.0174       |
|    clip_range           | 0.2          |
|    entropy_loss         | -0.375       |
|    explained_variance   | 0.368        |
|    learning_rate        | 5e-05        |
|    loss                 | 0.248        |
|    n_updates            | 2168         |
|    policy_gradient_loss | -0.00355     |
|    value_loss           | 0.292        |
------------------------------------------
------------------------------------------
| episode/                |              |
|    lines_cleared_mean   | 9.09         |
|    perfect_clears_mean  | 0            |
|    pieces_placed_mean   | 34.2         |
| rollout/                |              |
|    ep_len_mean          | 31.3         |
|    ep_rew_mean          | 43.5         |
| time/                   |              |
|    fps                  | 639          |
|    iterations           | 544          |
|    time_elapsed         | 6972         |
|    total_timesteps      | 4456448      |
| train/                  |              |
|    approx_kl            | 0.0027205632 |
|    clip_fraction        | 0.0181       |
|    clip_range           | 0.2          |
|    entropy_loss         | -0.375       |
|    explained_variance   | 0.381        |
|    learning_rate        | 5e-05        |
|    loss                 | 0.264        |
|    n_updates            | 2172         |
|    policy_gradient_loss | -0.00395     |
|    value_loss           | 0.325        |
------------------------------------------
------------------------------------------
| episode/                |              |
|    lines_cleared_mean   | 9.7          |
|    perfect_clears_mean  | 0            |
|    pieces_placed_mean   | 35.6         |
| rollout/                |              |
|    ep_len_mean          | 33.3         |
|    ep_rew_mean          | 47.9         |
| time/                   |              |
|    fps                  | 639          |
|    iterations           | 545          |
|    time_elapsed         | 6986         |
|    total_timesteps      | 4464640      |
| train/                  |              |
|    approx_kl            | 0.0026920233 |
|    clip_fraction        | 0.0169       |
|    clip_range           | 0.2          |
|    entropy_loss         | -0.387       |
|    explained_variance   | 0.399        |
|    learning_rate        | 5e-05        |
|    loss                 | 0.294        |
|    n_updates            | 2176         |
|    policy_gradient_loss | -0.00367     |
|    value_loss           | 0.319        |
------------------------------------------
------------------------------------------
| episode/                |              |
|    lines_cleared_mean   | 6.4          |
|    perfect_clears_mean  | 0            |
|    pieces_placed_mean   | 28.5         |
| rollout/                |              |
|    ep_len_mean          | 33           |
|    ep_rew_mean          | 47           |
| time/                   |              |
|    fps                  | 638          |
|    iterations           | 546          |
|    time_elapsed         | 7000         |
|    total_timesteps      | 4472832      |
| train/                  |              |
|    approx_kl            | 0.0019853995 |
|    clip_fraction        | 0.0133       |
|    clip_range           | 0.2          |
|    entropy_loss         | -0.371       |
|    explained_variance   | 0.359        |
|    learning_rate        | 5e-05        |
|    loss                 | 0.246        |
|    n_updates            | 2180         |
|    policy_gradient_loss | -0.00289     |
|    value_loss           | 0.312        |
------------------------------------------
------------------------------------------
| episode/                |              |
|    lines_cleared_mean   | 9.6          |
|    perfect_clears_mean  | 0            |
|    pieces_placed_mean   | 35.7         |
| rollout/                |              |
|    ep_len_mean          | 32.1         |
|    ep_rew_mean          | 44.9         |
| time/                   |              |
|    fps                  | 638          |
|    iterations           | 547          |
|    time_elapsed         | 7014         |
|    total_timesteps      | 4481024      |
| train/                  |              |
|    approx_kl            | 0.0027560648 |
|    clip_fraction        | 0.0198       |
|    clip_range           | 0.2          |
|    entropy_loss         | -0.376       |
|    explained_variance   | 0.413        |
|    learning_rate        | 5e-05        |
|    loss                 | 0.261        |
|    n_updates            | 2184         |
|    policy_gradient_loss | -0.00356     |
|    value_loss           | 0.303        |
------------------------------------------
------------------------------------------
| episode/                |              |
|    lines_cleared_mean   | 7.3          |
|    perfect_clears_mean  | 0            |
|    pieces_placed_mean   | 30.4         |
| rollout/                |              |
|    ep_len_mean          | 33.1         |
|    ep_rew_mean          | 47.3         |
| time/                   |              |
|    fps                  | 638          |
|    iterations           | 548          |
|    time_elapsed         | 7028         |
|    total_timesteps      | 4489216      |
| train/                  |              |
|    approx_kl            | 0.0026857303 |
|    clip_fraction        | 0.0246       |
|    clip_range           | 0.2          |
|    entropy_loss         | -0.389       |
|    explained_variance   | 0.393        |
|    learning_rate        | 5e-05        |
|    loss                 | 0.309        |
|    n_updates            | 2188         |
|    policy_gradient_loss | -0.00389     |
|    value_loss           | 0.316        |
------------------------------------------
-----------------------------------------
| episode/                |             |
|    lines_cleared_mean   | 11.1        |
|    perfect_clears_mean  | 0           |
|    pieces_placed_mean   | 38.8        |
| rollout/                |             |
|    ep_len_mean          | 34.3        |
|    ep_rew_mean          | 49.6        |
| time/                   |             |
|    fps                  | 638         |
|    iterations           | 549         |
|    time_elapsed         | 7042        |
|    total_timesteps      | 4497408     |
| train/                  |             |
|    approx_kl            | 0.002902069 |
|    clip_fraction        | 0.0208      |
|    clip_range           | 0.2         |
|    entropy_loss         | -0.385      |
|    explained_variance   | 0.417       |
|    learning_rate        | 5e-05       |
|    loss                 | 0.236       |
|    n_updates            | 2192        |
|    policy_gradient_loss | -0.00348    |
|    value_loss           | 0.263       |
-----------------------------------------
----------------------------------------
| episode/                |            |
|    lines_cleared_mean   | 6.5        |
|    perfect_clears_mean  | 0          |
|    pieces_placed_mean   | 28.4       |
| rollout/                |            |
|    ep_len_mean          | 32.9       |
|    ep_rew_mean          | 46.7       |
| time/                   |            |
|    fps                  | 638        |
|    iterations           | 550        |
|    time_elapsed         | 7056       |
|    total_timesteps      | 4505600    |
| train/                  |            |
|    approx_kl            | 0.00287507 |
|    clip_fraction        | 0.0179     |
|    clip_range           | 0.2        |
|    entropy_loss         | -0.383     |
|    explained_variance   | 0.309      |
|    learning_rate        | 5e-05      |
|    loss                 | 0.264      |
|    n_updates            | 2196       |
|    policy_gradient_loss | -0.00352   |
|    value_loss           | 0.341      |
----------------------------------------
------------------------------------------
| episode/                |              |
|    lines_cleared_mean   | 8            |
|    perfect_clears_mean  | 0            |
|    pieces_placed_mean   | 31.6         |
| rollout/                |              |
|    ep_len_mean          | 32           |
|    ep_rew_mean          | 45           |
| time/                   |              |
|    fps                  | 638          |
|    iterations           | 551          |
|    time_elapsed         | 7070         |
|    total_timesteps      | 4513792      |
| train/                  |              |
|    approx_kl            | 0.0025530835 |
|    clip_fraction        | 0.0186       |
|    clip_range           | 0.2          |
|    entropy_loss         | -0.386       |
|    explained_variance   | 0.362        |
|    learning_rate        | 5e-05        |
|    loss                 | 0.288        |
|    n_updates            | 2200         |
|    policy_gradient_loss | -0.00316     |
|    value_loss           | 0.325        |
------------------------------------------
-----------------------------------------
| episode/                |             |
|    lines_cleared_mean   | 7.3         |
|    perfect_clears_mean  | 0           |
|    pieces_placed_mean   | 30.3        |
| rollout/                |             |
|    ep_len_mean          | 31.1        |
|    ep_rew_mean          | 43.1        |
| time/                   |             |
|    fps                  | 638         |
|    iterations           | 552         |
|    time_elapsed         | 7084        |
|    total_timesteps      | 4521984     |
| train/                  |             |
|    approx_kl            | 0.002848993 |
|    clip_fraction        | 0.0168      |
|    clip_range           | 0.2         |
|    entropy_loss         | -0.385      |
|    explained_variance   | 0.422       |
|    learning_rate        | 5e-05       |
|    loss                 | 0.285       |
|    n_updates            | 2204        |
|    policy_gradient_loss | -0.00321    |
|    value_loss           | 0.305       |
-----------------------------------------
-----------------------------------------
| episode/                |             |
|    lines_cleared_mean   | 10.1        |
|    perfect_clears_mean  | 0           |
|    pieces_placed_mean   | 36.2        |
| rollout/                |             |
|    ep_len_mean          | 32          |
|    ep_rew_mean          | 44.9        |
| time/                   |             |
|    fps                  | 638         |
|    iterations           | 553         |
|    time_elapsed         | 7097        |
|    total_timesteps      | 4530176     |
| train/                  |             |
|    approx_kl            | 0.002531428 |
|    clip_fraction        | 0.016       |
|    clip_range           | 0.2         |
|    entropy_loss         | -0.387      |
|    explained_variance   | 0.418       |
|    learning_rate        | 5e-05       |
|    loss                 | 0.249       |
|    n_updates            | 2208        |
|    policy_gradient_loss | -0.00349    |
|    value_loss           | 0.316       |
-----------------------------------------
------------------------------------------
| episode/                |              |
|    lines_cleared_mean   | 9.2          |
|    perfect_clears_mean  | 0            |
|    pieces_placed_mean   | 34.1         |
| rollout/                |              |
|    ep_len_mean          | 31           |
|    ep_rew_mean          | 42.7         |
| time/                   |              |
|    fps                  | 638          |
|    iterations           | 554          |
|    time_elapsed         | 7112         |
|    total_timesteps      | 4538368      |
| train/                  |              |
|    approx_kl            | 0.0034405817 |
|    clip_fraction        | 0.0275       |
|    clip_range           | 0.2          |
|    entropy_loss         | -0.397       |
|    explained_variance   | 0.372        |
|    learning_rate        | 5e-05        |
|    loss                 | 0.266        |
|    n_updates            | 2212         |
|    policy_gradient_loss | -0.00505     |
|    value_loss           | 0.325        |
------------------------------------------
------------------------------------------
| episode/                |              |
|    lines_cleared_mean   | 10.7         |
|    perfect_clears_mean  | 0            |
|    pieces_placed_mean   | 37.8         |
| rollout/                |              |
|    ep_len_mean          | 33.9         |
|    ep_rew_mean          | 49.3         |
| time/                   |              |
|    fps                  | 638          |
|    iterations           | 555          |
|    time_elapsed         | 7126         |
|    total_timesteps      | 4546560      |
| train/                  |              |
|    approx_kl            | 0.0029254383 |
|    clip_fraction        | 0.0209       |
|    clip_range           | 0.2          |
|    entropy_loss         | -0.387       |
|    explained_variance   | 0.39         |
|    learning_rate        | 5e-05        |
|    loss                 | 0.238        |
|    n_updates            | 2216         |
|    policy_gradient_loss | -0.00408     |
|    value_loss           | 0.295        |
------------------------------------------
------------------------------------------
| episode/                |              |
|    lines_cleared_mean   | 4.9          |
|    perfect_clears_mean  | 0            |
|    pieces_placed_mean   | 24.8         |
| rollout/                |              |
|    ep_len_mean          | 30.4         |
|    ep_rew_mean          | 41.6         |
| time/                   |              |
|    fps                  | 637          |
|    iterations           | 556          |
|    time_elapsed         | 7140         |
|    total_timesteps      | 4554752      |
| train/                  |              |
|    approx_kl            | 0.0031907894 |
|    clip_fraction        | 0.0198       |
|    clip_range           | 0.2          |
|    entropy_loss         | -0.385       |
|    explained_variance   | 0.36         |
|    learning_rate        | 5e-05        |
|    loss                 | 0.253        |
|    n_updates            | 2220         |
|    policy_gradient_loss | -0.00368     |
|    value_loss           | 0.31         |
------------------------------------------
------------------------------------------
| episode/                |              |
|    lines_cleared_mean   | 11.2         |
|    perfect_clears_mean  | 0            |
|    pieces_placed_mean   | 40.2         |
| rollout/                |              |
|    ep_len_mean          | 33.2         |
|    ep_rew_mean          | 47.8         |
| time/                   |              |
|    fps                  | 637          |
|    iterations           | 557          |
|    time_elapsed         | 7154         |
|    total_timesteps      | 4562944      |
| train/                  |              |
|    approx_kl            | 0.0030723761 |
|    clip_fraction        | 0.0224       |
|    clip_range           | 0.2          |
|    entropy_loss         | -0.39        |
|    explained_variance   | 0.408        |
|    learning_rate        | 5e-05        |
|    loss                 | 0.25         |
|    n_updates            | 2224         |
|    policy_gradient_loss | -0.00465     |
|    value_loss           | 0.321        |
------------------------------------------
-----------------------------------------
| episode/                |             |
|    lines_cleared_mean   | 9.7         |
|    perfect_clears_mean  | 0           |
|    pieces_placed_mean   | 35.1        |
| rollout/                |             |
|    ep_len_mean          | 34          |
|    ep_rew_mean          | 49.3        |
| time/                   |             |
|    fps                  | 637         |
|    iterations           | 558         |
|    time_elapsed         | 7168        |
|    total_timesteps      | 4571136     |
| train/                  |             |
|    approx_kl            | 0.002735609 |
|    clip_fraction        | 0.0192      |
|    clip_range           | 0.2         |
|    entropy_loss         | -0.383      |
|    explained_variance   | 0.4         |
|    learning_rate        | 5e-05       |
|    loss                 | 0.28        |
|    n_updates            | 2228        |
|    policy_gradient_loss | -0.00382    |
|    value_loss           | 0.3         |
-----------------------------------------
------------------------------------------
| episode/                |              |
|    lines_cleared_mean   | 10.2         |
|    perfect_clears_mean  | 0            |
|    pieces_placed_mean   | 37.1         |
| rollout/                |              |
|    ep_len_mean          | 31.2         |
|    ep_rew_mean          | 43.4         |
| time/                   |              |
|    fps                  | 637          |
|    iterations           | 559          |
|    time_elapsed         | 7182         |
|    total_timesteps      | 4579328      |
| train/                  |              |
|    approx_kl            | 0.0029590148 |
|    clip_fraction        | 0.0197       |
|    clip_range           | 0.2          |
|    entropy_loss         | -0.38        |
|    explained_variance   | 0.381        |
|    learning_rate        | 5e-05        |
|    loss                 | 0.26         |
|    n_updates            | 2232         |
|    policy_gradient_loss | -0.0037      |
|    value_loss           | 0.332        |
------------------------------------------
-----------------------------------------
| episode/                |             |
|    lines_cleared_mean   | 8.55        |
|    perfect_clears_mean  | 0           |
|    pieces_placed_mean   | 34          |
| rollout/                |             |
|    ep_len_mean          | 34.3        |
|    ep_rew_mean          | 49.9        |
| time/                   |             |
|    fps                  | 637         |
|    iterations           | 560         |
|    time_elapsed         | 7196        |
|    total_timesteps      | 4587520     |
| train/                  |             |
|    approx_kl            | 0.002833019 |
|    clip_fraction        | 0.0208      |
|    clip_range           | 0.2         |
|    entropy_loss         | -0.387      |
|    explained_variance   | 0.377       |
|    learning_rate        | 5e-05       |
|    loss                 | 0.3         |
|    n_updates            | 2236        |
|    policy_gradient_loss | -0.004      |
|    value_loss           | 0.326       |
-----------------------------------------
------------------------------------------
| episode/                |              |
|    lines_cleared_mean   | 7.9          |
|    perfect_clears_mean  | 0            |
|    pieces_placed_mean   | 29.8         |
| rollout/                |              |
|    ep_len_mean          | 32.6         |
|    ep_rew_mean          | 46.8         |
| time/                   |              |
|    fps                  | 637          |
|    iterations           | 561          |
|    time_elapsed         | 7209         |
|    total_timesteps      | 4595712      |
| train/                  |              |
|    approx_kl            | 0.0030748139 |
|    clip_fraction        | 0.0233       |
|    clip_range           | 0.2          |
|    entropy_loss         | -0.386       |
|    explained_variance   | 0.37         |
|    learning_rate        | 5e-05        |
|    loss                 | 0.314        |
|    n_updates            | 2240         |
|    policy_gradient_loss | -0.00375     |
|    value_loss           | 0.341        |
------------------------------------------
-----------------------------------------
| episode/                |             |
|    lines_cleared_mean   | 10.1        |
|    perfect_clears_mean  | 0           |
|    pieces_placed_mean   | 38          |
| rollout/                |             |
|    ep_len_mean          | 34.3        |
|    ep_rew_mean          | 49.5        |
| time/                   |             |
|    fps                  | 637         |
|    iterations           | 562         |
|    time_elapsed         | 7223        |
|    total_timesteps      | 4603904     |
| train/                  |             |
|    approx_kl            | 0.002531455 |
|    clip_fraction        | 0.0149      |
|    clip_range           | 0.2         |
|    entropy_loss         | -0.387      |
|    explained_variance   | 0.404       |
|    learning_rate        | 5e-05       |
|    loss                 | 0.302       |
|    n_updates            | 2244        |
|    policy_gradient_loss | -0.00329    |
|    value_loss           | 0.314       |
-----------------------------------------
------------------------------------------
| episode/                |              |
|    lines_cleared_mean   | 12.5         |
|    perfect_clears_mean  | 0            |
|    pieces_placed_mean   | 42.4         |
| rollout/                |              |
|    ep_len_mean          | 33.5         |
|    ep_rew_mean          | 48           |
| time/                   |              |
|    fps                  | 637          |
|    iterations           | 563          |
|    time_elapsed         | 7237         |
|    total_timesteps      | 4612096      |
| train/                  |              |
|    approx_kl            | 0.0030884095 |
|    clip_fraction        | 0.0192       |
|    clip_range           | 0.2          |
|    entropy_loss         | -0.385       |
|    explained_variance   | 0.408        |
|    learning_rate        | 5e-05        |
|    loss                 | 0.203        |
|    n_updates            | 2248         |
|    policy_gradient_loss | -0.00347     |
|    value_loss           | 0.265        |
------------------------------------------
------------------------------------------
| episode/                |              |
|    lines_cleared_mean   | 10.2         |
|    perfect_clears_mean  | 0            |
|    pieces_placed_mean   | 36.8         |
| rollout/                |              |
|    ep_len_mean          | 30.9         |
|    ep_rew_mean          | 42.1         |
| time/                   |              |
|    fps                  | 637          |
|    iterations           | 564          |
|    time_elapsed         | 7252         |
|    total_timesteps      | 4620288      |
| train/                  |              |
|    approx_kl            | 0.0029791729 |
|    clip_fraction        | 0.0226       |
|    clip_range           | 0.2          |
|    entropy_loss         | -0.392       |
|    explained_variance   | 0.374        |
|    learning_rate        | 5e-05        |
|    loss                 | 0.217        |
|    n_updates            | 2252         |
|    policy_gradient_loss | -0.00367     |
|    value_loss           | 0.282        |
------------------------------------------
------------------------------------------
| episode/                |              |
|    lines_cleared_mean   | 6.6          |
|    perfect_clears_mean  | 0            |
|    pieces_placed_mean   | 28.4         |
| rollout/                |              |
|    ep_len_mean          | 33.2         |
|    ep_rew_mean          | 47.7         |
| time/                   |              |
|    fps                  | 636          |
|    iterations           | 565          |
|    time_elapsed         | 7268         |
|    total_timesteps      | 4628480      |
| train/                  |              |
|    approx_kl            | 0.0029251007 |
|    clip_fraction        | 0.0213       |
|    clip_range           | 0.2          |
|    entropy_loss         | -0.386       |
|    explained_variance   | 0.377        |
|    learning_rate        | 5e-05        |
|    loss                 | 0.253        |
|    n_updates            | 2256         |
|    policy_gradient_loss | -0.00374     |
|    value_loss           | 0.288        |
------------------------------------------
------------------------------------------
| episode/                |              |
|    lines_cleared_mean   | 9.6          |
|    perfect_clears_mean  | 0            |
|    pieces_placed_mean   | 35.9         |
| rollout/                |              |
|    ep_len_mean          | 31.5         |
|    ep_rew_mean          | 44.2         |
| time/                   |              |
|    fps                  | 636          |
|    iterations           | 566          |
|    time_elapsed         | 7282         |
|    total_timesteps      | 4636672      |
| train/                  |              |
|    approx_kl            | 0.0024412614 |
|    clip_fraction        | 0.0162       |
|    clip_range           | 0.2          |
|    entropy_loss         | -0.387       |
|    explained_variance   | 0.384        |
|    learning_rate        | 5e-05        |
|    loss                 | 0.235        |
|    n_updates            | 2260         |
|    policy_gradient_loss | -0.00305     |
|    value_loss           | 0.298        |
------------------------------------------
-----------------------------------------
| episode/                |             |
|    lines_cleared_mean   | 6.1         |
|    perfect_clears_mean  | 0           |
|    pieces_placed_mean   | 26.1        |
| rollout/                |             |
|    ep_len_mean          | 29.7        |
|    ep_rew_mean          | 39.9        |
| time/                   |             |
|    fps                  | 636         |
|    iterations           | 567         |
|    time_elapsed         | 7296        |
|    total_timesteps      | 4644864     |
| train/                  |             |
|    approx_kl            | 0.002984073 |
|    clip_fraction        | 0.0225      |
|    clip_range           | 0.2         |
|    entropy_loss         | -0.378      |
|    explained_variance   | 0.399       |
|    learning_rate        | 5e-05       |
|    loss                 | 0.247       |
|    n_updates            | 2264        |
|    policy_gradient_loss | -0.00423    |
|    value_loss           | 0.301       |
-----------------------------------------
------------------------------------------
| episode/                |              |
|    lines_cleared_mean   | 6.4          |
|    perfect_clears_mean  | 0            |
|    pieces_placed_mean   | 27.7         |
| rollout/                |              |
|    ep_len_mean          | 32.3         |
|    ep_rew_mean          | 45.9         |
| time/                   |              |
|    fps                  | 636          |
|    iterations           | 568          |
|    time_elapsed         | 7310         |
|    total_timesteps      | 4653056      |
| train/                  |              |
|    approx_kl            | 0.0027180722 |
|    clip_fraction        | 0.023        |
|    clip_range           | 0.2          |
|    entropy_loss         | -0.377       |
|    explained_variance   | 0.389        |
|    learning_rate        | 5e-05        |
|    loss                 | 0.242        |
|    n_updates            | 2268         |
|    policy_gradient_loss | -0.00411     |
|    value_loss           | 0.285        |
------------------------------------------
-----------------------------------------
| episode/                |             |
|    lines_cleared_mean   | 6.6         |
|    perfect_clears_mean  | 0           |
|    pieces_placed_mean   | 27          |
| rollout/                |             |
|    ep_len_mean          | 30.1        |
|    ep_rew_mean          | 41.2        |
| time/                   |             |
|    fps                  | 636         |
|    iterations           | 569         |
|    time_elapsed         | 7324        |
|    total_timesteps      | 4661248     |
| train/                  |             |
|    approx_kl            | 0.002540559 |
|    clip_fraction        | 0.0184      |
|    clip_range           | 0.2         |
|    entropy_loss         | -0.384      |
|    explained_variance   | 0.344       |
|    learning_rate        | 5e-05       |
|    loss                 | 0.231       |
|    n_updates            | 2272        |
|    policy_gradient_loss | -0.00353    |
|    value_loss           | 0.294       |
-----------------------------------------
-----------------------------------------
| episode/                |             |
|    lines_cleared_mean   | 5.9         |
|    perfect_clears_mean  | 0           |
|    pieces_placed_mean   | 26.4        |
| rollout/                |             |
|    ep_len_mean          | 31.3        |
|    ep_rew_mean          | 43.3        |
| time/                   |             |
|    fps                  | 636         |
|    iterations           | 570         |
|    time_elapsed         | 7338        |
|    total_timesteps      | 4669440     |
| train/                  |             |
|    approx_kl            | 0.002759423 |
|    clip_fraction        | 0.0219      |
|    clip_range           | 0.2         |
|    entropy_loss         | -0.395      |
|    explained_variance   | 0.386       |
|    learning_rate        | 5e-05       |
|    loss                 | 0.258       |
|    n_updates            | 2276        |
|    policy_gradient_loss | -0.00324    |
|    value_loss           | 0.294       |
-----------------------------------------
-----------------------------------------
| episode/                |             |
|    lines_cleared_mean   | 9.64        |
|    perfect_clears_mean  | 0           |
|    pieces_placed_mean   | 35.4        |
| rollout/                |             |
|    ep_len_mean          | 32          |
|    ep_rew_mean          | 45.6        |
| time/                   |             |
|    fps                  | 636         |
|    iterations           | 571         |
|    time_elapsed         | 7351        |
|    total_timesteps      | 4677632     |
| train/                  |             |
|    approx_kl            | 0.002632758 |
|    clip_fraction        | 0.0173      |
|    clip_range           | 0.2         |
|    entropy_loss         | -0.383      |
|    explained_variance   | 0.386       |
|    learning_rate        | 5e-05       |
|    loss                 | 0.28        |
|    n_updates            | 2280        |
|    policy_gradient_loss | -0.00296    |
|    value_loss           | 0.305       |
-----------------------------------------
------------------------------------------
| episode/                |              |
|    lines_cleared_mean   | 10.3         |
|    perfect_clears_mean  | 0            |
|    pieces_placed_mean   | 37.5         |
| rollout/                |              |
|    ep_len_mean          | 29.4         |
|    ep_rew_mean          | 39.1         |
| time/                   |              |
|    fps                  | 636          |
|    iterations           | 572          |
|    time_elapsed         | 7365         |
|    total_timesteps      | 4685824      |
| train/                  |              |
|    approx_kl            | 0.0023558005 |
|    clip_fraction        | 0.0151       |
|    clip_range           | 0.2          |
|    entropy_loss         | -0.375       |
|    explained_variance   | 0.354        |
|    learning_rate        | 5e-05        |
|    loss                 | 0.258        |
|    n_updates            | 2284         |
|    policy_gradient_loss | -0.00348     |
|    value_loss           | 0.329        |
------------------------------------------
---------------------------------------
| episode/                |           |
|    lines_cleared_mean   | 6.7       |
|    perfect_clears_mean  | 0         |
|    pieces_placed_mean   | 30.2      |
| rollout/                |           |
|    ep_len_mean          | 31.8      |
|    ep_rew_mean          | 43.7      |
| time/                   |           |
|    fps                  | 636       |
|    iterations           | 573       |
|    time_elapsed         | 7380      |
|    total_timesteps      | 4694016   |
| train/                  |           |
|    approx_kl            | 0.0025512 |
|    clip_fraction        | 0.0166    |
|    clip_range           | 0.2       |
|    entropy_loss         | -0.377    |
|    explained_variance   | 0.344     |
|    learning_rate        | 5e-05     |
|    loss                 | 0.297     |
|    n_updates            | 2288      |
|    policy_gradient_loss | -0.00374  |
|    value_loss           | 0.362     |
---------------------------------------
------------------------------------------
| episode/                |              |
|    lines_cleared_mean   | 8.2          |
|    perfect_clears_mean  | 0            |
|    pieces_placed_mean   | 32.3         |
| rollout/                |              |
|    ep_len_mean          | 31.6         |
|    ep_rew_mean          | 43.7         |
| time/                   |              |
|    fps                  | 635          |
|    iterations           | 574          |
|    time_elapsed         | 7393         |
|    total_timesteps      | 4702208      |
| train/                  |              |
|    approx_kl            | 0.0024606911 |
|    clip_fraction        | 0.0155       |
|    clip_range           | 0.2          |
|    entropy_loss         | -0.382       |
|    explained_variance   | 0.383        |
|    learning_rate        | 5e-05        |
|    loss                 | 0.282        |
|    n_updates            | 2292         |
|    policy_gradient_loss | -0.00359     |
|    value_loss           | 0.311        |
------------------------------------------
-----------------------------------------
| episode/                |             |
|    lines_cleared_mean   | 5.3         |
|    perfect_clears_mean  | 0           |
|    pieces_placed_mean   | 25.3        |
| rollout/                |             |
|    ep_len_mean          | 30.6        |
|    ep_rew_mean          | 42.5        |
| time/                   |             |
|    fps                  | 635         |
|    iterations           | 575         |
|    time_elapsed         | 7407        |
|    total_timesteps      | 4710400     |
| train/                  |             |
|    approx_kl            | 0.002435706 |
|    clip_fraction        | 0.016       |
|    clip_range           | 0.2         |
|    entropy_loss         | -0.385      |
|    explained_variance   | 0.4         |
|    learning_rate        | 5e-05       |
|    loss                 | 0.284       |
|    n_updates            | 2296        |
|    policy_gradient_loss | -0.00349    |
|    value_loss           | 0.308       |
-----------------------------------------
------------------------------------------
| episode/                |              |
|    lines_cleared_mean   | 10.2         |
|    perfect_clears_mean  | 0            |
|    pieces_placed_mean   | 35.7         |
| rollout/                |              |
|    ep_len_mean          | 31.3         |
|    ep_rew_mean          | 43.8         |
| time/                   |              |
|    fps                  | 635          |
|    iterations           | 576          |
|    time_elapsed         | 7421         |
|    total_timesteps      | 4718592      |
| train/                  |              |
|    approx_kl            | 0.0028989662 |
|    clip_fraction        | 0.0182       |
|    clip_range           | 0.2          |
|    entropy_loss         | -0.385       |
|    explained_variance   | 0.433        |
|    learning_rate        | 5e-05        |
|    loss                 | 0.24         |
|    n_updates            | 2300         |
|    policy_gradient_loss | -0.00388     |
|    value_loss           | 0.292        |
------------------------------------------
-----------------------------------------
| episode/                |             |
|    lines_cleared_mean   | 6.1         |
|    perfect_clears_mean  | 0           |
|    pieces_placed_mean   | 26.6        |
| rollout/                |             |
|    ep_len_mean          | 31.6        |
|    ep_rew_mean          | 43.9        |
| time/                   |             |
|    fps                  | 635         |
|    iterations           | 577         |
|    time_elapsed         | 7435        |
|    total_timesteps      | 4726784     |
| train/                  |             |
|    approx_kl            | 0.002366209 |
|    clip_fraction        | 0.0128      |
|    clip_range           | 0.2         |
|    entropy_loss         | -0.388      |
|    explained_variance   | 0.392       |
|    learning_rate        | 5e-05       |
|    loss                 | 0.27        |
|    n_updates            | 2304        |
|    policy_gradient_loss | -0.00321    |
|    value_loss           | 0.315       |
-----------------------------------------
------------------------------------------
| episode/                |              |
|    lines_cleared_mean   | 8.7          |
|    perfect_clears_mean  | 0            |
|    pieces_placed_mean   | 33.3         |
| rollout/                |              |
|    ep_len_mean          | 32.2         |
|    ep_rew_mean          | 44.9         |
| time/                   |              |
|    fps                  | 635          |
|    iterations           | 578          |
|    time_elapsed         | 7449         |
|    total_timesteps      | 4734976      |
| train/                  |              |
|    approx_kl            | 0.0024734521 |
|    clip_fraction        | 0.0158       |
|    clip_range           | 0.2          |
|    entropy_loss         | -0.38        |
|    explained_variance   | 0.468        |
|    learning_rate        | 5e-05        |
|    loss                 | 0.222        |
|    n_updates            | 2308         |
|    policy_gradient_loss | -0.00303     |
|    value_loss           | 0.262        |
------------------------------------------
------------------------------------------
| episode/                |              |
|    lines_cleared_mean   | 7            |
|    perfect_clears_mean  | 0            |
|    pieces_placed_mean   | 28.2         |
| rollout/                |              |
|    ep_len_mean          | 30.5         |
|    ep_rew_mean          | 41.9         |
| time/                   |              |
|    fps                  | 635          |
|    iterations           | 579          |
|    time_elapsed         | 7463         |
|    total_timesteps      | 4743168      |
| train/                  |              |
|    approx_kl            | 0.0024855346 |
|    clip_fraction        | 0.0157       |
|    clip_range           | 0.2          |
|    entropy_loss         | -0.378       |
|    explained_variance   | 0.343        |
|    learning_rate        | 5e-05        |
|    loss                 | 0.265        |
|    n_updates            | 2312         |
|    policy_gradient_loss | -0.00311     |
|    value_loss           | 0.336        |
------------------------------------------
------------------------------------------
| episode/                |              |
|    lines_cleared_mean   | 8.8          |
|    perfect_clears_mean  | 0            |
|    pieces_placed_mean   | 33.6         |
| rollout/                |              |
|    ep_len_mean          | 32.2         |
|    ep_rew_mean          | 45.2         |
| time/                   |              |
|    fps                  | 635          |
|    iterations           | 580          |
|    time_elapsed         | 7477         |
|    total_timesteps      | 4751360      |
| train/                  |              |
|    approx_kl            | 0.0027008574 |
|    clip_fraction        | 0.018        |
|    clip_range           | 0.2          |
|    entropy_loss         | -0.367       |
|    explained_variance   | 0.42         |
|    learning_rate        | 5e-05        |
|    loss                 | 0.263        |
|    n_updates            | 2316         |
|    policy_gradient_loss | -0.00371     |
|    value_loss           | 0.309        |
------------------------------------------
-----------------------------------------
| episode/                |             |
|    lines_cleared_mean   | 10.5        |
|    perfect_clears_mean  | 0           |
|    pieces_placed_mean   | 36.1        |
| rollout/                |             |
|    ep_len_mean          | 32.8        |
|    ep_rew_mean          | 46.7        |
| time/                   |             |
|    fps                  | 635         |
|    iterations           | 581         |
|    time_elapsed         | 7491        |
|    total_timesteps      | 4759552     |
| train/                  |             |
|    approx_kl            | 0.002835555 |
|    clip_fraction        | 0.0239      |
|    clip_range           | 0.2         |
|    entropy_loss         | -0.376      |
|    explained_variance   | 0.376       |
|    learning_rate        | 5e-05       |
|    loss                 | 0.305       |
|    n_updates            | 2320        |
|    policy_gradient_loss | -0.00419    |
|    value_loss           | 0.342       |
-----------------------------------------
------------------------------------------
| episode/                |              |
|    lines_cleared_mean   | 7.5          |
|    perfect_clears_mean  | 0            |
|    pieces_placed_mean   | 29.5         |
| rollout/                |              |
|    ep_len_mean          | 31.8         |
|    ep_rew_mean          | 44.7         |
| time/                   |              |
|    fps                  | 635          |
|    iterations           | 582          |
|    time_elapsed         | 7505         |
|    total_timesteps      | 4767744      |
| train/                  |              |
|    approx_kl            | 0.0025109965 |
|    clip_fraction        | 0.0191       |
|    clip_range           | 0.2          |
|    entropy_loss         | -0.373       |
|    explained_variance   | 0.376        |
|    learning_rate        | 5e-05        |
|    loss                 | 0.242        |
|    n_updates            | 2324         |
|    policy_gradient_loss | -0.00358     |
|    value_loss           | 0.309        |
------------------------------------------
------------------------------------------
| episode/                |              |
|    lines_cleared_mean   | 7.2          |
|    perfect_clears_mean  | 0            |
|    pieces_placed_mean   | 29.6         |
| rollout/                |              |
|    ep_len_mean          | 32           |
|    ep_rew_mean          | 44.6         |
| time/                   |              |
|    fps                  | 635          |
|    iterations           | 583          |
|    time_elapsed         | 7519         |
|    total_timesteps      | 4775936      |
| train/                  |              |
|    approx_kl            | 0.0029569033 |
|    clip_fraction        | 0.0215       |
|    clip_range           | 0.2          |
|    entropy_loss         | -0.381       |
|    explained_variance   | 0.39         |
|    learning_rate        | 5e-05        |
|    loss                 | 0.226        |
|    n_updates            | 2328         |
|    policy_gradient_loss | -0.0039      |
|    value_loss           | 0.316        |
------------------------------------------
------------------------------------------
| episode/                |              |
|    lines_cleared_mean   | 9.2          |
|    perfect_clears_mean  | 0            |
|    pieces_placed_mean   | 35.3         |
| rollout/                |              |
|    ep_len_mean          | 32.9         |
|    ep_rew_mean          | 46.3         |
| time/                   |              |
|    fps                  | 635          |
|    iterations           | 584          |
|    time_elapsed         | 7533         |
|    total_timesteps      | 4784128      |
| train/                  |              |
|    approx_kl            | 0.0024549593 |
|    clip_fraction        | 0.0175       |
|    clip_range           | 0.2          |
|    entropy_loss         | -0.371       |
|    explained_variance   | 0.416        |
|    learning_rate        | 5e-05        |
|    loss                 | 0.234        |
|    n_updates            | 2332         |
|    policy_gradient_loss | -0.00312     |
|    value_loss           | 0.274        |
------------------------------------------
------------------------------------------
| episode/                |              |
|    lines_cleared_mean   | 7.3          |
|    perfect_clears_mean  | 0            |
|    pieces_placed_mean   | 32           |
| rollout/                |              |
|    ep_len_mean          | 30.7         |
|    ep_rew_mean          | 41.6         |
| time/                   |              |
|    fps                  | 634          |
|    iterations           | 585          |
|    time_elapsed         | 7547         |
|    total_timesteps      | 4792320      |
| train/                  |              |
|    approx_kl            | 0.0032426717 |
|    clip_fraction        | 0.026        |
|    clip_range           | 0.2          |
|    entropy_loss         | -0.376       |
|    explained_variance   | 0.406        |
|    learning_rate        | 5e-05        |
|    loss                 | 0.208        |
|    n_updates            | 2336         |
|    policy_gradient_loss | -0.00403     |
|    value_loss           | 0.294        |
------------------------------------------
------------------------------------------
| episode/                |              |
|    lines_cleared_mean   | 6.4          |
|    perfect_clears_mean  | 0            |
|    pieces_placed_mean   | 27.4         |
| rollout/                |              |
|    ep_len_mean          | 32           |
|    ep_rew_mean          | 45.3         |
| time/                   |              |
|    fps                  | 634          |
|    iterations           | 586          |
|    time_elapsed         | 7561         |
|    total_timesteps      | 4800512      |
| train/                  |              |
|    approx_kl            | 0.0029110694 |
|    clip_fraction        | 0.021        |
|    clip_range           | 0.2          |
|    entropy_loss         | -0.376       |
|    explained_variance   | 0.41         |
|    learning_rate        | 5e-05        |
|    loss                 | 0.24         |
|    n_updates            | 2340         |
|    policy_gradient_loss | -0.00439     |
|    value_loss           | 0.3          |
------------------------------------------
------------------------------------------
| episode/                |              |
|    lines_cleared_mean   | 8.1          |
|    perfect_clears_mean  | 0            |
|    pieces_placed_mean   | 32.8         |
| rollout/                |              |
|    ep_len_mean          | 33.4         |
|    ep_rew_mean          | 47.9         |
| time/                   |              |
|    fps                  | 634          |
|    iterations           | 587          |
|    time_elapsed         | 7575         |
|    total_timesteps      | 4808704      |
| train/                  |              |
|    approx_kl            | 0.0021213212 |
|    clip_fraction        | 0.0155       |
|    clip_range           | 0.2          |
|    entropy_loss         | -0.38        |
|    explained_variance   | 0.349        |
|    learning_rate        | 5e-05        |
|    loss                 | 0.281        |
|    n_updates            | 2344         |
|    policy_gradient_loss | -0.00317     |
|    value_loss           | 0.333        |
------------------------------------------
---------------------------------------
| episode/                |           |
|    lines_cleared_mean   | 8.1       |
|    perfect_clears_mean  | 0         |
|    pieces_placed_mean   | 32.4      |
| rollout/                |           |
|    ep_len_mean          | 32.6      |
|    ep_rew_mean          | 46.4      |
| time/                   |           |
|    fps                  | 634       |
|    iterations           | 588       |
|    time_elapsed         | 7588      |
|    total_timesteps      | 4816896   |
| train/                  |           |
|    approx_kl            | 0.0024205 |
|    clip_fraction        | 0.0146    |
|    clip_range           | 0.2       |
|    entropy_loss         | -0.377    |
|    explained_variance   | 0.382     |
|    learning_rate        | 5e-05     |
|    loss                 | 0.222     |
|    n_updates            | 2348      |
|    policy_gradient_loss | -0.0032   |
|    value_loss           | 0.311     |
---------------------------------------
------------------------------------------
| episode/                |              |
|    lines_cleared_mean   | 6.91         |
|    perfect_clears_mean  | 0            |
|    pieces_placed_mean   | 27.5         |
| rollout/                |              |
|    ep_len_mean          | 29.6         |
|    ep_rew_mean          | 40.3         |
| time/                   |              |
|    fps                  | 634          |
|    iterations           | 589          |
|    time_elapsed         | 7603         |
|    total_timesteps      | 4825088      |
| train/                  |              |
|    approx_kl            | 0.0020083284 |
|    clip_fraction        | 0.0128       |
|    clip_range           | 0.2          |
|    entropy_loss         | -0.367       |
|    explained_variance   | 0.342        |
|    learning_rate        | 5e-05        |
|    loss                 | 0.318        |
|    n_updates            | 2352         |
|    policy_gradient_loss | -0.00265     |
|    value_loss           | 0.331        |
------------------------------------------
------------------------------------------
| episode/                |              |
|    lines_cleared_mean   | 10.8         |
|    perfect_clears_mean  | 0            |
|    pieces_placed_mean   | 38.8         |
| rollout/                |              |
|    ep_len_mean          | 31.8         |
|    ep_rew_mean          | 44.4         |
| time/                   |              |
|    fps                  | 634          |
|    iterations           | 590          |
|    time_elapsed         | 7616         |
|    total_timesteps      | 4833280      |
| train/                  |              |
|    approx_kl            | 0.0025847172 |
|    clip_fraction        | 0.0179       |
|    clip_range           | 0.2          |
|    entropy_loss         | -0.378       |
|    explained_variance   | 0.341        |
|    learning_rate        | 5e-05        |
|    loss                 | 0.294        |
|    n_updates            | 2356         |
|    policy_gradient_loss | -0.00362     |
|    value_loss           | 0.332        |
------------------------------------------
------------------------------------------
| episode/                |              |
|    lines_cleared_mean   | 11.3         |
|    perfect_clears_mean  | 0            |
|    pieces_placed_mean   | 38.5         |
| rollout/                |              |
|    ep_len_mean          | 32.4         |
|    ep_rew_mean          | 45.9         |
| time/                   |              |
|    fps                  | 634          |
|    iterations           | 591          |
|    time_elapsed         | 7630         |
|    total_timesteps      | 4841472      |
| train/                  |              |
|    approx_kl            | 0.0028590737 |
|    clip_fraction        | 0.0196       |
|    clip_range           | 0.2          |
|    entropy_loss         | -0.385       |
|    explained_variance   | 0.397        |
|    learning_rate        | 5e-05        |
|    loss                 | 0.266        |
|    n_updates            | 2360         |
|    policy_gradient_loss | -0.00382     |
|    value_loss           | 0.284        |
------------------------------------------
------------------------------------------
| episode/                |              |
|    lines_cleared_mean   | 10.1         |
|    perfect_clears_mean  | 0            |
|    pieces_placed_mean   | 37.6         |
| rollout/                |              |
|    ep_len_mean          | 30.8         |
|    ep_rew_mean          | 41.6         |
| time/                   |              |
|    fps                  | 634          |
|    iterations           | 592          |
|    time_elapsed         | 7644         |
|    total_timesteps      | 4849664      |
| train/                  |              |
|    approx_kl            | 0.0024880029 |
|    clip_fraction        | 0.0216       |
|    clip_range           | 0.2          |
|    entropy_loss         | -0.372       |
|    explained_variance   | 0.377        |
|    learning_rate        | 5e-05        |
|    loss                 | 0.261        |
|    n_updates            | 2364         |
|    policy_gradient_loss | -0.00318     |
|    value_loss           | 0.287        |
------------------------------------------
------------------------------------------
| episode/                |              |
|    lines_cleared_mean   | 11           |
|    perfect_clears_mean  | 0            |
|    pieces_placed_mean   | 38.3         |
| rollout/                |              |
|    ep_len_mean          | 33.1         |
|    ep_rew_mean          | 47.8         |
| time/                   |              |
|    fps                  | 634          |
|    iterations           | 593          |
|    time_elapsed         | 7658         |
|    total_timesteps      | 4857856      |
| train/                  |              |
|    approx_kl            | 0.0024814103 |
|    clip_fraction        | 0.0194       |
|    clip_range           | 0.2          |
|    entropy_loss         | -0.375       |
|    explained_variance   | 0.418        |
|    learning_rate        | 5e-05        |
|    loss                 | 0.193        |
|    n_updates            | 2368         |
|    policy_gradient_loss | -0.00327     |
|    value_loss           | 0.266        |
------------------------------------------
-----------------------------------------
| episode/                |             |
|    lines_cleared_mean   | 4.6         |
|    perfect_clears_mean  | 0           |
|    pieces_placed_mean   | 22.8        |
| rollout/                |             |
|    ep_len_mean          | 33.6        |
|    ep_rew_mean          | 49          |
| time/                   |             |
|    fps                  | 634         |
|    iterations           | 594         |
|    time_elapsed         | 7672        |
|    total_timesteps      | 4866048     |
| train/                  |             |
|    approx_kl            | 0.002241401 |
|    clip_fraction        | 0.0149      |
|    clip_range           | 0.2         |
|    entropy_loss         | -0.369      |
|    explained_variance   | 0.423       |
|    learning_rate        | 5e-05       |
|    loss                 | 0.279       |
|    n_updates            | 2372        |
|    policy_gradient_loss | -0.00319    |
|    value_loss           | 0.295       |
-----------------------------------------
------------------------------------------
| episode/                |              |
|    lines_cleared_mean   | 10.6         |
|    perfect_clears_mean  | 0            |
|    pieces_placed_mean   | 37.9         |
| rollout/                |              |
|    ep_len_mean          | 33           |
|    ep_rew_mean          | 47.2         |
| time/                   |              |
|    fps                  | 634          |
|    iterations           | 595          |
|    time_elapsed         | 7686         |
|    total_timesteps      | 4874240      |
| train/                  |              |
|    approx_kl            | 0.0023618157 |
|    clip_fraction        | 0.0176       |
|    clip_range           | 0.2          |
|    entropy_loss         | -0.373       |
|    explained_variance   | 0.361        |
|    learning_rate        | 5e-05        |
|    loss                 | 0.241        |
|    n_updates            | 2376         |
|    policy_gradient_loss | -0.00335     |
|    value_loss           | 0.308        |
------------------------------------------
------------------------------------------
| episode/                |              |
|    lines_cleared_mean   | 8.3          |
|    perfect_clears_mean  | 0            |
|    pieces_placed_mean   | 33.1         |
| rollout/                |              |
|    ep_len_mean          | 32.4         |
|    ep_rew_mean          | 45.5         |
| time/                   |              |
|    fps                  | 634          |
|    iterations           | 596          |
|    time_elapsed         | 7700         |
|    total_timesteps      | 4882432      |
| train/                  |              |
|    approx_kl            | 0.0028670458 |
|    clip_fraction        | 0.0177       |
|    clip_range           | 0.2          |
|    entropy_loss         | -0.359       |
|    explained_variance   | 0.387        |
|    learning_rate        | 5e-05        |
|    loss                 | 0.232        |
|    n_updates            | 2380         |
|    policy_gradient_loss | -0.00347     |
|    value_loss           | 0.286        |
------------------------------------------
------------------------------------------
| episode/                |              |
|    lines_cleared_mean   | 8.9          |
|    perfect_clears_mean  | 0            |
|    pieces_placed_mean   | 34.2         |
| rollout/                |              |
|    ep_len_mean          | 30.6         |
|    ep_rew_mean          | 42           |
| time/                   |              |
|    fps                  | 633          |
|    iterations           | 597          |
|    time_elapsed         | 7714         |
|    total_timesteps      | 4890624      |
| train/                  |              |
|    approx_kl            | 0.0023666127 |
|    clip_fraction        | 0.0197       |
|    clip_range           | 0.2          |
|    entropy_loss         | -0.368       |
|    explained_variance   | 0.463        |
|    learning_rate        | 5e-05        |
|    loss                 | 0.193        |
|    n_updates            | 2384         |
|    policy_gradient_loss | -0.00346     |
|    value_loss           | 0.256        |
------------------------------------------
-----------------------------------------
| episode/                |             |
|    lines_cleared_mean   | 7.5         |
|    perfect_clears_mean  | 0           |
|    pieces_placed_mean   | 30          |
| rollout/                |             |
|    ep_len_mean          | 31          |
|    ep_rew_mean          | 42.7        |
| time/                   |             |
|    fps                  | 633         |
|    iterations           | 598         |
|    time_elapsed         | 7728        |
|    total_timesteps      | 4898816     |
| train/                  |             |
|    approx_kl            | 0.002873391 |
|    clip_fraction        | 0.0215      |
|    clip_range           | 0.2         |
|    entropy_loss         | -0.366      |
|    explained_variance   | 0.333       |
|    learning_rate        | 5e-05       |
|    loss                 | 0.269       |
|    n_updates            | 2388        |
|    policy_gradient_loss | -0.00341    |
|    value_loss           | 0.298       |
-----------------------------------------
------------------------------------------
| episode/                |              |
|    lines_cleared_mean   | 9.5          |
|    perfect_clears_mean  | 0            |
|    pieces_placed_mean   | 34.5         |
| rollout/                |              |
|    ep_len_mean          | 34.5         |
|    ep_rew_mean          | 50.5         |
| time/                   |              |
|    fps                  | 633          |
|    iterations           | 599          |
|    time_elapsed         | 7742         |
|    total_timesteps      | 4907008      |
| train/                  |              |
|    approx_kl            | 0.0024168752 |
|    clip_fraction        | 0.0185       |
|    clip_range           | 0.2          |
|    entropy_loss         | -0.37        |
|    explained_variance   | 0.427        |
|    learning_rate        | 5e-05        |
|    loss                 | 0.235        |
|    n_updates            | 2392         |
|    policy_gradient_loss | -0.00349     |
|    value_loss           | 0.277        |
------------------------------------------
------------------------------------------
| episode/                |              |
|    lines_cleared_mean   | 6.27         |
|    perfect_clears_mean  | 0            |
|    pieces_placed_mean   | 27.1         |
| rollout/                |              |
|    ep_len_mean          | 30           |
|    ep_rew_mean          | 40.6         |
| time/                   |              |
|    fps                  | 633          |
|    iterations           | 600          |
|    time_elapsed         | 7756         |
|    total_timesteps      | 4915200      |
| train/                  |              |
|    approx_kl            | 0.0022734662 |
|    clip_fraction        | 0.0129       |
|    clip_range           | 0.2          |
|    entropy_loss         | -0.369       |
|    explained_variance   | 0.355        |
|    learning_rate        | 5e-05        |
|    loss                 | 0.271        |
|    n_updates            | 2396         |
|    policy_gradient_loss | -0.00309     |
|    value_loss           | 0.327        |
------------------------------------------
------------------------------------------
| episode/                |              |
|    lines_cleared_mean   | 7.4          |
|    perfect_clears_mean  | 0            |
|    pieces_placed_mean   | 29.6         |
| rollout/                |              |
|    ep_len_mean          | 32.7         |
|    ep_rew_mean          | 47.3         |
| time/                   |              |
|    fps                  | 633          |
|    iterations           | 601          |
|    time_elapsed         | 7770         |
|    total_timesteps      | 4923392      |
| train/                  |              |
|    approx_kl            | 0.0023837448 |
|    clip_fraction        | 0.0174       |
|    clip_range           | 0.2          |
|    entropy_loss         | -0.377       |
|    explained_variance   | 0.402        |
|    learning_rate        | 5e-05        |
|    loss                 | 0.287        |
|    n_updates            | 2400         |
|    policy_gradient_loss | -0.00363     |
|    value_loss           | 0.314        |
------------------------------------------
------------------------------------------
| episode/                |              |
|    lines_cleared_mean   | 6.82         |
|    perfect_clears_mean  | 0            |
|    pieces_placed_mean   | 28.1         |
| rollout/                |              |
|    ep_len_mean          | 30.8         |
|    ep_rew_mean          | 42.1         |
| time/                   |              |
|    fps                  | 633          |
|    iterations           | 602          |
|    time_elapsed         | 7784         |
|    total_timesteps      | 4931584      |
| train/                  |              |
|    approx_kl            | 0.0024366537 |
|    clip_fraction        | 0.0168       |
|    clip_range           | 0.2          |
|    entropy_loss         | -0.378       |
|    explained_variance   | 0.341        |
|    learning_rate        | 5e-05        |
|    loss                 | 0.247        |
|    n_updates            | 2404         |
|    policy_gradient_loss | -0.00325     |
|    value_loss           | 0.308        |
------------------------------------------
-----------------------------------------
| episode/                |             |
|    lines_cleared_mean   | 8.73        |
|    perfect_clears_mean  | 0           |
|    pieces_placed_mean   | 34.3        |
| rollout/                |             |
|    ep_len_mean          | 32.5        |
|    ep_rew_mean          | 45.8        |
| time/                   |             |
|    fps                  | 633         |
|    iterations           | 603         |
|    time_elapsed         | 7798        |
|    total_timesteps      | 4939776     |
| train/                  |             |
|    approx_kl            | 0.002798785 |
|    clip_fraction        | 0.0174      |
|    clip_range           | 0.2         |
|    entropy_loss         | -0.388      |
|    explained_variance   | 0.37        |
|    learning_rate        | 5e-05       |
|    loss                 | 0.206       |
|    n_updates            | 2408        |
|    policy_gradient_loss | -0.0034     |
|    value_loss           | 0.292       |
-----------------------------------------
------------------------------------------
| episode/                |              |
|    lines_cleared_mean   | 6.5          |
|    perfect_clears_mean  | 0            |
|    pieces_placed_mean   | 28.8         |
| rollout/                |              |
|    ep_len_mean          | 32.2         |
|    ep_rew_mean          | 45.1         |
| time/                   |              |
|    fps                  | 633          |
|    iterations           | 604          |
|    time_elapsed         | 7812         |
|    total_timesteps      | 4947968      |
| train/                  |              |
|    approx_kl            | 0.0025726114 |
|    clip_fraction        | 0.019        |
|    clip_range           | 0.2          |
|    entropy_loss         | -0.386       |
|    explained_variance   | 0.411        |
|    learning_rate        | 5e-05        |
|    loss                 | 0.267        |
|    n_updates            | 2412         |
|    policy_gradient_loss | -0.00379     |
|    value_loss           | 0.304        |
------------------------------------------
------------------------------------------
| episode/                |              |
|    lines_cleared_mean   | 7.09         |
|    perfect_clears_mean  | 0            |
|    pieces_placed_mean   | 29.4         |
| rollout/                |              |
|    ep_len_mean          | 33.8         |
|    ep_rew_mean          | 48.9         |
| time/                   |              |
|    fps                  | 633          |
|    iterations           | 605          |
|    time_elapsed         | 7826         |
|    total_timesteps      | 4956160      |
| train/                  |              |
|    approx_kl            | 0.0017660703 |
|    clip_fraction        | 0.0106       |
|    clip_range           | 0.2          |
|    entropy_loss         | -0.386       |
|    explained_variance   | 0.414        |
|    learning_rate        | 5e-05        |
|    loss                 | 0.26         |
|    n_updates            | 2416         |
|    policy_gradient_loss | -0.00279     |
|    value_loss           | 0.327        |
------------------------------------------
------------------------------------------
| episode/                |              |
|    lines_cleared_mean   | 6.9          |
|    perfect_clears_mean  | 0            |
|    pieces_placed_mean   | 28.2         |
| rollout/                |              |
|    ep_len_mean          | 31.3         |
|    ep_rew_mean          | 43.3         |
| time/                   |              |
|    fps                  | 633          |
|    iterations           | 606          |
|    time_elapsed         | 7839         |
|    total_timesteps      | 4964352      |
| train/                  |              |
|    approx_kl            | 0.0027377533 |
|    clip_fraction        | 0.0194       |
|    clip_range           | 0.2          |
|    entropy_loss         | -0.375       |
|    explained_variance   | 0.362        |
|    learning_rate        | 5e-05        |
|    loss                 | 0.331        |
|    n_updates            | 2420         |
|    policy_gradient_loss | -0.00325     |
|    value_loss           | 0.352        |
------------------------------------------
------------------------------------------
| episode/                |              |
|    lines_cleared_mean   | 8.4          |
|    perfect_clears_mean  | 0            |
|    pieces_placed_mean   | 32.4         |
| rollout/                |              |
|    ep_len_mean          | 35           |
|    ep_rew_mean          | 51.9         |
| time/                   |              |
|    fps                  | 633          |
|    iterations           | 607          |
|    time_elapsed         | 7853         |
|    total_timesteps      | 4972544      |
| train/                  |              |
|    approx_kl            | 0.0020570408 |
|    clip_fraction        | 0.0112       |
|    clip_range           | 0.2          |
|    entropy_loss         | -0.386       |
|    explained_variance   | 0.368        |
|    learning_rate        | 5e-05        |
|    loss                 | 0.269        |
|    n_updates            | 2424         |
|    policy_gradient_loss | -0.00291     |
|    value_loss           | 0.36         |
------------------------------------------
-----------------------------------------
| episode/                |             |
|    lines_cleared_mean   | 9.2         |
|    perfect_clears_mean  | 0           |
|    pieces_placed_mean   | 33.5        |
| rollout/                |             |
|    ep_len_mean          | 32.6        |
|    ep_rew_mean          | 46.7        |
| time/                   |             |
|    fps                  | 633         |
|    iterations           | 608         |
|    time_elapsed         | 7867        |
|    total_timesteps      | 4980736     |
| train/                  |             |
|    approx_kl            | 0.002500985 |
|    clip_fraction        | 0.0178      |
|    clip_range           | 0.2         |
|    entropy_loss         | -0.377      |
|    explained_variance   | 0.422       |
|    learning_rate        | 5e-05       |
|    loss                 | 0.258       |
|    n_updates            | 2428        |
|    policy_gradient_loss | -0.00333    |
|    value_loss           | 0.316       |
-----------------------------------------
------------------------------------------
| episode/                |              |
|    lines_cleared_mean   | 11.9         |
|    perfect_clears_mean  | 0            |
|    pieces_placed_mean   | 41.1         |
| rollout/                |              |
|    ep_len_mean          | 34.7         |
|    ep_rew_mean          | 51.2         |
| time/                   |              |
|    fps                  | 632          |
|    iterations           | 609          |
|    time_elapsed         | 7881         |
|    total_timesteps      | 4988928      |
| train/                  |              |
|    approx_kl            | 0.0024023592 |
|    clip_fraction        | 0.0165       |
|    clip_range           | 0.2          |
|    entropy_loss         | -0.38        |
|    explained_variance   | 0.437        |
|    learning_rate        | 5e-05        |
|    loss                 | 0.215        |
|    n_updates            | 2432         |
|    policy_gradient_loss | -0.0036      |
|    value_loss           | 0.307        |
------------------------------------------
------------------------------------------
| episode/                |              |
|    lines_cleared_mean   | 9.3          |
|    perfect_clears_mean  | 0            |
|    pieces_placed_mean   | 34.2         |
| rollout/                |              |
|    ep_len_mean          | 32.5         |
|    ep_rew_mean          | 46.7         |
| time/                   |              |
|    fps                  | 632          |
|    iterations           | 610          |
|    time_elapsed         | 7895         |
|    total_timesteps      | 4997120      |
| train/                  |              |
|    approx_kl            | 0.0030596775 |
|    clip_fraction        | 0.0223       |
|    clip_range           | 0.2          |
|    entropy_loss         | -0.383       |
|    explained_variance   | 0.344        |
|    learning_rate        | 5e-05        |
|    loss                 | 0.301        |
|    n_updates            | 2436         |
|    policy_gradient_loss | -0.00438     |
|    value_loss           | 0.325        |
------------------------------------------
------------------------------------------
| episode/                |              |
|    lines_cleared_mean   | 7.3          |
|    perfect_clears_mean  | 0            |
|    pieces_placed_mean   | 30.7         |
| rollout/                |              |
|    ep_len_mean          | 32           |
|    ep_rew_mean          | 44.4         |
| time/                   |              |
|    fps                  | 632          |
|    iterations           | 611          |
|    time_elapsed         | 7909         |
|    total_timesteps      | 5005312      |
| train/                  |              |
|    approx_kl            | 0.0020921533 |
|    clip_fraction        | 0.009        |
|    clip_range           | 0.2          |
|    entropy_loss         | -0.381       |
|    explained_variance   | 0.433        |
|    learning_rate        | 5e-05        |
|    loss                 | 0.237        |
|    n_updates            | 2440         |
|    policy_gradient_loss | -0.00251     |
|    value_loss           | 0.293        |
------------------------------------------
 100% ━━━━━━━━━━━━━━━━━━━━━━━━━━━━━━━━━━━━━━━━━━━━━━━━━━━━━━━━━━━━━━━━━━━━━━━━━━━━━━━━━ 5,005,312/5,000,000  [ 2:11:43 < 0:00:00 , 589 it/s ]

[transfer_train] Модель сохранена: ./models/cnn_gen3_transfer_20260412_172310_final.zip
[transfer_train] VecNormalize сохранён: ./models/cnn_gen3_transfer_20260412_172310_vecnormalize.pkl
