=== TRAINING LOG: 2026-04-10 19:56:31 ===

=== 1. ARCHITECTURE ===
Algorithm: MaskablePPO
Architecture Type: MLP (Multi-Layer Perceptron)
Policy Class: MaskableActorCriticPolicy
Feature Extractor: FlattenExtractor
Network Architecture (net_arch): {'pi': [256, 256], 'vf': [512, 512]}

=== 2. TRAINING PARAMETERS ===
--- ARCH ---
MLP

--- normalize_reward ---
True

--- TRAIN ---
n_envs: 16
total_timesteps: 5000000
learning_rate: 0.0001
n_steps: 512
batch_size: 256
n_epochs: 4
gamma: 0.99
gae_lambda: 0.95
clip_range: 0.2
ent_coef: 0.005
vf_coef: 1.0
max_grad_norm: 0.5
policy: MlpPolicy
net_arch: {'pi': [256, 256], 'vf': [512, 512]}
features_extractor: flatten

--- REWARD ---
place_piece: 0.2
line_cleared: 3.0
combo_multiplier: 1.0
perfect_clear: 15.0
cell_potential: 0.3
invalid_move: -2.0
game_over: -5.0
game_over_per_cell: -0.1
round_complete: 0.5

--- ENV ---
board_size: 8
pieces_per_round: 3
max_steps: 2000

=== 3. CONSOLE OUTPUT ===
[run_training] Начинаем обучение на 5,000,000 шагов...
[run_training] Ожидаемый explained_variance > 0.5 после 500k шагов

Logging to ./runs/mlp_3_2
-------------------------------------
| episode/               |          |
|    lines_cleared_mean  | 1.6      |
|    perfect_clears_mean | 0        |
|    pieces_placed_mean  | 17.1     |
| rollout/               |          |
|    ep_len_mean         | 15.9     |
|    ep_rew_mean         | 9.53     |
| time/                  |          |
|    fps                 | 991      |
|    iterations          | 1        |
|    time_elapsed        | 8        |
|    total_timesteps     | 8192     |
-------------------------------------
-----------------------------------------
| episode/                |             |
|    lines_cleared_mean   | 1           |
|    perfect_clears_mean  | 0           |
|    pieces_placed_mean   | 13.6        |
| rollout/                |             |
|    ep_len_mean          | 15.9        |
|    ep_rew_mean          | 9.81        |
| time/                   |             |
|    fps                  | 901         |
|    iterations           | 2           |
|    time_elapsed         | 18          |
|    total_timesteps      | 16384       |
| train/                  |             |
|    approx_kl            | 0.006399883 |
|    clip_fraction        | 0.0232      |
|    clip_range           | 0.2         |
|    entropy_loss         | -2.86       |
|    explained_variance   | -0.119      |
|    learning_rate        | 0.0001      |
|    loss                 | 0.889       |
|    n_updates            | 4           |
|    policy_gradient_loss | -0.0137     |
|    value_loss           | 1.17        |
-----------------------------------------
----------------------------------------
| episode/                |            |
|    lines_cleared_mean   | 0.7        |
|    perfect_clears_mean  | 0          |
|    pieces_placed_mean   | 13.2       |
| rollout/                |            |
|    ep_len_mean          | 16.8       |
|    ep_rew_mean          | 11.5       |
| time/                   |            |
|    fps                  | 868        |
|    iterations           | 3          |
|    time_elapsed         | 28         |
|    total_timesteps      | 24576      |
| train/                  |            |
|    approx_kl            | 0.00770761 |
|    clip_fraction        | 0.0408     |
|    clip_range           | 0.2        |
|    entropy_loss         | -2.85      |
|    explained_variance   | 0.045      |
|    learning_rate        | 0.0001     |
|    loss                 | 0.612      |
|    n_updates            | 8          |
|    policy_gradient_loss | -0.0154    |
|    value_loss           | 0.637      |
----------------------------------------
------------------------------------------
| episode/                |              |
|    lines_cleared_mean   | 1.91         |
|    perfect_clears_mean  | 0            |
|    pieces_placed_mean   | 15.6         |
| rollout/                |              |
|    ep_len_mean          | 17.1         |
|    ep_rew_mean          | 12.6         |
| time/                   |              |
|    fps                  | 847          |
|    iterations           | 4            |
|    time_elapsed         | 38           |
|    total_timesteps      | 32768        |
| train/                  |              |
|    approx_kl            | 0.0070204195 |
|    clip_fraction        | 0.0409       |
|    clip_range           | 0.2          |
|    entropy_loss         | -2.84        |
|    explained_variance   | 0.0669       |
|    learning_rate        | 0.0001       |
|    loss                 | 0.667        |
|    n_updates            | 12           |
|    policy_gradient_loss | -0.0151      |
|    value_loss           | 0.743        |
------------------------------------------
------------------------------------------
| episode/                |              |
|    lines_cleared_mean   | 2.6          |
|    perfect_clears_mean  | 0            |
|    pieces_placed_mean   | 18.2         |
| rollout/                |              |
|    ep_len_mean          | 16.2         |
|    ep_rew_mean          | 10.6         |
| time/                   |              |
|    fps                  | 839          |
|    iterations           | 5            |
|    time_elapsed         | 48           |
|    total_timesteps      | 40960        |
| train/                  |              |
|    approx_kl            | 0.0070321485 |
|    clip_fraction        | 0.0385       |
|    clip_range           | 0.2          |
|    entropy_loss         | -2.8         |
|    explained_variance   | 0.0713       |
|    learning_rate        | 0.0001       |
|    loss                 | 0.681        |
|    n_updates            | 16           |
|    policy_gradient_loss | -0.014       |
|    value_loss           | 0.798        |
------------------------------------------
-----------------------------------------
| episode/                |             |
|    lines_cleared_mean   | 1.8         |
|    perfect_clears_mean  | 0           |
|    pieces_placed_mean   | 15.8        |
| rollout/                |             |
|    ep_len_mean          | 16.6        |
|    ep_rew_mean          | 11          |
| time/                   |             |
|    fps                  | 833         |
|    iterations           | 6           |
|    time_elapsed         | 59          |
|    total_timesteps      | 49152       |
| train/                  |             |
|    approx_kl            | 0.008624074 |
|    clip_fraction        | 0.0568      |
|    clip_range           | 0.2         |
|    entropy_loss         | -2.81       |
|    explained_variance   | 0.0783      |
|    learning_rate        | 0.0001      |
|    loss                 | 0.486       |
|    n_updates            | 20          |
|    policy_gradient_loss | -0.0166     |
|    value_loss           | 0.557       |
-----------------------------------------
-----------------------------------------
| episode/                |             |
|    lines_cleared_mean   | 0.8         |
|    perfect_clears_mean  | 0           |
|    pieces_placed_mean   | 13.9        |
| rollout/                |             |
|    ep_len_mean          | 15.9        |
|    ep_rew_mean          | 9.62        |
| time/                   |             |
|    fps                  | 827         |
|    iterations           | 7           |
|    time_elapsed         | 69          |
|    total_timesteps      | 57344       |
| train/                  |             |
|    approx_kl            | 0.008210256 |
|    clip_fraction        | 0.0632      |
|    clip_range           | 0.2         |
|    entropy_loss         | -2.8        |
|    explained_variance   | 0.0947      |
|    learning_rate        | 0.0001      |
|    loss                 | 0.665       |
|    n_updates            | 24          |
|    policy_gradient_loss | -0.0159     |
|    value_loss           | 0.659       |
-----------------------------------------
-----------------------------------------
| episode/                |             |
|    lines_cleared_mean   | 2.2         |
|    perfect_clears_mean  | 0           |
|    pieces_placed_mean   | 17.2        |
| rollout/                |             |
|    ep_len_mean          | 16.4        |
|    ep_rew_mean          | 10.6        |
| time/                   |             |
|    fps                  | 820         |
|    iterations           | 8           |
|    time_elapsed         | 79          |
|    total_timesteps      | 65536       |
| train/                  |             |
|    approx_kl            | 0.008240567 |
|    clip_fraction        | 0.0529      |
|    clip_range           | 0.2         |
|    entropy_loss         | -2.83       |
|    explained_variance   | 0.113       |
|    learning_rate        | 0.0001      |
|    loss                 | 0.498       |
|    n_updates            | 28          |
|    policy_gradient_loss | -0.0148     |
|    value_loss           | 0.621       |
-----------------------------------------
-----------------------------------------
| episode/                |             |
|    lines_cleared_mean   | 1.6         |
|    perfect_clears_mean  | 0           |
|    pieces_placed_mean   | 16.1        |
| rollout/                |             |
|    ep_len_mean          | 15.8        |
|    ep_rew_mean          | 9.27        |
| time/                   |             |
|    fps                  | 815         |
|    iterations           | 9           |
|    time_elapsed         | 90          |
|    total_timesteps      | 73728       |
| train/                  |             |
|    approx_kl            | 0.008564654 |
|    clip_fraction        | 0.0563      |
|    clip_range           | 0.2         |
|    entropy_loss         | -2.79       |
|    explained_variance   | 0.117       |
|    learning_rate        | 0.0001      |
|    loss                 | 0.49        |
|    n_updates            | 32          |
|    policy_gradient_loss | -0.0149     |
|    value_loss           | 0.561       |
-----------------------------------------
------------------------------------------
| episode/                |              |
|    lines_cleared_mean   | 2.3          |
|    perfect_clears_mean  | 0            |
|    pieces_placed_mean   | 16.9         |
| rollout/                |              |
|    ep_len_mean          | 15.5         |
|    ep_rew_mean          | 8.97         |
| time/                   |              |
|    fps                  | 809          |
|    iterations           | 10           |
|    time_elapsed         | 101          |
|    total_timesteps      | 81920        |
| train/                  |              |
|    approx_kl            | 0.0075727487 |
|    clip_fraction        | 0.0449       |
|    clip_range           | 0.2          |
|    entropy_loss         | -2.78        |
|    explained_variance   | 0.0344       |
|    learning_rate        | 0.0001       |
|    loss                 | 0.568        |
|    n_updates            | 36           |
|    policy_gradient_loss | -0.015       |
|    value_loss           | 0.666        |
------------------------------------------
-----------------------------------------
| episode/                |             |
|    lines_cleared_mean   | 1.2         |
|    perfect_clears_mean  | 0           |
|    pieces_placed_mean   | 14.6        |
| rollout/                |             |
|    ep_len_mean          | 16.3        |
|    ep_rew_mean          | 10.2        |
| time/                   |             |
|    fps                  | 802         |
|    iterations           | 11          |
|    time_elapsed         | 112         |
|    total_timesteps      | 90112       |
| train/                  |             |
|    approx_kl            | 0.008008484 |
|    clip_fraction        | 0.0492      |
|    clip_range           | 0.2         |
|    entropy_loss         | -2.79       |
|    explained_variance   | 0.0851      |
|    learning_rate        | 0.0001      |
|    loss                 | 0.516       |
|    n_updates            | 40          |
|    policy_gradient_loss | -0.0146     |
|    value_loss           | 0.612       |
-----------------------------------------
-----------------------------------------
| episode/                |             |
|    lines_cleared_mean   | 1.64        |
|    perfect_clears_mean  | 0           |
|    pieces_placed_mean   | 16.5        |
| rollout/                |             |
|    ep_len_mean          | 15.8        |
|    ep_rew_mean          | 9.74        |
| time/                   |             |
|    fps                  | 797         |
|    iterations           | 12          |
|    time_elapsed         | 123         |
|    total_timesteps      | 98304       |
| train/                  |             |
|    approx_kl            | 0.007992592 |
|    clip_fraction        | 0.0491      |
|    clip_range           | 0.2         |
|    entropy_loss         | -2.76       |
|    explained_variance   | 0.0696      |
|    learning_rate        | 0.0001      |
|    loss                 | 0.46        |
|    n_updates            | 44          |
|    policy_gradient_loss | -0.0156     |
|    value_loss           | 0.559       |
-----------------------------------------
-----------------------------------------
| episode/                |             |
|    lines_cleared_mean   | 1.09        |
|    perfect_clears_mean  | 0           |
|    pieces_placed_mean   | 15.1        |
| rollout/                |             |
|    ep_len_mean          | 15.6        |
|    ep_rew_mean          | 8.69        |
| time/                   |             |
|    fps                  | 797         |
|    iterations           | 13          |
|    time_elapsed         | 133         |
|    total_timesteps      | 106496      |
| train/                  |             |
|    approx_kl            | 0.008701397 |
|    clip_fraction        | 0.0585      |
|    clip_range           | 0.2         |
|    entropy_loss         | -2.76       |
|    explained_variance   | 0.125       |
|    learning_rate        | 0.0001      |
|    loss                 | 0.523       |
|    n_updates            | 48          |
|    policy_gradient_loss | -0.016      |
|    value_loss           | 0.563       |
-----------------------------------------
------------------------------------------
| episode/                |              |
|    lines_cleared_mean   | 1.9          |
|    perfect_clears_mean  | 0            |
|    pieces_placed_mean   | 16.5         |
| rollout/                |              |
|    ep_len_mean          | 16.4         |
|    ep_rew_mean          | 10.3         |
| time/                   |              |
|    fps                  | 795          |
|    iterations           | 14           |
|    time_elapsed         | 144          |
|    total_timesteps      | 114688       |
| train/                  |              |
|    approx_kl            | 0.0071522202 |
|    clip_fraction        | 0.0425       |
|    clip_range           | 0.2          |
|    entropy_loss         | -2.73        |
|    explained_variance   | 0.101        |
|    learning_rate        | 0.0001       |
|    loss                 | 0.585        |
|    n_updates            | 52           |
|    policy_gradient_loss | -0.0135      |
|    value_loss           | 0.654        |
------------------------------------------
-----------------------------------------
| episode/                |             |
|    lines_cleared_mean   | 1.5         |
|    perfect_clears_mean  | 0           |
|    pieces_placed_mean   | 15.2        |
| rollout/                |             |
|    ep_len_mean          | 16.8        |
|    ep_rew_mean          | 11.5        |
| time/                   |             |
|    fps                  | 793         |
|    iterations           | 15          |
|    time_elapsed         | 154         |
|    total_timesteps      | 122880      |
| train/                  |             |
|    approx_kl            | 0.009234576 |
|    clip_fraction        | 0.0662      |
|    clip_range           | 0.2         |
|    entropy_loss         | -2.73       |
|    explained_variance   | 0.144       |
|    learning_rate        | 0.0001      |
|    loss                 | 0.582       |
|    n_updates            | 56          |
|    policy_gradient_loss | -0.0164     |
|    value_loss           | 0.576       |
-----------------------------------------

[WARNING] explained_variance=0.074 после 122,896 шагов. Критик не обучается — проверь нормализацию наград.

-----------------------------------------
| episode/                |             |
|    lines_cleared_mean   | 1.3         |
|    perfect_clears_mean  | 0           |
|    pieces_placed_mean   | 15.4        |
| rollout/                |             |
|    ep_len_mean          | 16.7        |
|    ep_rew_mean          | 11.4        |
| time/                   |             |
|    fps                  | 792         |
|    iterations           | 16          |
|    time_elapsed         | 165         |
|    total_timesteps      | 131072      |
| train/                  |             |
|    approx_kl            | 0.007598212 |
|    clip_fraction        | 0.0465      |
|    clip_range           | 0.2         |
|    entropy_loss         | -2.73       |
|    explained_variance   | 0.0737      |
|    learning_rate        | 0.0001      |
|    loss                 | 0.499       |
|    n_updates            | 60          |
|    policy_gradient_loss | -0.0142     |
|    value_loss           | 0.681       |
-----------------------------------------
------------------------------------------
| episode/                |              |
|    lines_cleared_mean   | 3            |
|    perfect_clears_mean  | 0            |
|    pieces_placed_mean   | 19.2         |
| rollout/                |              |
|    ep_len_mean          | 17.3         |
|    ep_rew_mean          | 12.5         |
| time/                   |              |
|    fps                  | 789          |
|    iterations           | 17           |
|    time_elapsed         | 176          |
|    total_timesteps      | 139264       |
| train/                  |              |
|    approx_kl            | 0.0074355733 |
|    clip_fraction        | 0.0511       |
|    clip_range           | 0.2          |
|    entropy_loss         | -2.7         |
|    explained_variance   | 0.104        |
|    learning_rate        | 0.0001       |
|    loss                 | 0.528        |
|    n_updates            | 64           |
|    policy_gradient_loss | -0.0139      |
|    value_loss           | 0.615        |
------------------------------------------
-----------------------------------------
| episode/                |             |
|    lines_cleared_mean   | 3.45        |
|    perfect_clears_mean  | 0           |
|    pieces_placed_mean   | 19.8        |
| rollout/                |             |
|    ep_len_mean          | 17.9        |
|    ep_rew_mean          | 13.7        |
| time/                   |             |
|    fps                  | 787         |
|    iterations           | 18          |
|    time_elapsed         | 187         |
|    total_timesteps      | 147456      |
| train/                  |             |
|    approx_kl            | 0.008921692 |
|    clip_fraction        | 0.0703      |
|    clip_range           | 0.2         |
|    entropy_loss         | -2.7        |
|    explained_variance   | 0.091       |
|    learning_rate        | 0.0001      |
|    loss                 | 0.508       |
|    n_updates            | 68          |
|    policy_gradient_loss | -0.0153     |
|    value_loss           | 0.605       |
-----------------------------------------
-----------------------------------------
| episode/                |             |
|    lines_cleared_mean   | 0.8         |
|    perfect_clears_mean  | 0           |
|    pieces_placed_mean   | 13.7        |
| rollout/                |             |
|    ep_len_mean          | 15.5        |
|    ep_rew_mean          | 8.65        |
| time/                   |             |
|    fps                  | 787         |
|    iterations           | 19          |
|    time_elapsed         | 197         |
|    total_timesteps      | 155648      |
| train/                  |             |
|    approx_kl            | 0.008647224 |
|    clip_fraction        | 0.0686      |
|    clip_range           | 0.2         |
|    entropy_loss         | -2.64       |
|    explained_variance   | 0.0886      |
|    learning_rate        | 0.0001      |
|    loss                 | 0.504       |
|    n_updates            | 72          |
|    policy_gradient_loss | -0.0156     |
|    value_loss           | 0.654       |
-----------------------------------------
-----------------------------------------
| episode/                |             |
|    lines_cleared_mean   | 1.9         |
|    perfect_clears_mean  | 0           |
|    pieces_placed_mean   | 17.3        |
| rollout/                |             |
|    ep_len_mean          | 15.5        |
|    ep_rew_mean          | 8.91        |
| time/                   |             |
|    fps                  | 786         |
|    iterations           | 20          |
|    time_elapsed         | 208         |
|    total_timesteps      | 163840      |
| train/                  |             |
|    approx_kl            | 0.007982036 |
|    clip_fraction        | 0.0559      |
|    clip_range           | 0.2         |
|    entropy_loss         | -2.67       |
|    explained_variance   | 0.106       |
|    learning_rate        | 0.0001      |
|    loss                 | 0.557       |
|    n_updates            | 76          |
|    policy_gradient_loss | -0.014      |
|    value_loss           | 0.6         |
-----------------------------------------
-----------------------------------------
| episode/                |             |
|    lines_cleared_mean   | 1.7         |
|    perfect_clears_mean  | 0           |
|    pieces_placed_mean   | 15.7        |
| rollout/                |             |
|    ep_len_mean          | 16.2        |
|    ep_rew_mean          | 9.83        |
| time/                   |             |
|    fps                  | 784         |
|    iterations           | 21          |
|    time_elapsed         | 219         |
|    total_timesteps      | 172032      |
| train/                  |             |
|    approx_kl            | 0.008350931 |
|    clip_fraction        | 0.0705      |
|    clip_range           | 0.2         |
|    entropy_loss         | -2.64       |
|    explained_variance   | 0.11        |
|    learning_rate        | 0.0001      |
|    loss                 | 0.525       |
|    n_updates            | 80          |
|    policy_gradient_loss | -0.0155     |
|    value_loss           | 0.584       |
-----------------------------------------
-----------------------------------------
| episode/                |             |
|    lines_cleared_mean   | 1.09        |
|    perfect_clears_mean  | 0           |
|    pieces_placed_mean   | 14.5        |
| rollout/                |             |
|    ep_len_mean          | 16.8        |
|    ep_rew_mean          | 11.4        |
| time/                   |             |
|    fps                  | 784         |
|    iterations           | 22          |
|    time_elapsed         | 229         |
|    total_timesteps      | 180224      |
| train/                  |             |
|    approx_kl            | 0.008291073 |
|    clip_fraction        | 0.0637      |
|    clip_range           | 0.2         |
|    entropy_loss         | -2.62       |
|    explained_variance   | 0.104       |
|    learning_rate        | 0.0001      |
|    loss                 | 0.669       |
|    n_updates            | 84          |
|    policy_gradient_loss | -0.0157     |
|    value_loss           | 0.654       |
-----------------------------------------
-----------------------------------------
| episode/                |             |
|    lines_cleared_mean   | 1.8         |
|    perfect_clears_mean  | 0           |
|    pieces_placed_mean   | 16          |
| rollout/                |             |
|    ep_len_mean          | 17.4        |
|    ep_rew_mean          | 12.6        |
| time/                   |             |
|    fps                  | 785         |
|    iterations           | 23          |
|    time_elapsed         | 239         |
|    total_timesteps      | 188416      |
| train/                  |             |
|    approx_kl            | 0.008480482 |
|    clip_fraction        | 0.0544      |
|    clip_range           | 0.2         |
|    entropy_loss         | -2.62       |
|    explained_variance   | 0.0974      |
|    learning_rate        | 0.0001      |
|    loss                 | 0.671       |
|    n_updates            | 88          |
|    policy_gradient_loss | -0.0152     |
|    value_loss           | 0.711       |
-----------------------------------------
-----------------------------------------
| episode/                |             |
|    lines_cleared_mean   | 1.5         |
|    perfect_clears_mean  | 0           |
|    pieces_placed_mean   | 15.3        |
| rollout/                |             |
|    ep_len_mean          | 16.4        |
|    ep_rew_mean          | 10.3        |
| time/                   |             |
|    fps                  | 785         |
|    iterations           | 24          |
|    time_elapsed         | 250         |
|    total_timesteps      | 196608      |
| train/                  |             |
|    approx_kl            | 0.007974854 |
|    clip_fraction        | 0.0596      |
|    clip_range           | 0.2         |
|    entropy_loss         | -2.6        |
|    explained_variance   | 0.101       |
|    learning_rate        | 0.0001      |
|    loss                 | 0.568       |
|    n_updates            | 92          |
|    policy_gradient_loss | -0.0154     |
|    value_loss           | 0.672       |
-----------------------------------------
-----------------------------------------
| episode/                |             |
|    lines_cleared_mean   | 1.8         |
|    perfect_clears_mean  | 0           |
|    pieces_placed_mean   | 15.6        |
| rollout/                |             |
|    ep_len_mean          | 17.3        |
|    ep_rew_mean          | 12.6        |
| time/                   |             |
|    fps                  | 785         |
|    iterations           | 25          |
|    time_elapsed         | 260         |
|    total_timesteps      | 204800      |
| train/                  |             |
|    approx_kl            | 0.008932486 |
|    clip_fraction        | 0.0679      |
|    clip_range           | 0.2         |
|    entropy_loss         | -2.62       |
|    explained_variance   | 0.14        |
|    learning_rate        | 0.0001      |
|    loss                 | 0.5         |
|    n_updates            | 96          |
|    policy_gradient_loss | -0.0152     |
|    value_loss           | 0.592       |
-----------------------------------------
-----------------------------------------
| episode/                |             |
|    lines_cleared_mean   | 1.8         |
|    perfect_clears_mean  | 0           |
|    pieces_placed_mean   | 15.6        |
| rollout/                |             |
|    ep_len_mean          | 17.8        |
|    ep_rew_mean          | 13.4        |
| time/                   |             |
|    fps                  | 785         |
|    iterations           | 26          |
|    time_elapsed         | 271         |
|    total_timesteps      | 212992      |
| train/                  |             |
|    approx_kl            | 0.008439271 |
|    clip_fraction        | 0.0674      |
|    clip_range           | 0.2         |
|    entropy_loss         | -2.54       |
|    explained_variance   | 0.0985      |
|    learning_rate        | 0.0001      |
|    loss                 | 0.501       |
|    n_updates            | 100         |
|    policy_gradient_loss | -0.0146     |
|    value_loss           | 0.617       |
-----------------------------------------
-----------------------------------------
| episode/                |             |
|    lines_cleared_mean   | 0.818       |
|    perfect_clears_mean  | 0           |
|    pieces_placed_mean   | 14.5        |
| rollout/                |             |
|    ep_len_mean          | 16.1        |
|    ep_rew_mean          | 9.41        |
| time/                   |             |
|    fps                  | 785         |
|    iterations           | 27          |
|    time_elapsed         | 281         |
|    total_timesteps      | 221184      |
| train/                  |             |
|    approx_kl            | 0.008141326 |
|    clip_fraction        | 0.0577      |
|    clip_range           | 0.2         |
|    entropy_loss         | -2.55       |
|    explained_variance   | 0.0983      |
|    learning_rate        | 0.0001      |
|    loss                 | 0.582       |
|    n_updates            | 104         |
|    policy_gradient_loss | -0.0144     |
|    value_loss           | 0.615       |
-----------------------------------------
-----------------------------------------
| episode/                |             |
|    lines_cleared_mean   | 2.42        |
|    perfect_clears_mean  | 0           |
|    pieces_placed_mean   | 17.4        |
| rollout/                |             |
|    ep_len_mean          | 17.1        |
|    ep_rew_mean          | 11.9        |
| time/                   |             |
|    fps                  | 785         |
|    iterations           | 28          |
|    time_elapsed         | 291         |
|    total_timesteps      | 229376      |
| train/                  |             |
|    approx_kl            | 0.007843963 |
|    clip_fraction        | 0.0579      |
|    clip_range           | 0.2         |
|    entropy_loss         | -2.54       |
|    explained_variance   | 0.0798      |
|    learning_rate        | 0.0001      |
|    loss                 | 0.579       |
|    n_updates            | 108         |
|    policy_gradient_loss | -0.0138     |
|    value_loss           | 0.679       |
-----------------------------------------
----------------------------------------
| episode/                |            |
|    lines_cleared_mean   | 3.1        |
|    perfect_clears_mean  | 0          |
|    pieces_placed_mean   | 20.2       |
| rollout/                |            |
|    ep_len_mean          | 17.6       |
|    ep_rew_mean          | 12.9       |
| time/                   |            |
|    fps                  | 785        |
|    iterations           | 29         |
|    time_elapsed         | 302        |
|    total_timesteps      | 237568     |
| train/                  |            |
|    approx_kl            | 0.00710599 |
|    clip_fraction        | 0.0515     |
|    clip_range           | 0.2        |
|    entropy_loss         | -2.52      |
|    explained_variance   | 0.078      |
|    learning_rate        | 0.0001     |
|    loss                 | 0.627      |
|    n_updates            | 112        |
|    policy_gradient_loss | -0.0133    |
|    value_loss           | 0.799      |
----------------------------------------
-----------------------------------------
| episode/                |             |
|    lines_cleared_mean   | 1.7         |
|    perfect_clears_mean  | 0           |
|    pieces_placed_mean   | 16          |
| rollout/                |             |
|    ep_len_mean          | 16.7        |
|    ep_rew_mean          | 11.2        |
| time/                   |             |
|    fps                  | 785         |
|    iterations           | 30          |
|    time_elapsed         | 312         |
|    total_timesteps      | 245760      |
| train/                  |             |
|    approx_kl            | 0.008176196 |
|    clip_fraction        | 0.0625      |
|    clip_range           | 0.2         |
|    entropy_loss         | -2.47       |
|    explained_variance   | 0.107       |
|    learning_rate        | 0.0001      |
|    loss                 | 0.658       |
|    n_updates            | 116         |
|    policy_gradient_loss | -0.0148     |
|    value_loss           | 0.728       |
-----------------------------------------
-----------------------------------------
| episode/                |             |
|    lines_cleared_mean   | 1.2         |
|    perfect_clears_mean  | 0           |
|    pieces_placed_mean   | 15.3        |
| rollout/                |             |
|    ep_len_mean          | 18.3        |
|    ep_rew_mean          | 14.2        |
| time/                   |             |
|    fps                  | 785         |
|    iterations           | 31          |
|    time_elapsed         | 323         |
|    total_timesteps      | 253952      |
| train/                  |             |
|    approx_kl            | 0.008417684 |
|    clip_fraction        | 0.0679      |
|    clip_range           | 0.2         |
|    entropy_loss         | -2.5        |
|    explained_variance   | 0.0919      |
|    learning_rate        | 0.0001      |
|    loss                 | 0.568       |
|    n_updates            | 120         |
|    policy_gradient_loss | -0.0154     |
|    value_loss           | 0.586       |
-----------------------------------------
-----------------------------------------
| episode/                |             |
|    lines_cleared_mean   | 1.7         |
|    perfect_clears_mean  | 0           |
|    pieces_placed_mean   | 16.2        |
| rollout/                |             |
|    ep_len_mean          | 17.7        |
|    ep_rew_mean          | 13.3        |
| time/                   |             |
|    fps                  | 785         |
|    iterations           | 32          |
|    time_elapsed         | 333         |
|    total_timesteps      | 262144      |
| train/                  |             |
|    approx_kl            | 0.008013241 |
|    clip_fraction        | 0.0569      |
|    clip_range           | 0.2         |
|    entropy_loss         | -2.46       |
|    explained_variance   | 0.0835      |
|    learning_rate        | 0.0001      |
|    loss                 | 0.625       |
|    n_updates            | 124         |
|    policy_gradient_loss | -0.0138     |
|    value_loss           | 0.7         |
-----------------------------------------
-----------------------------------------
| episode/                |             |
|    lines_cleared_mean   | 2.8         |
|    perfect_clears_mean  | 0           |
|    pieces_placed_mean   | 19.7        |
| rollout/                |             |
|    ep_len_mean          | 17.6        |
|    ep_rew_mean          | 13.6        |
| time/                   |             |
|    fps                  | 785         |
|    iterations           | 33          |
|    time_elapsed         | 344         |
|    total_timesteps      | 270336      |
| train/                  |             |
|    approx_kl            | 0.007169216 |
|    clip_fraction        | 0.0521      |
|    clip_range           | 0.2         |
|    entropy_loss         | -2.44       |
|    explained_variance   | 0.0822      |
|    learning_rate        | 0.0001      |
|    loss                 | 0.748       |
|    n_updates            | 128         |
|    policy_gradient_loss | -0.0129     |
|    value_loss           | 0.83        |
-----------------------------------------
-----------------------------------------
| episode/                |             |
|    lines_cleared_mean   | 2.5         |
|    perfect_clears_mean  | 0           |
|    pieces_placed_mean   | 18.2        |
| rollout/                |             |
|    ep_len_mean          | 17.7        |
|    ep_rew_mean          | 13.2        |
| time/                   |             |
|    fps                  | 785         |
|    iterations           | 34          |
|    time_elapsed         | 354         |
|    total_timesteps      | 278528      |
| train/                  |             |
|    approx_kl            | 0.008286802 |
|    clip_fraction        | 0.0713      |
|    clip_range           | 0.2         |
|    entropy_loss         | -2.44       |
|    explained_variance   | 0.0818      |
|    learning_rate        | 0.0001      |
|    loss                 | 0.519       |
|    n_updates            | 132         |
|    policy_gradient_loss | -0.0149     |
|    value_loss           | 0.619       |
-----------------------------------------
-----------------------------------------
| episode/                |             |
|    lines_cleared_mean   | 2.82        |
|    perfect_clears_mean  | 0           |
|    pieces_placed_mean   | 18.9        |
| rollout/                |             |
|    ep_len_mean          | 18.1        |
|    ep_rew_mean          | 14.2        |
| time/                   |             |
|    fps                  | 785         |
|    iterations           | 35          |
|    time_elapsed         | 365         |
|    total_timesteps      | 286720      |
| train/                  |             |
|    approx_kl            | 0.008459678 |
|    clip_fraction        | 0.0696      |
|    clip_range           | 0.2         |
|    entropy_loss         | -2.42       |
|    explained_variance   | 0.0951      |
|    learning_rate        | 0.0001      |
|    loss                 | 0.59        |
|    n_updates            | 136         |
|    policy_gradient_loss | -0.0142     |
|    value_loss           | 0.633       |
-----------------------------------------
-----------------------------------------
| episode/                |             |
|    lines_cleared_mean   | 2.18        |
|    perfect_clears_mean  | 0           |
|    pieces_placed_mean   | 16.5        |
| rollout/                |             |
|    ep_len_mean          | 17.1        |
|    ep_rew_mean          | 12.2        |
| time/                   |             |
|    fps                  | 785         |
|    iterations           | 36          |
|    time_elapsed         | 375         |
|    total_timesteps      | 294912      |
| train/                  |             |
|    approx_kl            | 0.008795356 |
|    clip_fraction        | 0.0692      |
|    clip_range           | 0.2         |
|    entropy_loss         | -2.4        |
|    explained_variance   | 0.0798      |
|    learning_rate        | 0.0001      |
|    loss                 | 0.642       |
|    n_updates            | 140         |
|    policy_gradient_loss | -0.0152     |
|    value_loss           | 0.671       |
-----------------------------------------
-----------------------------------------
| episode/                |             |
|    lines_cleared_mean   | 1.6         |
|    perfect_clears_mean  | 0           |
|    pieces_placed_mean   | 15.3        |
| rollout/                |             |
|    ep_len_mean          | 16.9        |
|    ep_rew_mean          | 11.4        |
| time/                   |             |
|    fps                  | 785         |
|    iterations           | 37          |
|    time_elapsed         | 386         |
|    total_timesteps      | 303104      |
| train/                  |             |
|    approx_kl            | 0.007501376 |
|    clip_fraction        | 0.0595      |
|    clip_range           | 0.2         |
|    entropy_loss         | -2.4        |
|    explained_variance   | 0.107       |
|    learning_rate        | 0.0001      |
|    loss                 | 0.628       |
|    n_updates            | 144         |
|    policy_gradient_loss | -0.0144     |
|    value_loss           | 0.653       |
-----------------------------------------
-----------------------------------------
| episode/                |             |
|    lines_cleared_mean   | 2.4         |
|    perfect_clears_mean  | 0           |
|    pieces_placed_mean   | 18.2        |
| rollout/                |             |
|    ep_len_mean          | 17.8        |
|    ep_rew_mean          | 12.8        |
| time/                   |             |
|    fps                  | 785         |
|    iterations           | 38          |
|    time_elapsed         | 396         |
|    total_timesteps      | 311296      |
| train/                  |             |
|    approx_kl            | 0.008463591 |
|    clip_fraction        | 0.0679      |
|    clip_range           | 0.2         |
|    entropy_loss         | -2.37       |
|    explained_variance   | 0.107       |
|    learning_rate        | 0.0001      |
|    loss                 | 0.567       |
|    n_updates            | 148         |
|    policy_gradient_loss | -0.014      |
|    value_loss           | 0.654       |
-----------------------------------------
-----------------------------------------
| episode/                |             |
|    lines_cleared_mean   | 2.2         |
|    perfect_clears_mean  | 0           |
|    pieces_placed_mean   | 16.6        |
| rollout/                |             |
|    ep_len_mean          | 17.7        |
|    ep_rew_mean          | 13.4        |
| time/                   |             |
|    fps                  | 785         |
|    iterations           | 39          |
|    time_elapsed         | 406         |
|    total_timesteps      | 319488      |
| train/                  |             |
|    approx_kl            | 0.008377712 |
|    clip_fraction        | 0.0659      |
|    clip_range           | 0.2         |
|    entropy_loss         | -2.34       |
|    explained_variance   | 0.106       |
|    learning_rate        | 0.0001      |
|    loss                 | 0.55        |
|    n_updates            | 152         |
|    policy_gradient_loss | -0.0148     |
|    value_loss           | 0.67        |
-----------------------------------------
------------------------------------------
| episode/                |              |
|    lines_cleared_mean   | 2.25         |
|    perfect_clears_mean  | 0            |
|    pieces_placed_mean   | 17.4         |
| rollout/                |              |
|    ep_len_mean          | 17.4         |
|    ep_rew_mean          | 12.2         |
| time/                   |              |
|    fps                  | 784          |
|    iterations           | 40           |
|    time_elapsed         | 417          |
|    total_timesteps      | 327680       |
| train/                  |              |
|    approx_kl            | 0.0074784546 |
|    clip_fraction        | 0.0588       |
|    clip_range           | 0.2          |
|    entropy_loss         | -2.3         |
|    explained_variance   | 0.0979       |
|    learning_rate        | 0.0001       |
|    loss                 | 0.516        |
|    n_updates            | 156          |
|    policy_gradient_loss | -0.0145      |
|    value_loss           | 0.673        |
------------------------------------------
-----------------------------------------
| episode/                |             |
|    lines_cleared_mean   | 2.3         |
|    perfect_clears_mean  | 0           |
|    pieces_placed_mean   | 18.2        |
| rollout/                |             |
|    ep_len_mean          | 17.4        |
|    ep_rew_mean          | 13          |
| time/                   |             |
|    fps                  | 784         |
|    iterations           | 41          |
|    time_elapsed         | 427         |
|    total_timesteps      | 335872      |
| train/                  |             |
|    approx_kl            | 0.008283364 |
|    clip_fraction        | 0.0693      |
|    clip_range           | 0.2         |
|    entropy_loss         | -2.3        |
|    explained_variance   | 0.11        |
|    learning_rate        | 0.0001      |
|    loss                 | 0.635       |
|    n_updates            | 160         |
|    policy_gradient_loss | -0.0145     |
|    value_loss           | 0.664       |
-----------------------------------------
-----------------------------------------
| episode/                |             |
|    lines_cleared_mean   | 2.09        |
|    perfect_clears_mean  | 0           |
|    pieces_placed_mean   | 18.2        |
| rollout/                |             |
|    ep_len_mean          | 17.1        |
|    ep_rew_mean          | 12          |
| time/                   |             |
|    fps                  | 784         |
|    iterations           | 42          |
|    time_elapsed         | 438         |
|    total_timesteps      | 344064      |
| train/                  |             |
|    approx_kl            | 0.007615298 |
|    clip_fraction        | 0.06        |
|    clip_range           | 0.2         |
|    entropy_loss         | -2.28       |
|    explained_variance   | 0.125       |
|    learning_rate        | 0.0001      |
|    loss                 | 0.546       |
|    n_updates            | 164         |
|    policy_gradient_loss | -0.014      |
|    value_loss           | 0.647       |
-----------------------------------------
-----------------------------------------
| episode/                |             |
|    lines_cleared_mean   | 2.3         |
|    perfect_clears_mean  | 0           |
|    pieces_placed_mean   | 17.3        |
| rollout/                |             |
|    ep_len_mean          | 16.7        |
|    ep_rew_mean          | 11.5        |
| time/                   |             |
|    fps                  | 784         |
|    iterations           | 43          |
|    time_elapsed         | 448         |
|    total_timesteps      | 352256      |
| train/                  |             |
|    approx_kl            | 0.008607015 |
|    clip_fraction        | 0.0833      |
|    clip_range           | 0.2         |
|    entropy_loss         | -2.3        |
|    explained_variance   | 0.0947      |
|    learning_rate        | 0.0001      |
|    loss                 | 0.502       |
|    n_updates            | 168         |
|    policy_gradient_loss | -0.0156     |
|    value_loss           | 0.623       |
-----------------------------------------
-----------------------------------------
| episode/                |             |
|    lines_cleared_mean   | 2.18        |
|    perfect_clears_mean  | 0           |
|    pieces_placed_mean   | 17.7        |
| rollout/                |             |
|    ep_len_mean          | 17.7        |
|    ep_rew_mean          | 13.6        |
| time/                   |             |
|    fps                  | 784         |
|    iterations           | 44          |
|    time_elapsed         | 459         |
|    total_timesteps      | 360448      |
| train/                  |             |
|    approx_kl            | 0.008772715 |
|    clip_fraction        | 0.0701      |
|    clip_range           | 0.2         |
|    entropy_loss         | -2.27       |
|    explained_variance   | 0.145       |
|    learning_rate        | 0.0001      |
|    loss                 | 0.489       |
|    n_updates            | 172         |
|    policy_gradient_loss | -0.0148     |
|    value_loss           | 0.575       |
-----------------------------------------
-----------------------------------------
| episode/                |             |
|    lines_cleared_mean   | 3.64        |
|    perfect_clears_mean  | 0           |
|    pieces_placed_mean   | 20.7        |
| rollout/                |             |
|    ep_len_mean          | 17.9        |
|    ep_rew_mean          | 13.6        |
| time/                   |             |
|    fps                  | 784         |
|    iterations           | 45          |
|    time_elapsed         | 469         |
|    total_timesteps      | 368640      |
| train/                  |             |
|    approx_kl            | 0.008028221 |
|    clip_fraction        | 0.0631      |
|    clip_range           | 0.2         |
|    entropy_loss         | -2.23       |
|    explained_variance   | 0.14        |
|    learning_rate        | 0.0001      |
|    loss                 | 0.518       |
|    n_updates            | 176         |
|    policy_gradient_loss | -0.0142     |
|    value_loss           | 0.653       |
-----------------------------------------
------------------------------------------
| episode/                |              |
|    lines_cleared_mean   | 1.5          |
|    perfect_clears_mean  | 0            |
|    pieces_placed_mean   | 15.4         |
| rollout/                |              |
|    ep_len_mean          | 18.1         |
|    ep_rew_mean          | 14.6         |
| time/                   |              |
|    fps                  | 784          |
|    iterations           | 46           |
|    time_elapsed         | 480          |
|    total_timesteps      | 376832       |
| train/                  |              |
|    approx_kl            | 0.0074178893 |
|    clip_fraction        | 0.0625       |
|    clip_range           | 0.2          |
|    entropy_loss         | -2.17        |
|    explained_variance   | 0.111        |
|    learning_rate        | 0.0001       |
|    loss                 | 0.636        |
|    n_updates            | 180          |
|    policy_gradient_loss | -0.0142      |
|    value_loss           | 0.771        |
------------------------------------------
-----------------------------------------
| episode/                |             |
|    lines_cleared_mean   | 1.46        |
|    perfect_clears_mean  | 0           |
|    pieces_placed_mean   | 16.3        |
| rollout/                |             |
|    ep_len_mean          | 18.5        |
|    ep_rew_mean          | 15.3        |
| time/                   |             |
|    fps                  | 784         |
|    iterations           | 47          |
|    time_elapsed         | 490         |
|    total_timesteps      | 385024      |
| train/                  |             |
|    approx_kl            | 0.008844101 |
|    clip_fraction        | 0.0811      |
|    clip_range           | 0.2         |
|    entropy_loss         | -2.16       |
|    explained_variance   | 0.143       |
|    learning_rate        | 0.0001      |
|    loss                 | 0.456       |
|    n_updates            | 184         |
|    policy_gradient_loss | -0.0149     |
|    value_loss           | 0.611       |
-----------------------------------------
------------------------------------------
| episode/                |              |
|    lines_cleared_mean   | 1.3          |
|    perfect_clears_mean  | 0            |
|    pieces_placed_mean   | 14.7         |
| rollout/                |              |
|    ep_len_mean          | 17.1         |
|    ep_rew_mean          | 11.7         |
| time/                   |              |
|    fps                  | 784          |
|    iterations           | 48           |
|    time_elapsed         | 500          |
|    total_timesteps      | 393216       |
| train/                  |              |
|    approx_kl            | 0.0073035285 |
|    clip_fraction        | 0.0642       |
|    clip_range           | 0.2          |
|    entropy_loss         | -2.1         |
|    explained_variance   | 0.128        |
|    learning_rate        | 0.0001       |
|    loss                 | 0.632        |
|    n_updates            | 188          |
|    policy_gradient_loss | -0.0141      |
|    value_loss           | 0.694        |
------------------------------------------
-----------------------------------------
| episode/                |             |
|    lines_cleared_mean   | 2.55        |
|    perfect_clears_mean  | 0           |
|    pieces_placed_mean   | 18.9        |
| rollout/                |             |
|    ep_len_mean          | 18.2        |
|    ep_rew_mean          | 14.3        |
| time/                   |             |
|    fps                  | 784         |
|    iterations           | 49          |
|    time_elapsed         | 511         |
|    total_timesteps      | 401408      |
| train/                  |             |
|    approx_kl            | 0.008339933 |
|    clip_fraction        | 0.0704      |
|    clip_range           | 0.2         |
|    entropy_loss         | -2.11       |
|    explained_variance   | 0.122       |
|    learning_rate        | 0.0001      |
|    loss                 | 0.61        |
|    n_updates            | 192         |
|    policy_gradient_loss | -0.0141     |
|    value_loss           | 0.648       |
-----------------------------------------
-----------------------------------------
| episode/                |             |
|    lines_cleared_mean   | 2.2         |
|    perfect_clears_mean  | 0           |
|    pieces_placed_mean   | 17.6        |
| rollout/                |             |
|    ep_len_mean          | 18.3        |
|    ep_rew_mean          | 14.6        |
| time/                   |             |
|    fps                  | 784         |
|    iterations           | 50          |
|    time_elapsed         | 521         |
|    total_timesteps      | 409600      |
| train/                  |             |
|    approx_kl            | 0.007324643 |
|    clip_fraction        | 0.065       |
|    clip_range           | 0.2         |
|    entropy_loss         | -2.07       |
|    explained_variance   | 0.119       |
|    learning_rate        | 0.0001      |
|    loss                 | 0.62        |
|    n_updates            | 196         |
|    policy_gradient_loss | -0.0118     |
|    value_loss           | 0.728       |
-----------------------------------------
------------------------------------------
| episode/                |              |
|    lines_cleared_mean   | 2.09         |
|    perfect_clears_mean  | 0            |
|    pieces_placed_mean   | 18.7         |
| rollout/                |              |
|    ep_len_mean          | 18.1         |
|    ep_rew_mean          | 14.3         |
| time/                   |              |
|    fps                  | 784          |
|    iterations           | 51           |
|    time_elapsed         | 532          |
|    total_timesteps      | 417792       |
| train/                  |              |
|    approx_kl            | 0.0070982566 |
|    clip_fraction        | 0.0582       |
|    clip_range           | 0.2          |
|    entropy_loss         | -2.11        |
|    explained_variance   | 0.149        |
|    learning_rate        | 0.0001       |
|    loss                 | 0.521        |
|    n_updates            | 200          |
|    policy_gradient_loss | -0.0115      |
|    value_loss           | 0.661        |
------------------------------------------
-----------------------------------------
| episode/                |             |
|    lines_cleared_mean   | 3.5         |
|    perfect_clears_mean  | 0           |
|    pieces_placed_mean   | 20.5        |
| rollout/                |             |
|    ep_len_mean          | 19.3        |
|    ep_rew_mean          | 17          |
| time/                   |             |
|    fps                  | 784         |
|    iterations           | 52          |
|    time_elapsed         | 542         |
|    total_timesteps      | 425984      |
| train/                  |             |
|    approx_kl            | 0.008522885 |
|    clip_fraction        | 0.0705      |
|    clip_range           | 0.2         |
|    entropy_loss         | -2.1        |
|    explained_variance   | 0.186       |
|    learning_rate        | 0.0001      |
|    loss                 | 0.47        |
|    n_updates            | 204         |
|    policy_gradient_loss | -0.0136     |
|    value_loss           | 0.515       |
-----------------------------------------
-----------------------------------------
| episode/                |             |
|    lines_cleared_mean   | 2.4         |
|    perfect_clears_mean  | 0           |
|    pieces_placed_mean   | 18.7        |
| rollout/                |             |
|    ep_len_mean          | 18.7        |
|    ep_rew_mean          | 15.5        |
| time/                   |             |
|    fps                  | 784         |
|    iterations           | 53          |
|    time_elapsed         | 553         |
|    total_timesteps      | 434176      |
| train/                  |             |
|    approx_kl            | 0.008317674 |
|    clip_fraction        | 0.065       |
|    clip_range           | 0.2         |
|    entropy_loss         | -2.04       |
|    explained_variance   | 0.099       |
|    learning_rate        | 0.0001      |
|    loss                 | 0.666       |
|    n_updates            | 208         |
|    policy_gradient_loss | -0.0126     |
|    value_loss           | 0.747       |
-----------------------------------------
-----------------------------------------
| episode/                |             |
|    lines_cleared_mean   | 4.18        |
|    perfect_clears_mean  | 0           |
|    pieces_placed_mean   | 22.4        |
| rollout/                |             |
|    ep_len_mean          | 19.1        |
|    ep_rew_mean          | 16.3        |
| time/                   |             |
|    fps                  | 784         |
|    iterations           | 54          |
|    time_elapsed         | 563         |
|    total_timesteps      | 442368      |
| train/                  |             |
|    approx_kl            | 0.008141782 |
|    clip_fraction        | 0.0645      |
|    clip_range           | 0.2         |
|    entropy_loss         | -2.06       |
|    explained_variance   | 0.13        |
|    learning_rate        | 0.0001      |
|    loss                 | 0.712       |
|    n_updates            | 212         |
|    policy_gradient_loss | -0.0142     |
|    value_loss           | 0.754       |
-----------------------------------------
-----------------------------------------
| episode/                |             |
|    lines_cleared_mean   | 1.9         |
|    perfect_clears_mean  | 0           |
|    pieces_placed_mean   | 16.8        |
| rollout/                |             |
|    ep_len_mean          | 18.1        |
|    ep_rew_mean          | 13.8        |
| time/                   |             |
|    fps                  | 784         |
|    iterations           | 55          |
|    time_elapsed         | 574         |
|    total_timesteps      | 450560      |
| train/                  |             |
|    approx_kl            | 0.008592831 |
|    clip_fraction        | 0.0735      |
|    clip_range           | 0.2         |
|    entropy_loss         | -2.02       |
|    explained_variance   | 0.141       |
|    learning_rate        | 0.0001      |
|    loss                 | 0.581       |
|    n_updates            | 216         |
|    policy_gradient_loss | -0.0142     |
|    value_loss           | 0.658       |
-----------------------------------------
-----------------------------------------
| episode/                |             |
|    lines_cleared_mean   | 2.6         |
|    perfect_clears_mean  | 0           |
|    pieces_placed_mean   | 18.6        |
| rollout/                |             |
|    ep_len_mean          | 18          |
|    ep_rew_mean          | 14.3        |
| time/                   |             |
|    fps                  | 784         |
|    iterations           | 56          |
|    time_elapsed         | 584         |
|    total_timesteps      | 458752      |
| train/                  |             |
|    approx_kl            | 0.008877261 |
|    clip_fraction        | 0.0882      |
|    clip_range           | 0.2         |
|    entropy_loss         | -1.98       |
|    explained_variance   | 0.154       |
|    learning_rate        | 0.0001      |
|    loss                 | 0.514       |
|    n_updates            | 220         |
|    policy_gradient_loss | -0.0145     |
|    value_loss           | 0.593       |
-----------------------------------------
----------------------------------------
| episode/                |            |
|    lines_cleared_mean   | 3.5        |
|    perfect_clears_mean  | 0          |
|    pieces_placed_mean   | 20.7       |
| rollout/                |            |
|    ep_len_mean          | 19.7       |
|    ep_rew_mean          | 18         |
| time/                   |            |
|    fps                  | 784        |
|    iterations           | 57         |
|    time_elapsed         | 594        |
|    total_timesteps      | 466944     |
| train/                  |            |
|    approx_kl            | 0.00782734 |
|    clip_fraction        | 0.0692     |
|    clip_range           | 0.2        |
|    entropy_loss         | -1.94      |
|    explained_variance   | 0.143      |
|    learning_rate        | 0.0001     |
|    loss                 | 0.573      |
|    n_updates            | 224        |
|    policy_gradient_loss | -0.0129    |
|    value_loss           | 0.694      |
----------------------------------------
------------------------------------------
| episode/                |              |
|    lines_cleared_mean   | 1.7          |
|    perfect_clears_mean  | 0            |
|    pieces_placed_mean   | 16.5         |
| rollout/                |              |
|    ep_len_mean          | 20.5         |
|    ep_rew_mean          | 19.6         |
| time/                   |              |
|    fps                  | 784          |
|    iterations           | 58           |
|    time_elapsed         | 605          |
|    total_timesteps      | 475136       |
| train/                  |              |
|    approx_kl            | 0.0074121887 |
|    clip_fraction        | 0.0565       |
|    clip_range           | 0.2          |
|    entropy_loss         | -1.92        |
|    explained_variance   | 0.142        |
|    learning_rate        | 0.0001       |
|    loss                 | 0.595        |
|    n_updates            | 228          |
|    policy_gradient_loss | -0.0125      |
|    value_loss           | 0.763        |
------------------------------------------
-----------------------------------------
| episode/                |             |
|    lines_cleared_mean   | 3.09        |
|    perfect_clears_mean  | 0           |
|    pieces_placed_mean   | 19.5        |
| rollout/                |             |
|    ep_len_mean          | 18.8        |
|    ep_rew_mean          | 15.4        |
| time/                   |             |
|    fps                  | 784         |
|    iterations           | 59          |
|    time_elapsed         | 615         |
|    total_timesteps      | 483328      |
| train/                  |             |
|    approx_kl            | 0.006761998 |
|    clip_fraction        | 0.0572      |
|    clip_range           | 0.2         |
|    entropy_loss         | -1.93       |
|    explained_variance   | 0.165       |
|    learning_rate        | 0.0001      |
|    loss                 | 0.752       |
|    n_updates            | 232         |
|    policy_gradient_loss | -0.0124     |
|    value_loss           | 0.744       |
-----------------------------------------
-----------------------------------------
| episode/                |             |
|    lines_cleared_mean   | 3.4         |
|    perfect_clears_mean  | 0           |
|    pieces_placed_mean   | 20.8        |
| rollout/                |             |
|    ep_len_mean          | 19.6        |
|    ep_rew_mean          | 17.8        |
| time/                   |             |
|    fps                  | 784         |
|    iterations           | 60          |
|    time_elapsed         | 626         |
|    total_timesteps      | 491520      |
| train/                  |             |
|    approx_kl            | 0.007042171 |
|    clip_fraction        | 0.0569      |
|    clip_range           | 0.2         |
|    entropy_loss         | -1.94       |
|    explained_variance   | 0.137       |
|    learning_rate        | 0.0001      |
|    loss                 | 0.705       |
|    n_updates            | 236         |
|    policy_gradient_loss | -0.011      |
|    value_loss           | 0.668       |
-----------------------------------------
-----------------------------------------
| episode/                |             |
|    lines_cleared_mean   | 3.1         |
|    perfect_clears_mean  | 0           |
|    pieces_placed_mean   | 20.3        |
| rollout/                |             |
|    ep_len_mean          | 19.6        |
|    ep_rew_mean          | 17.4        |
| time/                   |             |
|    fps                  | 785         |
|    iterations           | 61          |
|    time_elapsed         | 636         |
|    total_timesteps      | 499712      |
| train/                  |             |
|    approx_kl            | 0.008321504 |
|    clip_fraction        | 0.0749      |
|    clip_range           | 0.2         |
|    entropy_loss         | -1.89       |
|    explained_variance   | 0.124       |
|    learning_rate        | 0.0001      |
|    loss                 | 0.56        |
|    n_updates            | 240         |
|    policy_gradient_loss | -0.0135     |
|    value_loss           | 0.743       |
-----------------------------------------
-----------------------------------------
| episode/                |             |
|    lines_cleared_mean   | 4.6         |
|    perfect_clears_mean  | 0           |
|    pieces_placed_mean   | 22.4        |
| rollout/                |             |
|    ep_len_mean          | 19.9        |
|    ep_rew_mean          | 18          |
| time/                   |             |
|    fps                  | 785         |
|    iterations           | 62          |
|    time_elapsed         | 646         |
|    total_timesteps      | 507904      |
| train/                  |             |
|    approx_kl            | 0.007197906 |
|    clip_fraction        | 0.071       |
|    clip_range           | 0.2         |
|    entropy_loss         | -1.84       |
|    explained_variance   | 0.0873      |
|    learning_rate        | 0.0001      |
|    loss                 | 0.682       |
|    n_updates            | 244         |
|    policy_gradient_loss | -0.013      |
|    value_loss           | 0.802       |
-----------------------------------------
-----------------------------------------
| episode/                |             |
|    lines_cleared_mean   | 2.73        |
|    perfect_clears_mean  | 0           |
|    pieces_placed_mean   | 18.1        |
| rollout/                |             |
|    ep_len_mean          | 19.9        |
|    ep_rew_mean          | 18.3        |
| time/                   |             |
|    fps                  | 785         |
|    iterations           | 63          |
|    time_elapsed         | 657         |
|    total_timesteps      | 516096      |
| train/                  |             |
|    approx_kl            | 0.006894594 |
|    clip_fraction        | 0.0568      |
|    clip_range           | 0.2         |
|    entropy_loss         | -1.82       |
|    explained_variance   | 0.0975      |
|    learning_rate        | 0.0001      |
|    loss                 | 0.784       |
|    n_updates            | 248         |
|    policy_gradient_loss | -0.0125     |
|    value_loss           | 0.846       |
-----------------------------------------
-----------------------------------------
| episode/                |             |
|    lines_cleared_mean   | 3.9         |
|    perfect_clears_mean  | 0           |
|    pieces_placed_mean   | 21.1        |
| rollout/                |             |
|    ep_len_mean          | 20          |
|    ep_rew_mean          | 18.6        |
| time/                   |             |
|    fps                  | 785         |
|    iterations           | 64          |
|    time_elapsed         | 667         |
|    total_timesteps      | 524288      |
| train/                  |             |
|    approx_kl            | 0.007691046 |
|    clip_fraction        | 0.0614      |
|    clip_range           | 0.2         |
|    entropy_loss         | -1.78       |
|    explained_variance   | 0.117       |
|    learning_rate        | 0.0001      |
|    loss                 | 0.628       |
|    n_updates            | 252         |
|    policy_gradient_loss | -0.0117     |
|    value_loss           | 0.725       |
-----------------------------------------
------------------------------------------
| episode/                |              |
|    lines_cleared_mean   | 3.73         |
|    perfect_clears_mean  | 0            |
|    pieces_placed_mean   | 21.6         |
| rollout/                |              |
|    ep_len_mean          | 20.8         |
|    ep_rew_mean          | 19.9         |
| time/                   |              |
|    fps                  | 785          |
|    iterations           | 65           |
|    time_elapsed         | 678          |
|    total_timesteps      | 532480       |
| train/                  |              |
|    approx_kl            | 0.0072159925 |
|    clip_fraction        | 0.06         |
|    clip_range           | 0.2          |
|    entropy_loss         | -1.78        |
|    explained_variance   | 0.144        |
|    learning_rate        | 0.0001       |
|    loss                 | 0.762        |
|    n_updates            | 256          |
|    policy_gradient_loss | -0.0118      |
|    value_loss           | 0.738        |
------------------------------------------
------------------------------------------
| episode/                |              |
|    lines_cleared_mean   | 2.6          |
|    perfect_clears_mean  | 0            |
|    pieces_placed_mean   | 18.7         |
| rollout/                |              |
|    ep_len_mean          | 20.7         |
|    ep_rew_mean          | 20           |
| time/                   |              |
|    fps                  | 785          |
|    iterations           | 66           |
|    time_elapsed         | 688          |
|    total_timesteps      | 540672       |
| train/                  |              |
|    approx_kl            | 0.0071121277 |
|    clip_fraction        | 0.0596       |
|    clip_range           | 0.2          |
|    entropy_loss         | -1.73        |
|    explained_variance   | 0.14         |
|    learning_rate        | 0.0001       |
|    loss                 | 0.785        |
|    n_updates            | 260          |
|    policy_gradient_loss | -0.0115      |
|    value_loss           | 0.804        |
------------------------------------------
------------------------------------------
| episode/                |              |
|    lines_cleared_mean   | 1.9          |
|    perfect_clears_mean  | 0            |
|    pieces_placed_mean   | 17.3         |
| rollout/                |              |
|    ep_len_mean          | 20           |
|    ep_rew_mean          | 17.7         |
| time/                   |              |
|    fps                  | 785          |
|    iterations           | 67           |
|    time_elapsed         | 698          |
|    total_timesteps      | 548864       |
| train/                  |              |
|    approx_kl            | 0.0069323266 |
|    clip_fraction        | 0.0646       |
|    clip_range           | 0.2          |
|    entropy_loss         | -1.71        |
|    explained_variance   | 0.133        |
|    learning_rate        | 0.0001       |
|    loss                 | 0.856        |
|    n_updates            | 264          |
|    policy_gradient_loss | -0.0117      |
|    value_loss           | 0.853        |
------------------------------------------
-----------------------------------------
| episode/                |             |
|    lines_cleared_mean   | 4           |
|    perfect_clears_mean  | 0           |
|    pieces_placed_mean   | 21.1        |
| rollout/                |             |
|    ep_len_mean          | 20.1        |
|    ep_rew_mean          | 18.6        |
| time/                   |             |
|    fps                  | 785         |
|    iterations           | 68          |
|    time_elapsed         | 709         |
|    total_timesteps      | 557056      |
| train/                  |             |
|    approx_kl            | 0.008258995 |
|    clip_fraction        | 0.0747      |
|    clip_range           | 0.2         |
|    entropy_loss         | -1.72       |
|    explained_variance   | 0.191       |
|    learning_rate        | 0.0001      |
|    loss                 | 0.616       |
|    n_updates            | 268         |
|    policy_gradient_loss | -0.0137     |
|    value_loss           | 0.712       |
-----------------------------------------
-----------------------------------------
| episode/                |             |
|    lines_cleared_mean   | 3.2         |
|    perfect_clears_mean  | 0           |
|    pieces_placed_mean   | 20.6        |
| rollout/                |             |
|    ep_len_mean          | 19.7        |
|    ep_rew_mean          | 17.4        |
| time/                   |             |
|    fps                  | 785         |
|    iterations           | 69          |
|    time_elapsed         | 719         |
|    total_timesteps      | 565248      |
| train/                  |             |
|    approx_kl            | 0.008026296 |
|    clip_fraction        | 0.0688      |
|    clip_range           | 0.2         |
|    entropy_loss         | -1.71       |
|    explained_variance   | 0.232       |
|    learning_rate        | 0.0001      |
|    loss                 | 0.643       |
|    n_updates            | 272         |
|    policy_gradient_loss | -0.0128     |
|    value_loss           | 0.652       |
-----------------------------------------
------------------------------------------
| episode/                |              |
|    lines_cleared_mean   | 5.9          |
|    perfect_clears_mean  | 0            |
|    pieces_placed_mean   | 25.7         |
| rollout/                |              |
|    ep_len_mean          | 21.9         |
|    ep_rew_mean          | 22.7         |
| time/                   |              |
|    fps                  | 785          |
|    iterations           | 70           |
|    time_elapsed         | 730          |
|    total_timesteps      | 573440       |
| train/                  |              |
|    approx_kl            | 0.0076777474 |
|    clip_fraction        | 0.0697       |
|    clip_range           | 0.2          |
|    entropy_loss         | -1.71        |
|    explained_variance   | 0.177        |
|    learning_rate        | 0.0001       |
|    loss                 | 0.648        |
|    n_updates            | 276          |
|    policy_gradient_loss | -0.0121      |
|    value_loss           | 0.667        |
------------------------------------------
-----------------------------------------
| episode/                |             |
|    lines_cleared_mean   | 2.55        |
|    perfect_clears_mean  | 0           |
|    pieces_placed_mean   | 18.5        |
| rollout/                |             |
|    ep_len_mean          | 19.9        |
|    ep_rew_mean          | 18.4        |
| time/                   |             |
|    fps                  | 784         |
|    iterations           | 71          |
|    time_elapsed         | 740         |
|    total_timesteps      | 581632      |
| train/                  |             |
|    approx_kl            | 0.006431604 |
|    clip_fraction        | 0.0469      |
|    clip_range           | 0.2         |
|    entropy_loss         | -1.64       |
|    explained_variance   | 0.157       |
|    learning_rate        | 0.0001      |
|    loss                 | 0.711       |
|    n_updates            | 280         |
|    policy_gradient_loss | -0.00986    |
|    value_loss           | 0.769       |
-----------------------------------------
------------------------------------------
| episode/                |              |
|    lines_cleared_mean   | 4.1          |
|    perfect_clears_mean  | 0            |
|    pieces_placed_mean   | 23.1         |
| rollout/                |              |
|    ep_len_mean          | 21.7         |
|    ep_rew_mean          | 22.4         |
| time/                   |              |
|    fps                  | 784          |
|    iterations           | 72           |
|    time_elapsed         | 751          |
|    total_timesteps      | 589824       |
| train/                  |              |
|    approx_kl            | 0.0073174536 |
|    clip_fraction        | 0.0609       |
|    clip_range           | 0.2          |
|    entropy_loss         | -1.69        |
|    explained_variance   | 0.222        |
|    learning_rate        | 0.0001       |
|    loss                 | 0.641        |
|    n_updates            | 284          |
|    policy_gradient_loss | -0.0109      |
|    value_loss           | 0.69         |
------------------------------------------
-----------------------------------------
| episode/                |             |
|    lines_cleared_mean   | 2.5         |
|    perfect_clears_mean  | 0           |
|    pieces_placed_mean   | 20.1        |
| rollout/                |             |
|    ep_len_mean          | 22.1        |
|    ep_rew_mean          | 23          |
| time/                   |             |
|    fps                  | 784         |
|    iterations           | 73          |
|    time_elapsed         | 762         |
|    total_timesteps      | 598016      |
| train/                  |             |
|    approx_kl            | 0.008098395 |
|    clip_fraction        | 0.0667      |
|    clip_range           | 0.2         |
|    entropy_loss         | -1.63       |
|    explained_variance   | 0.167       |
|    learning_rate        | 0.0001      |
|    loss                 | 0.619       |
|    n_updates            | 288         |
|    policy_gradient_loss | -0.0119     |
|    value_loss           | 0.721       |
-----------------------------------------
-----------------------------------------
| episode/                |             |
|    lines_cleared_mean   | 3.8         |
|    perfect_clears_mean  | 0           |
|    pieces_placed_mean   | 22.1        |
| rollout/                |             |
|    ep_len_mean          | 19.7        |
|    ep_rew_mean          | 17.5        |
| time/                   |             |
|    fps                  | 783         |
|    iterations           | 74          |
|    time_elapsed         | 773         |
|    total_timesteps      | 606208      |
| train/                  |             |
|    approx_kl            | 0.007174397 |
|    clip_fraction        | 0.0595      |
|    clip_range           | 0.2         |
|    entropy_loss         | -1.64       |
|    explained_variance   | 0.174       |
|    learning_rate        | 0.0001      |
|    loss                 | 0.664       |
|    n_updates            | 292         |
|    policy_gradient_loss | -0.0107     |
|    value_loss           | 0.697       |
-----------------------------------------
-----------------------------------------
| episode/                |             |
|    lines_cleared_mean   | 3           |
|    perfect_clears_mean  | 0           |
|    pieces_placed_mean   | 19.8        |
| rollout/                |             |
|    ep_len_mean          | 22.1        |
|    ep_rew_mean          | 23.7        |
| time/                   |             |
|    fps                  | 783         |
|    iterations           | 75          |
|    time_elapsed         | 784         |
|    total_timesteps      | 614400      |
| train/                  |             |
|    approx_kl            | 0.007154951 |
|    clip_fraction        | 0.0662      |
|    clip_range           | 0.2         |
|    entropy_loss         | -1.62       |
|    explained_variance   | 0.181       |
|    learning_rate        | 0.0001      |
|    loss                 | 0.666       |
|    n_updates            | 296         |
|    policy_gradient_loss | -0.0115     |
|    value_loss           | 0.652       |
-----------------------------------------
-----------------------------------------
| episode/                |             |
|    lines_cleared_mean   | 4.64        |
|    perfect_clears_mean  | 0           |
|    pieces_placed_mean   | 23.9        |
| rollout/                |             |
|    ep_len_mean          | 21.4        |
|    ep_rew_mean          | 21.4        |
| time/                   |             |
|    fps                  | 783         |
|    iterations           | 76          |
|    time_elapsed         | 794         |
|    total_timesteps      | 622592      |
| train/                  |             |
|    approx_kl            | 0.006719547 |
|    clip_fraction        | 0.0537      |
|    clip_range           | 0.2         |
|    entropy_loss         | -1.6        |
|    explained_variance   | 0.173       |
|    learning_rate        | 0.0001      |
|    loss                 | 0.572       |
|    n_updates            | 300         |
|    policy_gradient_loss | -0.0105     |
|    value_loss           | 0.747       |
-----------------------------------------
-----------------------------------------
| episode/                |             |
|    lines_cleared_mean   | 4.6         |
|    perfect_clears_mean  | 0           |
|    pieces_placed_mean   | 23.3        |
| rollout/                |             |
|    ep_len_mean          | 21.3        |
|    ep_rew_mean          | 21.4        |
| time/                   |             |
|    fps                  | 783         |
|    iterations           | 77          |
|    time_elapsed         | 805         |
|    total_timesteps      | 630784      |
| train/                  |             |
|    approx_kl            | 0.007833241 |
|    clip_fraction        | 0.079       |
|    clip_range           | 0.2         |
|    entropy_loss         | -1.57       |
|    explained_variance   | 0.205       |
|    learning_rate        | 0.0001      |
|    loss                 | 0.589       |
|    n_updates            | 304         |
|    policy_gradient_loss | -0.0122     |
|    value_loss           | 0.673       |
-----------------------------------------
-----------------------------------------
| episode/                |             |
|    lines_cleared_mean   | 2.82        |
|    perfect_clears_mean  | 0           |
|    pieces_placed_mean   | 19.3        |
| rollout/                |             |
|    ep_len_mean          | 20.8        |
|    ep_rew_mean          | 20.7        |
| time/                   |             |
|    fps                  | 782         |
|    iterations           | 78          |
|    time_elapsed         | 816         |
|    total_timesteps      | 638976      |
| train/                  |             |
|    approx_kl            | 0.007716482 |
|    clip_fraction        | 0.0697      |
|    clip_range           | 0.2         |
|    entropy_loss         | -1.57       |
|    explained_variance   | 0.153       |
|    learning_rate        | 0.0001      |
|    loss                 | 0.674       |
|    n_updates            | 308         |
|    policy_gradient_loss | -0.0114     |
|    value_loss           | 0.732       |
-----------------------------------------
------------------------------------------
| episode/                |              |
|    lines_cleared_mean   | 2.5          |
|    perfect_clears_mean  | 0            |
|    pieces_placed_mean   | 19           |
| rollout/                |              |
|    ep_len_mean          | 21.1         |
|    ep_rew_mean          | 21.3         |
| time/                   |              |
|    fps                  | 782          |
|    iterations           | 79           |
|    time_elapsed         | 826          |
|    total_timesteps      | 647168       |
| train/                  |              |
|    approx_kl            | 0.0069409697 |
|    clip_fraction        | 0.0652       |
|    clip_range           | 0.2          |
|    entropy_loss         | -1.55        |
|    explained_variance   | 0.178        |
|    learning_rate        | 0.0001       |
|    loss                 | 0.54         |
|    n_updates            | 312          |
|    policy_gradient_loss | -0.0115      |
|    value_loss           | 0.663        |
------------------------------------------
------------------------------------------
| episode/                |              |
|    lines_cleared_mean   | 4.7          |
|    perfect_clears_mean  | 0            |
|    pieces_placed_mean   | 24           |
| rollout/                |              |
|    ep_len_mean          | 22.2         |
|    ep_rew_mean          | 23.3         |
| time/                   |              |
|    fps                  | 782          |
|    iterations           | 80           |
|    time_elapsed         | 837          |
|    total_timesteps      | 655360       |
| train/                  |              |
|    approx_kl            | 0.0074699456 |
|    clip_fraction        | 0.0658       |
|    clip_range           | 0.2          |
|    entropy_loss         | -1.54        |
|    explained_variance   | 0.21         |
|    learning_rate        | 0.0001       |
|    loss                 | 0.5          |
|    n_updates            | 316          |
|    policy_gradient_loss | -0.0115      |
|    value_loss           | 0.654        |
------------------------------------------
------------------------------------------
| episode/                |              |
|    lines_cleared_mean   | 5.1          |
|    perfect_clears_mean  | 0            |
|    pieces_placed_mean   | 25.3         |
| rollout/                |              |
|    ep_len_mean          | 20.9         |
|    ep_rew_mean          | 20.5         |
| time/                   |              |
|    fps                  | 782          |
|    iterations           | 81           |
|    time_elapsed         | 848          |
|    total_timesteps      | 663552       |
| train/                  |              |
|    approx_kl            | 0.0069638113 |
|    clip_fraction        | 0.0635       |
|    clip_range           | 0.2          |
|    entropy_loss         | -1.51        |
|    explained_variance   | 0.195        |
|    learning_rate        | 0.0001       |
|    loss                 | 0.546        |
|    n_updates            | 320          |
|    policy_gradient_loss | -0.0116      |
|    value_loss           | 0.717        |
------------------------------------------
-----------------------------------------
| episode/                |             |
|    lines_cleared_mean   | 4           |
|    perfect_clears_mean  | 0           |
|    pieces_placed_mean   | 22.2        |
| rollout/                |             |
|    ep_len_mean          | 21.2        |
|    ep_rew_mean          | 21.4        |
| time/                   |             |
|    fps                  | 782         |
|    iterations           | 82          |
|    time_elapsed         | 858         |
|    total_timesteps      | 671744      |
| train/                  |             |
|    approx_kl            | 0.008302661 |
|    clip_fraction        | 0.0771      |
|    clip_range           | 0.2         |
|    entropy_loss         | -1.54       |
|    explained_variance   | 0.22        |
|    learning_rate        | 0.0001      |
|    loss                 | 0.482       |
|    n_updates            | 324         |
|    policy_gradient_loss | -0.0129     |
|    value_loss           | 0.6         |
-----------------------------------------
------------------------------------------
| episode/                |              |
|    lines_cleared_mean   | 4.2          |
|    perfect_clears_mean  | 0            |
|    pieces_placed_mean   | 22.6         |
| rollout/                |              |
|    ep_len_mean          | 22.8         |
|    ep_rew_mean          | 24.7         |
| time/                   |              |
|    fps                  | 782          |
|    iterations           | 83           |
|    time_elapsed         | 869          |
|    total_timesteps      | 679936       |
| train/                  |              |
|    approx_kl            | 0.0076068724 |
|    clip_fraction        | 0.063        |
|    clip_range           | 0.2          |
|    entropy_loss         | -1.51        |
|    explained_variance   | 0.184        |
|    learning_rate        | 0.0001       |
|    loss                 | 0.639        |
|    n_updates            | 328          |
|    policy_gradient_loss | -0.0108      |
|    value_loss           | 0.701        |
------------------------------------------
-----------------------------------------
| episode/                |             |
|    lines_cleared_mean   | 4.8         |
|    perfect_clears_mean  | 0           |
|    pieces_placed_mean   | 23.6        |
| rollout/                |             |
|    ep_len_mean          | 23          |
|    ep_rew_mean          | 25.4        |
| time/                   |             |
|    fps                  | 782         |
|    iterations           | 84          |
|    time_elapsed         | 879         |
|    total_timesteps      | 688128      |
| train/                  |             |
|    approx_kl            | 0.008005839 |
|    clip_fraction        | 0.0755      |
|    clip_range           | 0.2         |
|    entropy_loss         | -1.51       |
|    explained_variance   | 0.206       |
|    learning_rate        | 0.0001      |
|    loss                 | 0.661       |
|    n_updates            | 332         |
|    policy_gradient_loss | -0.0133     |
|    value_loss           | 0.718       |
-----------------------------------------
------------------------------------------
| episode/                |              |
|    lines_cleared_mean   | 2.25         |
|    perfect_clears_mean  | 0            |
|    pieces_placed_mean   | 17.7         |
| rollout/                |              |
|    ep_len_mean          | 22.1         |
|    ep_rew_mean          | 23.2         |
| time/                   |              |
|    fps                  | 781          |
|    iterations           | 85           |
|    time_elapsed         | 890          |
|    total_timesteps      | 696320       |
| train/                  |              |
|    approx_kl            | 0.0073246444 |
|    clip_fraction        | 0.0646       |
|    clip_range           | 0.2          |
|    entropy_loss         | -1.5         |
|    explained_variance   | 0.201        |
|    learning_rate        | 0.0001       |
|    loss                 | 0.597        |
|    n_updates            | 336          |
|    policy_gradient_loss | -0.0122      |
|    value_loss           | 0.732        |
------------------------------------------
-----------------------------------------
| episode/                |             |
|    lines_cleared_mean   | 3.55        |
|    perfect_clears_mean  | 0           |
|    pieces_placed_mean   | 20.7        |
| rollout/                |             |
|    ep_len_mean          | 22          |
|    ep_rew_mean          | 22.8        |
| time/                   |             |
|    fps                  | 781         |
|    iterations           | 86          |
|    time_elapsed         | 901         |
|    total_timesteps      | 704512      |
| train/                  |             |
|    approx_kl            | 0.006638186 |
|    clip_fraction        | 0.0531      |
|    clip_range           | 0.2         |
|    entropy_loss         | -1.48       |
|    explained_variance   | 0.195       |
|    learning_rate        | 0.0001      |
|    loss                 | 0.519       |
|    n_updates            | 340         |
|    policy_gradient_loss | -0.0107     |
|    value_loss           | 0.691       |
-----------------------------------------
-----------------------------------------
| episode/                |             |
|    lines_cleared_mean   | 5.7         |
|    perfect_clears_mean  | 0           |
|    pieces_placed_mean   | 26.3        |
| rollout/                |             |
|    ep_len_mean          | 23          |
|    ep_rew_mean          | 24.9        |
| time/                   |             |
|    fps                  | 781         |
|    iterations           | 87          |
|    time_elapsed         | 912         |
|    total_timesteps      | 712704      |
| train/                  |             |
|    approx_kl            | 0.007706006 |
|    clip_fraction        | 0.0669      |
|    clip_range           | 0.2         |
|    entropy_loss         | -1.5        |
|    explained_variance   | 0.194       |
|    learning_rate        | 0.0001      |
|    loss                 | 0.641       |
|    n_updates            | 344         |
|    policy_gradient_loss | -0.0108     |
|    value_loss           | 0.688       |
-----------------------------------------
------------------------------------------
| episode/                |              |
|    lines_cleared_mean   | 4.4          |
|    perfect_clears_mean  | 0            |
|    pieces_placed_mean   | 22.9         |
| rollout/                |              |
|    ep_len_mean          | 22.2         |
|    ep_rew_mean          | 23.1         |
| time/                   |              |
|    fps                  | 781          |
|    iterations           | 88           |
|    time_elapsed         | 922          |
|    total_timesteps      | 720896       |
| train/                  |              |
|    approx_kl            | 0.0068750125 |
|    clip_fraction        | 0.0591       |
|    clip_range           | 0.2          |
|    entropy_loss         | -1.46        |
|    explained_variance   | 0.174        |
|    learning_rate        | 0.0001       |
|    loss                 | 0.584        |
|    n_updates            | 348          |
|    policy_gradient_loss | -0.0108      |
|    value_loss           | 0.705        |
------------------------------------------
-----------------------------------------
| episode/                |             |
|    lines_cleared_mean   | 3.6         |
|    perfect_clears_mean  | 0           |
|    pieces_placed_mean   | 20.5        |
| rollout/                |             |
|    ep_len_mean          | 22.4        |
|    ep_rew_mean          | 23.7        |
| time/                   |             |
|    fps                  | 781         |
|    iterations           | 89          |
|    time_elapsed         | 933         |
|    total_timesteps      | 729088      |
| train/                  |             |
|    approx_kl            | 0.007865904 |
|    clip_fraction        | 0.0705      |
|    clip_range           | 0.2         |
|    entropy_loss         | -1.47       |
|    explained_variance   | 0.248       |
|    learning_rate        | 0.0001      |
|    loss                 | 0.639       |
|    n_updates            | 352         |
|    policy_gradient_loss | -0.0122     |
|    value_loss           | 0.641       |
-----------------------------------------
----------------------------------------
| episode/                |            |
|    lines_cleared_mean   | 3.2        |
|    perfect_clears_mean  | 0          |
|    pieces_placed_mean   | 20.2       |
| rollout/                |            |
|    ep_len_mean          | 22.4       |
|    ep_rew_mean          | 23.9       |
| time/                   |            |
|    fps                  | 781        |
|    iterations           | 90         |
|    time_elapsed         | 943        |
|    total_timesteps      | 737280     |
| train/                  |            |
|    approx_kl            | 0.00755578 |
|    clip_fraction        | 0.0667     |
|    clip_range           | 0.2        |
|    entropy_loss         | -1.44      |
|    explained_variance   | 0.219      |
|    learning_rate        | 0.0001     |
|    loss                 | 0.632      |
|    n_updates            | 356        |
|    policy_gradient_loss | -0.0108    |
|    value_loss           | 0.642      |
----------------------------------------
------------------------------------------
| episode/                |              |
|    lines_cleared_mean   | 4.8          |
|    perfect_clears_mean  | 0            |
|    pieces_placed_mean   | 23.9         |
| rollout/                |              |
|    ep_len_mean          | 23.6         |
|    ep_rew_mean          | 27           |
| time/                   |              |
|    fps                  | 780          |
|    iterations           | 91           |
|    time_elapsed         | 954          |
|    total_timesteps      | 745472       |
| train/                  |              |
|    approx_kl            | 0.0073319618 |
|    clip_fraction        | 0.0678       |
|    clip_range           | 0.2          |
|    entropy_loss         | -1.42        |
|    explained_variance   | 0.183        |
|    learning_rate        | 0.0001       |
|    loss                 | 0.534        |
|    n_updates            | 360          |
|    policy_gradient_loss | -0.0115      |
|    value_loss           | 0.708        |
------------------------------------------
------------------------------------------
| episode/                |              |
|    lines_cleared_mean   | 3.4          |
|    perfect_clears_mean  | 0            |
|    pieces_placed_mean   | 21.4         |
| rollout/                |              |
|    ep_len_mean          | 24.3         |
|    ep_rew_mean          | 27.3         |
| time/                   |              |
|    fps                  | 780          |
|    iterations           | 92           |
|    time_elapsed         | 965          |
|    total_timesteps      | 753664       |
| train/                  |              |
|    approx_kl            | 0.0069121835 |
|    clip_fraction        | 0.0569       |
|    clip_range           | 0.2          |
|    entropy_loss         | -1.39        |
|    explained_variance   | 0.151        |
|    learning_rate        | 0.0001       |
|    loss                 | 0.702        |
|    n_updates            | 364          |
|    policy_gradient_loss | -0.0109      |
|    value_loss           | 0.818        |
------------------------------------------
-----------------------------------------
| episode/                |             |
|    lines_cleared_mean   | 4.2         |
|    perfect_clears_mean  | 0           |
|    pieces_placed_mean   | 22.9        |
| rollout/                |             |
|    ep_len_mean          | 22.4        |
|    ep_rew_mean          | 24          |
| time/                   |             |
|    fps                  | 780         |
|    iterations           | 93          |
|    time_elapsed         | 975         |
|    total_timesteps      | 761856      |
| train/                  |             |
|    approx_kl            | 0.007504287 |
|    clip_fraction        | 0.0678      |
|    clip_range           | 0.2         |
|    entropy_loss         | -1.38       |
|    explained_variance   | 0.2         |
|    learning_rate        | 0.0001      |
|    loss                 | 0.8         |
|    n_updates            | 368         |
|    policy_gradient_loss | -0.0121     |
|    value_loss           | 0.774       |
-----------------------------------------
------------------------------------------
| episode/                |              |
|    lines_cleared_mean   | 3.7          |
|    perfect_clears_mean  | 0            |
|    pieces_placed_mean   | 20.6         |
| rollout/                |              |
|    ep_len_mean          | 21.1         |
|    ep_rew_mean          | 20.9         |
| time/                   |              |
|    fps                  | 780          |
|    iterations           | 94           |
|    time_elapsed         | 986          |
|    total_timesteps      | 770048       |
| train/                  |              |
|    approx_kl            | 0.0071232207 |
|    clip_fraction        | 0.0615       |
|    clip_range           | 0.2          |
|    entropy_loss         | -1.35        |
|    explained_variance   | 0.156        |
|    learning_rate        | 0.0001       |
|    loss                 | 0.677        |
|    n_updates            | 372          |
|    policy_gradient_loss | -0.011       |
|    value_loss           | 0.714        |
------------------------------------------
-----------------------------------------
| episode/                |             |
|    lines_cleared_mean   | 4.6         |
|    perfect_clears_mean  | 0           |
|    pieces_placed_mean   | 23.6        |
| rollout/                |             |
|    ep_len_mean          | 21.8        |
|    ep_rew_mean          | 22.1        |
| time/                   |             |
|    fps                  | 780         |
|    iterations           | 95          |
|    time_elapsed         | 997         |
|    total_timesteps      | 778240      |
| train/                  |             |
|    approx_kl            | 0.007324248 |
|    clip_fraction        | 0.0661      |
|    clip_range           | 0.2         |
|    entropy_loss         | -1.34       |
|    explained_variance   | 0.254       |
|    learning_rate        | 0.0001      |
|    loss                 | 0.576       |
|    n_updates            | 376         |
|    policy_gradient_loss | -0.0109     |
|    value_loss           | 0.707       |
-----------------------------------------
------------------------------------------
| episode/                |              |
|    lines_cleared_mean   | 5.75         |
|    perfect_clears_mean  | 0            |
|    pieces_placed_mean   | 25.5         |
| rollout/                |              |
|    ep_len_mean          | 22.6         |
|    ep_rew_mean          | 25.2         |
| time/                   |              |
|    fps                  | 780          |
|    iterations           | 96           |
|    time_elapsed         | 1007         |
|    total_timesteps      | 786432       |
| train/                  |              |
|    approx_kl            | 0.0074298065 |
|    clip_fraction        | 0.0692       |
|    clip_range           | 0.2          |
|    entropy_loss         | -1.33        |
|    explained_variance   | 0.192        |
|    learning_rate        | 0.0001       |
|    loss                 | 0.567        |
|    n_updates            | 380          |
|    policy_gradient_loss | -0.0117      |
|    value_loss           | 0.673        |
------------------------------------------
------------------------------------------
| episode/                |              |
|    lines_cleared_mean   | 4            |
|    perfect_clears_mean  | 0            |
|    pieces_placed_mean   | 22.5         |
| rollout/                |              |
|    ep_len_mean          | 22.5         |
|    ep_rew_mean          | 24           |
| time/                   |              |
|    fps                  | 780          |
|    iterations           | 97           |
|    time_elapsed         | 1018         |
|    total_timesteps      | 794624       |
| train/                  |              |
|    approx_kl            | 0.0077464227 |
|    clip_fraction        | 0.0798       |
|    clip_range           | 0.2          |
|    entropy_loss         | -1.31        |
|    explained_variance   | 0.198        |
|    learning_rate        | 0.0001       |
|    loss                 | 0.491        |
|    n_updates            | 384          |
|    policy_gradient_loss | -0.0114      |
|    value_loss           | 0.588        |
------------------------------------------
------------------------------------------
| episode/                |              |
|    lines_cleared_mean   | 4.6          |
|    perfect_clears_mean  | 0            |
|    pieces_placed_mean   | 24           |
| rollout/                |              |
|    ep_len_mean          | 21.1         |
|    ep_rew_mean          | 20.3         |
| time/                   |              |
|    fps                  | 780          |
|    iterations           | 98           |
|    time_elapsed         | 1028         |
|    total_timesteps      | 802816       |
| train/                  |              |
|    approx_kl            | 0.0068454267 |
|    clip_fraction        | 0.0589       |
|    clip_range           | 0.2          |
|    entropy_loss         | -1.28        |
|    explained_variance   | 0.207        |
|    learning_rate        | 0.0001       |
|    loss                 | 0.591        |
|    n_updates            | 388          |
|    policy_gradient_loss | -0.0107      |
|    value_loss           | 0.652        |
------------------------------------------
-----------------------------------------
| episode/                |             |
|    lines_cleared_mean   | 5           |
|    perfect_clears_mean  | 0           |
|    pieces_placed_mean   | 23.8        |
| rollout/                |             |
|    ep_len_mean          | 21.3        |
|    ep_rew_mean          | 20.9        |
| time/                   |             |
|    fps                  | 780         |
|    iterations           | 99          |
|    time_elapsed         | 1038        |
|    total_timesteps      | 811008      |
| train/                  |             |
|    approx_kl            | 0.007588364 |
|    clip_fraction        | 0.059       |
|    clip_range           | 0.2         |
|    entropy_loss         | -1.27       |
|    explained_variance   | 0.249       |
|    learning_rate        | 0.0001      |
|    loss                 | 0.476       |
|    n_updates            | 392         |
|    policy_gradient_loss | -0.00994    |
|    value_loss           | 0.61        |
-----------------------------------------
------------------------------------------
| episode/                |              |
|    lines_cleared_mean   | 4.09         |
|    perfect_clears_mean  | 0            |
|    pieces_placed_mean   | 22.7         |
| rollout/                |              |
|    ep_len_mean          | 22.2         |
|    ep_rew_mean          | 23.1         |
| time/                   |              |
|    fps                  | 780          |
|    iterations           | 100          |
|    time_elapsed         | 1049         |
|    total_timesteps      | 819200       |
| train/                  |              |
|    approx_kl            | 0.0068861647 |
|    clip_fraction        | 0.0637       |
|    clip_range           | 0.2          |
|    entropy_loss         | -1.29        |
|    explained_variance   | 0.183        |
|    learning_rate        | 0.0001       |
|    loss                 | 0.567        |
|    n_updates            | 396          |
|    policy_gradient_loss | -0.0115      |
|    value_loss           | 0.65         |
------------------------------------------
-----------------------------------------
| episode/                |             |
|    lines_cleared_mean   | 3.7         |
|    perfect_clears_mean  | 0           |
|    pieces_placed_mean   | 21.3        |
| rollout/                |             |
|    ep_len_mean          | 22.6        |
|    ep_rew_mean          | 23.6        |
| time/                   |             |
|    fps                  | 781         |
|    iterations           | 101         |
|    time_elapsed         | 1059        |
|    total_timesteps      | 827392      |
| train/                  |             |
|    approx_kl            | 0.007096935 |
|    clip_fraction        | 0.0718      |
|    clip_range           | 0.2         |
|    entropy_loss         | -1.28       |
|    explained_variance   | 0.177       |
|    learning_rate        | 0.0001      |
|    loss                 | 0.654       |
|    n_updates            | 400         |
|    policy_gradient_loss | -0.0115     |
|    value_loss           | 0.668       |
-----------------------------------------
-----------------------------------------
| episode/                |             |
|    lines_cleared_mean   | 5.5         |
|    perfect_clears_mean  | 0           |
|    pieces_placed_mean   | 25.2        |
| rollout/                |             |
|    ep_len_mean          | 22.4        |
|    ep_rew_mean          | 23.9        |
| time/                   |             |
|    fps                  | 781         |
|    iterations           | 102         |
|    time_elapsed         | 1069        |
|    total_timesteps      | 835584      |
| train/                  |             |
|    approx_kl            | 0.007659957 |
|    clip_fraction        | 0.0757      |
|    clip_range           | 0.2         |
|    entropy_loss         | -1.27       |
|    explained_variance   | 0.22        |
|    learning_rate        | 0.0001      |
|    loss                 | 0.536       |
|    n_updates            | 404         |
|    policy_gradient_loss | -0.0125     |
|    value_loss           | 0.598       |
-----------------------------------------
-----------------------------------------
| episode/                |             |
|    lines_cleared_mean   | 4.8         |
|    perfect_clears_mean  | 0           |
|    pieces_placed_mean   | 23.6        |
| rollout/                |             |
|    ep_len_mean          | 21.3        |
|    ep_rew_mean          | 20.8        |
| time/                   |             |
|    fps                  | 781         |
|    iterations           | 103         |
|    time_elapsed         | 1079        |
|    total_timesteps      | 843776      |
| train/                  |             |
|    approx_kl            | 0.006295304 |
|    clip_fraction        | 0.0517      |
|    clip_range           | 0.2         |
|    entropy_loss         | -1.25       |
|    explained_variance   | 0.197       |
|    learning_rate        | 0.0001      |
|    loss                 | 0.569       |
|    n_updates            | 408         |
|    policy_gradient_loss | -0.00934    |
|    value_loss           | 0.685       |
-----------------------------------------
------------------------------------------
| episode/                |              |
|    lines_cleared_mean   | 5.2          |
|    perfect_clears_mean  | 0            |
|    pieces_placed_mean   | 24.3         |
| rollout/                |              |
|    ep_len_mean          | 23.4         |
|    ep_rew_mean          | 26.1         |
| time/                   |              |
|    fps                  | 781          |
|    iterations           | 104          |
|    time_elapsed         | 1089         |
|    total_timesteps      | 851968       |
| train/                  |              |
|    approx_kl            | 0.0067655873 |
|    clip_fraction        | 0.0551       |
|    clip_range           | 0.2          |
|    entropy_loss         | -1.24        |
|    explained_variance   | 0.23         |
|    learning_rate        | 0.0001       |
|    loss                 | 0.633        |
|    n_updates            | 412          |
|    policy_gradient_loss | -0.0104      |
|    value_loss           | 0.637        |
------------------------------------------
------------------------------------------
| episode/                |              |
|    lines_cleared_mean   | 5.55         |
|    perfect_clears_mean  | 0            |
|    pieces_placed_mean   | 24.6         |
| rollout/                |              |
|    ep_len_mean          | 23.8         |
|    ep_rew_mean          | 27.4         |
| time/                   |              |
|    fps                  | 781          |
|    iterations           | 105          |
|    time_elapsed         | 1100         |
|    total_timesteps      | 860160       |
| train/                  |              |
|    approx_kl            | 0.0067485077 |
|    clip_fraction        | 0.0615       |
|    clip_range           | 0.2          |
|    entropy_loss         | -1.22        |
|    explained_variance   | 0.23         |
|    learning_rate        | 0.0001       |
|    loss                 | 0.558        |
|    n_updates            | 416          |
|    policy_gradient_loss | -0.0105      |
|    value_loss           | 0.692        |
------------------------------------------
-----------------------------------------
| episode/                |             |
|    lines_cleared_mean   | 6.4         |
|    perfect_clears_mean  | 0           |
|    pieces_placed_mean   | 27.5        |
| rollout/                |             |
|    ep_len_mean          | 23.5        |
|    ep_rew_mean          | 26.2        |
| time/                   |             |
|    fps                  | 782         |
|    iterations           | 106         |
|    time_elapsed         | 1110        |
|    total_timesteps      | 868352      |
| train/                  |             |
|    approx_kl            | 0.006479049 |
|    clip_fraction        | 0.0578      |
|    clip_range           | 0.2         |
|    entropy_loss         | -1.21       |
|    explained_variance   | 0.195       |
|    learning_rate        | 0.0001      |
|    loss                 | 0.559       |
|    n_updates            | 420         |
|    policy_gradient_loss | -0.00996    |
|    value_loss           | 0.722       |
-----------------------------------------
-----------------------------------------
| episode/                |             |
|    lines_cleared_mean   | 3.9         |
|    perfect_clears_mean  | 0           |
|    pieces_placed_mean   | 22.2        |
| rollout/                |             |
|    ep_len_mean          | 23.1        |
|    ep_rew_mean          | 25.4        |
| time/                   |             |
|    fps                  | 782         |
|    iterations           | 107         |
|    time_elapsed         | 1120        |
|    total_timesteps      | 876544      |
| train/                  |             |
|    approx_kl            | 0.006715307 |
|    clip_fraction        | 0.0638      |
|    clip_range           | 0.2         |
|    entropy_loss         | -1.19       |
|    explained_variance   | 0.231       |
|    learning_rate        | 0.0001      |
|    loss                 | 0.716       |
|    n_updates            | 424         |
|    policy_gradient_loss | -0.0111     |
|    value_loss           | 0.64        |
-----------------------------------------
------------------------------------------
| episode/                |              |
|    lines_cleared_mean   | 2.8          |
|    perfect_clears_mean  | 0            |
|    pieces_placed_mean   | 19.1         |
| rollout/                |              |
|    ep_len_mean          | 23.4         |
|    ep_rew_mean          | 26.1         |
| time/                   |              |
|    fps                  | 782          |
|    iterations           | 108          |
|    time_elapsed         | 1130         |
|    total_timesteps      | 884736       |
| train/                  |              |
|    approx_kl            | 0.0068819635 |
|    clip_fraction        | 0.0622       |
|    clip_range           | 0.2          |
|    entropy_loss         | -1.21        |
|    explained_variance   | 0.22         |
|    learning_rate        | 0.0001       |
|    loss                 | 0.61         |
|    n_updates            | 428          |
|    policy_gradient_loss | -0.00999     |
|    value_loss           | 0.588        |
------------------------------------------
-----------------------------------------
| episode/                |             |
|    lines_cleared_mean   | 4.5         |
|    perfect_clears_mean  | 0           |
|    pieces_placed_mean   | 23.2        |
| rollout/                |             |
|    ep_len_mean          | 22.7        |
|    ep_rew_mean          | 24.3        |
| time/                   |             |
|    fps                  | 782         |
|    iterations           | 109         |
|    time_elapsed         | 1141        |
|    total_timesteps      | 892928      |
| train/                  |             |
|    approx_kl            | 0.006268364 |
|    clip_fraction        | 0.0486      |
|    clip_range           | 0.2         |
|    entropy_loss         | -1.17       |
|    explained_variance   | 0.224       |
|    learning_rate        | 0.0001      |
|    loss                 | 0.598       |
|    n_updates            | 432         |
|    policy_gradient_loss | -0.00849    |
|    value_loss           | 0.613       |
-----------------------------------------
------------------------------------------
| episode/                |              |
|    lines_cleared_mean   | 4.7          |
|    perfect_clears_mean  | 0            |
|    pieces_placed_mean   | 23.7         |
| rollout/                |              |
|    ep_len_mean          | 22.8         |
|    ep_rew_mean          | 24.9         |
| time/                   |              |
|    fps                  | 782          |
|    iterations           | 110          |
|    time_elapsed         | 1151         |
|    total_timesteps      | 901120       |
| train/                  |              |
|    approx_kl            | 0.0067736907 |
|    clip_fraction        | 0.0609       |
|    clip_range           | 0.2          |
|    entropy_loss         | -1.17        |
|    explained_variance   | 0.244        |
|    learning_rate        | 0.0001       |
|    loss                 | 0.478        |
|    n_updates            | 436          |
|    policy_gradient_loss | -0.00973     |
|    value_loss           | 0.6          |
------------------------------------------
-----------------------------------------
| episode/                |             |
|    lines_cleared_mean   | 3.1         |
|    perfect_clears_mean  | 0           |
|    pieces_placed_mean   | 20.2        |
| rollout/                |             |
|    ep_len_mean          | 23.2        |
|    ep_rew_mean          | 24.9        |
| time/                   |             |
|    fps                  | 782         |
|    iterations           | 111         |
|    time_elapsed         | 1161        |
|    total_timesteps      | 909312      |
| train/                  |             |
|    approx_kl            | 0.006572261 |
|    clip_fraction        | 0.0626      |
|    clip_range           | 0.2         |
|    entropy_loss         | -1.16       |
|    explained_variance   | 0.214       |
|    learning_rate        | 0.0001      |
|    loss                 | 0.653       |
|    n_updates            | 440         |
|    policy_gradient_loss | -0.0109     |
|    value_loss           | 0.618       |
-----------------------------------------
------------------------------------------
| episode/                |              |
|    lines_cleared_mean   | 3.82         |
|    perfect_clears_mean  | 0            |
|    pieces_placed_mean   | 20.5         |
| rollout/                |              |
|    ep_len_mean          | 23.4         |
|    ep_rew_mean          | 26.3         |
| time/                   |              |
|    fps                  | 782          |
|    iterations           | 112          |
|    time_elapsed         | 1172         |
|    total_timesteps      | 917504       |
| train/                  |              |
|    approx_kl            | 0.0064904233 |
|    clip_fraction        | 0.0614       |
|    clip_range           | 0.2          |
|    entropy_loss         | -1.17        |
|    explained_variance   | 0.278        |
|    learning_rate        | 0.0001       |
|    loss                 | 0.457        |
|    n_updates            | 444          |
|    policy_gradient_loss | -0.00944     |
|    value_loss           | 0.601        |
------------------------------------------
-----------------------------------------
| episode/                |             |
|    lines_cleared_mean   | 5.86        |
|    perfect_clears_mean  | 0           |
|    pieces_placed_mean   | 26.5        |
| rollout/                |             |
|    ep_len_mean          | 23.6        |
|    ep_rew_mean          | 26.6        |
| time/                   |             |
|    fps                  | 782         |
|    iterations           | 113         |
|    time_elapsed         | 1182        |
|    total_timesteps      | 925696      |
| train/                  |             |
|    approx_kl            | 0.007184798 |
|    clip_fraction        | 0.0629      |
|    clip_range           | 0.2         |
|    entropy_loss         | -1.15       |
|    explained_variance   | 0.256       |
|    learning_rate        | 0.0001      |
|    loss                 | 0.535       |
|    n_updates            | 448         |
|    policy_gradient_loss | -0.0112     |
|    value_loss           | 0.658       |
-----------------------------------------
------------------------------------------
| episode/                |              |
|    lines_cleared_mean   | 7.2          |
|    perfect_clears_mean  | 0            |
|    pieces_placed_mean   | 29.7         |
| rollout/                |              |
|    ep_len_mean          | 24.9         |
|    ep_rew_mean          | 29.6         |
| time/                   |              |
|    fps                  | 782          |
|    iterations           | 114          |
|    time_elapsed         | 1192         |
|    total_timesteps      | 933888       |
| train/                  |              |
|    approx_kl            | 0.0066636032 |
|    clip_fraction        | 0.0562       |
|    clip_range           | 0.2          |
|    entropy_loss         | -1.14        |
|    explained_variance   | 0.242        |
|    learning_rate        | 0.0001       |
|    loss                 | 0.623        |
|    n_updates            | 452          |
|    policy_gradient_loss | -0.0105      |
|    value_loss           | 0.652        |
------------------------------------------
-----------------------------------------
| episode/                |             |
|    lines_cleared_mean   | 6.2         |
|    perfect_clears_mean  | 0           |
|    pieces_placed_mean   | 28          |
| rollout/                |             |
|    ep_len_mean          | 23.4        |
|    ep_rew_mean          | 26.5        |
| time/                   |             |
|    fps                  | 782         |
|    iterations           | 115         |
|    time_elapsed         | 1203        |
|    total_timesteps      | 942080      |
| train/                  |             |
|    approx_kl            | 0.005702531 |
|    clip_fraction        | 0.0558      |
|    clip_range           | 0.2         |
|    entropy_loss         | -1.12       |
|    explained_variance   | 0.251       |
|    learning_rate        | 0.0001      |
|    loss                 | 0.486       |
|    n_updates            | 456         |
|    policy_gradient_loss | -0.00975    |
|    value_loss           | 0.6         |
-----------------------------------------
------------------------------------------
| episode/                |              |
|    lines_cleared_mean   | 3.45         |
|    perfect_clears_mean  | 0            |
|    pieces_placed_mean   | 20.7         |
| rollout/                |              |
|    ep_len_mean          | 24.3         |
|    ep_rew_mean          | 27.8         |
| time/                   |              |
|    fps                  | 783          |
|    iterations           | 116          |
|    time_elapsed         | 1213         |
|    total_timesteps      | 950272       |
| train/                  |              |
|    approx_kl            | 0.0068345126 |
|    clip_fraction        | 0.0588       |
|    clip_range           | 0.2          |
|    entropy_loss         | -1.11        |
|    explained_variance   | 0.235        |
|    learning_rate        | 0.0001       |
|    loss                 | 0.626        |
|    n_updates            | 460          |
|    policy_gradient_loss | -0.0103      |
|    value_loss           | 0.62         |
------------------------------------------
------------------------------------------
| episode/                |              |
|    lines_cleared_mean   | 5.1          |
|    perfect_clears_mean  | 0            |
|    pieces_placed_mean   | 24.8         |
| rollout/                |              |
|    ep_len_mean          | 24.6         |
|    ep_rew_mean          | 28.9         |
| time/                   |              |
|    fps                  | 783          |
|    iterations           | 117          |
|    time_elapsed         | 1223         |
|    total_timesteps      | 958464       |
| train/                  |              |
|    approx_kl            | 0.0062062135 |
|    clip_fraction        | 0.0482       |
|    clip_range           | 0.2          |
|    entropy_loss         | -1.11        |
|    explained_variance   | 0.235        |
|    learning_rate        | 0.0001       |
|    loss                 | 0.535        |
|    n_updates            | 464          |
|    policy_gradient_loss | -0.00932     |
|    value_loss           | 0.632        |
------------------------------------------
------------------------------------------
| episode/                |              |
|    lines_cleared_mean   | 5.73         |
|    perfect_clears_mean  | 0            |
|    pieces_placed_mean   | 26.8         |
| rollout/                |              |
|    ep_len_mean          | 25           |
|    ep_rew_mean          | 29.6         |
| time/                   |              |
|    fps                  | 783          |
|    iterations           | 118          |
|    time_elapsed         | 1234         |
|    total_timesteps      | 966656       |
| train/                  |              |
|    approx_kl            | 0.0061155567 |
|    clip_fraction        | 0.0637       |
|    clip_range           | 0.2          |
|    entropy_loss         | -1.11        |
|    explained_variance   | 0.269        |
|    learning_rate        | 0.0001       |
|    loss                 | 0.588        |
|    n_updates            | 468          |
|    policy_gradient_loss | -0.0106      |
|    value_loss           | 0.557        |
------------------------------------------
-----------------------------------------
| episode/                |             |
|    lines_cleared_mean   | 3.5         |
|    perfect_clears_mean  | 0           |
|    pieces_placed_mean   | 20.1        |
| rollout/                |             |
|    ep_len_mean          | 24.8        |
|    ep_rew_mean          | 29.2        |
| time/                   |             |
|    fps                  | 783         |
|    iterations           | 119         |
|    time_elapsed         | 1244        |
|    total_timesteps      | 974848      |
| train/                  |             |
|    approx_kl            | 0.005667412 |
|    clip_fraction        | 0.0544      |
|    clip_range           | 0.2         |
|    entropy_loss         | -1.08       |
|    explained_variance   | 0.274       |
|    learning_rate        | 0.0001      |
|    loss                 | 0.552       |
|    n_updates            | 472         |
|    policy_gradient_loss | -0.00986    |
|    value_loss           | 0.607       |
-----------------------------------------
-----------------------------------------
| episode/                |             |
|    lines_cleared_mean   | 5.2         |
|    perfect_clears_mean  | 0           |
|    pieces_placed_mean   | 24.7        |
| rollout/                |             |
|    ep_len_mean          | 23.1        |
|    ep_rew_mean          | 25.6        |
| time/                   |             |
|    fps                  | 783         |
|    iterations           | 120         |
|    time_elapsed         | 1254        |
|    total_timesteps      | 983040      |
| train/                  |             |
|    approx_kl            | 0.006318447 |
|    clip_fraction        | 0.0588      |
|    clip_range           | 0.2         |
|    entropy_loss         | -1.06       |
|    explained_variance   | 0.232       |
|    learning_rate        | 0.0001      |
|    loss                 | 0.61        |
|    n_updates            | 476         |
|    policy_gradient_loss | -0.00958    |
|    value_loss           | 0.67        |
-----------------------------------------
------------------------------------------
| episode/                |              |
|    lines_cleared_mean   | 3.7          |
|    perfect_clears_mean  | 0            |
|    pieces_placed_mean   | 20.7         |
| rollout/                |              |
|    ep_len_mean          | 22.8         |
|    ep_rew_mean          | 25.2         |
| time/                   |              |
|    fps                  | 783          |
|    iterations           | 121          |
|    time_elapsed         | 1265         |
|    total_timesteps      | 991232       |
| train/                  |              |
|    approx_kl            | 0.0064595966 |
|    clip_fraction        | 0.0643       |
|    clip_range           | 0.2          |
|    entropy_loss         | -1.08        |
|    explained_variance   | 0.238        |
|    learning_rate        | 0.0001       |
|    loss                 | 0.519        |
|    n_updates            | 480          |
|    policy_gradient_loss | -0.0116      |
|    value_loss           | 0.618        |
------------------------------------------
------------------------------------------
| episode/                |              |
|    lines_cleared_mean   | 4.6          |
|    perfect_clears_mean  | 0            |
|    pieces_placed_mean   | 23.8         |
| rollout/                |              |
|    ep_len_mean          | 24.4         |
|    ep_rew_mean          | 28.5         |
| time/                   |              |
|    fps                  | 783          |
|    iterations           | 122          |
|    time_elapsed         | 1275         |
|    total_timesteps      | 999424       |
| train/                  |              |
|    approx_kl            | 0.0063048108 |
|    clip_fraction        | 0.0543       |
|    clip_range           | 0.2          |
|    entropy_loss         | -1.09        |
|    explained_variance   | 0.254        |
|    learning_rate        | 0.0001       |
|    loss                 | 0.602        |
|    n_updates            | 484          |
|    policy_gradient_loss | -0.00966     |
|    value_loss           | 0.629        |
------------------------------------------
------------------------------------------
| episode/                |              |
|    lines_cleared_mean   | 3.9          |
|    perfect_clears_mean  | 0            |
|    pieces_placed_mean   | 21.8         |
| rollout/                |              |
|    ep_len_mean          | 26.6         |
|    ep_rew_mean          | 33.3         |
| time/                   |              |
|    fps                  | 783          |
|    iterations           | 123          |
|    time_elapsed         | 1285         |
|    total_timesteps      | 1007616      |
| train/                  |              |
|    approx_kl            | 0.0068019065 |
|    clip_fraction        | 0.0596       |
|    clip_range           | 0.2          |
|    entropy_loss         | -1.08        |
|    explained_variance   | 0.229        |
|    learning_rate        | 0.0001       |
|    loss                 | 0.582        |
|    n_updates            | 488          |
|    policy_gradient_loss | -0.0113      |
|    value_loss           | 0.643        |
------------------------------------------
----------------------------------------
| episode/                |            |
|    lines_cleared_mean   | 3.3        |
|    perfect_clears_mean  | 0          |
|    pieces_placed_mean   | 20.9       |
| rollout/                |            |
|    ep_len_mean          | 23.5       |
|    ep_rew_mean          | 26.2       |
| time/                   |            |
|    fps                  | 783        |
|    iterations           | 124        |
|    time_elapsed         | 1296       |
|    total_timesteps      | 1015808    |
| train/                  |            |
|    approx_kl            | 0.00560329 |
|    clip_fraction        | 0.0556     |
|    clip_range           | 0.2        |
|    entropy_loss         | -1.07      |
|    explained_variance   | 0.265      |
|    learning_rate        | 0.0001     |
|    loss                 | 0.52       |
|    n_updates            | 492        |
|    policy_gradient_loss | -0.0102    |
|    value_loss           | 0.62       |
----------------------------------------
------------------------------------------
| episode/                |              |
|    lines_cleared_mean   | 4.4          |
|    perfect_clears_mean  | 0            |
|    pieces_placed_mean   | 23           |
| rollout/                |              |
|    ep_len_mean          | 24           |
|    ep_rew_mean          | 27           |
| time/                   |              |
|    fps                  | 783          |
|    iterations           | 125          |
|    time_elapsed         | 1306         |
|    total_timesteps      | 1024000      |
| train/                  |              |
|    approx_kl            | 0.0071066255 |
|    clip_fraction        | 0.0632       |
|    clip_range           | 0.2          |
|    entropy_loss         | -1.07        |
|    explained_variance   | 0.296        |
|    learning_rate        | 0.0001       |
|    loss                 | 0.568        |
|    n_updates            | 496          |
|    policy_gradient_loss | -0.011       |
|    value_loss           | 0.603        |
------------------------------------------
------------------------------------------
| episode/                |              |
|    lines_cleared_mean   | 4.45         |
|    perfect_clears_mean  | 0            |
|    pieces_placed_mean   | 23.5         |
| rollout/                |              |
|    ep_len_mean          | 24.7         |
|    ep_rew_mean          | 29.7         |
| time/                   |              |
|    fps                  | 783          |
|    iterations           | 126          |
|    time_elapsed         | 1316         |
|    total_timesteps      | 1032192      |
| train/                  |              |
|    approx_kl            | 0.0061990162 |
|    clip_fraction        | 0.0486       |
|    clip_range           | 0.2          |
|    entropy_loss         | -1.05        |
|    explained_variance   | 0.254        |
|    learning_rate        | 0.0001       |
|    loss                 | 0.653        |
|    n_updates            | 500          |
|    policy_gradient_loss | -0.00898     |
|    value_loss           | 0.668        |
------------------------------------------
-----------------------------------------
| episode/                |             |
|    lines_cleared_mean   | 6.6         |
|    perfect_clears_mean  | 0           |
|    pieces_placed_mean   | 27.9        |
| rollout/                |             |
|    ep_len_mean          | 25.8        |
|    ep_rew_mean          | 31.2        |
| time/                   |             |
|    fps                  | 783         |
|    iterations           | 127         |
|    time_elapsed         | 1327        |
|    total_timesteps      | 1040384     |
| train/                  |             |
|    approx_kl            | 0.006499539 |
|    clip_fraction        | 0.0648      |
|    clip_range           | 0.2         |
|    entropy_loss         | -1.06       |
|    explained_variance   | 0.277       |
|    learning_rate        | 0.0001      |
|    loss                 | 0.508       |
|    n_updates            | 504         |
|    policy_gradient_loss | -0.0099     |
|    value_loss           | 0.578       |
-----------------------------------------
-----------------------------------------
| episode/                |             |
|    lines_cleared_mean   | 2.7         |
|    perfect_clears_mean  | 0           |
|    pieces_placed_mean   | 18.9        |
| rollout/                |             |
|    ep_len_mean          | 23.1        |
|    ep_rew_mean          | 25.5        |
| time/                   |             |
|    fps                  | 783         |
|    iterations           | 128         |
|    time_elapsed         | 1337        |
|    total_timesteps      | 1048576     |
| train/                  |             |
|    approx_kl            | 0.006356258 |
|    clip_fraction        | 0.0629      |
|    clip_range           | 0.2         |
|    entropy_loss         | -1.07       |
|    explained_variance   | 0.266       |
|    learning_rate        | 0.0001      |
|    loss                 | 0.572       |
|    n_updates            | 508         |
|    policy_gradient_loss | -0.0108     |
|    value_loss           | 0.629       |
-----------------------------------------
------------------------------------------
| episode/                |              |
|    lines_cleared_mean   | 5.09         |
|    perfect_clears_mean  | 0            |
|    pieces_placed_mean   | 25.5         |
| rollout/                |              |
|    ep_len_mean          | 24.9         |
|    ep_rew_mean          | 28.7         |
| time/                   |              |
|    fps                  | 784          |
|    iterations           | 129          |
|    time_elapsed         | 1347         |
|    total_timesteps      | 1056768      |
| train/                  |              |
|    approx_kl            | 0.0065254522 |
|    clip_fraction        | 0.0503       |
|    clip_range           | 0.2          |
|    entropy_loss         | -1.05        |
|    explained_variance   | 0.252        |
|    learning_rate        | 0.0001       |
|    loss                 | 0.489        |
|    n_updates            | 512          |
|    policy_gradient_loss | -0.00928     |
|    value_loss           | 0.562        |
------------------------------------------
------------------------------------------
| episode/                |              |
|    lines_cleared_mean   | 4.8          |
|    perfect_clears_mean  | 0            |
|    pieces_placed_mean   | 24.4         |
| rollout/                |              |
|    ep_len_mean          | 24.9         |
|    ep_rew_mean          | 29.3         |
| time/                   |              |
|    fps                  | 784          |
|    iterations           | 130          |
|    time_elapsed         | 1358         |
|    total_timesteps      | 1064960      |
| train/                  |              |
|    approx_kl            | 0.0064630783 |
|    clip_fraction        | 0.0593       |
|    clip_range           | 0.2          |
|    entropy_loss         | -1.04        |
|    explained_variance   | 0.276        |
|    learning_rate        | 0.0001       |
|    loss                 | 0.417        |
|    n_updates            | 516          |
|    policy_gradient_loss | -0.00997     |
|    value_loss           | 0.514        |
------------------------------------------
------------------------------------------
| episode/                |              |
|    lines_cleared_mean   | 4.08         |
|    perfect_clears_mean  | 0            |
|    pieces_placed_mean   | 22.8         |
| rollout/                |              |
|    ep_len_mean          | 23.7         |
|    ep_rew_mean          | 27.2         |
| time/                   |              |
|    fps                  | 784          |
|    iterations           | 131          |
|    time_elapsed         | 1368         |
|    total_timesteps      | 1073152      |
| train/                  |              |
|    approx_kl            | 0.0062458366 |
|    clip_fraction        | 0.0645       |
|    clip_range           | 0.2          |
|    entropy_loss         | -1.04        |
|    explained_variance   | 0.269        |
|    learning_rate        | 0.0001       |
|    loss                 | 0.444        |
|    n_updates            | 520          |
|    policy_gradient_loss | -0.0115      |
|    value_loss           | 0.55         |
------------------------------------------
-----------------------------------------
| episode/                |             |
|    lines_cleared_mean   | 5.2         |
|    perfect_clears_mean  | 0           |
|    pieces_placed_mean   | 24.8        |
| rollout/                |             |
|    ep_len_mean          | 24          |
|    ep_rew_mean          | 27.3        |
| time/                   |             |
|    fps                  | 784         |
|    iterations           | 132         |
|    time_elapsed         | 1378        |
|    total_timesteps      | 1081344     |
| train/                  |             |
|    approx_kl            | 0.006556319 |
|    clip_fraction        | 0.062       |
|    clip_range           | 0.2         |
|    entropy_loss         | -1.05       |
|    explained_variance   | 0.267       |
|    learning_rate        | 0.0001      |
|    loss                 | 0.508       |
|    n_updates            | 524         |
|    policy_gradient_loss | -0.0118     |
|    value_loss           | 0.562       |
-----------------------------------------
------------------------------------------
| episode/                |              |
|    lines_cleared_mean   | 4.69         |
|    perfect_clears_mean  | 0            |
|    pieces_placed_mean   | 22.7         |
| rollout/                |              |
|    ep_len_mean          | 24.9         |
|    ep_rew_mean          | 29.9         |
| time/                   |              |
|    fps                  | 784          |
|    iterations           | 133          |
|    time_elapsed         | 1389         |
|    total_timesteps      | 1089536      |
| train/                  |              |
|    approx_kl            | 0.0072907517 |
|    clip_fraction        | 0.0593       |
|    clip_range           | 0.2          |
|    entropy_loss         | -1.05        |
|    explained_variance   | 0.307        |
|    learning_rate        | 0.0001       |
|    loss                 | 0.441        |
|    n_updates            | 528          |
|    policy_gradient_loss | -0.0114      |
|    value_loss           | 0.515        |
------------------------------------------
------------------------------------------
| episode/                |              |
|    lines_cleared_mean   | 5.6          |
|    perfect_clears_mean  | 0            |
|    pieces_placed_mean   | 25           |
| rollout/                |              |
|    ep_len_mean          | 24.8         |
|    ep_rew_mean          | 29.7         |
| time/                   |              |
|    fps                  | 784          |
|    iterations           | 134          |
|    time_elapsed         | 1399         |
|    total_timesteps      | 1097728      |
| train/                  |              |
|    approx_kl            | 0.0062371586 |
|    clip_fraction        | 0.0544       |
|    clip_range           | 0.2          |
|    entropy_loss         | -1.01        |
|    explained_variance   | 0.227        |
|    learning_rate        | 0.0001       |
|    loss                 | 0.596        |
|    n_updates            | 532          |
|    policy_gradient_loss | -0.0104      |
|    value_loss           | 0.623        |
------------------------------------------
------------------------------------------
| episode/                |              |
|    lines_cleared_mean   | 3.3          |
|    perfect_clears_mean  | 0            |
|    pieces_placed_mean   | 21           |
| rollout/                |              |
|    ep_len_mean          | 23.8         |
|    ep_rew_mean          | 26.4         |
| time/                   |              |
|    fps                  | 784          |
|    iterations           | 135          |
|    time_elapsed         | 1409         |
|    total_timesteps      | 1105920      |
| train/                  |              |
|    approx_kl            | 0.0055440534 |
|    clip_fraction        | 0.0498       |
|    clip_range           | 0.2          |
|    entropy_loss         | -1.01        |
|    explained_variance   | 0.276        |
|    learning_rate        | 0.0001       |
|    loss                 | 0.474        |
|    n_updates            | 536          |
|    policy_gradient_loss | -0.00974     |
|    value_loss           | 0.617        |
------------------------------------------
------------------------------------------
| episode/                |              |
|    lines_cleared_mean   | 5.6          |
|    perfect_clears_mean  | 0            |
|    pieces_placed_mean   | 26.1         |
| rollout/                |              |
|    ep_len_mean          | 24.9         |
|    ep_rew_mean          | 29.1         |
| time/                   |              |
|    fps                  | 784          |
|    iterations           | 136          |
|    time_elapsed         | 1420         |
|    total_timesteps      | 1114112      |
| train/                  |              |
|    approx_kl            | 0.0069147674 |
|    clip_fraction        | 0.0612       |
|    clip_range           | 0.2          |
|    entropy_loss         | -1           |
|    explained_variance   | 0.247        |
|    learning_rate        | 0.0001       |
|    loss                 | 0.482        |
|    n_updates            | 540          |
|    policy_gradient_loss | -0.0111      |
|    value_loss           | 0.598        |
------------------------------------------
-----------------------------------------
| episode/                |             |
|    lines_cleared_mean   | 5.5         |
|    perfect_clears_mean  | 0           |
|    pieces_placed_mean   | 25.3        |
| rollout/                |             |
|    ep_len_mean          | 24.6        |
|    ep_rew_mean          | 28.8        |
| time/                   |             |
|    fps                  | 784         |
|    iterations           | 137         |
|    time_elapsed         | 1430        |
|    total_timesteps      | 1122304     |
| train/                  |             |
|    approx_kl            | 0.006233422 |
|    clip_fraction        | 0.056       |
|    clip_range           | 0.2         |
|    entropy_loss         | -1          |
|    explained_variance   | 0.223       |
|    learning_rate        | 0.0001      |
|    loss                 | 0.501       |
|    n_updates            | 544         |
|    policy_gradient_loss | -0.0107     |
|    value_loss           | 0.612       |
-----------------------------------------
------------------------------------------
| episode/                |              |
|    lines_cleared_mean   | 4.82         |
|    perfect_clears_mean  | 0            |
|    pieces_placed_mean   | 23.7         |
| rollout/                |              |
|    ep_len_mean          | 24.7         |
|    ep_rew_mean          | 29           |
| time/                   |              |
|    fps                  | 784          |
|    iterations           | 138          |
|    time_elapsed         | 1440         |
|    total_timesteps      | 1130496      |
| train/                  |              |
|    approx_kl            | 0.0063939877 |
|    clip_fraction        | 0.0624       |
|    clip_range           | 0.2          |
|    entropy_loss         | -0.985       |
|    explained_variance   | 0.25         |
|    learning_rate        | 0.0001       |
|    loss                 | 0.471        |
|    n_updates            | 548          |
|    policy_gradient_loss | -0.0112      |
|    value_loss           | 0.61         |
------------------------------------------
------------------------------------------
| episode/                |              |
|    lines_cleared_mean   | 3.4          |
|    perfect_clears_mean  | 0            |
|    pieces_placed_mean   | 19.3         |
| rollout/                |              |
|    ep_len_mean          | 24.6         |
|    ep_rew_mean          | 28.4         |
| time/                   |              |
|    fps                  | 784          |
|    iterations           | 139          |
|    time_elapsed         | 1451         |
|    total_timesteps      | 1138688      |
| train/                  |              |
|    approx_kl            | 0.0064958716 |
|    clip_fraction        | 0.057        |
|    clip_range           | 0.2          |
|    entropy_loss         | -0.985       |
|    explained_variance   | 0.258        |
|    learning_rate        | 0.0001       |
|    loss                 | 0.485        |
|    n_updates            | 552          |
|    policy_gradient_loss | -0.0108      |
|    value_loss           | 0.592        |
------------------------------------------
------------------------------------------
| episode/                |              |
|    lines_cleared_mean   | 5.7          |
|    perfect_clears_mean  | 0            |
|    pieces_placed_mean   | 25.6         |
| rollout/                |              |
|    ep_len_mean          | 24.4         |
|    ep_rew_mean          | 28.4         |
| time/                   |              |
|    fps                  | 784          |
|    iterations           | 140          |
|    time_elapsed         | 1462         |
|    total_timesteps      | 1146880      |
| train/                  |              |
|    approx_kl            | 0.0054322244 |
|    clip_fraction        | 0.0465       |
|    clip_range           | 0.2          |
|    entropy_loss         | -0.977       |
|    explained_variance   | 0.252        |
|    learning_rate        | 0.0001       |
|    loss                 | 0.429        |
|    n_updates            | 556          |
|    policy_gradient_loss | -0.00962     |
|    value_loss           | 0.541        |
------------------------------------------
-----------------------------------------
| episode/                |             |
|    lines_cleared_mean   | 5.3         |
|    perfect_clears_mean  | 0           |
|    pieces_placed_mean   | 24.7        |
| rollout/                |             |
|    ep_len_mean          | 22.7        |
|    ep_rew_mean          | 24          |
| time/                   |             |
|    fps                  | 784         |
|    iterations           | 141         |
|    time_elapsed         | 1472        |
|    total_timesteps      | 1155072     |
| train/                  |             |
|    approx_kl            | 0.006902147 |
|    clip_fraction        | 0.0673      |
|    clip_range           | 0.2         |
|    entropy_loss         | -0.994      |
|    explained_variance   | 0.326       |
|    learning_rate        | 0.0001      |
|    loss                 | 0.448       |
|    n_updates            | 560         |
|    policy_gradient_loss | -0.0114     |
|    value_loss           | 0.495       |
-----------------------------------------
------------------------------------------
| episode/                |              |
|    lines_cleared_mean   | 5.5          |
|    perfect_clears_mean  | 0            |
|    pieces_placed_mean   | 24.3         |
| rollout/                |              |
|    ep_len_mean          | 25.4         |
|    ep_rew_mean          | 30.7         |
| time/                   |              |
|    fps                  | 784          |
|    iterations           | 142          |
|    time_elapsed         | 1483         |
|    total_timesteps      | 1163264      |
| train/                  |              |
|    approx_kl            | 0.0062546358 |
|    clip_fraction        | 0.0571       |
|    clip_range           | 0.2          |
|    entropy_loss         | -1           |
|    explained_variance   | 0.318        |
|    learning_rate        | 0.0001       |
|    loss                 | 0.467        |
|    n_updates            | 564          |
|    policy_gradient_loss | -0.0108      |
|    value_loss           | 0.479        |
------------------------------------------
-----------------------------------------
| episode/                |             |
|    lines_cleared_mean   | 5.5         |
|    perfect_clears_mean  | 0           |
|    pieces_placed_mean   | 25.4        |
| rollout/                |             |
|    ep_len_mean          | 24.9        |
|    ep_rew_mean          | 29.7        |
| time/                   |             |
|    fps                  | 783         |
|    iterations           | 143         |
|    time_elapsed         | 1494        |
|    total_timesteps      | 1171456     |
| train/                  |             |
|    approx_kl            | 0.006234616 |
|    clip_fraction        | 0.0557      |
|    clip_range           | 0.2         |
|    entropy_loss         | -0.991      |
|    explained_variance   | 0.257       |
|    learning_rate        | 0.0001      |
|    loss                 | 0.53        |
|    n_updates            | 568         |
|    policy_gradient_loss | -0.0104     |
|    value_loss           | 0.603       |
-----------------------------------------
------------------------------------------
| episode/                |              |
|    lines_cleared_mean   | 5.3          |
|    perfect_clears_mean  | 0            |
|    pieces_placed_mean   | 24.3         |
| rollout/                |              |
|    ep_len_mean          | 24.6         |
|    ep_rew_mean          | 28.9         |
| time/                   |              |
|    fps                  | 783          |
|    iterations           | 144          |
|    time_elapsed         | 1504         |
|    total_timesteps      | 1179648      |
| train/                  |              |
|    approx_kl            | 0.0068139024 |
|    clip_fraction        | 0.0597       |
|    clip_range           | 0.2          |
|    entropy_loss         | -1.01        |
|    explained_variance   | 0.291        |
|    learning_rate        | 0.0001       |
|    loss                 | 0.47         |
|    n_updates            | 572          |
|    policy_gradient_loss | -0.011       |
|    value_loss           | 0.545        |
------------------------------------------
-----------------------------------------
| episode/                |             |
|    lines_cleared_mean   | 4.3         |
|    perfect_clears_mean  | 0           |
|    pieces_placed_mean   | 22.7        |
| rollout/                |             |
|    ep_len_mean          | 24.9        |
|    ep_rew_mean          | 29.5        |
| time/                   |             |
|    fps                  | 783         |
|    iterations           | 145         |
|    time_elapsed         | 1515        |
|    total_timesteps      | 1187840     |
| train/                  |             |
|    approx_kl            | 0.006421442 |
|    clip_fraction        | 0.0605      |
|    clip_range           | 0.2         |
|    entropy_loss         | -1.02       |
|    explained_variance   | 0.284       |
|    learning_rate        | 0.0001      |
|    loss                 | 0.493       |
|    n_updates            | 576         |
|    policy_gradient_loss | -0.0102     |
|    value_loss           | 0.523       |
-----------------------------------------
------------------------------------------
| episode/                |              |
|    lines_cleared_mean   | 5.9          |
|    perfect_clears_mean  | 0            |
|    pieces_placed_mean   | 27.1         |
| rollout/                |              |
|    ep_len_mean          | 25.8         |
|    ep_rew_mean          | 31.2         |
| time/                   |              |
|    fps                  | 783          |
|    iterations           | 146          |
|    time_elapsed         | 1526         |
|    total_timesteps      | 1196032      |
| train/                  |              |
|    approx_kl            | 0.0067396644 |
|    clip_fraction        | 0.058        |
|    clip_range           | 0.2          |
|    entropy_loss         | -1.02        |
|    explained_variance   | 0.238        |
|    learning_rate        | 0.0001       |
|    loss                 | 0.524        |
|    n_updates            | 580          |
|    policy_gradient_loss | -0.0102      |
|    value_loss           | 0.586        |
------------------------------------------
------------------------------------------
| episode/                |              |
|    lines_cleared_mean   | 5.6          |
|    perfect_clears_mean  | 0            |
|    pieces_placed_mean   | 25.8         |
| rollout/                |              |
|    ep_len_mean          | 23.8         |
|    ep_rew_mean          | 27.4         |
| time/                   |              |
|    fps                  | 783          |
|    iterations           | 147          |
|    time_elapsed         | 1537         |
|    total_timesteps      | 1204224      |
| train/                  |              |
|    approx_kl            | 0.0055828784 |
|    clip_fraction        | 0.0471       |
|    clip_range           | 0.2          |
|    entropy_loss         | -1           |
|    explained_variance   | 0.321        |
|    learning_rate        | 0.0001       |
|    loss                 | 0.453        |
|    n_updates            | 584          |
|    policy_gradient_loss | -0.00898     |
|    value_loss           | 0.525        |
------------------------------------------
------------------------------------------
| episode/                |              |
|    lines_cleared_mean   | 5.3          |
|    perfect_clears_mean  | 0            |
|    pieces_placed_mean   | 25.2         |
| rollout/                |              |
|    ep_len_mean          | 26.2         |
|    ep_rew_mean          | 32.1         |
| time/                   |              |
|    fps                  | 783          |
|    iterations           | 148          |
|    time_elapsed         | 1547         |
|    total_timesteps      | 1212416      |
| train/                  |              |
|    approx_kl            | 0.0062045828 |
|    clip_fraction        | 0.0597       |
|    clip_range           | 0.2          |
|    entropy_loss         | -0.997       |
|    explained_variance   | 0.347        |
|    learning_rate        | 0.0001       |
|    loss                 | 0.397        |
|    n_updates            | 588          |
|    policy_gradient_loss | -0.00991     |
|    value_loss           | 0.497        |
------------------------------------------
-----------------------------------------
| episode/                |             |
|    lines_cleared_mean   | 4.64        |
|    perfect_clears_mean  | 0           |
|    pieces_placed_mean   | 23.7        |
| rollout/                |             |
|    ep_len_mean          | 25.5        |
|    ep_rew_mean          | 30.7        |
| time/                   |             |
|    fps                  | 783         |
|    iterations           | 149         |
|    time_elapsed         | 1558        |
|    total_timesteps      | 1220608     |
| train/                  |             |
|    approx_kl            | 0.007035579 |
|    clip_fraction        | 0.068       |
|    clip_range           | 0.2         |
|    entropy_loss         | -0.997      |
|    explained_variance   | 0.282       |
|    learning_rate        | 0.0001      |
|    loss                 | 0.564       |
|    n_updates            | 592         |
|    policy_gradient_loss | -0.0129     |
|    value_loss           | 0.576       |
-----------------------------------------
-----------------------------------------
| episode/                |             |
|    lines_cleared_mean   | 5.5         |
|    perfect_clears_mean  | 0           |
|    pieces_placed_mean   | 26.7        |
| rollout/                |             |
|    ep_len_mean          | 25.7        |
|    ep_rew_mean          | 31.3        |
| time/                   |             |
|    fps                  | 783         |
|    iterations           | 150         |
|    time_elapsed         | 1569        |
|    total_timesteps      | 1228800     |
| train/                  |             |
|    approx_kl            | 0.005848347 |
|    clip_fraction        | 0.0533      |
|    clip_range           | 0.2         |
|    entropy_loss         | -1          |
|    explained_variance   | 0.222       |
|    learning_rate        | 0.0001      |
|    loss                 | 0.49        |
|    n_updates            | 596         |
|    policy_gradient_loss | -0.0113     |
|    value_loss           | 0.596       |
-----------------------------------------
------------------------------------------
| episode/                |              |
|    lines_cleared_mean   | 4            |
|    perfect_clears_mean  | 0            |
|    pieces_placed_mean   | 21.8         |
| rollout/                |              |
|    ep_len_mean          | 26.4         |
|    ep_rew_mean          | 32.7         |
| time/                   |              |
|    fps                  | 783          |
|    iterations           | 151          |
|    time_elapsed         | 1579         |
|    total_timesteps      | 1236992      |
| train/                  |              |
|    approx_kl            | 0.0062783863 |
|    clip_fraction        | 0.0563       |
|    clip_range           | 0.2          |
|    entropy_loss         | -0.996       |
|    explained_variance   | 0.265        |
|    learning_rate        | 0.0001       |
|    loss                 | 0.473        |
|    n_updates            | 600          |
|    policy_gradient_loss | -0.011       |
|    value_loss           | 0.551        |
------------------------------------------
------------------------------------------
| episode/                |              |
|    lines_cleared_mean   | 5.1          |
|    perfect_clears_mean  | 0            |
|    pieces_placed_mean   | 25.1         |
| rollout/                |              |
|    ep_len_mean          | 22.8         |
|    ep_rew_mean          | 24.8         |
| time/                   |              |
|    fps                  | 783          |
|    iterations           | 152          |
|    time_elapsed         | 1590         |
|    total_timesteps      | 1245184      |
| train/                  |              |
|    approx_kl            | 0.0060130013 |
|    clip_fraction        | 0.0469       |
|    clip_range           | 0.2          |
|    entropy_loss         | -1           |
|    explained_variance   | 0.256        |
|    learning_rate        | 0.0001       |
|    loss                 | 0.448        |
|    n_updates            | 604          |
|    policy_gradient_loss | -0.0106      |
|    value_loss           | 0.585        |
------------------------------------------
-----------------------------------------
| episode/                |             |
|    lines_cleared_mean   | 4.9         |
|    perfect_clears_mean  | 0           |
|    pieces_placed_mean   | 23.1        |
| rollout/                |             |
|    ep_len_mean          | 24.1        |
|    ep_rew_mean          | 27.7        |
| time/                   |             |
|    fps                  | 783         |
|    iterations           | 153         |
|    time_elapsed         | 1600        |
|    total_timesteps      | 1253376     |
| train/                  |             |
|    approx_kl            | 0.006279466 |
|    clip_fraction        | 0.0624      |
|    clip_range           | 0.2         |
|    entropy_loss         | -0.994      |
|    explained_variance   | 0.232       |
|    learning_rate        | 0.0001      |
|    loss                 | 0.54        |
|    n_updates            | 608         |
|    policy_gradient_loss | -0.0118     |
|    value_loss           | 0.585       |
-----------------------------------------
-----------------------------------------
| episode/                |             |
|    lines_cleared_mean   | 5.75        |
|    perfect_clears_mean  | 0           |
|    pieces_placed_mean   | 26.4        |
| rollout/                |             |
|    ep_len_mean          | 26.3        |
|    ep_rew_mean          | 32.6        |
| time/                   |             |
|    fps                  | 783         |
|    iterations           | 154         |
|    time_elapsed         | 1610        |
|    total_timesteps      | 1261568     |
| train/                  |             |
|    approx_kl            | 0.006597574 |
|    clip_fraction        | 0.0552      |
|    clip_range           | 0.2         |
|    entropy_loss         | -1          |
|    explained_variance   | 0.261       |
|    learning_rate        | 0.0001      |
|    loss                 | 0.455       |
|    n_updates            | 612         |
|    policy_gradient_loss | -0.0113     |
|    value_loss           | 0.555       |
-----------------------------------------
------------------------------------------
| episode/                |              |
|    lines_cleared_mean   | 6.18         |
|    perfect_clears_mean  | 0            |
|    pieces_placed_mean   | 27           |
| rollout/                |              |
|    ep_len_mean          | 23.4         |
|    ep_rew_mean          | 26           |
| time/                   |              |
|    fps                  | 783          |
|    iterations           | 155          |
|    time_elapsed         | 1621         |
|    total_timesteps      | 1269760      |
| train/                  |              |
|    approx_kl            | 0.0071187373 |
|    clip_fraction        | 0.0634       |
|    clip_range           | 0.2          |
|    entropy_loss         | -0.968       |
|    explained_variance   | 0.3          |
|    learning_rate        | 0.0001       |
|    loss                 | 0.457        |
|    n_updates            | 616          |
|    policy_gradient_loss | -0.0117      |
|    value_loss           | 0.541        |
------------------------------------------
------------------------------------------
| episode/                |              |
|    lines_cleared_mean   | 6.4          |
|    perfect_clears_mean  | 0            |
|    pieces_placed_mean   | 26.3         |
| rollout/                |              |
|    ep_len_mean          | 25.6         |
|    ep_rew_mean          | 30.9         |
| time/                   |              |
|    fps                  | 783          |
|    iterations           | 156          |
|    time_elapsed         | 1631         |
|    total_timesteps      | 1277952      |
| train/                  |              |
|    approx_kl            | 0.0069350232 |
|    clip_fraction        | 0.06         |
|    clip_range           | 0.2          |
|    entropy_loss         | -0.989       |
|    explained_variance   | 0.275        |
|    learning_rate        | 0.0001       |
|    loss                 | 0.452        |
|    n_updates            | 620          |
|    policy_gradient_loss | -0.0116      |
|    value_loss           | 0.555        |
------------------------------------------
-----------------------------------------
| episode/                |             |
|    lines_cleared_mean   | 4.27        |
|    perfect_clears_mean  | 0           |
|    pieces_placed_mean   | 23          |
| rollout/                |             |
|    ep_len_mean          | 24.2        |
|    ep_rew_mean          | 27.3        |
| time/                   |             |
|    fps                  | 783         |
|    iterations           | 157         |
|    time_elapsed         | 1641        |
|    total_timesteps      | 1286144     |
| train/                  |             |
|    approx_kl            | 0.006107598 |
|    clip_fraction        | 0.0506      |
|    clip_range           | 0.2         |
|    entropy_loss         | -0.98       |
|    explained_variance   | 0.257       |
|    learning_rate        | 0.0001      |
|    loss                 | 0.504       |
|    n_updates            | 624         |
|    policy_gradient_loss | -0.0113     |
|    value_loss           | 0.583       |
-----------------------------------------
------------------------------------------
| episode/                |              |
|    lines_cleared_mean   | 3.4          |
|    perfect_clears_mean  | 0            |
|    pieces_placed_mean   | 21           |
| rollout/                |              |
|    ep_len_mean          | 26.1         |
|    ep_rew_mean          | 31.7         |
| time/                   |              |
|    fps                  | 783          |
|    iterations           | 158          |
|    time_elapsed         | 1651         |
|    total_timesteps      | 1294336      |
| train/                  |              |
|    approx_kl            | 0.0068754647 |
|    clip_fraction        | 0.0594       |
|    clip_range           | 0.2          |
|    entropy_loss         | -0.989       |
|    explained_variance   | 0.298        |
|    learning_rate        | 0.0001       |
|    loss                 | 0.545        |
|    n_updates            | 628          |
|    policy_gradient_loss | -0.0118      |
|    value_loss           | 0.581        |
------------------------------------------
-----------------------------------------
| episode/                |             |
|    lines_cleared_mean   | 4.4         |
|    perfect_clears_mean  | 0           |
|    pieces_placed_mean   | 22          |
| rollout/                |             |
|    ep_len_mean          | 25.3        |
|    ep_rew_mean          | 30.5        |
| time/                   |             |
|    fps                  | 783         |
|    iterations           | 159         |
|    time_elapsed         | 1662        |
|    total_timesteps      | 1302528     |
| train/                  |             |
|    approx_kl            | 0.005058458 |
|    clip_fraction        | 0.039       |
|    clip_range           | 0.2         |
|    entropy_loss         | -0.944      |
|    explained_variance   | 0.302       |
|    learning_rate        | 0.0001      |
|    loss                 | 0.509       |
|    n_updates            | 632         |
|    policy_gradient_loss | -0.00998    |
|    value_loss           | 0.569       |
-----------------------------------------
------------------------------------------
| episode/                |              |
|    lines_cleared_mean   | 4.5          |
|    perfect_clears_mean  | 0            |
|    pieces_placed_mean   | 23.8         |
| rollout/                |              |
|    ep_len_mean          | 23.6         |
|    ep_rew_mean          | 26.9         |
| time/                   |              |
|    fps                  | 783          |
|    iterations           | 160          |
|    time_elapsed         | 1672         |
|    total_timesteps      | 1310720      |
| train/                  |              |
|    approx_kl            | 0.0057680286 |
|    clip_fraction        | 0.052        |
|    clip_range           | 0.2          |
|    entropy_loss         | -0.952       |
|    explained_variance   | 0.252        |
|    learning_rate        | 0.0001       |
|    loss                 | 0.546        |
|    n_updates            | 636          |
|    policy_gradient_loss | -0.00967     |
|    value_loss           | 0.589        |
------------------------------------------
------------------------------------------
| episode/                |              |
|    lines_cleared_mean   | 8.5          |
|    perfect_clears_mean  | 0            |
|    pieces_placed_mean   | 31.8         |
| rollout/                |              |
|    ep_len_mean          | 25.4         |
|    ep_rew_mean          | 30.9         |
| time/                   |              |
|    fps                  | 783          |
|    iterations           | 161          |
|    time_elapsed         | 1682         |
|    total_timesteps      | 1318912      |
| train/                  |              |
|    approx_kl            | 0.0060230913 |
|    clip_fraction        | 0.0542       |
|    clip_range           | 0.2          |
|    entropy_loss         | -0.924       |
|    explained_variance   | 0.302        |
|    learning_rate        | 0.0001       |
|    loss                 | 0.503        |
|    n_updates            | 640          |
|    policy_gradient_loss | -0.0111      |
|    value_loss           | 0.542        |
------------------------------------------
------------------------------------------
| episode/                |              |
|    lines_cleared_mean   | 6.8          |
|    perfect_clears_mean  | 0            |
|    pieces_placed_mean   | 28.8         |
| rollout/                |              |
|    ep_len_mean          | 26           |
|    ep_rew_mean          | 32.2         |
| time/                   |              |
|    fps                  | 783          |
|    iterations           | 162          |
|    time_elapsed         | 1692         |
|    total_timesteps      | 1327104      |
| train/                  |              |
|    approx_kl            | 0.0059927283 |
|    clip_fraction        | 0.0554       |
|    clip_range           | 0.2          |
|    entropy_loss         | -0.928       |
|    explained_variance   | 0.254        |
|    learning_rate        | 0.0001       |
|    loss                 | 0.662        |
|    n_updates            | 644          |
|    policy_gradient_loss | -0.0113      |
|    value_loss           | 0.59         |
------------------------------------------
-----------------------------------------
| episode/                |             |
|    lines_cleared_mean   | 5.6         |
|    perfect_clears_mean  | 0           |
|    pieces_placed_mean   | 25.7        |
| rollout/                |             |
|    ep_len_mean          | 25.8        |
|    ep_rew_mean          | 31.1        |
| time/                   |             |
|    fps                  | 783         |
|    iterations           | 163         |
|    time_elapsed         | 1703        |
|    total_timesteps      | 1335296     |
| train/                  |             |
|    approx_kl            | 0.006244124 |
|    clip_fraction        | 0.0593      |
|    clip_range           | 0.2         |
|    entropy_loss         | -0.932      |
|    explained_variance   | 0.286       |
|    learning_rate        | 0.0001      |
|    loss                 | 0.491       |
|    n_updates            | 648         |
|    policy_gradient_loss | -0.0119     |
|    value_loss           | 0.581       |
-----------------------------------------
---------------------------------------
| episode/                |           |
|    lines_cleared_mean   | 2.8       |
|    perfect_clears_mean  | 0         |
|    pieces_placed_mean   | 18.7      |
| rollout/                |           |
|    ep_len_mean          | 24.4      |
|    ep_rew_mean          | 28.1      |
| time/                   |           |
|    fps                  | 784       |
|    iterations           | 164       |
|    time_elapsed         | 1713      |
|    total_timesteps      | 1343488   |
| train/                  |           |
|    approx_kl            | 0.0065521 |
|    clip_fraction        | 0.0626    |
|    clip_range           | 0.2       |
|    entropy_loss         | -0.932    |
|    explained_variance   | 0.319     |
|    learning_rate        | 0.0001    |
|    loss                 | 0.418     |
|    n_updates            | 652       |
|    policy_gradient_loss | -0.0111   |
|    value_loss           | 0.522     |
---------------------------------------
----------------------------------------
| episode/                |            |
|    lines_cleared_mean   | 7.1        |
|    perfect_clears_mean  | 0          |
|    pieces_placed_mean   | 29.6       |
| rollout/                |            |
|    ep_len_mean          | 27         |
|    ep_rew_mean          | 34         |
| time/                   |            |
|    fps                  | 784        |
|    iterations           | 165        |
|    time_elapsed         | 1723       |
|    total_timesteps      | 1351680    |
| train/                  |            |
|    approx_kl            | 0.00588469 |
|    clip_fraction        | 0.0514     |
|    clip_range           | 0.2        |
|    entropy_loss         | -0.94      |
|    explained_variance   | 0.263      |
|    learning_rate        | 0.0001     |
|    loss                 | 0.512      |
|    n_updates            | 656        |
|    policy_gradient_loss | -0.0107    |
|    value_loss           | 0.552      |
----------------------------------------
------------------------------------------
| episode/                |              |
|    lines_cleared_mean   | 6            |
|    perfect_clears_mean  | 0            |
|    pieces_placed_mean   | 26.8         |
| rollout/                |              |
|    ep_len_mean          | 27.3         |
|    ep_rew_mean          | 35.1         |
| time/                   |              |
|    fps                  | 784          |
|    iterations           | 166          |
|    time_elapsed         | 1734         |
|    total_timesteps      | 1359872      |
| train/                  |              |
|    approx_kl            | 0.0059942137 |
|    clip_fraction        | 0.0533       |
|    clip_range           | 0.2          |
|    entropy_loss         | -0.947       |
|    explained_variance   | 0.261        |
|    learning_rate        | 0.0001       |
|    loss                 | 0.493        |
|    n_updates            | 660          |
|    policy_gradient_loss | -0.0114      |
|    value_loss           | 0.556        |
------------------------------------------
------------------------------------------
| episode/                |              |
|    lines_cleared_mean   | 5            |
|    perfect_clears_mean  | 0            |
|    pieces_placed_mean   | 23.9         |
| rollout/                |              |
|    ep_len_mean          | 24.3         |
|    ep_rew_mean          | 28.1         |
| time/                   |              |
|    fps                  | 784          |
|    iterations           | 167          |
|    time_elapsed         | 1744         |
|    total_timesteps      | 1368064      |
| train/                  |              |
|    approx_kl            | 0.0055792984 |
|    clip_fraction        | 0.0583       |
|    clip_range           | 0.2          |
|    entropy_loss         | -0.919       |
|    explained_variance   | 0.266        |
|    learning_rate        | 0.0001       |
|    loss                 | 0.498        |
|    n_updates            | 664          |
|    policy_gradient_loss | -0.0116      |
|    value_loss           | 0.607        |
------------------------------------------
------------------------------------------
| episode/                |              |
|    lines_cleared_mean   | 5.4          |
|    perfect_clears_mean  | 0            |
|    pieces_placed_mean   | 25.7         |
| rollout/                |              |
|    ep_len_mean          | 25.2         |
|    ep_rew_mean          | 29.6         |
| time/                   |              |
|    fps                  | 784          |
|    iterations           | 168          |
|    time_elapsed         | 1754         |
|    total_timesteps      | 1376256      |
| train/                  |              |
|    approx_kl            | 0.0062635182 |
|    clip_fraction        | 0.0586       |
|    clip_range           | 0.2          |
|    entropy_loss         | -0.941       |
|    explained_variance   | 0.321        |
|    learning_rate        | 0.0001       |
|    loss                 | 0.46         |
|    n_updates            | 668          |
|    policy_gradient_loss | -0.0112      |
|    value_loss           | 0.521        |
------------------------------------------
----------------------------------------
| episode/                |            |
|    lines_cleared_mean   | 5.4        |
|    perfect_clears_mean  | 0          |
|    pieces_placed_mean   | 25.1       |
| rollout/                |            |
|    ep_len_mean          | 26.5       |
|    ep_rew_mean          | 33.5       |
| time/                   |            |
|    fps                  | 784        |
|    iterations           | 169        |
|    time_elapsed         | 1765       |
|    total_timesteps      | 1384448    |
| train/                  |            |
|    approx_kl            | 0.00512835 |
|    clip_fraction        | 0.0474     |
|    clip_range           | 0.2        |
|    entropy_loss         | -0.921     |
|    explained_variance   | 0.331      |
|    learning_rate        | 0.0001     |
|    loss                 | 0.396      |
|    n_updates            | 672        |
|    policy_gradient_loss | -0.00978   |
|    value_loss           | 0.494      |
----------------------------------------
------------------------------------------
| episode/                |              |
|    lines_cleared_mean   | 5.6          |
|    perfect_clears_mean  | 0            |
|    pieces_placed_mean   | 26.9         |
| rollout/                |              |
|    ep_len_mean          | 24.8         |
|    ep_rew_mean          | 29           |
| time/                   |              |
|    fps                  | 784          |
|    iterations           | 170          |
|    time_elapsed         | 1775         |
|    total_timesteps      | 1392640      |
| train/                  |              |
|    approx_kl            | 0.0061498107 |
|    clip_fraction        | 0.0451       |
|    clip_range           | 0.2          |
|    entropy_loss         | -0.914       |
|    explained_variance   | 0.269        |
|    learning_rate        | 0.0001       |
|    loss                 | 0.438        |
|    n_updates            | 676          |
|    policy_gradient_loss | -0.00894     |
|    value_loss           | 0.574        |
------------------------------------------
-----------------------------------------
| episode/                |             |
|    lines_cleared_mean   | 3.6         |
|    perfect_clears_mean  | 0           |
|    pieces_placed_mean   | 21.8        |
| rollout/                |             |
|    ep_len_mean          | 25.1        |
|    ep_rew_mean          | 29.9        |
| time/                   |             |
|    fps                  | 784         |
|    iterations           | 171         |
|    time_elapsed         | 1785        |
|    total_timesteps      | 1400832     |
| train/                  |             |
|    approx_kl            | 0.006231264 |
|    clip_fraction        | 0.0623      |
|    clip_range           | 0.2         |
|    entropy_loss         | -0.918      |
|    explained_variance   | 0.291       |
|    learning_rate        | 0.0001      |
|    loss                 | 0.41        |
|    n_updates            | 680         |
|    policy_gradient_loss | -0.0112     |
|    value_loss           | 0.533       |
-----------------------------------------
-----------------------------------------
| episode/                |             |
|    lines_cleared_mean   | 7.36        |
|    perfect_clears_mean  | 0           |
|    pieces_placed_mean   | 29.5        |
| rollout/                |             |
|    ep_len_mean          | 25          |
|    ep_rew_mean          | 29.4        |
| time/                   |             |
|    fps                  | 784         |
|    iterations           | 172         |
|    time_elapsed         | 1796        |
|    total_timesteps      | 1409024     |
| train/                  |             |
|    approx_kl            | 0.005597666 |
|    clip_fraction        | 0.0505      |
|    clip_range           | 0.2         |
|    entropy_loss         | -0.928      |
|    explained_variance   | 0.281       |
|    learning_rate        | 0.0001      |
|    loss                 | 0.477       |
|    n_updates            | 684         |
|    policy_gradient_loss | -0.00892    |
|    value_loss           | 0.56        |
-----------------------------------------
-----------------------------------------
| episode/                |             |
|    lines_cleared_mean   | 7.8         |
|    perfect_clears_mean  | 0           |
|    pieces_placed_mean   | 31.6        |
| rollout/                |             |
|    ep_len_mean          | 26.3        |
|    ep_rew_mean          | 32.7        |
| time/                   |             |
|    fps                  | 784         |
|    iterations           | 173         |
|    time_elapsed         | 1806        |
|    total_timesteps      | 1417216     |
| train/                  |             |
|    approx_kl            | 0.006804142 |
|    clip_fraction        | 0.0617      |
|    clip_range           | 0.2         |
|    entropy_loss         | -0.919      |
|    explained_variance   | 0.291       |
|    learning_rate        | 0.0001      |
|    loss                 | 0.433       |
|    n_updates            | 688         |
|    policy_gradient_loss | -0.0111     |
|    value_loss           | 0.564       |
-----------------------------------------
-----------------------------------------
| episode/                |             |
|    lines_cleared_mean   | 6           |
|    perfect_clears_mean  | 0           |
|    pieces_placed_mean   | 27.1        |
| rollout/                |             |
|    ep_len_mean          | 25.4        |
|    ep_rew_mean          | 30.7        |
| time/                   |             |
|    fps                  | 784         |
|    iterations           | 174         |
|    time_elapsed         | 1816        |
|    total_timesteps      | 1425408     |
| train/                  |             |
|    approx_kl            | 0.006777169 |
|    clip_fraction        | 0.0619      |
|    clip_range           | 0.2         |
|    entropy_loss         | -0.891      |
|    explained_variance   | 0.241       |
|    learning_rate        | 0.0001      |
|    loss                 | 0.475       |
|    n_updates            | 692         |
|    policy_gradient_loss | -0.0112     |
|    value_loss           | 0.535       |
-----------------------------------------
-----------------------------------------
| episode/                |             |
|    lines_cleared_mean   | 6.3         |
|    perfect_clears_mean  | 0           |
|    pieces_placed_mean   | 28.4        |
| rollout/                |             |
|    ep_len_mean          | 26.6        |
|    ep_rew_mean          | 33.4        |
| time/                   |             |
|    fps                  | 784         |
|    iterations           | 175         |
|    time_elapsed         | 1827        |
|    total_timesteps      | 1433600     |
| train/                  |             |
|    approx_kl            | 0.006415691 |
|    clip_fraction        | 0.0601      |
|    clip_range           | 0.2         |
|    entropy_loss         | -0.905      |
|    explained_variance   | 0.338       |
|    learning_rate        | 0.0001      |
|    loss                 | 0.444       |
|    n_updates            | 696         |
|    policy_gradient_loss | -0.0117     |
|    value_loss           | 0.531       |
-----------------------------------------
------------------------------------------
| episode/                |              |
|    lines_cleared_mean   | 5            |
|    perfect_clears_mean  | 0            |
|    pieces_placed_mean   | 24.6         |
| rollout/                |              |
|    ep_len_mean          | 26.4         |
|    ep_rew_mean          | 32.5         |
| time/                   |              |
|    fps                  | 784          |
|    iterations           | 176          |
|    time_elapsed         | 1837         |
|    total_timesteps      | 1441792      |
| train/                  |              |
|    approx_kl            | 0.0056029586 |
|    clip_fraction        | 0.0507       |
|    clip_range           | 0.2          |
|    entropy_loss         | -0.891       |
|    explained_variance   | 0.314        |
|    learning_rate        | 0.0001       |
|    loss                 | 0.518        |
|    n_updates            | 700          |
|    policy_gradient_loss | -0.0102      |
|    value_loss           | 0.539        |
------------------------------------------
-----------------------------------------
| episode/                |             |
|    lines_cleared_mean   | 7.4         |
|    perfect_clears_mean  | 0           |
|    pieces_placed_mean   | 30.2        |
| rollout/                |             |
|    ep_len_mean          | 26.7        |
|    ep_rew_mean          | 33.2        |
| time/                   |             |
|    fps                  | 784         |
|    iterations           | 177         |
|    time_elapsed         | 1847        |
|    total_timesteps      | 1449984     |
| train/                  |             |
|    approx_kl            | 0.006178672 |
|    clip_fraction        | 0.0527      |
|    clip_range           | 0.2         |
|    entropy_loss         | -0.884      |
|    explained_variance   | 0.279       |
|    learning_rate        | 0.0001      |
|    loss                 | 0.439       |
|    n_updates            | 704         |
|    policy_gradient_loss | -0.0102     |
|    value_loss           | 0.537       |
-----------------------------------------
------------------------------------------
| episode/                |              |
|    lines_cleared_mean   | 4.55         |
|    perfect_clears_mean  | 0            |
|    pieces_placed_mean   | 23           |
| rollout/                |              |
|    ep_len_mean          | 24.8         |
|    ep_rew_mean          | 29.2         |
| time/                   |              |
|    fps                  | 784          |
|    iterations           | 178          |
|    time_elapsed         | 1858         |
|    total_timesteps      | 1458176      |
| train/                  |              |
|    approx_kl            | 0.0068788435 |
|    clip_fraction        | 0.0628       |
|    clip_range           | 0.2          |
|    entropy_loss         | -0.891       |
|    explained_variance   | 0.264        |
|    learning_rate        | 0.0001       |
|    loss                 | 0.47         |
|    n_updates            | 708          |
|    policy_gradient_loss | -0.0118      |
|    value_loss           | 0.558        |
------------------------------------------
------------------------------------------
| episode/                |              |
|    lines_cleared_mean   | 6.7          |
|    perfect_clears_mean  | 0            |
|    pieces_placed_mean   | 28.8         |
| rollout/                |              |
|    ep_len_mean          | 26.7         |
|    ep_rew_mean          | 33.1         |
| time/                   |              |
|    fps                  | 784          |
|    iterations           | 179          |
|    time_elapsed         | 1868         |
|    total_timesteps      | 1466368      |
| train/                  |              |
|    approx_kl            | 0.0066843545 |
|    clip_fraction        | 0.061        |
|    clip_range           | 0.2          |
|    entropy_loss         | -0.889       |
|    explained_variance   | 0.323        |
|    learning_rate        | 0.0001       |
|    loss                 | 0.42         |
|    n_updates            | 712          |
|    policy_gradient_loss | -0.012       |
|    value_loss           | 0.507        |
------------------------------------------
------------------------------------------
| episode/                |              |
|    lines_cleared_mean   | 5.45         |
|    perfect_clears_mean  | 0            |
|    pieces_placed_mean   | 25.7         |
| rollout/                |              |
|    ep_len_mean          | 26.8         |
|    ep_rew_mean          | 33.8         |
| time/                   |              |
|    fps                  | 784          |
|    iterations           | 180          |
|    time_elapsed         | 1878         |
|    total_timesteps      | 1474560      |
| train/                  |              |
|    approx_kl            | 0.0062216334 |
|    clip_fraction        | 0.0683       |
|    clip_range           | 0.2          |
|    entropy_loss         | -0.892       |
|    explained_variance   | 0.289        |
|    learning_rate        | 0.0001       |
|    loss                 | 0.399        |
|    n_updates            | 716          |
|    policy_gradient_loss | -0.0106      |
|    value_loss           | 0.501        |
------------------------------------------
-----------------------------------------
| episode/                |             |
|    lines_cleared_mean   | 4.4         |
|    perfect_clears_mean  | 0           |
|    pieces_placed_mean   | 23.5        |
| rollout/                |             |
|    ep_len_mean          | 25          |
|    ep_rew_mean          | 29.2        |
| time/                   |             |
|    fps                  | 784         |
|    iterations           | 181         |
|    time_elapsed         | 1889        |
|    total_timesteps      | 1482752     |
| train/                  |             |
|    approx_kl            | 0.006326854 |
|    clip_fraction        | 0.0548      |
|    clip_range           | 0.2         |
|    entropy_loss         | -0.863      |
|    explained_variance   | 0.278       |
|    learning_rate        | 0.0001      |
|    loss                 | 0.478       |
|    n_updates            | 720         |
|    policy_gradient_loss | -0.0103     |
|    value_loss           | 0.534       |
-----------------------------------------
-----------------------------------------
| episode/                |             |
|    lines_cleared_mean   | 4.82        |
|    perfect_clears_mean  | 0           |
|    pieces_placed_mean   | 23.4        |
| rollout/                |             |
|    ep_len_mean          | 26.9        |
|    ep_rew_mean          | 34          |
| time/                   |             |
|    fps                  | 784         |
|    iterations           | 182         |
|    time_elapsed         | 1899        |
|    total_timesteps      | 1490944     |
| train/                  |             |
|    approx_kl            | 0.005309955 |
|    clip_fraction        | 0.0416      |
|    clip_range           | 0.2         |
|    entropy_loss         | -0.866      |
|    explained_variance   | 0.312       |
|    learning_rate        | 0.0001      |
|    loss                 | 0.487       |
|    n_updates            | 724         |
|    policy_gradient_loss | -0.00867    |
|    value_loss           | 0.54        |
-----------------------------------------
------------------------------------------
| episode/                |              |
|    lines_cleared_mean   | 7.6          |
|    perfect_clears_mean  | 0            |
|    pieces_placed_mean   | 31           |
| rollout/                |              |
|    ep_len_mean          | 26.4         |
|    ep_rew_mean          | 33.1         |
| time/                   |              |
|    fps                  | 784          |
|    iterations           | 183          |
|    time_elapsed         | 1909         |
|    total_timesteps      | 1499136      |
| train/                  |              |
|    approx_kl            | 0.0054497207 |
|    clip_fraction        | 0.046        |
|    clip_range           | 0.2          |
|    entropy_loss         | -0.856       |
|    explained_variance   | 0.303        |
|    learning_rate        | 0.0001       |
|    loss                 | 0.512        |
|    n_updates            | 728          |
|    policy_gradient_loss | -0.0098      |
|    value_loss           | 0.557        |
------------------------------------------
------------------------------------------
| episode/                |              |
|    lines_cleared_mean   | 7.91         |
|    perfect_clears_mean  | 0            |
|    pieces_placed_mean   | 30.9         |
| rollout/                |              |
|    ep_len_mean          | 26.9         |
|    ep_rew_mean          | 33.4         |
| time/                   |              |
|    fps                  | 784          |
|    iterations           | 184          |
|    time_elapsed         | 1920         |
|    total_timesteps      | 1507328      |
| train/                  |              |
|    approx_kl            | 0.0060224887 |
|    clip_fraction        | 0.0565       |
|    clip_range           | 0.2          |
|    entropy_loss         | -0.856       |
|    explained_variance   | 0.249        |
|    learning_rate        | 0.0001       |
|    loss                 | 0.563        |
|    n_updates            | 732          |
|    policy_gradient_loss | -0.0114      |
|    value_loss           | 0.606        |
------------------------------------------
-----------------------------------------
| episode/                |             |
|    lines_cleared_mean   | 4.5         |
|    perfect_clears_mean  | 0           |
|    pieces_placed_mean   | 23.6        |
| rollout/                |             |
|    ep_len_mean          | 28.8        |
|    ep_rew_mean          | 38.1        |
| time/                   |             |
|    fps                  | 784         |
|    iterations           | 185         |
|    time_elapsed         | 1930        |
|    total_timesteps      | 1515520     |
| train/                  |             |
|    approx_kl            | 0.005461231 |
|    clip_fraction        | 0.047       |
|    clip_range           | 0.2         |
|    entropy_loss         | -0.868      |
|    explained_variance   | 0.237       |
|    learning_rate        | 0.0001      |
|    loss                 | 0.518       |
|    n_updates            | 736         |
|    policy_gradient_loss | -0.0103     |
|    value_loss           | 0.612       |
-----------------------------------------
-----------------------------------------
| episode/                |             |
|    lines_cleared_mean   | 5.18        |
|    perfect_clears_mean  | 0           |
|    pieces_placed_mean   | 25.2        |
| rollout/                |             |
|    ep_len_mean          | 25.7        |
|    ep_rew_mean          | 31.1        |
| time/                   |             |
|    fps                  | 784         |
|    iterations           | 186         |
|    time_elapsed         | 1941        |
|    total_timesteps      | 1523712     |
| train/                  |             |
|    approx_kl            | 0.006182324 |
|    clip_fraction        | 0.0603      |
|    clip_range           | 0.2         |
|    entropy_loss         | -0.87       |
|    explained_variance   | 0.238       |
|    learning_rate        | 0.0001      |
|    loss                 | 0.544       |
|    n_updates            | 740         |
|    policy_gradient_loss | -0.0121     |
|    value_loss           | 0.579       |
-----------------------------------------
------------------------------------------
| episode/                |              |
|    lines_cleared_mean   | 5.1          |
|    perfect_clears_mean  | 0            |
|    pieces_placed_mean   | 25.5         |
| rollout/                |              |
|    ep_len_mean          | 26.2         |
|    ep_rew_mean          | 32           |
| time/                   |              |
|    fps                  | 784          |
|    iterations           | 187          |
|    time_elapsed         | 1951         |
|    total_timesteps      | 1531904      |
| train/                  |              |
|    approx_kl            | 0.0059878137 |
|    clip_fraction        | 0.0562       |
|    clip_range           | 0.2          |
|    entropy_loss         | -0.873       |
|    explained_variance   | 0.286        |
|    learning_rate        | 0.0001       |
|    loss                 | 0.599        |
|    n_updates            | 744          |
|    policy_gradient_loss | -0.0111      |
|    value_loss           | 0.591        |
------------------------------------------
-----------------------------------------
| episode/                |             |
|    lines_cleared_mean   | 5.1         |
|    perfect_clears_mean  | 0           |
|    pieces_placed_mean   | 24.7        |
| rollout/                |             |
|    ep_len_mean          | 24.2        |
|    ep_rew_mean          | 28          |
| time/                   |             |
|    fps                  | 784         |
|    iterations           | 188         |
|    time_elapsed         | 1962        |
|    total_timesteps      | 1540096     |
| train/                  |             |
|    approx_kl            | 0.006506256 |
|    clip_fraction        | 0.054       |
|    clip_range           | 0.2         |
|    entropy_loss         | -0.879      |
|    explained_variance   | 0.301       |
|    learning_rate        | 0.0001      |
|    loss                 | 0.554       |
|    n_updates            | 748         |
|    policy_gradient_loss | -0.0114     |
|    value_loss           | 0.54        |
-----------------------------------------
-----------------------------------------
| episode/                |             |
|    lines_cleared_mean   | 6.7         |
|    perfect_clears_mean  | 0           |
|    pieces_placed_mean   | 28.1        |
| rollout/                |             |
|    ep_len_mean          | 26.5        |
|    ep_rew_mean          | 33.2        |
| time/                   |             |
|    fps                  | 784         |
|    iterations           | 189         |
|    time_elapsed         | 1973        |
|    total_timesteps      | 1548288     |
| train/                  |             |
|    approx_kl            | 0.005911066 |
|    clip_fraction        | 0.0566      |
|    clip_range           | 0.2         |
|    entropy_loss         | -0.886      |
|    explained_variance   | 0.295       |
|    learning_rate        | 0.0001      |
|    loss                 | 0.508       |
|    n_updates            | 752         |
|    policy_gradient_loss | -0.0106     |
|    value_loss           | 0.527       |
-----------------------------------------
------------------------------------------
| episode/                |              |
|    lines_cleared_mean   | 5.6          |
|    perfect_clears_mean  | 0            |
|    pieces_placed_mean   | 24.6         |
| rollout/                |              |
|    ep_len_mean          | 25.8         |
|    ep_rew_mean          | 31.7         |
| time/                   |              |
|    fps                  | 784          |
|    iterations           | 190          |
|    time_elapsed         | 1984         |
|    total_timesteps      | 1556480      |
| train/                  |              |
|    approx_kl            | 0.0064576296 |
|    clip_fraction        | 0.0571       |
|    clip_range           | 0.2          |
|    entropy_loss         | -0.876       |
|    explained_variance   | 0.278        |
|    learning_rate        | 0.0001       |
|    loss                 | 0.562        |
|    n_updates            | 756          |
|    policy_gradient_loss | -0.0115      |
|    value_loss           | 0.556        |
------------------------------------------
------------------------------------------
| episode/                |              |
|    lines_cleared_mean   | 7            |
|    perfect_clears_mean  | 0            |
|    pieces_placed_mean   | 29.1         |
| rollout/                |              |
|    ep_len_mean          | 28.6         |
|    ep_rew_mean          | 37.7         |
| time/                   |              |
|    fps                  | 784          |
|    iterations           | 191          |
|    time_elapsed         | 1994         |
|    total_timesteps      | 1564672      |
| train/                  |              |
|    approx_kl            | 0.0058273226 |
|    clip_fraction        | 0.054        |
|    clip_range           | 0.2          |
|    entropy_loss         | -0.873       |
|    explained_variance   | 0.282        |
|    learning_rate        | 0.0001       |
|    loss                 | 0.411        |
|    n_updates            | 760          |
|    policy_gradient_loss | -0.0113      |
|    value_loss           | 0.508        |
------------------------------------------
------------------------------------------
| episode/                |              |
|    lines_cleared_mean   | 4.2          |
|    perfect_clears_mean  | 0            |
|    pieces_placed_mean   | 22           |
| rollout/                |              |
|    ep_len_mean          | 27.4         |
|    ep_rew_mean          | 35.3         |
| time/                   |              |
|    fps                  | 784          |
|    iterations           | 192          |
|    time_elapsed         | 2005         |
|    total_timesteps      | 1572864      |
| train/                  |              |
|    approx_kl            | 0.0066402135 |
|    clip_fraction        | 0.0527       |
|    clip_range           | 0.2          |
|    entropy_loss         | -0.876       |
|    explained_variance   | 0.316        |
|    learning_rate        | 0.0001       |
|    loss                 | 0.42         |
|    n_updates            | 764          |
|    policy_gradient_loss | -0.0112      |
|    value_loss           | 0.501        |
------------------------------------------
------------------------------------------
| episode/                |              |
|    lines_cleared_mean   | 5            |
|    perfect_clears_mean  | 0            |
|    pieces_placed_mean   | 24.1         |
| rollout/                |              |
|    ep_len_mean          | 27.1         |
|    ep_rew_mean          | 34.5         |
| time/                   |              |
|    fps                  | 784          |
|    iterations           | 193          |
|    time_elapsed         | 2016         |
|    total_timesteps      | 1581056      |
| train/                  |              |
|    approx_kl            | 0.0066822995 |
|    clip_fraction        | 0.0603       |
|    clip_range           | 0.2          |
|    entropy_loss         | -0.866       |
|    explained_variance   | 0.349        |
|    learning_rate        | 0.0001       |
|    loss                 | 0.42         |
|    n_updates            | 768          |
|    policy_gradient_loss | -0.0132      |
|    value_loss           | 0.534        |
------------------------------------------
------------------------------------------
| episode/                |              |
|    lines_cleared_mean   | 5.3          |
|    perfect_clears_mean  | 0            |
|    pieces_placed_mean   | 24.8         |
| rollout/                |              |
|    ep_len_mean          | 27.2         |
|    ep_rew_mean          | 35.4         |
| time/                   |              |
|    fps                  | 784          |
|    iterations           | 194          |
|    time_elapsed         | 2027         |
|    total_timesteps      | 1589248      |
| train/                  |              |
|    approx_kl            | 0.0059641018 |
|    clip_fraction        | 0.0551       |
|    clip_range           | 0.2          |
|    entropy_loss         | -0.877       |
|    explained_variance   | 0.273        |
|    learning_rate        | 0.0001       |
|    loss                 | 0.454        |
|    n_updates            | 772          |
|    policy_gradient_loss | -0.011       |
|    value_loss           | 0.574        |
------------------------------------------
------------------------------------------
| episode/                |              |
|    lines_cleared_mean   | 6.4          |
|    perfect_clears_mean  | 0            |
|    pieces_placed_mean   | 27.8         |
| rollout/                |              |
|    ep_len_mean          | 24.7         |
|    ep_rew_mean          | 28.7         |
| time/                   |              |
|    fps                  | 783          |
|    iterations           | 195          |
|    time_elapsed         | 2038         |
|    total_timesteps      | 1597440      |
| train/                  |              |
|    approx_kl            | 0.0068933703 |
|    clip_fraction        | 0.0666       |
|    clip_range           | 0.2          |
|    entropy_loss         | -0.856       |
|    explained_variance   | 0.319        |
|    learning_rate        | 0.0001       |
|    loss                 | 0.386        |
|    n_updates            | 776          |
|    policy_gradient_loss | -0.012       |
|    value_loss           | 0.499        |
------------------------------------------
-----------------------------------------
| episode/                |             |
|    lines_cleared_mean   | 5.9         |
|    perfect_clears_mean  | 0           |
|    pieces_placed_mean   | 27.2        |
| rollout/                |             |
|    ep_len_mean          | 25.4        |
|    ep_rew_mean          | 30.3        |
| time/                   |             |
|    fps                  | 783         |
|    iterations           | 196         |
|    time_elapsed         | 2048        |
|    total_timesteps      | 1605632     |
| train/                  |             |
|    approx_kl            | 0.006461286 |
|    clip_fraction        | 0.0588      |
|    clip_range           | 0.2         |
|    entropy_loss         | -0.872      |
|    explained_variance   | 0.237       |
|    learning_rate        | 0.0001      |
|    loss                 | 0.444       |
|    n_updates            | 780         |
|    policy_gradient_loss | -0.0116     |
|    value_loss           | 0.5         |
-----------------------------------------
------------------------------------------
| episode/                |              |
|    lines_cleared_mean   | 6            |
|    perfect_clears_mean  | 0            |
|    pieces_placed_mean   | 28.3         |
| rollout/                |              |
|    ep_len_mean          | 25.2         |
|    ep_rew_mean          | 29.7         |
| time/                   |              |
|    fps                  | 783          |
|    iterations           | 197          |
|    time_elapsed         | 2059         |
|    total_timesteps      | 1613824      |
| train/                  |              |
|    approx_kl            | 0.0071868757 |
|    clip_fraction        | 0.0683       |
|    clip_range           | 0.2          |
|    entropy_loss         | -0.871       |
|    explained_variance   | 0.289        |
|    learning_rate        | 0.0001       |
|    loss                 | 0.386        |
|    n_updates            | 784          |
|    policy_gradient_loss | -0.012       |
|    value_loss           | 0.493        |
------------------------------------------
------------------------------------------
| episode/                |              |
|    lines_cleared_mean   | 4.6          |
|    perfect_clears_mean  | 0            |
|    pieces_placed_mean   | 23.5         |
| rollout/                |              |
|    ep_len_mean          | 24.6         |
|    ep_rew_mean          | 28.7         |
| time/                   |              |
|    fps                  | 783          |
|    iterations           | 198          |
|    time_elapsed         | 2070         |
|    total_timesteps      | 1622016      |
| train/                  |              |
|    approx_kl            | 0.0067070997 |
|    clip_fraction        | 0.0631       |
|    clip_range           | 0.2          |
|    entropy_loss         | -0.864       |
|    explained_variance   | 0.287        |
|    learning_rate        | 0.0001       |
|    loss                 | 0.428        |
|    n_updates            | 788          |
|    policy_gradient_loss | -0.0123      |
|    value_loss           | 0.522        |
------------------------------------------
------------------------------------------
| episode/                |              |
|    lines_cleared_mean   | 4.82         |
|    perfect_clears_mean  | 0            |
|    pieces_placed_mean   | 24.4         |
| rollout/                |              |
|    ep_len_mean          | 25.3         |
|    ep_rew_mean          | 30.2         |
| time/                   |              |
|    fps                  | 783          |
|    iterations           | 199          |
|    time_elapsed         | 2080         |
|    total_timesteps      | 1630208      |
| train/                  |              |
|    approx_kl            | 0.0062669856 |
|    clip_fraction        | 0.0617       |
|    clip_range           | 0.2          |
|    entropy_loss         | -0.833       |
|    explained_variance   | 0.298        |
|    learning_rate        | 0.0001       |
|    loss                 | 0.509        |
|    n_updates            | 792          |
|    policy_gradient_loss | -0.0109      |
|    value_loss           | 0.481        |
------------------------------------------
-----------------------------------------
| episode/                |             |
|    lines_cleared_mean   | 7.9         |
|    perfect_clears_mean  | 0           |
|    pieces_placed_mean   | 30.5        |
| rollout/                |             |
|    ep_len_mean          | 28.2        |
|    ep_rew_mean          | 36.8        |
| time/                   |             |
|    fps                  | 783         |
|    iterations           | 200         |
|    time_elapsed         | 2091        |
|    total_timesteps      | 1638400     |
| train/                  |             |
|    approx_kl            | 0.005569936 |
|    clip_fraction        | 0.0508      |
|    clip_range           | 0.2         |
|    entropy_loss         | -0.833      |
|    explained_variance   | 0.298       |
|    learning_rate        | 0.0001      |
|    loss                 | 0.44        |
|    n_updates            | 796         |
|    policy_gradient_loss | -0.0103     |
|    value_loss           | 0.482       |
-----------------------------------------
------------------------------------------
| episode/                |              |
|    lines_cleared_mean   | 5.91         |
|    perfect_clears_mean  | 0            |
|    pieces_placed_mean   | 27.1         |
| rollout/                |              |
|    ep_len_mean          | 27.6         |
|    ep_rew_mean          | 35.2         |
| time/                   |              |
|    fps                  | 783          |
|    iterations           | 201          |
|    time_elapsed         | 2102         |
|    total_timesteps      | 1646592      |
| train/                  |              |
|    approx_kl            | 0.0056865998 |
|    clip_fraction        | 0.0436       |
|    clip_range           | 0.2          |
|    entropy_loss         | -0.835       |
|    explained_variance   | 0.251        |
|    learning_rate        | 0.0001       |
|    loss                 | 0.635        |
|    n_updates            | 800          |
|    policy_gradient_loss | -0.0102      |
|    value_loss           | 0.583        |
------------------------------------------
------------------------------------------
| episode/                |              |
|    lines_cleared_mean   | 6.3          |
|    perfect_clears_mean  | 0            |
|    pieces_placed_mean   | 27.4         |
| rollout/                |              |
|    ep_len_mean          | 27.6         |
|    ep_rew_mean          | 35.5         |
| time/                   |              |
|    fps                  | 783          |
|    iterations           | 202          |
|    time_elapsed         | 2112         |
|    total_timesteps      | 1654784      |
| train/                  |              |
|    approx_kl            | 0.0057692006 |
|    clip_fraction        | 0.0544       |
|    clip_range           | 0.2          |
|    entropy_loss         | -0.838       |
|    explained_variance   | 0.242        |
|    learning_rate        | 0.0001       |
|    loss                 | 0.587        |
|    n_updates            | 804          |
|    policy_gradient_loss | -0.0113      |
|    value_loss           | 0.586        |
------------------------------------------
------------------------------------------
| episode/                |              |
|    lines_cleared_mean   | 4.82         |
|    perfect_clears_mean  | 0            |
|    pieces_placed_mean   | 23.8         |
| rollout/                |              |
|    ep_len_mean          | 25.3         |
|    ep_rew_mean          | 30.1         |
| time/                   |              |
|    fps                  | 783          |
|    iterations           | 203          |
|    time_elapsed         | 2123         |
|    total_timesteps      | 1662976      |
| train/                  |              |
|    approx_kl            | 0.0057307314 |
|    clip_fraction        | 0.0525       |
|    clip_range           | 0.2          |
|    entropy_loss         | -0.845       |
|    explained_variance   | 0.265        |
|    learning_rate        | 0.0001       |
|    loss                 | 0.423        |
|    n_updates            | 808          |
|    policy_gradient_loss | -0.0104      |
|    value_loss           | 0.555        |
------------------------------------------
------------------------------------------
| episode/                |              |
|    lines_cleared_mean   | 6            |
|    perfect_clears_mean  | 0            |
|    pieces_placed_mean   | 26.5         |
| rollout/                |              |
|    ep_len_mean          | 25           |
|    ep_rew_mean          | 29.3         |
| time/                   |              |
|    fps                  | 783          |
|    iterations           | 204          |
|    time_elapsed         | 2134         |
|    total_timesteps      | 1671168      |
| train/                  |              |
|    approx_kl            | 0.0064589167 |
|    clip_fraction        | 0.0617       |
|    clip_range           | 0.2          |
|    entropy_loss         | -0.852       |
|    explained_variance   | 0.341        |
|    learning_rate        | 0.0001       |
|    loss                 | 0.451        |
|    n_updates            | 812          |
|    policy_gradient_loss | -0.0131      |
|    value_loss           | 0.487        |
------------------------------------------
-----------------------------------------
| episode/                |             |
|    lines_cleared_mean   | 8.1         |
|    perfect_clears_mean  | 0           |
|    pieces_placed_mean   | 31.3        |
| rollout/                |             |
|    ep_len_mean          | 26.1        |
|    ep_rew_mean          | 32.4        |
| time/                   |             |
|    fps                  | 783         |
|    iterations           | 205         |
|    time_elapsed         | 2144        |
|    total_timesteps      | 1679360     |
| train/                  |             |
|    approx_kl            | 0.005436318 |
|    clip_fraction        | 0.0483      |
|    clip_range           | 0.2         |
|    entropy_loss         | -0.841      |
|    explained_variance   | 0.326       |
|    learning_rate        | 0.0001      |
|    loss                 | 0.401       |
|    n_updates            | 816         |
|    policy_gradient_loss | -0.0111     |
|    value_loss           | 0.502       |
-----------------------------------------
------------------------------------------
| episode/                |              |
|    lines_cleared_mean   | 5.1          |
|    perfect_clears_mean  | 0            |
|    pieces_placed_mean   | 25.4         |
| rollout/                |              |
|    ep_len_mean          | 27.3         |
|    ep_rew_mean          | 34.5         |
| time/                   |              |
|    fps                  | 782          |
|    iterations           | 206          |
|    time_elapsed         | 2155         |
|    total_timesteps      | 1687552      |
| train/                  |              |
|    approx_kl            | 0.0058640977 |
|    clip_fraction        | 0.0519       |
|    clip_range           | 0.2          |
|    entropy_loss         | -0.837       |
|    explained_variance   | 0.326        |
|    learning_rate        | 0.0001       |
|    loss                 | 0.401        |
|    n_updates            | 820          |
|    policy_gradient_loss | -0.0114      |
|    value_loss           | 0.489        |
------------------------------------------
------------------------------------------
| episode/                |              |
|    lines_cleared_mean   | 4.7          |
|    perfect_clears_mean  | 0            |
|    pieces_placed_mean   | 24.8         |
| rollout/                |              |
|    ep_len_mean          | 25.7         |
|    ep_rew_mean          | 31.4         |
| time/                   |              |
|    fps                  | 782          |
|    iterations           | 207          |
|    time_elapsed         | 2165         |
|    total_timesteps      | 1695744      |
| train/                  |              |
|    approx_kl            | 0.0065386696 |
|    clip_fraction        | 0.0637       |
|    clip_range           | 0.2          |
|    entropy_loss         | -0.856       |
|    explained_variance   | 0.298        |
|    learning_rate        | 0.0001       |
|    loss                 | 0.498        |
|    n_updates            | 824          |
|    policy_gradient_loss | -0.0118      |
|    value_loss           | 0.464        |
------------------------------------------
------------------------------------------
| episode/                |              |
|    lines_cleared_mean   | 7.5          |
|    perfect_clears_mean  | 0            |
|    pieces_placed_mean   | 30.1         |
| rollout/                |              |
|    ep_len_mean          | 26.7         |
|    ep_rew_mean          | 33.3         |
| time/                   |              |
|    fps                  | 782          |
|    iterations           | 208          |
|    time_elapsed         | 2176         |
|    total_timesteps      | 1703936      |
| train/                  |              |
|    approx_kl            | 0.0060328855 |
|    clip_fraction        | 0.0564       |
|    clip_range           | 0.2          |
|    entropy_loss         | -0.83        |
|    explained_variance   | 0.294        |
|    learning_rate        | 0.0001       |
|    loss                 | 0.409        |
|    n_updates            | 828          |
|    policy_gradient_loss | -0.0115      |
|    value_loss           | 0.495        |
------------------------------------------
-----------------------------------------
| episode/                |             |
|    lines_cleared_mean   | 6.2         |
|    perfect_clears_mean  | 0           |
|    pieces_placed_mean   | 26.8        |
| rollout/                |             |
|    ep_len_mean          | 27.6        |
|    ep_rew_mean          | 36          |
| time/                   |             |
|    fps                  | 782         |
|    iterations           | 209         |
|    time_elapsed         | 2186        |
|    total_timesteps      | 1712128     |
| train/                  |             |
|    approx_kl            | 0.006017045 |
|    clip_fraction        | 0.0533      |
|    clip_range           | 0.2         |
|    entropy_loss         | -0.827      |
|    explained_variance   | 0.31        |
|    learning_rate        | 0.0001      |
|    loss                 | 0.425       |
|    n_updates            | 832         |
|    policy_gradient_loss | -0.0107     |
|    value_loss           | 0.492       |
-----------------------------------------
------------------------------------------
| episode/                |              |
|    lines_cleared_mean   | 4.9          |
|    perfect_clears_mean  | 0            |
|    pieces_placed_mean   | 24.2         |
| rollout/                |              |
|    ep_len_mean          | 27           |
|    ep_rew_mean          | 33.3         |
| time/                   |              |
|    fps                  | 782          |
|    iterations           | 210          |
|    time_elapsed         | 2197         |
|    total_timesteps      | 1720320      |
| train/                  |              |
|    approx_kl            | 0.0064576822 |
|    clip_fraction        | 0.0536       |
|    clip_range           | 0.2          |
|    entropy_loss         | -0.813       |
|    explained_variance   | 0.28         |
|    learning_rate        | 0.0001       |
|    loss                 | 0.476        |
|    n_updates            | 836          |
|    policy_gradient_loss | -0.0098      |
|    value_loss           | 0.533        |
------------------------------------------
------------------------------------------
| episode/                |              |
|    lines_cleared_mean   | 4.5          |
|    perfect_clears_mean  | 0            |
|    pieces_placed_mean   | 22.9         |
| rollout/                |              |
|    ep_len_mean          | 25.4         |
|    ep_rew_mean          | 30.6         |
| time/                   |              |
|    fps                  | 783          |
|    iterations           | 211          |
|    time_elapsed         | 2207         |
|    total_timesteps      | 1728512      |
| train/                  |              |
|    approx_kl            | 0.0056944285 |
|    clip_fraction        | 0.0527       |
|    clip_range           | 0.2          |
|    entropy_loss         | -0.821       |
|    explained_variance   | 0.309        |
|    learning_rate        | 0.0001       |
|    loss                 | 0.452        |
|    n_updates            | 840          |
|    policy_gradient_loss | -0.0108      |
|    value_loss           | 0.519        |
------------------------------------------
------------------------------------------
| episode/                |              |
|    lines_cleared_mean   | 3.7          |
|    perfect_clears_mean  | 0            |
|    pieces_placed_mean   | 21           |
| rollout/                |              |
|    ep_len_mean          | 26.7         |
|    ep_rew_mean          | 33.7         |
| time/                   |              |
|    fps                  | 783          |
|    iterations           | 212          |
|    time_elapsed         | 2217         |
|    total_timesteps      | 1736704      |
| train/                  |              |
|    approx_kl            | 0.0053125294 |
|    clip_fraction        | 0.049        |
|    clip_range           | 0.2          |
|    entropy_loss         | -0.822       |
|    explained_variance   | 0.271        |
|    learning_rate        | 0.0001       |
|    loss                 | 0.546        |
|    n_updates            | 844          |
|    policy_gradient_loss | -0.0095      |
|    value_loss           | 0.568        |
------------------------------------------
-----------------------------------------
| episode/                |             |
|    lines_cleared_mean   | 4.33        |
|    perfect_clears_mean  | 0           |
|    pieces_placed_mean   | 23.3        |
| rollout/                |             |
|    ep_len_mean          | 26.2        |
|    ep_rew_mean          | 32.5        |
| time/                   |             |
|    fps                  | 783         |
|    iterations           | 213         |
|    time_elapsed         | 2227        |
|    total_timesteps      | 1744896     |
| train/                  |             |
|    approx_kl            | 0.006434528 |
|    clip_fraction        | 0.0577      |
|    clip_range           | 0.2         |
|    entropy_loss         | -0.829      |
|    explained_variance   | 0.284       |
|    learning_rate        | 0.0001      |
|    loss                 | 0.393       |
|    n_updates            | 848         |
|    policy_gradient_loss | -0.0118     |
|    value_loss           | 0.5         |
-----------------------------------------
------------------------------------------
| episode/                |              |
|    lines_cleared_mean   | 5.82         |
|    perfect_clears_mean  | 0            |
|    pieces_placed_mean   | 25.5         |
| rollout/                |              |
|    ep_len_mean          | 26.4         |
|    ep_rew_mean          | 33.4         |
| time/                   |              |
|    fps                  | 783          |
|    iterations           | 214          |
|    time_elapsed         | 2238         |
|    total_timesteps      | 1753088      |
| train/                  |              |
|    approx_kl            | 0.0064298334 |
|    clip_fraction        | 0.0598       |
|    clip_range           | 0.2          |
|    entropy_loss         | -0.824       |
|    explained_variance   | 0.274        |
|    learning_rate        | 0.0001       |
|    loss                 | 0.453        |
|    n_updates            | 852          |
|    policy_gradient_loss | -0.0122      |
|    value_loss           | 0.532        |
------------------------------------------
-----------------------------------------
| episode/                |             |
|    lines_cleared_mean   | 7.91        |
|    perfect_clears_mean  | 0           |
|    pieces_placed_mean   | 30.3        |
| rollout/                |             |
|    ep_len_mean          | 27.7        |
|    ep_rew_mean          | 36          |
| time/                   |             |
|    fps                  | 783         |
|    iterations           | 215         |
|    time_elapsed         | 2249        |
|    total_timesteps      | 1761280     |
| train/                  |             |
|    approx_kl            | 0.006080465 |
|    clip_fraction        | 0.0583      |
|    clip_range           | 0.2         |
|    entropy_loss         | -0.831      |
|    explained_variance   | 0.306       |
|    learning_rate        | 0.0001      |
|    loss                 | 0.4         |
|    n_updates            | 856         |
|    policy_gradient_loss | -0.0113     |
|    value_loss           | 0.495       |
-----------------------------------------
-----------------------------------------
| episode/                |             |
|    lines_cleared_mean   | 3.7         |
|    perfect_clears_mean  | 0           |
|    pieces_placed_mean   | 20.5        |
| rollout/                |             |
|    ep_len_mean          | 25.3        |
|    ep_rew_mean          | 30.4        |
| time/                   |             |
|    fps                  | 783         |
|    iterations           | 216         |
|    time_elapsed         | 2259        |
|    total_timesteps      | 1769472     |
| train/                  |             |
|    approx_kl            | 0.006261576 |
|    clip_fraction        | 0.0545      |
|    clip_range           | 0.2         |
|    entropy_loss         | -0.831      |
|    explained_variance   | 0.292       |
|    learning_rate        | 0.0001      |
|    loss                 | 0.499       |
|    n_updates            | 860         |
|    policy_gradient_loss | -0.0113     |
|    value_loss           | 0.522       |
-----------------------------------------
-----------------------------------------
| episode/                |             |
|    lines_cleared_mean   | 6.1         |
|    perfect_clears_mean  | 0           |
|    pieces_placed_mean   | 27.1        |
| rollout/                |             |
|    ep_len_mean          | 27.5        |
|    ep_rew_mean          | 35.9        |
| time/                   |             |
|    fps                  | 783         |
|    iterations           | 217         |
|    time_elapsed         | 2269        |
|    total_timesteps      | 1777664     |
| train/                  |             |
|    approx_kl            | 0.005596504 |
|    clip_fraction        | 0.0471      |
|    clip_range           | 0.2         |
|    entropy_loss         | -0.827      |
|    explained_variance   | 0.351       |
|    learning_rate        | 0.0001      |
|    loss                 | 0.378       |
|    n_updates            | 864         |
|    policy_gradient_loss | -0.0106     |
|    value_loss           | 0.477       |
-----------------------------------------
-----------------------------------------
| episode/                |             |
|    lines_cleared_mean   | 6.6         |
|    perfect_clears_mean  | 0           |
|    pieces_placed_mean   | 27.5        |
| rollout/                |             |
|    ep_len_mean          | 27.8        |
|    ep_rew_mean          | 36          |
| time/                   |             |
|    fps                  | 783         |
|    iterations           | 218         |
|    time_elapsed         | 2280        |
|    total_timesteps      | 1785856     |
| train/                  |             |
|    approx_kl            | 0.006550755 |
|    clip_fraction        | 0.0594      |
|    clip_range           | 0.2         |
|    entropy_loss         | -0.818      |
|    explained_variance   | 0.314       |
|    learning_rate        | 0.0001      |
|    loss                 | 0.473       |
|    n_updates            | 868         |
|    policy_gradient_loss | -0.0113     |
|    value_loss           | 0.49        |
-----------------------------------------
------------------------------------------
| episode/                |              |
|    lines_cleared_mean   | 7.5          |
|    perfect_clears_mean  | 0            |
|    pieces_placed_mean   | 30.6         |
| rollout/                |              |
|    ep_len_mean          | 27.5         |
|    ep_rew_mean          | 35.4         |
| time/                   |              |
|    fps                  | 782          |
|    iterations           | 219          |
|    time_elapsed         | 2291         |
|    total_timesteps      | 1794048      |
| train/                  |              |
|    approx_kl            | 0.0061801737 |
|    clip_fraction        | 0.0544       |
|    clip_range           | 0.2          |
|    entropy_loss         | -0.799       |
|    explained_variance   | 0.269        |
|    learning_rate        | 0.0001       |
|    loss                 | 0.444        |
|    n_updates            | 872          |
|    policy_gradient_loss | -0.011       |
|    value_loss           | 0.541        |
------------------------------------------
------------------------------------------
| episode/                |              |
|    lines_cleared_mean   | 5.9          |
|    perfect_clears_mean  | 0            |
|    pieces_placed_mean   | 25.6         |
| rollout/                |              |
|    ep_len_mean          | 27           |
|    ep_rew_mean          | 33.5         |
| time/                   |              |
|    fps                  | 782          |
|    iterations           | 220          |
|    time_elapsed         | 2302         |
|    total_timesteps      | 1802240      |
| train/                  |              |
|    approx_kl            | 0.0053921975 |
|    clip_fraction        | 0.0519       |
|    clip_range           | 0.2          |
|    entropy_loss         | -0.817       |
|    explained_variance   | 0.299        |
|    learning_rate        | 0.0001       |
|    loss                 | 0.4          |
|    n_updates            | 876          |
|    policy_gradient_loss | -0.0106      |
|    value_loss           | 0.512        |
------------------------------------------
-----------------------------------------
| episode/                |             |
|    lines_cleared_mean   | 5.8         |
|    perfect_clears_mean  | 0           |
|    pieces_placed_mean   | 26.4        |
| rollout/                |             |
|    ep_len_mean          | 26.8        |
|    ep_rew_mean          | 33.9        |
| time/                   |             |
|    fps                  | 782         |
|    iterations           | 221         |
|    time_elapsed         | 2313        |
|    total_timesteps      | 1810432     |
| train/                  |             |
|    approx_kl            | 0.006518038 |
|    clip_fraction        | 0.0569      |
|    clip_range           | 0.2         |
|    entropy_loss         | -0.81       |
|    explained_variance   | 0.302       |
|    learning_rate        | 0.0001      |
|    loss                 | 0.461       |
|    n_updates            | 880         |
|    policy_gradient_loss | -0.012      |
|    value_loss           | 0.554       |
-----------------------------------------
-----------------------------------------
| episode/                |             |
|    lines_cleared_mean   | 10          |
|    perfect_clears_mean  | 0           |
|    pieces_placed_mean   | 35.1        |
| rollout/                |             |
|    ep_len_mean          | 28.4        |
|    ep_rew_mean          | 37.9        |
| time/                   |             |
|    fps                  | 782         |
|    iterations           | 222         |
|    time_elapsed         | 2324        |
|    total_timesteps      | 1818624     |
| train/                  |             |
|    approx_kl            | 0.006324619 |
|    clip_fraction        | 0.0558      |
|    clip_range           | 0.2         |
|    entropy_loss         | -0.816      |
|    explained_variance   | 0.315       |
|    learning_rate        | 0.0001      |
|    loss                 | 0.423       |
|    n_updates            | 884         |
|    policy_gradient_loss | -0.0123     |
|    value_loss           | 0.499       |
-----------------------------------------
------------------------------------------
| episode/                |              |
|    lines_cleared_mean   | 5.3          |
|    perfect_clears_mean  | 0            |
|    pieces_placed_mean   | 24.5         |
| rollout/                |              |
|    ep_len_mean          | 25.6         |
|    ep_rew_mean          | 31.2         |
| time/                   |              |
|    fps                  | 782          |
|    iterations           | 223          |
|    time_elapsed         | 2334         |
|    total_timesteps      | 1826816      |
| train/                  |              |
|    approx_kl            | 0.0056584994 |
|    clip_fraction        | 0.0579       |
|    clip_range           | 0.2          |
|    entropy_loss         | -0.812       |
|    explained_variance   | 0.302        |
|    learning_rate        | 0.0001       |
|    loss                 | 0.428        |
|    n_updates            | 888          |
|    policy_gradient_loss | -0.0108      |
|    value_loss           | 0.535        |
------------------------------------------
------------------------------------------
| episode/                |              |
|    lines_cleared_mean   | 6.7          |
|    perfect_clears_mean  | 0            |
|    pieces_placed_mean   | 28           |
| rollout/                |              |
|    ep_len_mean          | 27.2         |
|    ep_rew_mean          | 34.8         |
| time/                   |              |
|    fps                  | 782          |
|    iterations           | 224          |
|    time_elapsed         | 2345         |
|    total_timesteps      | 1835008      |
| train/                  |              |
|    approx_kl            | 0.0053788866 |
|    clip_fraction        | 0.0487       |
|    clip_range           | 0.2          |
|    entropy_loss         | -0.813       |
|    explained_variance   | 0.278        |
|    learning_rate        | 0.0001       |
|    loss                 | 0.458        |
|    n_updates            | 892          |
|    policy_gradient_loss | -0.0105      |
|    value_loss           | 0.526        |
------------------------------------------
------------------------------------------
| episode/                |              |
|    lines_cleared_mean   | 5.4          |
|    perfect_clears_mean  | 0            |
|    pieces_placed_mean   | 25.8         |
| rollout/                |              |
|    ep_len_mean          | 28.2         |
|    ep_rew_mean          | 37.3         |
| time/                   |              |
|    fps                  | 782          |
|    iterations           | 225          |
|    time_elapsed         | 2356         |
|    total_timesteps      | 1843200      |
| train/                  |              |
|    approx_kl            | 0.0055960156 |
|    clip_fraction        | 0.0569       |
|    clip_range           | 0.2          |
|    entropy_loss         | -0.802       |
|    explained_variance   | 0.294        |
|    learning_rate        | 0.0001       |
|    loss                 | 0.452        |
|    n_updates            | 896          |
|    policy_gradient_loss | -0.011       |
|    value_loss           | 0.503        |
------------------------------------------
-----------------------------------------
| episode/                |             |
|    lines_cleared_mean   | 4.09        |
|    perfect_clears_mean  | 0           |
|    pieces_placed_mean   | 22.6        |
| rollout/                |             |
|    ep_len_mean          | 26.2        |
|    ep_rew_mean          | 32.3        |
| time/                   |             |
|    fps                  | 781         |
|    iterations           | 226         |
|    time_elapsed         | 2367        |
|    total_timesteps      | 1851392     |
| train/                  |             |
|    approx_kl            | 0.006067178 |
|    clip_fraction        | 0.0549      |
|    clip_range           | 0.2         |
|    entropy_loss         | -0.802      |
|    explained_variance   | 0.288       |
|    learning_rate        | 0.0001      |
|    loss                 | 0.493       |
|    n_updates            | 900         |
|    policy_gradient_loss | -0.011      |
|    value_loss           | 0.525       |
-----------------------------------------
------------------------------------------
| episode/                |              |
|    lines_cleared_mean   | 8.4          |
|    perfect_clears_mean  | 0            |
|    pieces_placed_mean   | 31.6         |
| rollout/                |              |
|    ep_len_mean          | 28.9         |
|    ep_rew_mean          | 38.7         |
| time/                   |              |
|    fps                  | 781          |
|    iterations           | 227          |
|    time_elapsed         | 2379         |
|    total_timesteps      | 1859584      |
| train/                  |              |
|    approx_kl            | 0.0066772513 |
|    clip_fraction        | 0.0582       |
|    clip_range           | 0.2          |
|    entropy_loss         | -0.802       |
|    explained_variance   | 0.289        |
|    learning_rate        | 0.0001       |
|    loss                 | 0.514        |
|    n_updates            | 904          |
|    policy_gradient_loss | -0.0111      |
|    value_loss           | 0.504        |
------------------------------------------
------------------------------------------
| episode/                |              |
|    lines_cleared_mean   | 7.6          |
|    perfect_clears_mean  | 0            |
|    pieces_placed_mean   | 29.6         |
| rollout/                |              |
|    ep_len_mean          | 27.8         |
|    ep_rew_mean          | 36.6         |
| time/                   |              |
|    fps                  | 781          |
|    iterations           | 228          |
|    time_elapsed         | 2390         |
|    total_timesteps      | 1867776      |
| train/                  |              |
|    approx_kl            | 0.0061084228 |
|    clip_fraction        | 0.0548       |
|    clip_range           | 0.2          |
|    entropy_loss         | -0.791       |
|    explained_variance   | 0.316        |
|    learning_rate        | 0.0001       |
|    loss                 | 0.396        |
|    n_updates            | 908          |
|    policy_gradient_loss | -0.0112      |
|    value_loss           | 0.513        |
------------------------------------------
------------------------------------------
| episode/                |              |
|    lines_cleared_mean   | 8.18         |
|    perfect_clears_mean  | 0            |
|    pieces_placed_mean   | 32.1         |
| rollout/                |              |
|    ep_len_mean          | 28.1         |
|    ep_rew_mean          | 36.6         |
| time/                   |              |
|    fps                  | 781          |
|    iterations           | 229          |
|    time_elapsed         | 2401         |
|    total_timesteps      | 1875968      |
| train/                  |              |
|    approx_kl            | 0.0058701467 |
|    clip_fraction        | 0.0561       |
|    clip_range           | 0.2          |
|    entropy_loss         | -0.797       |
|    explained_variance   | 0.31         |
|    learning_rate        | 0.0001       |
|    loss                 | 0.428        |
|    n_updates            | 912          |
|    policy_gradient_loss | -0.0114      |
|    value_loss           | 0.514        |
------------------------------------------
-----------------------------------------
| episode/                |             |
|    lines_cleared_mean   | 4.17        |
|    perfect_clears_mean  | 0           |
|    pieces_placed_mean   | 22.2        |
| rollout/                |             |
|    ep_len_mean          | 24.9        |
|    ep_rew_mean          | 29.8        |
| time/                   |             |
|    fps                  | 780         |
|    iterations           | 230         |
|    time_elapsed         | 2412        |
|    total_timesteps      | 1884160     |
| train/                  |             |
|    approx_kl            | 0.006024396 |
|    clip_fraction        | 0.0584      |
|    clip_range           | 0.2         |
|    entropy_loss         | -0.777      |
|    explained_variance   | 0.317       |
|    learning_rate        | 0.0001      |
|    loss                 | 0.463       |
|    n_updates            | 916         |
|    policy_gradient_loss | -0.0121     |
|    value_loss           | 0.503       |
-----------------------------------------
-----------------------------------------
| episode/                |             |
|    lines_cleared_mean   | 5.4         |
|    perfect_clears_mean  | 0           |
|    pieces_placed_mean   | 24.3        |
| rollout/                |             |
|    ep_len_mean          | 26.6        |
|    ep_rew_mean          | 33.2        |
| time/                   |             |
|    fps                  | 780         |
|    iterations           | 231         |
|    time_elapsed         | 2424        |
|    total_timesteps      | 1892352     |
| train/                  |             |
|    approx_kl            | 0.005871808 |
|    clip_fraction        | 0.0524      |
|    clip_range           | 0.2         |
|    entropy_loss         | -0.792      |
|    explained_variance   | 0.319       |
|    learning_rate        | 0.0001      |
|    loss                 | 0.406       |
|    n_updates            | 920         |
|    policy_gradient_loss | -0.0103     |
|    value_loss           | 0.468       |
-----------------------------------------
------------------------------------------
| episode/                |              |
|    lines_cleared_mean   | 7.6          |
|    perfect_clears_mean  | 0            |
|    pieces_placed_mean   | 29.8         |
| rollout/                |              |
|    ep_len_mean          | 27.9         |
|    ep_rew_mean          | 36.6         |
| time/                   |              |
|    fps                  | 780          |
|    iterations           | 232          |
|    time_elapsed         | 2435         |
|    total_timesteps      | 1900544      |
| train/                  |              |
|    approx_kl            | 0.0061964467 |
|    clip_fraction        | 0.0611       |
|    clip_range           | 0.2          |
|    entropy_loss         | -0.779       |
|    explained_variance   | 0.291        |
|    learning_rate        | 0.0001       |
|    loss                 | 0.412        |
|    n_updates            | 924          |
|    policy_gradient_loss | -0.0111      |
|    value_loss           | 0.48         |
------------------------------------------
-----------------------------------------
| episode/                |             |
|    lines_cleared_mean   | 5.2         |
|    perfect_clears_mean  | 0           |
|    pieces_placed_mean   | 25.1        |
| rollout/                |             |
|    ep_len_mean          | 29.1        |
|    ep_rew_mean          | 38.9        |
| time/                   |             |
|    fps                  | 780         |
|    iterations           | 233         |
|    time_elapsed         | 2446        |
|    total_timesteps      | 1908736     |
| train/                  |             |
|    approx_kl            | 0.006192278 |
|    clip_fraction        | 0.0527      |
|    clip_range           | 0.2         |
|    entropy_loss         | -0.78       |
|    explained_variance   | 0.312       |
|    learning_rate        | 0.0001      |
|    loss                 | 0.415       |
|    n_updates            | 928         |
|    policy_gradient_loss | -0.011      |
|    value_loss           | 0.493       |
-----------------------------------------
------------------------------------------
| episode/                |              |
|    lines_cleared_mean   | 7.1          |
|    perfect_clears_mean  | 0            |
|    pieces_placed_mean   | 30           |
| rollout/                |              |
|    ep_len_mean          | 27.2         |
|    ep_rew_mean          | 34.2         |
| time/                   |              |
|    fps                  | 779          |
|    iterations           | 234          |
|    time_elapsed         | 2457         |
|    total_timesteps      | 1916928      |
| train/                  |              |
|    approx_kl            | 0.0051776227 |
|    clip_fraction        | 0.0421       |
|    clip_range           | 0.2          |
|    entropy_loss         | -0.772       |
|    explained_variance   | 0.288        |
|    learning_rate        | 0.0001       |
|    loss                 | 0.461        |
|    n_updates            | 932          |
|    policy_gradient_loss | -0.00948     |
|    value_loss           | 0.542        |
------------------------------------------
------------------------------------------
| episode/                |              |
|    lines_cleared_mean   | 4.8          |
|    perfect_clears_mean  | 0            |
|    pieces_placed_mean   | 22.7         |
| rollout/                |              |
|    ep_len_mean          | 27.6         |
|    ep_rew_mean          | 35.8         |
| time/                   |              |
|    fps                  | 779          |
|    iterations           | 235          |
|    time_elapsed         | 2469         |
|    total_timesteps      | 1925120      |
| train/                  |              |
|    approx_kl            | 0.0060994513 |
|    clip_fraction        | 0.0503       |
|    clip_range           | 0.2          |
|    entropy_loss         | -0.769       |
|    explained_variance   | 0.248        |
|    learning_rate        | 0.0001       |
|    loss                 | 0.478        |
|    n_updates            | 936          |
|    policy_gradient_loss | -0.0111      |
|    value_loss           | 0.546        |
------------------------------------------
------------------------------------------
| episode/                |              |
|    lines_cleared_mean   | 8.3          |
|    perfect_clears_mean  | 0            |
|    pieces_placed_mean   | 32.5         |
| rollout/                |              |
|    ep_len_mean          | 27.9         |
|    ep_rew_mean          | 36           |
| time/                   |              |
|    fps                  | 779          |
|    iterations           | 236          |
|    time_elapsed         | 2480         |
|    total_timesteps      | 1933312      |
| train/                  |              |
|    approx_kl            | 0.0058408896 |
|    clip_fraction        | 0.0551       |
|    clip_range           | 0.2          |
|    entropy_loss         | -0.774       |
|    explained_variance   | 0.302        |
|    learning_rate        | 0.0001       |
|    loss                 | 0.446        |
|    n_updates            | 940          |
|    policy_gradient_loss | -0.0105      |
|    value_loss           | 0.529        |
------------------------------------------
------------------------------------------
| episode/                |              |
|    lines_cleared_mean   | 5.45         |
|    perfect_clears_mean  | 0            |
|    pieces_placed_mean   | 24.7         |
| rollout/                |              |
|    ep_len_mean          | 27.3         |
|    ep_rew_mean          | 35.1         |
| time/                   |              |
|    fps                  | 779          |
|    iterations           | 237          |
|    time_elapsed         | 2491         |
|    total_timesteps      | 1941504      |
| train/                  |              |
|    approx_kl            | 0.0059764953 |
|    clip_fraction        | 0.0501       |
|    clip_range           | 0.2          |
|    entropy_loss         | -0.771       |
|    explained_variance   | 0.285        |
|    learning_rate        | 0.0001       |
|    loss                 | 0.488        |
|    n_updates            | 944          |
|    policy_gradient_loss | -0.0106      |
|    value_loss           | 0.523        |
------------------------------------------
------------------------------------------
| episode/                |              |
|    lines_cleared_mean   | 5.3          |
|    perfect_clears_mean  | 0            |
|    pieces_placed_mean   | 25.7         |
| rollout/                |              |
|    ep_len_mean          | 28.5         |
|    ep_rew_mean          | 38.3         |
| time/                   |              |
|    fps                  | 779          |
|    iterations           | 238          |
|    time_elapsed         | 2502         |
|    total_timesteps      | 1949696      |
| train/                  |              |
|    approx_kl            | 0.0059580524 |
|    clip_fraction        | 0.0545       |
|    clip_range           | 0.2          |
|    entropy_loss         | -0.772       |
|    explained_variance   | 0.278        |
|    learning_rate        | 0.0001       |
|    loss                 | 0.435        |
|    n_updates            | 948          |
|    policy_gradient_loss | -0.0117      |
|    value_loss           | 0.565        |
------------------------------------------
------------------------------------------
| episode/                |              |
|    lines_cleared_mean   | 6.9          |
|    perfect_clears_mean  | 0            |
|    pieces_placed_mean   | 28.6         |
| rollout/                |              |
|    ep_len_mean          | 28.1         |
|    ep_rew_mean          | 37           |
| time/                   |              |
|    fps                  | 778          |
|    iterations           | 239          |
|    time_elapsed         | 2513         |
|    total_timesteps      | 1957888      |
| train/                  |              |
|    approx_kl            | 0.0063521527 |
|    clip_fraction        | 0.0511       |
|    clip_range           | 0.2          |
|    entropy_loss         | -0.758       |
|    explained_variance   | 0.289        |
|    learning_rate        | 0.0001       |
|    loss                 | 0.528        |
|    n_updates            | 952          |
|    policy_gradient_loss | -0.0107      |
|    value_loss           | 0.568        |
------------------------------------------
------------------------------------------
| episode/                |              |
|    lines_cleared_mean   | 6.1          |
|    perfect_clears_mean  | 0            |
|    pieces_placed_mean   | 25.8         |
| rollout/                |              |
|    ep_len_mean          | 27.4         |
|    ep_rew_mean          | 34.9         |
| time/                   |              |
|    fps                  | 778          |
|    iterations           | 240          |
|    time_elapsed         | 2525         |
|    total_timesteps      | 1966080      |
| train/                  |              |
|    approx_kl            | 0.0064764693 |
|    clip_fraction        | 0.0581       |
|    clip_range           | 0.2          |
|    entropy_loss         | -0.778       |
|    explained_variance   | 0.291        |
|    learning_rate        | 0.0001       |
|    loss                 | 0.491        |
|    n_updates            | 956          |
|    policy_gradient_loss | -0.0125      |
|    value_loss           | 0.53         |
------------------------------------------
------------------------------------------
| episode/                |              |
|    lines_cleared_mean   | 8            |
|    perfect_clears_mean  | 0            |
|    pieces_placed_mean   | 31.8         |
| rollout/                |              |
|    ep_len_mean          | 30.4         |
|    ep_rew_mean          | 41.9         |
| time/                   |              |
|    fps                  | 778          |
|    iterations           | 241          |
|    time_elapsed         | 2536         |
|    total_timesteps      | 1974272      |
| train/                  |              |
|    approx_kl            | 0.0055089896 |
|    clip_fraction        | 0.049        |
|    clip_range           | 0.2          |
|    entropy_loss         | -0.78        |
|    explained_variance   | 0.324        |
|    learning_rate        | 0.0001       |
|    loss                 | 0.43         |
|    n_updates            | 960          |
|    policy_gradient_loss | -0.0113      |
|    value_loss           | 0.48         |
------------------------------------------
-----------------------------------------
| episode/                |             |
|    lines_cleared_mean   | 7.1         |
|    perfect_clears_mean  | 0           |
|    pieces_placed_mean   | 29.2        |
| rollout/                |             |
|    ep_len_mean          | 28.6        |
|    ep_rew_mean          | 37.4        |
| time/                   |             |
|    fps                  | 778         |
|    iterations           | 242         |
|    time_elapsed         | 2547        |
|    total_timesteps      | 1982464     |
| train/                  |             |
|    approx_kl            | 0.006938263 |
|    clip_fraction        | 0.0569      |
|    clip_range           | 0.2         |
|    entropy_loss         | -0.782      |
|    explained_variance   | 0.279       |
|    learning_rate        | 0.0001      |
|    loss                 | 0.444       |
|    n_updates            | 964         |
|    policy_gradient_loss | -0.0121     |
|    value_loss           | 0.547       |
-----------------------------------------
----------------------------------------
| episode/                |            |
|    lines_cleared_mean   | 6.1        |
|    perfect_clears_mean  | 0          |
|    pieces_placed_mean   | 27.3       |
| rollout/                |            |
|    ep_len_mean          | 27.2       |
|    ep_rew_mean          | 34.3       |
| time/                   |            |
|    fps                  | 778        |
|    iterations           | 243        |
|    time_elapsed         | 2558       |
|    total_timesteps      | 1990656    |
| train/                  |            |
|    approx_kl            | 0.00568042 |
|    clip_fraction        | 0.0516     |
|    clip_range           | 0.2        |
|    entropy_loss         | -0.769     |
|    explained_variance   | 0.304      |
|    learning_rate        | 0.0001     |
|    loss                 | 0.463      |
|    n_updates            | 968        |
|    policy_gradient_loss | -0.0107    |
|    value_loss           | 0.513      |
----------------------------------------
------------------------------------------
| episode/                |              |
|    lines_cleared_mean   | 6.3          |
|    perfect_clears_mean  | 0            |
|    pieces_placed_mean   | 26.6         |
| rollout/                |              |
|    ep_len_mean          | 27           |
|    ep_rew_mean          | 34.4         |
| time/                   |              |
|    fps                  | 777          |
|    iterations           | 244          |
|    time_elapsed         | 2569         |
|    total_timesteps      | 1998848      |
| train/                  |              |
|    approx_kl            | 0.0060041137 |
|    clip_fraction        | 0.0529       |
|    clip_range           | 0.2          |
|    entropy_loss         | -0.775       |
|    explained_variance   | 0.255        |
|    learning_rate        | 0.0001       |
|    loss                 | 0.486        |
|    n_updates            | 972          |
|    policy_gradient_loss | -0.0115      |
|    value_loss           | 0.561        |
------------------------------------------
------------------------------------------
| episode/                |              |
|    lines_cleared_mean   | 5.25         |
|    perfect_clears_mean  | 0            |
|    pieces_placed_mean   | 25.2         |
| rollout/                |              |
|    ep_len_mean          | 27.5         |
|    ep_rew_mean          | 35.1         |
| time/                   |              |
|    fps                  | 777          |
|    iterations           | 245          |
|    time_elapsed         | 2580         |
|    total_timesteps      | 2007040      |
| train/                  |              |
|    approx_kl            | 0.0059896284 |
|    clip_fraction        | 0.0464       |
|    clip_range           | 0.2          |
|    entropy_loss         | -0.761       |
|    explained_variance   | 0.257        |
|    learning_rate        | 0.0001       |
|    loss                 | 0.498        |
|    n_updates            | 976          |
|    policy_gradient_loss | -0.0101      |
|    value_loss           | 0.57         |
------------------------------------------
-----------------------------------------
| episode/                |             |
|    lines_cleared_mean   | 5.73        |
|    perfect_clears_mean  | 0           |
|    pieces_placed_mean   | 25.5        |
| rollout/                |             |
|    ep_len_mean          | 29.1        |
|    ep_rew_mean          | 39.1        |
| time/                   |             |
|    fps                  | 777         |
|    iterations           | 246         |
|    time_elapsed         | 2592        |
|    total_timesteps      | 2015232     |
| train/                  |             |
|    approx_kl            | 0.006414096 |
|    clip_fraction        | 0.0628      |
|    clip_range           | 0.2         |
|    entropy_loss         | -0.764      |
|    explained_variance   | 0.268       |
|    learning_rate        | 0.0001      |
|    loss                 | 0.491       |
|    n_updates            | 980         |
|    policy_gradient_loss | -0.0123     |
|    value_loss           | 0.522       |
-----------------------------------------
------------------------------------------
| episode/                |              |
|    lines_cleared_mean   | 4.83         |
|    perfect_clears_mean  | 0            |
|    pieces_placed_mean   | 23.8         |
| rollout/                |              |
|    ep_len_mean          | 27.2         |
|    ep_rew_mean          | 34.2         |
| time/                   |              |
|    fps                  | 777          |
|    iterations           | 247          |
|    time_elapsed         | 2603         |
|    total_timesteps      | 2023424      |
| train/                  |              |
|    approx_kl            | 0.0058603645 |
|    clip_fraction        | 0.0569       |
|    clip_range           | 0.2          |
|    entropy_loss         | -0.774       |
|    explained_variance   | 0.281        |
|    learning_rate        | 0.0001       |
|    loss                 | 0.543        |
|    n_updates            | 984          |
|    policy_gradient_loss | -0.0119      |
|    value_loss           | 0.573        |
------------------------------------------
------------------------------------------
| episode/                |              |
|    lines_cleared_mean   | 8            |
|    perfect_clears_mean  | 0            |
|    pieces_placed_mean   | 30.1         |
| rollout/                |              |
|    ep_len_mean          | 28.1         |
|    ep_rew_mean          | 36.3         |
| time/                   |              |
|    fps                  | 777          |
|    iterations           | 248          |
|    time_elapsed         | 2614         |
|    total_timesteps      | 2031616      |
| train/                  |              |
|    approx_kl            | 0.0052401205 |
|    clip_fraction        | 0.051        |
|    clip_range           | 0.2          |
|    entropy_loss         | -0.774       |
|    explained_variance   | 0.285        |
|    learning_rate        | 0.0001       |
|    loss                 | 0.419        |
|    n_updates            | 988          |
|    policy_gradient_loss | -0.0115      |
|    value_loss           | 0.506        |
------------------------------------------
-----------------------------------------
| episode/                |             |
|    lines_cleared_mean   | 6.75        |
|    perfect_clears_mean  | 0           |
|    pieces_placed_mean   | 28          |
| rollout/                |             |
|    ep_len_mean          | 27.4        |
|    ep_rew_mean          | 34.9        |
| time/                   |             |
|    fps                  | 777         |
|    iterations           | 249         |
|    time_elapsed         | 2625        |
|    total_timesteps      | 2039808     |
| train/                  |             |
|    approx_kl            | 0.005885587 |
|    clip_fraction        | 0.0614      |
|    clip_range           | 0.2         |
|    entropy_loss         | -0.774      |
|    explained_variance   | 0.305       |
|    learning_rate        | 0.0001      |
|    loss                 | 0.456       |
|    n_updates            | 992         |
|    policy_gradient_loss | -0.0119     |
|    value_loss           | 0.482       |
-----------------------------------------
-----------------------------------------
| episode/                |             |
|    lines_cleared_mean   | 7.7         |
|    perfect_clears_mean  | 0           |
|    pieces_placed_mean   | 31.3        |
| rollout/                |             |
|    ep_len_mean          | 26.9        |
|    ep_rew_mean          | 33.4        |
| time/                   |             |
|    fps                  | 776         |
|    iterations           | 250         |
|    time_elapsed         | 2636        |
|    total_timesteps      | 2048000     |
| train/                  |             |
|    approx_kl            | 0.005863688 |
|    clip_fraction        | 0.0581      |
|    clip_range           | 0.2         |
|    entropy_loss         | -0.795      |
|    explained_variance   | 0.299       |
|    learning_rate        | 0.0001      |
|    loss                 | 0.475       |
|    n_updates            | 996         |
|    policy_gradient_loss | -0.0119     |
|    value_loss           | 0.506       |
-----------------------------------------
-----------------------------------------
| episode/                |             |
|    lines_cleared_mean   | 7.1         |
|    perfect_clears_mean  | 0           |
|    pieces_placed_mean   | 28.5        |
| rollout/                |             |
|    ep_len_mean          | 27.8        |
|    ep_rew_mean          | 36.7        |
| time/                   |             |
|    fps                  | 776         |
|    iterations           | 251         |
|    time_elapsed         | 2646        |
|    total_timesteps      | 2056192     |
| train/                  |             |
|    approx_kl            | 0.006172139 |
|    clip_fraction        | 0.0526      |
|    clip_range           | 0.2         |
|    entropy_loss         | -0.786      |
|    explained_variance   | 0.299       |
|    learning_rate        | 0.0001      |
|    loss                 | 0.423       |
|    n_updates            | 1000        |
|    policy_gradient_loss | -0.0125     |
|    value_loss           | 0.501       |
-----------------------------------------
-----------------------------------------
| episode/                |             |
|    lines_cleared_mean   | 5.9         |
|    perfect_clears_mean  | 0           |
|    pieces_placed_mean   | 26.5        |
| rollout/                |             |
|    ep_len_mean          | 27.1        |
|    ep_rew_mean          | 34.9        |
| time/                   |             |
|    fps                  | 776         |
|    iterations           | 252         |
|    time_elapsed         | 2658        |
|    total_timesteps      | 2064384     |
| train/                  |             |
|    approx_kl            | 0.005823793 |
|    clip_fraction        | 0.0504      |
|    clip_range           | 0.2         |
|    entropy_loss         | -0.796      |
|    explained_variance   | 0.264       |
|    learning_rate        | 0.0001      |
|    loss                 | 0.453       |
|    n_updates            | 1004        |
|    policy_gradient_loss | -0.0112     |
|    value_loss           | 0.527       |
-----------------------------------------
-----------------------------------------
| episode/                |             |
|    lines_cleared_mean   | 5.6         |
|    perfect_clears_mean  | 0           |
|    pieces_placed_mean   | 26.1        |
| rollout/                |             |
|    ep_len_mean          | 27          |
|    ep_rew_mean          | 34.2        |
| time/                   |             |
|    fps                  | 776         |
|    iterations           | 253         |
|    time_elapsed         | 2669        |
|    total_timesteps      | 2072576     |
| train/                  |             |
|    approx_kl            | 0.005869679 |
|    clip_fraction        | 0.0525      |
|    clip_range           | 0.2         |
|    entropy_loss         | -0.795      |
|    explained_variance   | 0.332       |
|    learning_rate        | 0.0001      |
|    loss                 | 0.328       |
|    n_updates            | 1008        |
|    policy_gradient_loss | -0.0117     |
|    value_loss           | 0.47        |
-----------------------------------------
-----------------------------------------
| episode/                |             |
|    lines_cleared_mean   | 5.7         |
|    perfect_clears_mean  | 0           |
|    pieces_placed_mean   | 26          |
| rollout/                |             |
|    ep_len_mean          | 26.2        |
|    ep_rew_mean          | 31.8        |
| time/                   |             |
|    fps                  | 776         |
|    iterations           | 254         |
|    time_elapsed         | 2681        |
|    total_timesteps      | 2080768     |
| train/                  |             |
|    approx_kl            | 0.007403081 |
|    clip_fraction        | 0.0665      |
|    clip_range           | 0.2         |
|    entropy_loss         | -0.792      |
|    explained_variance   | 0.312       |
|    learning_rate        | 0.0001      |
|    loss                 | 0.4         |
|    n_updates            | 1012        |
|    policy_gradient_loss | -0.0127     |
|    value_loss           | 0.471       |
-----------------------------------------
------------------------------------------
| episode/                |              |
|    lines_cleared_mean   | 7            |
|    perfect_clears_mean  | 0            |
|    pieces_placed_mean   | 29.4         |
| rollout/                |              |
|    ep_len_mean          | 28.2         |
|    ep_rew_mean          | 36.7         |
| time/                   |              |
|    fps                  | 775          |
|    iterations           | 255          |
|    time_elapsed         | 2692         |
|    total_timesteps      | 2088960      |
| train/                  |              |
|    approx_kl            | 0.0067125624 |
|    clip_fraction        | 0.0589       |
|    clip_range           | 0.2          |
|    entropy_loss         | -0.792       |
|    explained_variance   | 0.363        |
|    learning_rate        | 0.0001       |
|    loss                 | 0.293        |
|    n_updates            | 1016         |
|    policy_gradient_loss | -0.0127      |
|    value_loss           | 0.428        |
------------------------------------------
------------------------------------------
| episode/                |              |
|    lines_cleared_mean   | 7.9          |
|    perfect_clears_mean  | 0            |
|    pieces_placed_mean   | 32.5         |
| rollout/                |              |
|    ep_len_mean          | 28.3         |
|    ep_rew_mean          | 36.9         |
| time/                   |              |
|    fps                  | 775          |
|    iterations           | 256          |
|    time_elapsed         | 2702         |
|    total_timesteps      | 2097152      |
| train/                  |              |
|    approx_kl            | 0.0064336713 |
|    clip_fraction        | 0.052        |
|    clip_range           | 0.2          |
|    entropy_loss         | -0.785       |
|    explained_variance   | 0.298        |
|    learning_rate        | 0.0001       |
|    loss                 | 0.447        |
|    n_updates            | 1020         |
|    policy_gradient_loss | -0.0124      |
|    value_loss           | 0.502        |
------------------------------------------
------------------------------------------
| episode/                |              |
|    lines_cleared_mean   | 5.1          |
|    perfect_clears_mean  | 0            |
|    pieces_placed_mean   | 24.2         |
| rollout/                |              |
|    ep_len_mean          | 26.6         |
|    ep_rew_mean          | 32.9         |
| time/                   |              |
|    fps                  | 775          |
|    iterations           | 257          |
|    time_elapsed         | 2714         |
|    total_timesteps      | 2105344      |
| train/                  |              |
|    approx_kl            | 0.0054625655 |
|    clip_fraction        | 0.0494       |
|    clip_range           | 0.2          |
|    entropy_loss         | -0.774       |
|    explained_variance   | 0.265        |
|    learning_rate        | 0.0001       |
|    loss                 | 0.484        |
|    n_updates            | 1024         |
|    policy_gradient_loss | -0.0111      |
|    value_loss           | 0.547        |
------------------------------------------
------------------------------------------
| episode/                |              |
|    lines_cleared_mean   | 8.2          |
|    perfect_clears_mean  | 0            |
|    pieces_placed_mean   | 32.2         |
| rollout/                |              |
|    ep_len_mean          | 28.3         |
|    ep_rew_mean          | 37.1         |
| time/                   |              |
|    fps                  | 775          |
|    iterations           | 258          |
|    time_elapsed         | 2725         |
|    total_timesteps      | 2113536      |
| train/                  |              |
|    approx_kl            | 0.0067299437 |
|    clip_fraction        | 0.0638       |
|    clip_range           | 0.2          |
|    entropy_loss         | -0.779       |
|    explained_variance   | 0.355        |
|    learning_rate        | 0.0001       |
|    loss                 | 0.415        |
|    n_updates            | 1028         |
|    policy_gradient_loss | -0.0121      |
|    value_loss           | 0.446        |
------------------------------------------
-----------------------------------------
| episode/                |             |
|    lines_cleared_mean   | 5.09        |
|    perfect_clears_mean  | 0           |
|    pieces_placed_mean   | 24.3        |
| rollout/                |             |
|    ep_len_mean          | 28.7        |
|    ep_rew_mean          | 37.8        |
| time/                   |             |
|    fps                  | 775         |
|    iterations           | 259         |
|    time_elapsed         | 2736        |
|    total_timesteps      | 2121728     |
| train/                  |             |
|    approx_kl            | 0.005279398 |
|    clip_fraction        | 0.0442      |
|    clip_range           | 0.2         |
|    entropy_loss         | -0.781      |
|    explained_variance   | 0.364       |
|    learning_rate        | 0.0001      |
|    loss                 | 0.409       |
|    n_updates            | 1032        |
|    policy_gradient_loss | -0.0115     |
|    value_loss           | 0.468       |
-----------------------------------------
------------------------------------------
| episode/                |              |
|    lines_cleared_mean   | 4.9          |
|    perfect_clears_mean  | 0            |
|    pieces_placed_mean   | 23.4         |
| rollout/                |              |
|    ep_len_mean          | 28.1         |
|    ep_rew_mean          | 36.9         |
| time/                   |              |
|    fps                  | 775          |
|    iterations           | 260          |
|    time_elapsed         | 2747         |
|    total_timesteps      | 2129920      |
| train/                  |              |
|    approx_kl            | 0.0061746184 |
|    clip_fraction        | 0.0554       |
|    clip_range           | 0.2          |
|    entropy_loss         | -0.794       |
|    explained_variance   | 0.27         |
|    learning_rate        | 0.0001       |
|    loss                 | 0.461        |
|    n_updates            | 1036         |
|    policy_gradient_loss | -0.0118      |
|    value_loss           | 0.526        |
------------------------------------------
-----------------------------------------
| episode/                |             |
|    lines_cleared_mean   | 9.18        |
|    perfect_clears_mean  | 0           |
|    pieces_placed_mean   | 33.9        |
| rollout/                |             |
|    ep_len_mean          | 29.8        |
|    ep_rew_mean          | 40.8        |
| time/                   |             |
|    fps                  | 774         |
|    iterations           | 261         |
|    time_elapsed         | 2759        |
|    total_timesteps      | 2138112     |
| train/                  |             |
|    approx_kl            | 0.006578144 |
|    clip_fraction        | 0.0548      |
|    clip_range           | 0.2         |
|    entropy_loss         | -0.78       |
|    explained_variance   | 0.305       |
|    learning_rate        | 0.0001      |
|    loss                 | 0.441       |
|    n_updates            | 1040        |
|    policy_gradient_loss | -0.0121     |
|    value_loss           | 0.488       |
-----------------------------------------
------------------------------------------
| episode/                |              |
|    lines_cleared_mean   | 5.9          |
|    perfect_clears_mean  | 0            |
|    pieces_placed_mean   | 26           |
| rollout/                |              |
|    ep_len_mean          | 28.9         |
|    ep_rew_mean          | 38.6         |
| time/                   |              |
|    fps                  | 774          |
|    iterations           | 262          |
|    time_elapsed         | 2770         |
|    total_timesteps      | 2146304      |
| train/                  |              |
|    approx_kl            | 0.0071740113 |
|    clip_fraction        | 0.0568       |
|    clip_range           | 0.2          |
|    entropy_loss         | -0.785       |
|    explained_variance   | 0.324        |
|    learning_rate        | 0.0001       |
|    loss                 | 0.375        |
|    n_updates            | 1044         |
|    policy_gradient_loss | -0.0119      |
|    value_loss           | 0.438        |
------------------------------------------
-----------------------------------------
| episode/                |             |
|    lines_cleared_mean   | 8.5         |
|    perfect_clears_mean  | 0           |
|    pieces_placed_mean   | 32.6        |
| rollout/                |             |
|    ep_len_mean          | 27          |
|    ep_rew_mean          | 34.5        |
| time/                   |             |
|    fps                  | 774         |
|    iterations           | 263         |
|    time_elapsed         | 2782        |
|    total_timesteps      | 2154496     |
| train/                  |             |
|    approx_kl            | 0.005997561 |
|    clip_fraction        | 0.0518      |
|    clip_range           | 0.2         |
|    entropy_loss         | -0.791      |
|    explained_variance   | 0.319       |
|    learning_rate        | 0.0001      |
|    loss                 | 0.401       |
|    n_updates            | 1048        |
|    policy_gradient_loss | -0.0118     |
|    value_loss           | 0.471       |
-----------------------------------------
------------------------------------------
| episode/                |              |
|    lines_cleared_mean   | 6.3          |
|    perfect_clears_mean  | 0            |
|    pieces_placed_mean   | 27.2         |
| rollout/                |              |
|    ep_len_mean          | 26.2         |
|    ep_rew_mean          | 32.3         |
| time/                   |              |
|    fps                  | 773          |
|    iterations           | 264          |
|    time_elapsed         | 2794         |
|    total_timesteps      | 2162688      |
| train/                  |              |
|    approx_kl            | 0.0064861574 |
|    clip_fraction        | 0.0548       |
|    clip_range           | 0.2          |
|    entropy_loss         | -0.799       |
|    explained_variance   | 0.253        |
|    learning_rate        | 0.0001       |
|    loss                 | 0.394        |
|    n_updates            | 1052         |
|    policy_gradient_loss | -0.013       |
|    value_loss           | 0.516        |
------------------------------------------
------------------------------------------
| episode/                |              |
|    lines_cleared_mean   | 6.7          |
|    perfect_clears_mean  | 0            |
|    pieces_placed_mean   | 28.4         |
| rollout/                |              |
|    ep_len_mean          | 28.2         |
|    ep_rew_mean          | 37.4         |
| time/                   |              |
|    fps                  | 773          |
|    iterations           | 265          |
|    time_elapsed         | 2805         |
|    total_timesteps      | 2170880      |
| train/                  |              |
|    approx_kl            | 0.0062599075 |
|    clip_fraction        | 0.0595       |
|    clip_range           | 0.2          |
|    entropy_loss         | -0.783       |
|    explained_variance   | 0.303        |
|    learning_rate        | 0.0001       |
|    loss                 | 0.459        |
|    n_updates            | 1056         |
|    policy_gradient_loss | -0.012       |
|    value_loss           | 0.505        |
------------------------------------------
-----------------------------------------
| episode/                |             |
|    lines_cleared_mean   | 6.73        |
|    perfect_clears_mean  | 0           |
|    pieces_placed_mean   | 27.5        |
| rollout/                |             |
|    ep_len_mean          | 28.3        |
|    ep_rew_mean          | 37          |
| time/                   |             |
|    fps                  | 773         |
|    iterations           | 266         |
|    time_elapsed         | 2815        |
|    total_timesteps      | 2179072     |
| train/                  |             |
|    approx_kl            | 0.006330015 |
|    clip_fraction        | 0.0497      |
|    clip_range           | 0.2         |
|    entropy_loss         | -0.786      |
|    explained_variance   | 0.321       |
|    learning_rate        | 0.0001      |
|    loss                 | 0.37        |
|    n_updates            | 1060        |
|    policy_gradient_loss | -0.0125     |
|    value_loss           | 0.488       |
-----------------------------------------
------------------------------------------
| episode/                |              |
|    lines_cleared_mean   | 8.18         |
|    perfect_clears_mean  | 0            |
|    pieces_placed_mean   | 31.3         |
| rollout/                |              |
|    ep_len_mean          | 26.9         |
|    ep_rew_mean          | 34.3         |
| time/                   |              |
|    fps                  | 773          |
|    iterations           | 267          |
|    time_elapsed         | 2826         |
|    total_timesteps      | 2187264      |
| train/                  |              |
|    approx_kl            | 0.0058682756 |
|    clip_fraction        | 0.0495       |
|    clip_range           | 0.2          |
|    entropy_loss         | -0.8         |
|    explained_variance   | 0.29         |
|    learning_rate        | 0.0001       |
|    loss                 | 0.544        |
|    n_updates            | 1064         |
|    policy_gradient_loss | -0.0119      |
|    value_loss           | 0.536        |
------------------------------------------
-----------------------------------------
| episode/                |             |
|    lines_cleared_mean   | 7.3         |
|    perfect_clears_mean  | 0           |
|    pieces_placed_mean   | 29.7        |
| rollout/                |             |
|    ep_len_mean          | 27.8        |
|    ep_rew_mean          | 36          |
| time/                   |             |
|    fps                  | 773         |
|    iterations           | 268         |
|    time_elapsed         | 2837        |
|    total_timesteps      | 2195456     |
| train/                  |             |
|    approx_kl            | 0.006235838 |
|    clip_fraction        | 0.0638      |
|    clip_range           | 0.2         |
|    entropy_loss         | -0.784      |
|    explained_variance   | 0.271       |
|    learning_rate        | 0.0001      |
|    loss                 | 0.509       |
|    n_updates            | 1068        |
|    policy_gradient_loss | -0.0136     |
|    value_loss           | 0.54        |
-----------------------------------------
------------------------------------------
| episode/                |              |
|    lines_cleared_mean   | 4.3          |
|    perfect_clears_mean  | 0            |
|    pieces_placed_mean   | 22           |
| rollout/                |              |
|    ep_len_mean          | 29.4         |
|    ep_rew_mean          | 39.5         |
| time/                   |              |
|    fps                  | 773          |
|    iterations           | 269          |
|    time_elapsed         | 2848         |
|    total_timesteps      | 2203648      |
| train/                  |              |
|    approx_kl            | 0.0056702495 |
|    clip_fraction        | 0.0488       |
|    clip_range           | 0.2          |
|    entropy_loss         | -0.788       |
|    explained_variance   | 0.301        |
|    learning_rate        | 0.0001       |
|    loss                 | 0.43         |
|    n_updates            | 1072         |
|    policy_gradient_loss | -0.0119      |
|    value_loss           | 0.497        |
------------------------------------------
------------------------------------------
| episode/                |              |
|    lines_cleared_mean   | 8.8          |
|    perfect_clears_mean  | 0            |
|    pieces_placed_mean   | 33.8         |
| rollout/                |              |
|    ep_len_mean          | 29.6         |
|    ep_rew_mean          | 40           |
| time/                   |              |
|    fps                  | 773          |
|    iterations           | 270          |
|    time_elapsed         | 2860         |
|    total_timesteps      | 2211840      |
| train/                  |              |
|    approx_kl            | 0.0054803183 |
|    clip_fraction        | 0.0487       |
|    clip_range           | 0.2          |
|    entropy_loss         | -0.763       |
|    explained_variance   | 0.26         |
|    learning_rate        | 0.0001       |
|    loss                 | 0.411        |
|    n_updates            | 1076         |
|    policy_gradient_loss | -0.0117      |
|    value_loss           | 0.535        |
------------------------------------------
-----------------------------------------
| episode/                |             |
|    lines_cleared_mean   | 6.7         |
|    perfect_clears_mean  | 0           |
|    pieces_placed_mean   | 28.6        |
| rollout/                |             |
|    ep_len_mean          | 27.2        |
|    ep_rew_mean          | 35.1        |
| time/                   |             |
|    fps                  | 773         |
|    iterations           | 271         |
|    time_elapsed         | 2871        |
|    total_timesteps      | 2220032     |
| train/                  |             |
|    approx_kl            | 0.006784708 |
|    clip_fraction        | 0.058       |
|    clip_range           | 0.2         |
|    entropy_loss         | -0.782      |
|    explained_variance   | 0.347       |
|    learning_rate        | 0.0001      |
|    loss                 | 0.348       |
|    n_updates            | 1080        |
|    policy_gradient_loss | -0.0138     |
|    value_loss           | 0.467       |
-----------------------------------------
------------------------------------------
| episode/                |              |
|    lines_cleared_mean   | 5.4          |
|    perfect_clears_mean  | 0            |
|    pieces_placed_mean   | 25.3         |
| rollout/                |              |
|    ep_len_mean          | 28.2         |
|    ep_rew_mean          | 36.5         |
| time/                   |              |
|    fps                  | 772          |
|    iterations           | 272          |
|    time_elapsed         | 2883         |
|    total_timesteps      | 2228224      |
| train/                  |              |
|    approx_kl            | 0.0069203805 |
|    clip_fraction        | 0.0638       |
|    clip_range           | 0.2          |
|    entropy_loss         | -0.78        |
|    explained_variance   | 0.341        |
|    learning_rate        | 0.0001       |
|    loss                 | 0.372        |
|    n_updates            | 1084         |
|    policy_gradient_loss | -0.0135      |
|    value_loss           | 0.444        |
------------------------------------------
-----------------------------------------
| episode/                |             |
|    lines_cleared_mean   | 6.9         |
|    perfect_clears_mean  | 0           |
|    pieces_placed_mean   | 29.2        |
| rollout/                |             |
|    ep_len_mean          | 29.4        |
|    ep_rew_mean          | 39.4        |
| time/                   |             |
|    fps                  | 772         |
|    iterations           | 273         |
|    time_elapsed         | 2894        |
|    total_timesteps      | 2236416     |
| train/                  |             |
|    approx_kl            | 0.006233884 |
|    clip_fraction        | 0.0527      |
|    clip_range           | 0.2         |
|    entropy_loss         | -0.793      |
|    explained_variance   | 0.297       |
|    learning_rate        | 0.0001      |
|    loss                 | 0.385       |
|    n_updates            | 1088        |
|    policy_gradient_loss | -0.0117     |
|    value_loss           | 0.492       |
-----------------------------------------
------------------------------------------
| episode/                |              |
|    lines_cleared_mean   | 3.36         |
|    perfect_clears_mean  | 0            |
|    pieces_placed_mean   | 22           |
| rollout/                |              |
|    ep_len_mean          | 29.4         |
|    ep_rew_mean          | 39.1         |
| time/                   |              |
|    fps                  | 772          |
|    iterations           | 274          |
|    time_elapsed         | 2906         |
|    total_timesteps      | 2244608      |
| train/                  |              |
|    approx_kl            | 0.0055816146 |
|    clip_fraction        | 0.0465       |
|    clip_range           | 0.2          |
|    entropy_loss         | -0.777       |
|    explained_variance   | 0.273        |
|    learning_rate        | 0.0001       |
|    loss                 | 0.482        |
|    n_updates            | 1092         |
|    policy_gradient_loss | -0.011       |
|    value_loss           | 0.558        |
------------------------------------------
------------------------------------------
| episode/                |              |
|    lines_cleared_mean   | 8.6          |
|    perfect_clears_mean  | 0            |
|    pieces_placed_mean   | 33.4         |
| rollout/                |              |
|    ep_len_mean          | 31           |
|    ep_rew_mean          | 43.4         |
| time/                   |              |
|    fps                  | 772          |
|    iterations           | 275          |
|    time_elapsed         | 2917         |
|    total_timesteps      | 2252800      |
| train/                  |              |
|    approx_kl            | 0.0063717603 |
|    clip_fraction        | 0.0594       |
|    clip_range           | 0.2          |
|    entropy_loss         | -0.786       |
|    explained_variance   | 0.319        |
|    learning_rate        | 0.0001       |
|    loss                 | 0.487        |
|    n_updates            | 1096         |
|    policy_gradient_loss | -0.0128      |
|    value_loss           | 0.509        |
------------------------------------------
------------------------------------------
| episode/                |              |
|    lines_cleared_mean   | 9.55         |
|    perfect_clears_mean  | 0            |
|    pieces_placed_mean   | 35.8         |
| rollout/                |              |
|    ep_len_mean          | 28.8         |
|    ep_rew_mean          | 37.8         |
| time/                   |              |
|    fps                  | 771          |
|    iterations           | 276          |
|    time_elapsed         | 2928         |
|    total_timesteps      | 2260992      |
| train/                  |              |
|    approx_kl            | 0.0053490344 |
|    clip_fraction        | 0.052        |
|    clip_range           | 0.2          |
|    entropy_loss         | -0.763       |
|    explained_variance   | 0.32         |
|    learning_rate        | 0.0001       |
|    loss                 | 0.36         |
|    n_updates            | 1100         |
|    policy_gradient_loss | -0.0111      |
|    value_loss           | 0.527        |
------------------------------------------
------------------------------------------
| episode/                |              |
|    lines_cleared_mean   | 9.3          |
|    perfect_clears_mean  | 0            |
|    pieces_placed_mean   | 34.9         |
| rollout/                |              |
|    ep_len_mean          | 28.7         |
|    ep_rew_mean          | 37.6         |
| time/                   |              |
|    fps                  | 771          |
|    iterations           | 277          |
|    time_elapsed         | 2939         |
|    total_timesteps      | 2269184      |
| train/                  |              |
|    approx_kl            | 0.0065564862 |
|    clip_fraction        | 0.0595       |
|    clip_range           | 0.2          |
|    entropy_loss         | -0.761       |
|    explained_variance   | 0.335        |
|    learning_rate        | 0.0001       |
|    loss                 | 0.417        |
|    n_updates            | 1104         |
|    policy_gradient_loss | -0.0123      |
|    value_loss           | 0.52         |
------------------------------------------
-----------------------------------------
| episode/                |             |
|    lines_cleared_mean   | 8.64        |
|    perfect_clears_mean  | 0           |
|    pieces_placed_mean   | 32.6        |
| rollout/                |             |
|    ep_len_mean          | 28.6        |
|    ep_rew_mean          | 37.4        |
| time/                   |             |
|    fps                  | 771         |
|    iterations           | 278         |
|    time_elapsed         | 2950        |
|    total_timesteps      | 2277376     |
| train/                  |             |
|    approx_kl            | 0.006180114 |
|    clip_fraction        | 0.058       |
|    clip_range           | 0.2         |
|    entropy_loss         | -0.78       |
|    explained_variance   | 0.275       |
|    learning_rate        | 0.0001      |
|    loss                 | 0.406       |
|    n_updates            | 1108        |
|    policy_gradient_loss | -0.0125     |
|    value_loss           | 0.481       |
-----------------------------------------
-----------------------------------------
| episode/                |             |
|    lines_cleared_mean   | 6.8         |
|    perfect_clears_mean  | 0           |
|    pieces_placed_mean   | 28.5        |
| rollout/                |             |
|    ep_len_mean          | 30.9        |
|    ep_rew_mean          | 42.8        |
| time/                   |             |
|    fps                  | 771         |
|    iterations           | 279         |
|    time_elapsed         | 2961        |
|    total_timesteps      | 2285568     |
| train/                  |             |
|    approx_kl            | 0.006141725 |
|    clip_fraction        | 0.0548      |
|    clip_range           | 0.2         |
|    entropy_loss         | -0.78       |
|    explained_variance   | 0.299       |
|    learning_rate        | 0.0001      |
|    loss                 | 0.385       |
|    n_updates            | 1112        |
|    policy_gradient_loss | -0.0134     |
|    value_loss           | 0.498       |
-----------------------------------------
-----------------------------------------
| episode/                |             |
|    lines_cleared_mean   | 6.8         |
|    perfect_clears_mean  | 0           |
|    pieces_placed_mean   | 29.3        |
| rollout/                |             |
|    ep_len_mean          | 27.1        |
|    ep_rew_mean          | 33.9        |
| time/                   |             |
|    fps                  | 771         |
|    iterations           | 280         |
|    time_elapsed         | 2973        |
|    total_timesteps      | 2293760     |
| train/                  |             |
|    approx_kl            | 0.005335082 |
|    clip_fraction        | 0.0483      |
|    clip_range           | 0.2         |
|    entropy_loss         | -0.76       |
|    explained_variance   | 0.279       |
|    learning_rate        | 0.0001      |
|    loss                 | 0.433       |
|    n_updates            | 1116        |
|    policy_gradient_loss | -0.0115     |
|    value_loss           | 0.512       |
-----------------------------------------
------------------------------------------
| episode/                |              |
|    lines_cleared_mean   | 6.9          |
|    perfect_clears_mean  | 0            |
|    pieces_placed_mean   | 27.8         |
| rollout/                |              |
|    ep_len_mean          | 30.1         |
|    ep_rew_mean          | 40.9         |
| time/                   |              |
|    fps                  | 771          |
|    iterations           | 281          |
|    time_elapsed         | 2984         |
|    total_timesteps      | 2301952      |
| train/                  |              |
|    approx_kl            | 0.0066490998 |
|    clip_fraction        | 0.0625       |
|    clip_range           | 0.2          |
|    entropy_loss         | -0.773       |
|    explained_variance   | 0.349        |
|    learning_rate        | 0.0001       |
|    loss                 | 0.419        |
|    n_updates            | 1120         |
|    policy_gradient_loss | -0.0137      |
|    value_loss           | 0.46         |
------------------------------------------
-----------------------------------------
| episode/                |             |
|    lines_cleared_mean   | 6.82        |
|    perfect_clears_mean  | 0           |
|    pieces_placed_mean   | 29.2        |
| rollout/                |             |
|    ep_len_mean          | 28.7        |
|    ep_rew_mean          | 38          |
| time/                   |             |
|    fps                  | 770         |
|    iterations           | 282         |
|    time_elapsed         | 2998        |
|    total_timesteps      | 2310144     |
| train/                  |             |
|    approx_kl            | 0.006289967 |
|    clip_fraction        | 0.0578      |
|    clip_range           | 0.2         |
|    entropy_loss         | -0.758      |
|    explained_variance   | 0.268       |
|    learning_rate        | 0.0001      |
|    loss                 | 0.408       |
|    n_updates            | 1124        |
|    policy_gradient_loss | -0.0121     |
|    value_loss           | 0.481       |
-----------------------------------------
------------------------------------------
| episode/                |              |
|    lines_cleared_mean   | 10           |
|    perfect_clears_mean  | 0            |
|    pieces_placed_mean   | 35.8         |
| rollout/                |              |
|    ep_len_mean          | 27.5         |
|    ep_rew_mean          | 35.5         |
| time/                   |              |
|    fps                  | 770          |
|    iterations           | 283          |
|    time_elapsed         | 3009         |
|    total_timesteps      | 2318336      |
| train/                  |              |
|    approx_kl            | 0.0060411436 |
|    clip_fraction        | 0.0512       |
|    clip_range           | 0.2          |
|    entropy_loss         | -0.766       |
|    explained_variance   | 0.316        |
|    learning_rate        | 0.0001       |
|    loss                 | 0.394        |
|    n_updates            | 1128         |
|    policy_gradient_loss | -0.0122      |
|    value_loss           | 0.484        |
------------------------------------------
----------------------------------------
| episode/                |            |
|    lines_cleared_mean   | 7          |
|    perfect_clears_mean  | 0          |
|    pieces_placed_mean   | 28.9       |
| rollout/                |            |
|    ep_len_mean          | 28.1       |
|    ep_rew_mean          | 36.7       |
| time/                   |            |
|    fps                  | 770        |
|    iterations           | 284        |
|    time_elapsed         | 3020       |
|    total_timesteps      | 2326528    |
| train/                  |            |
|    approx_kl            | 0.00576167 |
|    clip_fraction        | 0.0567     |
|    clip_range           | 0.2        |
|    entropy_loss         | -0.765     |
|    explained_variance   | 0.358      |
|    learning_rate        | 0.0001     |
|    loss                 | 0.399      |
|    n_updates            | 1132       |
|    policy_gradient_loss | -0.0115    |
|    value_loss           | 0.458      |
----------------------------------------
----------------------------------------
| episode/                |            |
|    lines_cleared_mean   | 7.3        |
|    perfect_clears_mean  | 0          |
|    pieces_placed_mean   | 30.3       |
| rollout/                |            |
|    ep_len_mean          | 28.1       |
|    ep_rew_mean          | 37         |
| time/                   |            |
|    fps                  | 770        |
|    iterations           | 285        |
|    time_elapsed         | 3030       |
|    total_timesteps      | 2334720    |
| train/                  |            |
|    approx_kl            | 0.00655658 |
|    clip_fraction        | 0.0587     |
|    clip_range           | 0.2        |
|    entropy_loss         | -0.771     |
|    explained_variance   | 0.251      |
|    learning_rate        | 0.0001     |
|    loss                 | 0.541      |
|    n_updates            | 1136       |
|    policy_gradient_loss | -0.0121    |
|    value_loss           | 0.536      |
----------------------------------------
------------------------------------------
| episode/                |              |
|    lines_cleared_mean   | 8.18         |
|    perfect_clears_mean  | 0            |
|    pieces_placed_mean   | 30.9         |
| rollout/                |              |
|    ep_len_mean          | 28.4         |
|    ep_rew_mean          | 37.7         |
| time/                   |              |
|    fps                  | 770          |
|    iterations           | 286          |
|    time_elapsed         | 3041         |
|    total_timesteps      | 2342912      |
| train/                  |              |
|    approx_kl            | 0.0062207337 |
|    clip_fraction        | 0.0549       |
|    clip_range           | 0.2          |
|    entropy_loss         | -0.771       |
|    explained_variance   | 0.286        |
|    learning_rate        | 0.0001       |
|    loss                 | 0.439        |
|    n_updates            | 1140         |
|    policy_gradient_loss | -0.0114      |
|    value_loss           | 0.475        |
------------------------------------------
------------------------------------------
| episode/                |              |
|    lines_cleared_mean   | 6.3          |
|    perfect_clears_mean  | 0            |
|    pieces_placed_mean   | 27.8         |
| rollout/                |              |
|    ep_len_mean          | 28.8         |
|    ep_rew_mean          | 37.6         |
| time/                   |              |
|    fps                  | 770          |
|    iterations           | 287          |
|    time_elapsed         | 3051         |
|    total_timesteps      | 2351104      |
| train/                  |              |
|    approx_kl            | 0.0062966007 |
|    clip_fraction        | 0.0587       |
|    clip_range           | 0.2          |
|    entropy_loss         | -0.765       |
|    explained_variance   | 0.314        |
|    learning_rate        | 0.0001       |
|    loss                 | 0.349        |
|    n_updates            | 1144         |
|    policy_gradient_loss | -0.0119      |
|    value_loss           | 0.46         |
------------------------------------------
------------------------------------------
| episode/                |              |
|    lines_cleared_mean   | 6            |
|    perfect_clears_mean  | 0            |
|    pieces_placed_mean   | 26.2         |
| rollout/                |              |
|    ep_len_mean          | 28.9         |
|    ep_rew_mean          | 38.5         |
| time/                   |              |
|    fps                  | 770          |
|    iterations           | 288          |
|    time_elapsed         | 3061         |
|    total_timesteps      | 2359296      |
| train/                  |              |
|    approx_kl            | 0.0068948083 |
|    clip_fraction        | 0.0643       |
|    clip_range           | 0.2          |
|    entropy_loss         | -0.774       |
|    explained_variance   | 0.329        |
|    learning_rate        | 0.0001       |
|    loss                 | 0.405        |
|    n_updates            | 1148         |
|    policy_gradient_loss | -0.0145      |
|    value_loss           | 0.462        |
------------------------------------------
------------------------------------------
| episode/                |              |
|    lines_cleared_mean   | 6.5          |
|    perfect_clears_mean  | 0            |
|    pieces_placed_mean   | 28.2         |
| rollout/                |              |
|    ep_len_mean          | 28.9         |
|    ep_rew_mean          | 38.5         |
| time/                   |              |
|    fps                  | 770          |
|    iterations           | 289          |
|    time_elapsed         | 3071         |
|    total_timesteps      | 2367488      |
| train/                  |              |
|    approx_kl            | 0.0059052957 |
|    clip_fraction        | 0.0547       |
|    clip_range           | 0.2          |
|    entropy_loss         | -0.761       |
|    explained_variance   | 0.292        |
|    learning_rate        | 0.0001       |
|    loss                 | 0.41         |
|    n_updates            | 1152         |
|    policy_gradient_loss | -0.0117      |
|    value_loss           | 0.496        |
------------------------------------------
-----------------------------------------
| episode/                |             |
|    lines_cleared_mean   | 6.2         |
|    perfect_clears_mean  | 0           |
|    pieces_placed_mean   | 27.3        |
| rollout/                |             |
|    ep_len_mean          | 31.2        |
|    ep_rew_mean          | 43.4        |
| time/                   |             |
|    fps                  | 770         |
|    iterations           | 290         |
|    time_elapsed         | 3081        |
|    total_timesteps      | 2375680     |
| train/                  |             |
|    approx_kl            | 0.005463035 |
|    clip_fraction        | 0.0485      |
|    clip_range           | 0.2         |
|    entropy_loss         | -0.766      |
|    explained_variance   | 0.29        |
|    learning_rate        | 0.0001      |
|    loss                 | 0.451       |
|    n_updates            | 1156        |
|    policy_gradient_loss | -0.0115     |
|    value_loss           | 0.499       |
-----------------------------------------
-----------------------------------------
| episode/                |             |
|    lines_cleared_mean   | 3.91        |
|    perfect_clears_mean  | 0           |
|    pieces_placed_mean   | 21.6        |
| rollout/                |             |
|    ep_len_mean          | 27.7        |
|    ep_rew_mean          | 36.2        |
| time/                   |             |
|    fps                  | 771         |
|    iterations           | 291         |
|    time_elapsed         | 3091        |
|    total_timesteps      | 2383872     |
| train/                  |             |
|    approx_kl            | 0.005480203 |
|    clip_fraction        | 0.05        |
|    clip_range           | 0.2         |
|    entropy_loss         | -0.768      |
|    explained_variance   | 0.318       |
|    learning_rate        | 0.0001      |
|    loss                 | 0.415       |
|    n_updates            | 1160        |
|    policy_gradient_loss | -0.0113     |
|    value_loss           | 0.511       |
-----------------------------------------
------------------------------------------
| episode/                |              |
|    lines_cleared_mean   | 9            |
|    perfect_clears_mean  | 0            |
|    pieces_placed_mean   | 33.6         |
| rollout/                |              |
|    ep_len_mean          | 26.7         |
|    ep_rew_mean          | 33.8         |
| time/                   |              |
|    fps                  | 771          |
|    iterations           | 292          |
|    time_elapsed         | 3101         |
|    total_timesteps      | 2392064      |
| train/                  |              |
|    approx_kl            | 0.0064264406 |
|    clip_fraction        | 0.0569       |
|    clip_range           | 0.2          |
|    entropy_loss         | -0.779       |
|    explained_variance   | 0.28         |
|    learning_rate        | 0.0001       |
|    loss                 | 0.426        |
|    n_updates            | 1164         |
|    policy_gradient_loss | -0.0142      |
|    value_loss           | 0.516        |
------------------------------------------
-----------------------------------------
| episode/                |             |
|    lines_cleared_mean   | 8.9         |
|    perfect_clears_mean  | 0           |
|    pieces_placed_mean   | 33.5        |
| rollout/                |             |
|    ep_len_mean          | 28.7        |
|    ep_rew_mean          | 38.1        |
| time/                   |             |
|    fps                  | 771         |
|    iterations           | 293         |
|    time_elapsed         | 3111        |
|    total_timesteps      | 2400256     |
| train/                  |             |
|    approx_kl            | 0.005991815 |
|    clip_fraction        | 0.0504      |
|    clip_range           | 0.2         |
|    entropy_loss         | -0.755      |
|    explained_variance   | 0.284       |
|    learning_rate        | 0.0001      |
|    loss                 | 0.51        |
|    n_updates            | 1168        |
|    policy_gradient_loss | -0.011      |
|    value_loss           | 0.533       |
-----------------------------------------
-----------------------------------------
| episode/                |             |
|    lines_cleared_mean   | 8.2         |
|    perfect_clears_mean  | 0           |
|    pieces_placed_mean   | 31.7        |
| rollout/                |             |
|    ep_len_mean          | 28.6        |
|    ep_rew_mean          | 37.6        |
| time/                   |             |
|    fps                  | 771         |
|    iterations           | 294         |
|    time_elapsed         | 3121        |
|    total_timesteps      | 2408448     |
| train/                  |             |
|    approx_kl            | 0.006929385 |
|    clip_fraction        | 0.0578      |
|    clip_range           | 0.2         |
|    entropy_loss         | -0.774      |
|    explained_variance   | 0.286       |
|    learning_rate        | 0.0001      |
|    loss                 | 0.399       |
|    n_updates            | 1172        |
|    policy_gradient_loss | -0.0124     |
|    value_loss           | 0.497       |
-----------------------------------------
-----------------------------------------
| episode/                |             |
|    lines_cleared_mean   | 6.91        |
|    perfect_clears_mean  | 0           |
|    pieces_placed_mean   | 28.5        |
| rollout/                |             |
|    ep_len_mean          | 30.1        |
|    ep_rew_mean          | 40.5        |
| time/                   |             |
|    fps                  | 771         |
|    iterations           | 295         |
|    time_elapsed         | 3131        |
|    total_timesteps      | 2416640     |
| train/                  |             |
|    approx_kl            | 0.006283221 |
|    clip_fraction        | 0.0574      |
|    clip_range           | 0.2         |
|    entropy_loss         | -0.769      |
|    explained_variance   | 0.326       |
|    learning_rate        | 0.0001      |
|    loss                 | 0.401       |
|    n_updates            | 1176        |
|    policy_gradient_loss | -0.0128     |
|    value_loss           | 0.468       |
-----------------------------------------
-----------------------------------------
| episode/                |             |
|    lines_cleared_mean   | 5.4         |
|    perfect_clears_mean  | 0           |
|    pieces_placed_mean   | 25.6        |
| rollout/                |             |
|    ep_len_mean          | 27.3        |
|    ep_rew_mean          | 34.8        |
| time/                   |             |
|    fps                  | 771         |
|    iterations           | 296         |
|    time_elapsed         | 3142        |
|    total_timesteps      | 2424832     |
| train/                  |             |
|    approx_kl            | 0.006771344 |
|    clip_fraction        | 0.0576      |
|    clip_range           | 0.2         |
|    entropy_loss         | -0.783      |
|    explained_variance   | 0.373       |
|    learning_rate        | 0.0001      |
|    loss                 | 0.45        |
|    n_updates            | 1180        |
|    policy_gradient_loss | -0.0124     |
|    value_loss           | 0.433       |
-----------------------------------------
------------------------------------------
| episode/                |              |
|    lines_cleared_mean   | 4.7          |
|    perfect_clears_mean  | 0            |
|    pieces_placed_mean   | 23.1         |
| rollout/                |              |
|    ep_len_mean          | 29.1         |
|    ep_rew_mean          | 38.7         |
| time/                   |              |
|    fps                  | 771          |
|    iterations           | 297          |
|    time_elapsed         | 3152         |
|    total_timesteps      | 2433024      |
| train/                  |              |
|    approx_kl            | 0.0064104977 |
|    clip_fraction        | 0.0623       |
|    clip_range           | 0.2          |
|    entropy_loss         | -0.778       |
|    explained_variance   | 0.339        |
|    learning_rate        | 0.0001       |
|    loss                 | 0.422        |
|    n_updates            | 1184         |
|    policy_gradient_loss | -0.012       |
|    value_loss           | 0.458        |
------------------------------------------
-----------------------------------------
| episode/                |             |
|    lines_cleared_mean   | 12          |
|    perfect_clears_mean  | 0           |
|    pieces_placed_mean   | 39.8        |
| rollout/                |             |
|    ep_len_mean          | 30.7        |
|    ep_rew_mean          | 42.9        |
| time/                   |             |
|    fps                  | 771         |
|    iterations           | 298         |
|    time_elapsed         | 3162        |
|    total_timesteps      | 2441216     |
| train/                  |             |
|    approx_kl            | 0.006222424 |
|    clip_fraction        | 0.0509      |
|    clip_range           | 0.2         |
|    entropy_loss         | -0.801      |
|    explained_variance   | 0.358       |
|    learning_rate        | 0.0001      |
|    loss                 | 0.394       |
|    n_updates            | 1188        |
|    policy_gradient_loss | -0.0121     |
|    value_loss           | 0.465       |
-----------------------------------------
-----------------------------------------
| episode/                |             |
|    lines_cleared_mean   | 7.1         |
|    perfect_clears_mean  | 0           |
|    pieces_placed_mean   | 28.2        |
| rollout/                |             |
|    ep_len_mean          | 28          |
|    ep_rew_mean          | 36.7        |
| time/                   |             |
|    fps                  | 772         |
|    iterations           | 299         |
|    time_elapsed         | 3172        |
|    total_timesteps      | 2449408     |
| train/                  |             |
|    approx_kl            | 0.005631524 |
|    clip_fraction        | 0.0487      |
|    clip_range           | 0.2         |
|    entropy_loss         | -0.783      |
|    explained_variance   | 0.294       |
|    learning_rate        | 0.0001      |
|    loss                 | 0.431       |
|    n_updates            | 1192        |
|    policy_gradient_loss | -0.0115     |
|    value_loss           | 0.534       |
-----------------------------------------
------------------------------------------
| episode/                |              |
|    lines_cleared_mean   | 6.6          |
|    perfect_clears_mean  | 0            |
|    pieces_placed_mean   | 27.6         |
| rollout/                |              |
|    ep_len_mean          | 29.1         |
|    ep_rew_mean          | 38.7         |
| time/                   |              |
|    fps                  | 772          |
|    iterations           | 300          |
|    time_elapsed         | 3183         |
|    total_timesteps      | 2457600      |
| train/                  |              |
|    approx_kl            | 0.0059638554 |
|    clip_fraction        | 0.0548       |
|    clip_range           | 0.2          |
|    entropy_loss         | -0.781       |
|    explained_variance   | 0.323        |
|    learning_rate        | 0.0001       |
|    loss                 | 0.395        |
|    n_updates            | 1196         |
|    policy_gradient_loss | -0.0119      |
|    value_loss           | 0.484        |
------------------------------------------
------------------------------------------
| episode/                |              |
|    lines_cleared_mean   | 6.09         |
|    perfect_clears_mean  | 0            |
|    pieces_placed_mean   | 26.7         |
| rollout/                |              |
|    ep_len_mean          | 29.9         |
|    ep_rew_mean          | 40.2         |
| time/                   |              |
|    fps                  | 772          |
|    iterations           | 301          |
|    time_elapsed         | 3193         |
|    total_timesteps      | 2465792      |
| train/                  |              |
|    approx_kl            | 0.0065209065 |
|    clip_fraction        | 0.0668       |
|    clip_range           | 0.2          |
|    entropy_loss         | -0.782       |
|    explained_variance   | 0.279        |
|    learning_rate        | 0.0001       |
|    loss                 | 0.439        |
|    n_updates            | 1200         |
|    policy_gradient_loss | -0.0142      |
|    value_loss           | 0.521        |
------------------------------------------
-----------------------------------------
| episode/                |             |
|    lines_cleared_mean   | 6.1         |
|    perfect_clears_mean  | 0           |
|    pieces_placed_mean   | 26.6        |
| rollout/                |             |
|    ep_len_mean          | 33.4        |
|    ep_rew_mean          | 49.2        |
| time/                   |             |
|    fps                  | 772         |
|    iterations           | 302         |
|    time_elapsed         | 3203        |
|    total_timesteps      | 2473984     |
| train/                  |             |
|    approx_kl            | 0.006943439 |
|    clip_fraction        | 0.0637      |
|    clip_range           | 0.2         |
|    entropy_loss         | -0.783      |
|    explained_variance   | 0.285       |
|    learning_rate        | 0.0001      |
|    loss                 | 0.462       |
|    n_updates            | 1204        |
|    policy_gradient_loss | -0.0145     |
|    value_loss           | 0.519       |
-----------------------------------------
------------------------------------------
| episode/                |              |
|    lines_cleared_mean   | 6.45         |
|    perfect_clears_mean  | 0            |
|    pieces_placed_mean   | 27.5         |
| rollout/                |              |
|    ep_len_mean          | 29.9         |
|    ep_rew_mean          | 40.6         |
| time/                   |              |
|    fps                  | 772          |
|    iterations           | 303          |
|    time_elapsed         | 3213         |
|    total_timesteps      | 2482176      |
| train/                  |              |
|    approx_kl            | 0.0064688013 |
|    clip_fraction        | 0.06         |
|    clip_range           | 0.2          |
|    entropy_loss         | -0.774       |
|    explained_variance   | 0.32         |
|    learning_rate        | 0.0001       |
|    loss                 | 0.51         |
|    n_updates            | 1208         |
|    policy_gradient_loss | -0.0128      |
|    value_loss           | 0.511        |
------------------------------------------
-----------------------------------------
| episode/                |             |
|    lines_cleared_mean   | 5           |
|    perfect_clears_mean  | 0           |
|    pieces_placed_mean   | 23.4        |
| rollout/                |             |
|    ep_len_mean          | 28          |
|    ep_rew_mean          | 36.8        |
| time/                   |             |
|    fps                  | 772         |
|    iterations           | 304         |
|    time_elapsed         | 3223        |
|    total_timesteps      | 2490368     |
| train/                  |             |
|    approx_kl            | 0.006820497 |
|    clip_fraction        | 0.0562      |
|    clip_range           | 0.2         |
|    entropy_loss         | -0.779      |
|    explained_variance   | 0.27        |
|    learning_rate        | 0.0001      |
|    loss                 | 0.469       |
|    n_updates            | 1212        |
|    policy_gradient_loss | -0.0124     |
|    value_loss           | 0.55        |
-----------------------------------------
-----------------------------------------
| episode/                |             |
|    lines_cleared_mean   | 5           |
|    perfect_clears_mean  | 0           |
|    pieces_placed_mean   | 24.4        |
| rollout/                |             |
|    ep_len_mean          | 29          |
|    ep_rew_mean          | 39.4        |
| time/                   |             |
|    fps                  | 772         |
|    iterations           | 305         |
|    time_elapsed         | 3234        |
|    total_timesteps      | 2498560     |
| train/                  |             |
|    approx_kl            | 0.005703765 |
|    clip_fraction        | 0.0468      |
|    clip_range           | 0.2         |
|    entropy_loss         | -0.791      |
|    explained_variance   | 0.259       |
|    learning_rate        | 0.0001      |
|    loss                 | 0.409       |
|    n_updates            | 1216        |
|    policy_gradient_loss | -0.0119     |
|    value_loss           | 0.565       |
-----------------------------------------
-----------------------------------------
| episode/                |             |
|    lines_cleared_mean   | 5.7         |
|    perfect_clears_mean  | 0           |
|    pieces_placed_mean   | 25.9        |
| rollout/                |             |
|    ep_len_mean          | 28.8        |
|    ep_rew_mean          | 38.3        |
| time/                   |             |
|    fps                  | 772         |
|    iterations           | 306         |
|    time_elapsed         | 3244        |
|    total_timesteps      | 2506752     |
| train/                  |             |
|    approx_kl            | 0.006513902 |
|    clip_fraction        | 0.0595      |
|    clip_range           | 0.2         |
|    entropy_loss         | -0.773      |
|    explained_variance   | 0.314       |
|    learning_rate        | 0.0001      |
|    loss                 | 0.517       |
|    n_updates            | 1220        |
|    policy_gradient_loss | -0.0118     |
|    value_loss           | 0.532       |
-----------------------------------------
------------------------------------------
| episode/                |              |
|    lines_cleared_mean   | 6.5          |
|    perfect_clears_mean  | 0            |
|    pieces_placed_mean   | 27.9         |
| rollout/                |              |
|    ep_len_mean          | 28.9         |
|    ep_rew_mean          | 38.1         |
| time/                   |              |
|    fps                  | 772          |
|    iterations           | 307          |
|    time_elapsed         | 3255         |
|    total_timesteps      | 2514944      |
| train/                  |              |
|    approx_kl            | 0.0056171725 |
|    clip_fraction        | 0.052        |
|    clip_range           | 0.2          |
|    entropy_loss         | -0.771       |
|    explained_variance   | 0.293        |
|    learning_rate        | 0.0001       |
|    loss                 | 0.451        |
|    n_updates            | 1224         |
|    policy_gradient_loss | -0.0124      |
|    value_loss           | 0.514        |
------------------------------------------
------------------------------------------
| episode/                |              |
|    lines_cleared_mean   | 4.5          |
|    perfect_clears_mean  | 0            |
|    pieces_placed_mean   | 22.7         |
| rollout/                |              |
|    ep_len_mean          | 28.4         |
|    ep_rew_mean          | 36.9         |
| time/                   |              |
|    fps                  | 772          |
|    iterations           | 308          |
|    time_elapsed         | 3265         |
|    total_timesteps      | 2523136      |
| train/                  |              |
|    approx_kl            | 0.0066477107 |
|    clip_fraction        | 0.0545       |
|    clip_range           | 0.2          |
|    entropy_loss         | -0.778       |
|    explained_variance   | 0.348        |
|    learning_rate        | 0.0001       |
|    loss                 | 0.415        |
|    n_updates            | 1228         |
|    policy_gradient_loss | -0.0118      |
|    value_loss           | 0.472        |
------------------------------------------
-----------------------------------------
| episode/                |             |
|    lines_cleared_mean   | 6.2         |
|    perfect_clears_mean  | 0           |
|    pieces_placed_mean   | 26.9        |
| rollout/                |             |
|    ep_len_mean          | 30.3        |
|    ep_rew_mean          | 41.5        |
| time/                   |             |
|    fps                  | 772         |
|    iterations           | 309         |
|    time_elapsed         | 3275        |
|    total_timesteps      | 2531328     |
| train/                  |             |
|    approx_kl            | 0.006915779 |
|    clip_fraction        | 0.0629      |
|    clip_range           | 0.2         |
|    entropy_loss         | -0.778      |
|    explained_variance   | 0.292       |
|    learning_rate        | 0.0001      |
|    loss                 | 0.411       |
|    n_updates            | 1232        |
|    policy_gradient_loss | -0.0129     |
|    value_loss           | 0.49        |
-----------------------------------------
------------------------------------------
| episode/                |              |
|    lines_cleared_mean   | 4.9          |
|    perfect_clears_mean  | 0            |
|    pieces_placed_mean   | 24.9         |
| rollout/                |              |
|    ep_len_mean          | 28.8         |
|    ep_rew_mean          | 38.4         |
| time/                   |              |
|    fps                  | 772          |
|    iterations           | 310          |
|    time_elapsed         | 3285         |
|    total_timesteps      | 2539520      |
| train/                  |              |
|    approx_kl            | 0.0059099793 |
|    clip_fraction        | 0.0469       |
|    clip_range           | 0.2          |
|    entropy_loss         | -0.77        |
|    explained_variance   | 0.254        |
|    learning_rate        | 0.0001       |
|    loss                 | 0.504        |
|    n_updates            | 1236         |
|    policy_gradient_loss | -0.0115      |
|    value_loss           | 0.531        |
------------------------------------------
------------------------------------------
| episode/                |              |
|    lines_cleared_mean   | 6.4          |
|    perfect_clears_mean  | 0            |
|    pieces_placed_mean   | 27.2         |
| rollout/                |              |
|    ep_len_mean          | 30.6         |
|    ep_rew_mean          | 41.8         |
| time/                   |              |
|    fps                  | 772          |
|    iterations           | 311          |
|    time_elapsed         | 3296         |
|    total_timesteps      | 2547712      |
| train/                  |              |
|    approx_kl            | 0.0063173054 |
|    clip_fraction        | 0.052        |
|    clip_range           | 0.2          |
|    entropy_loss         | -0.779       |
|    explained_variance   | 0.287        |
|    learning_rate        | 0.0001       |
|    loss                 | 0.434        |
|    n_updates            | 1240         |
|    policy_gradient_loss | -0.013       |
|    value_loss           | 0.489        |
------------------------------------------
------------------------------------------
| episode/                |              |
|    lines_cleared_mean   | 12.5         |
|    perfect_clears_mean  | 0            |
|    pieces_placed_mean   | 43.3         |
| rollout/                |              |
|    ep_len_mean          | 31.5         |
|    ep_rew_mean          | 44.4         |
| time/                   |              |
|    fps                  | 772          |
|    iterations           | 312          |
|    time_elapsed         | 3306         |
|    total_timesteps      | 2555904      |
| train/                  |              |
|    approx_kl            | 0.0065297326 |
|    clip_fraction        | 0.0583       |
|    clip_range           | 0.2          |
|    entropy_loss         | -0.76        |
|    explained_variance   | 0.267        |
|    learning_rate        | 0.0001       |
|    loss                 | 0.46         |
|    n_updates            | 1244         |
|    policy_gradient_loss | -0.0131      |
|    value_loss           | 0.52         |
------------------------------------------
------------------------------------------
| episode/                |              |
|    lines_cleared_mean   | 5.6          |
|    perfect_clears_mean  | 0            |
|    pieces_placed_mean   | 26           |
| rollout/                |              |
|    ep_len_mean          | 27.5         |
|    ep_rew_mean          | 35           |
| time/                   |              |
|    fps                  | 773          |
|    iterations           | 313          |
|    time_elapsed         | 3316         |
|    total_timesteps      | 2564096      |
| train/                  |              |
|    approx_kl            | 0.0064052586 |
|    clip_fraction        | 0.0522       |
|    clip_range           | 0.2          |
|    entropy_loss         | -0.763       |
|    explained_variance   | 0.317        |
|    learning_rate        | 0.0001       |
|    loss                 | 0.457        |
|    n_updates            | 1248         |
|    policy_gradient_loss | -0.0121      |
|    value_loss           | 0.529        |
------------------------------------------
------------------------------------------
| episode/                |              |
|    lines_cleared_mean   | 6.5          |
|    perfect_clears_mean  | 0            |
|    pieces_placed_mean   | 27.1         |
| rollout/                |              |
|    ep_len_mean          | 27.8         |
|    ep_rew_mean          | 36           |
| time/                   |              |
|    fps                  | 773          |
|    iterations           | 314          |
|    time_elapsed         | 3327         |
|    total_timesteps      | 2572288      |
| train/                  |              |
|    approx_kl            | 0.0060334876 |
|    clip_fraction        | 0.057        |
|    clip_range           | 0.2          |
|    entropy_loss         | -0.776       |
|    explained_variance   | 0.325        |
|    learning_rate        | 0.0001       |
|    loss                 | 0.466        |
|    n_updates            | 1252         |
|    policy_gradient_loss | -0.0125      |
|    value_loss           | 0.481        |
------------------------------------------
------------------------------------------
| episode/                |              |
|    lines_cleared_mean   | 6.5          |
|    perfect_clears_mean  | 0            |
|    pieces_placed_mean   | 28.6         |
| rollout/                |              |
|    ep_len_mean          | 28.2         |
|    ep_rew_mean          | 36.8         |
| time/                   |              |
|    fps                  | 773          |
|    iterations           | 315          |
|    time_elapsed         | 3337         |
|    total_timesteps      | 2580480      |
| train/                  |              |
|    approx_kl            | 0.0059391866 |
|    clip_fraction        | 0.0543       |
|    clip_range           | 0.2          |
|    entropy_loss         | -0.775       |
|    explained_variance   | 0.292        |
|    learning_rate        | 0.0001       |
|    loss                 | 0.386        |
|    n_updates            | 1256         |
|    policy_gradient_loss | -0.0129      |
|    value_loss           | 0.517        |
------------------------------------------
-----------------------------------------
| episode/                |             |
|    lines_cleared_mean   | 4.5         |
|    perfect_clears_mean  | 0           |
|    pieces_placed_mean   | 23.1        |
| rollout/                |             |
|    ep_len_mean          | 30.6        |
|    ep_rew_mean          | 42.1        |
| time/                   |             |
|    fps                  | 773         |
|    iterations           | 316         |
|    time_elapsed         | 3347        |
|    total_timesteps      | 2588672     |
| train/                  |             |
|    approx_kl            | 0.007039196 |
|    clip_fraction        | 0.0583      |
|    clip_range           | 0.2         |
|    entropy_loss         | -0.787      |
|    explained_variance   | 0.263       |
|    learning_rate        | 0.0001      |
|    loss                 | 0.447       |
|    n_updates            | 1260        |
|    policy_gradient_loss | -0.0137     |
|    value_loss           | 0.528       |
-----------------------------------------
------------------------------------------
| episode/                |              |
|    lines_cleared_mean   | 8.73         |
|    perfect_clears_mean  | 0            |
|    pieces_placed_mean   | 33.4         |
| rollout/                |              |
|    ep_len_mean          | 30.7         |
|    ep_rew_mean          | 42           |
| time/                   |              |
|    fps                  | 773          |
|    iterations           | 317          |
|    time_elapsed         | 3356         |
|    total_timesteps      | 2596864      |
| train/                  |              |
|    approx_kl            | 0.0060674534 |
|    clip_fraction        | 0.056        |
|    clip_range           | 0.2          |
|    entropy_loss         | -0.785       |
|    explained_variance   | 0.246        |
|    learning_rate        | 0.0001       |
|    loss                 | 0.568        |
|    n_updates            | 1264         |
|    policy_gradient_loss | -0.0123      |
|    value_loss           | 0.538        |
------------------------------------------
-----------------------------------------
| episode/                |             |
|    lines_cleared_mean   | 7.7         |
|    perfect_clears_mean  | 0           |
|    pieces_placed_mean   | 31.5        |
| rollout/                |             |
|    ep_len_mean          | 28.4        |
|    ep_rew_mean          | 37.4        |
| time/                   |             |
|    fps                  | 773         |
|    iterations           | 318         |
|    time_elapsed         | 3366        |
|    total_timesteps      | 2605056     |
| train/                  |             |
|    approx_kl            | 0.006283487 |
|    clip_fraction        | 0.0611      |
|    clip_range           | 0.2         |
|    entropy_loss         | -0.786      |
|    explained_variance   | 0.281       |
|    learning_rate        | 0.0001      |
|    loss                 | 0.432       |
|    n_updates            | 1268        |
|    policy_gradient_loss | -0.0131     |
|    value_loss           | 0.491       |
-----------------------------------------
----------------------------------------
| episode/                |            |
|    lines_cleared_mean   | 6.7        |
|    perfect_clears_mean  | 0          |
|    pieces_placed_mean   | 27.5       |
| rollout/                |            |
|    ep_len_mean          | 27.2       |
|    ep_rew_mean          | 35         |
| time/                   |            |
|    fps                  | 773        |
|    iterations           | 319        |
|    time_elapsed         | 3376       |
|    total_timesteps      | 2613248    |
| train/                  |            |
|    approx_kl            | 0.00763391 |
|    clip_fraction        | 0.0603     |
|    clip_range           | 0.2        |
|    entropy_loss         | -0.791     |
|    explained_variance   | 0.331      |
|    learning_rate        | 0.0001     |
|    loss                 | 0.412      |
|    n_updates            | 1272       |
|    policy_gradient_loss | -0.0148    |
|    value_loss           | 0.472      |
----------------------------------------
-----------------------------------------
| episode/                |             |
|    lines_cleared_mean   | 6.1         |
|    perfect_clears_mean  | 0           |
|    pieces_placed_mean   | 27.3        |
| rollout/                |             |
|    ep_len_mean          | 28.8        |
|    ep_rew_mean          | 38.2        |
| time/                   |             |
|    fps                  | 774         |
|    iterations           | 320         |
|    time_elapsed         | 3386        |
|    total_timesteps      | 2621440     |
| train/                  |             |
|    approx_kl            | 0.006407144 |
|    clip_fraction        | 0.0543      |
|    clip_range           | 0.2         |
|    entropy_loss         | -0.788      |
|    explained_variance   | 0.292       |
|    learning_rate        | 0.0001      |
|    loss                 | 0.354       |
|    n_updates            | 1276        |
|    policy_gradient_loss | -0.0135     |
|    value_loss           | 0.478       |
-----------------------------------------
-----------------------------------------
| episode/                |             |
|    lines_cleared_mean   | 6.9         |
|    perfect_clears_mean  | 0           |
|    pieces_placed_mean   | 29.2        |
| rollout/                |             |
|    ep_len_mean          | 29.4        |
|    ep_rew_mean          | 39.5        |
| time/                   |             |
|    fps                  | 774         |
|    iterations           | 321         |
|    time_elapsed         | 3396        |
|    total_timesteps      | 2629632     |
| train/                  |             |
|    approx_kl            | 0.005909606 |
|    clip_fraction        | 0.0525      |
|    clip_range           | 0.2         |
|    entropy_loss         | -0.775      |
|    explained_variance   | 0.272       |
|    learning_rate        | 0.0001      |
|    loss                 | 0.336       |
|    n_updates            | 1280        |
|    policy_gradient_loss | -0.0122     |
|    value_loss           | 0.492       |
-----------------------------------------
-----------------------------------------
| episode/                |             |
|    lines_cleared_mean   | 7.8         |
|    perfect_clears_mean  | 0           |
|    pieces_placed_mean   | 30.6        |
| rollout/                |             |
|    ep_len_mean          | 29.6        |
|    ep_rew_mean          | 40.2        |
| time/                   |             |
|    fps                  | 774         |
|    iterations           | 322         |
|    time_elapsed         | 3406        |
|    total_timesteps      | 2637824     |
| train/                  |             |
|    approx_kl            | 0.005678024 |
|    clip_fraction        | 0.0485      |
|    clip_range           | 0.2         |
|    entropy_loss         | -0.783      |
|    explained_variance   | 0.325       |
|    learning_rate        | 0.0001      |
|    loss                 | 0.361       |
|    n_updates            | 1284        |
|    policy_gradient_loss | -0.0116     |
|    value_loss           | 0.442       |
-----------------------------------------
----------------------------------------
| episode/                |            |
|    lines_cleared_mean   | 5.77       |
|    perfect_clears_mean  | 0          |
|    pieces_placed_mean   | 26.6       |
| rollout/                |            |
|    ep_len_mean          | 28.5       |
|    ep_rew_mean          | 37.9       |
| time/                   |            |
|    fps                  | 774        |
|    iterations           | 323        |
|    time_elapsed         | 3416       |
|    total_timesteps      | 2646016    |
| train/                  |            |
|    approx_kl            | 0.00623228 |
|    clip_fraction        | 0.0525     |
|    clip_range           | 0.2        |
|    entropy_loss         | -0.778     |
|    explained_variance   | 0.212      |
|    learning_rate        | 0.0001     |
|    loss                 | 0.442      |
|    n_updates            | 1288       |
|    policy_gradient_loss | -0.0123    |
|    value_loss           | 0.497      |
----------------------------------------
-----------------------------------------
| episode/                |             |
|    lines_cleared_mean   | 8.5         |
|    perfect_clears_mean  | 0           |
|    pieces_placed_mean   | 32          |
| rollout/                |             |
|    ep_len_mean          | 31.5        |
|    ep_rew_mean          | 43.7        |
| time/                   |             |
|    fps                  | 774         |
|    iterations           | 324         |
|    time_elapsed         | 3426        |
|    total_timesteps      | 2654208     |
| train/                  |             |
|    approx_kl            | 0.008197042 |
|    clip_fraction        | 0.072       |
|    clip_range           | 0.2         |
|    entropy_loss         | -0.791      |
|    explained_variance   | 0.304       |
|    learning_rate        | 0.0001      |
|    loss                 | 0.294       |
|    n_updates            | 1292        |
|    policy_gradient_loss | -0.0159     |
|    value_loss           | 0.423       |
-----------------------------------------
-----------------------------------------
| episode/                |             |
|    lines_cleared_mean   | 5.73        |
|    perfect_clears_mean  | 0           |
|    pieces_placed_mean   | 25.8        |
| rollout/                |             |
|    ep_len_mean          | 29.9        |
|    ep_rew_mean          | 40.7        |
| time/                   |             |
|    fps                  | 774         |
|    iterations           | 325         |
|    time_elapsed         | 3435        |
|    total_timesteps      | 2662400     |
| train/                  |             |
|    approx_kl            | 0.006176292 |
|    clip_fraction        | 0.0557      |
|    clip_range           | 0.2         |
|    entropy_loss         | -0.779      |
|    explained_variance   | 0.349       |
|    learning_rate        | 0.0001      |
|    loss                 | 0.376       |
|    n_updates            | 1296        |
|    policy_gradient_loss | -0.0128     |
|    value_loss           | 0.443       |
-----------------------------------------
------------------------------------------
| episode/                |              |
|    lines_cleared_mean   | 6.9          |
|    perfect_clears_mean  | 0            |
|    pieces_placed_mean   | 28.7         |
| rollout/                |              |
|    ep_len_mean          | 30.3         |
|    ep_rew_mean          | 41.4         |
| time/                   |              |
|    fps                  | 774          |
|    iterations           | 326          |
|    time_elapsed         | 3445         |
|    total_timesteps      | 2670592      |
| train/                  |              |
|    approx_kl            | 0.0074633183 |
|    clip_fraction        | 0.0591       |
|    clip_range           | 0.2          |
|    entropy_loss         | -0.801       |
|    explained_variance   | 0.249        |
|    learning_rate        | 0.0001       |
|    loss                 | 0.53         |
|    n_updates            | 1300         |
|    policy_gradient_loss | -0.0138      |
|    value_loss           | 0.536        |
------------------------------------------
------------------------------------------
| episode/                |              |
|    lines_cleared_mean   | 6.6          |
|    perfect_clears_mean  | 0            |
|    pieces_placed_mean   | 28.5         |
| rollout/                |              |
|    ep_len_mean          | 29.1         |
|    ep_rew_mean          | 38.4         |
| time/                   |              |
|    fps                  | 775          |
|    iterations           | 327          |
|    time_elapsed         | 3455         |
|    total_timesteps      | 2678784      |
| train/                  |              |
|    approx_kl            | 0.0069959103 |
|    clip_fraction        | 0.0638       |
|    clip_range           | 0.2          |
|    entropy_loss         | -0.812       |
|    explained_variance   | 0.262        |
|    learning_rate        | 0.0001       |
|    loss                 | 0.385        |
|    n_updates            | 1304         |
|    policy_gradient_loss | -0.014       |
|    value_loss           | 0.463        |
------------------------------------------
-----------------------------------------
| episode/                |             |
|    lines_cleared_mean   | 6.64        |
|    perfect_clears_mean  | 0           |
|    pieces_placed_mean   | 28.5        |
| rollout/                |             |
|    ep_len_mean          | 27.4        |
|    ep_rew_mean          | 34.9        |
| time/                   |             |
|    fps                  | 775         |
|    iterations           | 328         |
|    time_elapsed         | 3465        |
|    total_timesteps      | 2686976     |
| train/                  |             |
|    approx_kl            | 0.007415816 |
|    clip_fraction        | 0.0563      |
|    clip_range           | 0.2         |
|    entropy_loss         | -0.811      |
|    explained_variance   | 0.226       |
|    learning_rate        | 0.0001      |
|    loss                 | 0.394       |
|    n_updates            | 1308        |
|    policy_gradient_loss | -0.0117     |
|    value_loss           | 0.517       |
-----------------------------------------
------------------------------------------
| episode/                |              |
|    lines_cleared_mean   | 6.2          |
|    perfect_clears_mean  | 0            |
|    pieces_placed_mean   | 26.7         |
| rollout/                |              |
|    ep_len_mean          | 29.4         |
|    ep_rew_mean          | 39.2         |
| time/                   |              |
|    fps                  | 775          |
|    iterations           | 329          |
|    time_elapsed         | 3475         |
|    total_timesteps      | 2695168      |
| train/                  |              |
|    approx_kl            | 0.0056508514 |
|    clip_fraction        | 0.0417       |
|    clip_range           | 0.2          |
|    entropy_loss         | -0.818       |
|    explained_variance   | 0.269        |
|    learning_rate        | 0.0001       |
|    loss                 | 0.436        |
|    n_updates            | 1312         |
|    policy_gradient_loss | -0.0122      |
|    value_loss           | 0.499        |
------------------------------------------
-----------------------------------------
| episode/                |             |
|    lines_cleared_mean   | 9.9         |
|    perfect_clears_mean  | 0           |
|    pieces_placed_mean   | 36          |
| rollout/                |             |
|    ep_len_mean          | 28.6        |
|    ep_rew_mean          | 37.8        |
| time/                   |             |
|    fps                  | 775         |
|    iterations           | 330         |
|    time_elapsed         | 3485        |
|    total_timesteps      | 2703360     |
| train/                  |             |
|    approx_kl            | 0.006001636 |
|    clip_fraction        | 0.0474      |
|    clip_range           | 0.2         |
|    entropy_loss         | -0.841      |
|    explained_variance   | 0.238       |
|    learning_rate        | 0.0001      |
|    loss                 | 0.517       |
|    n_updates            | 1316        |
|    policy_gradient_loss | -0.0126     |
|    value_loss           | 0.511       |
-----------------------------------------
-----------------------------------------
| episode/                |             |
|    lines_cleared_mean   | 6.8         |
|    perfect_clears_mean  | 0           |
|    pieces_placed_mean   | 28.7        |
| rollout/                |             |
|    ep_len_mean          | 26.4        |
|    ep_rew_mean          | 32.5        |
| time/                   |             |
|    fps                  | 775         |
|    iterations           | 331         |
|    time_elapsed         | 3495        |
|    total_timesteps      | 2711552     |
| train/                  |             |
|    approx_kl            | 0.006440795 |
|    clip_fraction        | 0.0557      |
|    clip_range           | 0.2         |
|    entropy_loss         | -0.842      |
|    explained_variance   | 0.311       |
|    learning_rate        | 0.0001      |
|    loss                 | 0.358       |
|    n_updates            | 1320        |
|    policy_gradient_loss | -0.0137     |
|    value_loss           | 0.462       |
-----------------------------------------
-----------------------------------------
| episode/                |             |
|    lines_cleared_mean   | 13          |
|    perfect_clears_mean  | 0           |
|    pieces_placed_mean   | 42.4        |
| rollout/                |             |
|    ep_len_mean          | 29.8        |
|    ep_rew_mean          | 40.6        |
| time/                   |             |
|    fps                  | 775         |
|    iterations           | 332         |
|    time_elapsed         | 3505        |
|    total_timesteps      | 2719744     |
| train/                  |             |
|    approx_kl            | 0.006729692 |
|    clip_fraction        | 0.0611      |
|    clip_range           | 0.2         |
|    entropy_loss         | -0.842      |
|    explained_variance   | 0.303       |
|    learning_rate        | 0.0001      |
|    loss                 | 0.433       |
|    n_updates            | 1324        |
|    policy_gradient_loss | -0.0136     |
|    value_loss           | 0.483       |
-----------------------------------------
-----------------------------------------
| episode/                |             |
|    lines_cleared_mean   | 7.1         |
|    perfect_clears_mean  | 0           |
|    pieces_placed_mean   | 28.2        |
| rollout/                |             |
|    ep_len_mean          | 30          |
|    ep_rew_mean          | 41.9        |
| time/                   |             |
|    fps                  | 775         |
|    iterations           | 333         |
|    time_elapsed         | 3515        |
|    total_timesteps      | 2727936     |
| train/                  |             |
|    approx_kl            | 0.007459921 |
|    clip_fraction        | 0.0679      |
|    clip_range           | 0.2         |
|    entropy_loss         | -0.827      |
|    explained_variance   | 0.296       |
|    learning_rate        | 0.0001      |
|    loss                 | 0.399       |
|    n_updates            | 1328        |
|    policy_gradient_loss | -0.0152     |
|    value_loss           | 0.486       |
-----------------------------------------
------------------------------------------
| episode/                |              |
|    lines_cleared_mean   | 8.5          |
|    perfect_clears_mean  | 0            |
|    pieces_placed_mean   | 31.1         |
| rollout/                |              |
|    ep_len_mean          | 31.2         |
|    ep_rew_mean          | 43.9         |
| time/                   |              |
|    fps                  | 776          |
|    iterations           | 334          |
|    time_elapsed         | 3525         |
|    total_timesteps      | 2736128      |
| train/                  |              |
|    approx_kl            | 0.0073752673 |
|    clip_fraction        | 0.0627       |
|    clip_range           | 0.2          |
|    entropy_loss         | -0.811       |
|    explained_variance   | 0.321        |
|    learning_rate        | 0.0001       |
|    loss                 | 0.391        |
|    n_updates            | 1332         |
|    policy_gradient_loss | -0.0144      |
|    value_loss           | 0.451        |
------------------------------------------
-----------------------------------------
| episode/                |             |
|    lines_cleared_mean   | 7.36        |
|    perfect_clears_mean  | 0           |
|    pieces_placed_mean   | 30.1        |
| rollout/                |             |
|    ep_len_mean          | 27.5        |
|    ep_rew_mean          | 35.8        |
| time/                   |             |
|    fps                  | 776         |
|    iterations           | 335         |
|    time_elapsed         | 3535        |
|    total_timesteps      | 2744320     |
| train/                  |             |
|    approx_kl            | 0.007224245 |
|    clip_fraction        | 0.0639      |
|    clip_range           | 0.2         |
|    entropy_loss         | -0.839      |
|    explained_variance   | 0.273       |
|    learning_rate        | 0.0001      |
|    loss                 | 0.45        |
|    n_updates            | 1336        |
|    policy_gradient_loss | -0.0157     |
|    value_loss           | 0.5         |
-----------------------------------------
-----------------------------------------
| episode/                |             |
|    lines_cleared_mean   | 6.82        |
|    perfect_clears_mean  | 0           |
|    pieces_placed_mean   | 29.5        |
| rollout/                |             |
|    ep_len_mean          | 27.5        |
|    ep_rew_mean          | 35.2        |
| time/                   |             |
|    fps                  | 776         |
|    iterations           | 336         |
|    time_elapsed         | 3546        |
|    total_timesteps      | 2752512     |
| train/                  |             |
|    approx_kl            | 0.006380124 |
|    clip_fraction        | 0.0531      |
|    clip_range           | 0.2         |
|    entropy_loss         | -0.835      |
|    explained_variance   | 0.258       |
|    learning_rate        | 0.0001      |
|    loss                 | 0.423       |
|    n_updates            | 1340        |
|    policy_gradient_loss | -0.0131     |
|    value_loss           | 0.543       |
-----------------------------------------
------------------------------------------
| episode/                |              |
|    lines_cleared_mean   | 5.7          |
|    perfect_clears_mean  | 0            |
|    pieces_placed_mean   | 25.6         |
| rollout/                |              |
|    ep_len_mean          | 28.9         |
|    ep_rew_mean          | 38.4         |
| time/                   |              |
|    fps                  | 776          |
|    iterations           | 337          |
|    time_elapsed         | 3556         |
|    total_timesteps      | 2760704      |
| train/                  |              |
|    approx_kl            | 0.0067635067 |
|    clip_fraction        | 0.0589       |
|    clip_range           | 0.2          |
|    entropy_loss         | -0.837       |
|    explained_variance   | 0.244        |
|    learning_rate        | 0.0001       |
|    loss                 | 0.41         |
|    n_updates            | 1344         |
|    policy_gradient_loss | -0.0139      |
|    value_loss           | 0.536        |
------------------------------------------
------------------------------------------
| episode/                |              |
|    lines_cleared_mean   | 9.2          |
|    perfect_clears_mean  | 0            |
|    pieces_placed_mean   | 33.9         |
| rollout/                |              |
|    ep_len_mean          | 30.2         |
|    ep_rew_mean          | 41.5         |
| time/                   |              |
|    fps                  | 776          |
|    iterations           | 338          |
|    time_elapsed         | 3566         |
|    total_timesteps      | 2768896      |
| train/                  |              |
|    approx_kl            | 0.0062177815 |
|    clip_fraction        | 0.0569       |
|    clip_range           | 0.2          |
|    entropy_loss         | -0.813       |
|    explained_variance   | 0.319        |
|    learning_rate        | 0.0001       |
|    loss                 | 0.345        |
|    n_updates            | 1348         |
|    policy_gradient_loss | -0.0127      |
|    value_loss           | 0.445        |
------------------------------------------
----------------------------------------
| episode/                |            |
|    lines_cleared_mean   | 7.09       |
|    perfect_clears_mean  | 0          |
|    pieces_placed_mean   | 29.2       |
| rollout/                |            |
|    ep_len_mean          | 29.9       |
|    ep_rew_mean          | 41.4       |
| time/                   |            |
|    fps                  | 776        |
|    iterations           | 339        |
|    time_elapsed         | 3577       |
|    total_timesteps      | 2777088    |
| train/                  |            |
|    approx_kl            | 0.00660067 |
|    clip_fraction        | 0.056      |
|    clip_range           | 0.2        |
|    entropy_loss         | -0.813     |
|    explained_variance   | 0.231      |
|    learning_rate        | 0.0001     |
|    loss                 | 0.416      |
|    n_updates            | 1352       |
|    policy_gradient_loss | -0.0133    |
|    value_loss           | 0.497      |
----------------------------------------
------------------------------------------
| episode/                |              |
|    lines_cleared_mean   | 9.36         |
|    perfect_clears_mean  | 0            |
|    pieces_placed_mean   | 36.1         |
| rollout/                |              |
|    ep_len_mean          | 31.4         |
|    ep_rew_mean          | 44.1         |
| time/                   |              |
|    fps                  | 776          |
|    iterations           | 340          |
|    time_elapsed         | 3587         |
|    total_timesteps      | 2785280      |
| train/                  |              |
|    approx_kl            | 0.0077484166 |
|    clip_fraction        | 0.0666       |
|    clip_range           | 0.2          |
|    entropy_loss         | -0.824       |
|    explained_variance   | 0.287        |
|    learning_rate        | 0.0001       |
|    loss                 | 0.466        |
|    n_updates            | 1356         |
|    policy_gradient_loss | -0.0145      |
|    value_loss           | 0.517        |
------------------------------------------
------------------------------------------
| episode/                |              |
|    lines_cleared_mean   | 7.9          |
|    perfect_clears_mean  | 0            |
|    pieces_placed_mean   | 31           |
| rollout/                |              |
|    ep_len_mean          | 27.1         |
|    ep_rew_mean          | 34.2         |
| time/                   |              |
|    fps                  | 776          |
|    iterations           | 341          |
|    time_elapsed         | 3598         |
|    total_timesteps      | 2793472      |
| train/                  |              |
|    approx_kl            | 0.0072555644 |
|    clip_fraction        | 0.0593       |
|    clip_range           | 0.2          |
|    entropy_loss         | -0.843       |
|    explained_variance   | 0.288        |
|    learning_rate        | 0.0001       |
|    loss                 | 0.474        |
|    n_updates            | 1360         |
|    policy_gradient_loss | -0.0138      |
|    value_loss           | 0.497        |
------------------------------------------
------------------------------------------
| episode/                |              |
|    lines_cleared_mean   | 8            |
|    perfect_clears_mean  | 0            |
|    pieces_placed_mean   | 30.6         |
| rollout/                |              |
|    ep_len_mean          | 30.4         |
|    ep_rew_mean          | 41.6         |
| time/                   |              |
|    fps                  | 776          |
|    iterations           | 342          |
|    time_elapsed         | 3608         |
|    total_timesteps      | 2801664      |
| train/                  |              |
|    approx_kl            | 0.0070473785 |
|    clip_fraction        | 0.0592       |
|    clip_range           | 0.2          |
|    entropy_loss         | -0.836       |
|    explained_variance   | 0.26         |
|    learning_rate        | 0.0001       |
|    loss                 | 0.416        |
|    n_updates            | 1364         |
|    policy_gradient_loss | -0.0151      |
|    value_loss           | 0.525        |
------------------------------------------
------------------------------------------
| episode/                |              |
|    lines_cleared_mean   | 5.7          |
|    perfect_clears_mean  | 0            |
|    pieces_placed_mean   | 25.5         |
| rollout/                |              |
|    ep_len_mean          | 30.2         |
|    ep_rew_mean          | 41.6         |
| time/                   |              |
|    fps                  | 776          |
|    iterations           | 343          |
|    time_elapsed         | 3618         |
|    total_timesteps      | 2809856      |
| train/                  |              |
|    approx_kl            | 0.0066496534 |
|    clip_fraction        | 0.0544       |
|    clip_range           | 0.2          |
|    entropy_loss         | -0.835       |
|    explained_variance   | 0.24         |
|    learning_rate        | 0.0001       |
|    loss                 | 0.457        |
|    n_updates            | 1368         |
|    policy_gradient_loss | -0.0139      |
|    value_loss           | 0.525        |
------------------------------------------
------------------------------------------
| episode/                |              |
|    lines_cleared_mean   | 6.6          |
|    perfect_clears_mean  | 0            |
|    pieces_placed_mean   | 27.7         |
| rollout/                |              |
|    ep_len_mean          | 28.5         |
|    ep_rew_mean          | 38           |
| time/                   |              |
|    fps                  | 776          |
|    iterations           | 344          |
|    time_elapsed         | 3629         |
|    total_timesteps      | 2818048      |
| train/                  |              |
|    approx_kl            | 0.0069598593 |
|    clip_fraction        | 0.0626       |
|    clip_range           | 0.2          |
|    entropy_loss         | -0.831       |
|    explained_variance   | 0.3          |
|    learning_rate        | 0.0001       |
|    loss                 | 0.39         |
|    n_updates            | 1372         |
|    policy_gradient_loss | -0.0158      |
|    value_loss           | 0.468        |
------------------------------------------
------------------------------------------
| episode/                |              |
|    lines_cleared_mean   | 8.5          |
|    perfect_clears_mean  | 0            |
|    pieces_placed_mean   | 31.5         |
| rollout/                |              |
|    ep_len_mean          | 30.9         |
|    ep_rew_mean          | 43           |
| time/                   |              |
|    fps                  | 776          |
|    iterations           | 345          |
|    time_elapsed         | 3639         |
|    total_timesteps      | 2826240      |
| train/                  |              |
|    approx_kl            | 0.0069540604 |
|    clip_fraction        | 0.0592       |
|    clip_range           | 0.2          |
|    entropy_loss         | -0.831       |
|    explained_variance   | 0.306        |
|    learning_rate        | 0.0001       |
|    loss                 | 0.35         |
|    n_updates            | 1376         |
|    policy_gradient_loss | -0.0129      |
|    value_loss           | 0.457        |
------------------------------------------
------------------------------------------
| episode/                |              |
|    lines_cleared_mean   | 8.5          |
|    perfect_clears_mean  | 0            |
|    pieces_placed_mean   | 33.3         |
| rollout/                |              |
|    ep_len_mean          | 30.4         |
|    ep_rew_mean          | 42           |
| time/                   |              |
|    fps                  | 776          |
|    iterations           | 346          |
|    time_elapsed         | 3650         |
|    total_timesteps      | 2834432      |
| train/                  |              |
|    approx_kl            | 0.0064355135 |
|    clip_fraction        | 0.0628       |
|    clip_range           | 0.2          |
|    entropy_loss         | -0.822       |
|    explained_variance   | 0.327        |
|    learning_rate        | 0.0001       |
|    loss                 | 0.41         |
|    n_updates            | 1380         |
|    policy_gradient_loss | -0.0139      |
|    value_loss           | 0.449        |
------------------------------------------
------------------------------------------
| episode/                |              |
|    lines_cleared_mean   | 8.4          |
|    perfect_clears_mean  | 0            |
|    pieces_placed_mean   | 31.3         |
| rollout/                |              |
|    ep_len_mean          | 31.2         |
|    ep_rew_mean          | 43.3         |
| time/                   |              |
|    fps                  | 776          |
|    iterations           | 347          |
|    time_elapsed         | 3660         |
|    total_timesteps      | 2842624      |
| train/                  |              |
|    approx_kl            | 0.0067164553 |
|    clip_fraction        | 0.0682       |
|    clip_range           | 0.2          |
|    entropy_loss         | -0.83        |
|    explained_variance   | 0.321        |
|    learning_rate        | 0.0001       |
|    loss                 | 0.31         |
|    n_updates            | 1384         |
|    policy_gradient_loss | -0.0151      |
|    value_loss           | 0.467        |
------------------------------------------
-----------------------------------------
| episode/                |             |
|    lines_cleared_mean   | 5.4         |
|    perfect_clears_mean  | 0           |
|    pieces_placed_mean   | 25.3        |
| rollout/                |             |
|    ep_len_mean          | 28.6        |
|    ep_rew_mean          | 38          |
| time/                   |             |
|    fps                  | 776         |
|    iterations           | 348         |
|    time_elapsed         | 3670        |
|    total_timesteps      | 2850816     |
| train/                  |             |
|    approx_kl            | 0.006267359 |
|    clip_fraction        | 0.0576      |
|    clip_range           | 0.2         |
|    entropy_loss         | -0.838      |
|    explained_variance   | 0.332       |
|    learning_rate        | 0.0001      |
|    loss                 | 0.363       |
|    n_updates            | 1388        |
|    policy_gradient_loss | -0.0142     |
|    value_loss           | 0.446       |
-----------------------------------------
------------------------------------------
| episode/                |              |
|    lines_cleared_mean   | 5.9          |
|    perfect_clears_mean  | 0            |
|    pieces_placed_mean   | 26.7         |
| rollout/                |              |
|    ep_len_mean          | 29.8         |
|    ep_rew_mean          | 40.9         |
| time/                   |              |
|    fps                  | 776          |
|    iterations           | 349          |
|    time_elapsed         | 3681         |
|    total_timesteps      | 2859008      |
| train/                  |              |
|    approx_kl            | 0.0070459093 |
|    clip_fraction        | 0.0666       |
|    clip_range           | 0.2          |
|    entropy_loss         | -0.846       |
|    explained_variance   | 0.33         |
|    learning_rate        | 0.0001       |
|    loss                 | 0.393        |
|    n_updates            | 1392         |
|    policy_gradient_loss | -0.0151      |
|    value_loss           | 0.461        |
------------------------------------------
------------------------------------------
| episode/                |              |
|    lines_cleared_mean   | 6.3          |
|    perfect_clears_mean  | 0            |
|    pieces_placed_mean   | 27.2         |
| rollout/                |              |
|    ep_len_mean          | 31           |
|    ep_rew_mean          | 43.5         |
| time/                   |              |
|    fps                  | 776          |
|    iterations           | 350          |
|    time_elapsed         | 3691         |
|    total_timesteps      | 2867200      |
| train/                  |              |
|    approx_kl            | 0.0057017817 |
|    clip_fraction        | 0.0517       |
|    clip_range           | 0.2          |
|    entropy_loss         | -0.831       |
|    explained_variance   | 0.297        |
|    learning_rate        | 0.0001       |
|    loss                 | 0.428        |
|    n_updates            | 1396         |
|    policy_gradient_loss | -0.0126      |
|    value_loss           | 0.504        |
------------------------------------------
-----------------------------------------
| episode/                |             |
|    lines_cleared_mean   | 5.5         |
|    perfect_clears_mean  | 0           |
|    pieces_placed_mean   | 24.6        |
| rollout/                |             |
|    ep_len_mean          | 27.8        |
|    ep_rew_mean          | 35.3        |
| time/                   |             |
|    fps                  | 776         |
|    iterations           | 351         |
|    time_elapsed         | 3701        |
|    total_timesteps      | 2875392     |
| train/                  |             |
|    approx_kl            | 0.007229623 |
|    clip_fraction        | 0.0594      |
|    clip_range           | 0.2         |
|    entropy_loss         | -0.845      |
|    explained_variance   | 0.293       |
|    learning_rate        | 0.0001      |
|    loss                 | 0.389       |
|    n_updates            | 1400        |
|    policy_gradient_loss | -0.0147     |
|    value_loss           | 0.475       |
-----------------------------------------
-----------------------------------------
| episode/                |             |
|    lines_cleared_mean   | 5.2         |
|    perfect_clears_mean  | 0           |
|    pieces_placed_mean   | 26.5        |
| rollout/                |             |
|    ep_len_mean          | 30          |
|    ep_rew_mean          | 40.6        |
| time/                   |             |
|    fps                  | 776         |
|    iterations           | 352         |
|    time_elapsed         | 3712        |
|    total_timesteps      | 2883584     |
| train/                  |             |
|    approx_kl            | 0.008221801 |
|    clip_fraction        | 0.0716      |
|    clip_range           | 0.2         |
|    entropy_loss         | -0.874      |
|    explained_variance   | 0.296       |
|    learning_rate        | 0.0001      |
|    loss                 | 0.427       |
|    n_updates            | 1404        |
|    policy_gradient_loss | -0.0169     |
|    value_loss           | 0.49        |
-----------------------------------------
-----------------------------------------
| episode/                |             |
|    lines_cleared_mean   | 6.82        |
|    perfect_clears_mean  | 0           |
|    pieces_placed_mean   | 28.6        |
| rollout/                |             |
|    ep_len_mean          | 28.9        |
|    ep_rew_mean          | 38.7        |
| time/                   |             |
|    fps                  | 776         |
|    iterations           | 353         |
|    time_elapsed         | 3722        |
|    total_timesteps      | 2891776     |
| train/                  |             |
|    approx_kl            | 0.006015988 |
|    clip_fraction        | 0.0484      |
|    clip_range           | 0.2         |
|    entropy_loss         | -0.844      |
|    explained_variance   | 0.307       |
|    learning_rate        | 0.0001      |
|    loss                 | 0.327       |
|    n_updates            | 1408        |
|    policy_gradient_loss | -0.0128     |
|    value_loss           | 0.485       |
-----------------------------------------
------------------------------------------
| episode/                |              |
|    lines_cleared_mean   | 8.5          |
|    perfect_clears_mean  | 0            |
|    pieces_placed_mean   | 31.8         |
| rollout/                |              |
|    ep_len_mean          | 29.3         |
|    ep_rew_mean          | 38.7         |
| time/                   |              |
|    fps                  | 776          |
|    iterations           | 354          |
|    time_elapsed         | 3732         |
|    total_timesteps      | 2899968      |
| train/                  |              |
|    approx_kl            | 0.0065080323 |
|    clip_fraction        | 0.058        |
|    clip_range           | 0.2          |
|    entropy_loss         | -0.835       |
|    explained_variance   | 0.285        |
|    learning_rate        | 0.0001       |
|    loss                 | 0.406        |
|    n_updates            | 1412         |
|    policy_gradient_loss | -0.0148      |
|    value_loss           | 0.476        |
------------------------------------------
-----------------------------------------
| episode/                |             |
|    lines_cleared_mean   | 6.4         |
|    perfect_clears_mean  | 0           |
|    pieces_placed_mean   | 26.4        |
| rollout/                |             |
|    ep_len_mean          | 31          |
|    ep_rew_mean          | 42.9        |
| time/                   |             |
|    fps                  | 776         |
|    iterations           | 355         |
|    time_elapsed         | 3743        |
|    total_timesteps      | 2908160     |
| train/                  |             |
|    approx_kl            | 0.007076926 |
|    clip_fraction        | 0.0691      |
|    clip_range           | 0.2         |
|    entropy_loss         | -0.853      |
|    explained_variance   | 0.342       |
|    learning_rate        | 0.0001      |
|    loss                 | 0.347       |
|    n_updates            | 1416        |
|    policy_gradient_loss | -0.0135     |
|    value_loss           | 0.421       |
-----------------------------------------
------------------------------------------
| episode/                |              |
|    lines_cleared_mean   | 7.8          |
|    perfect_clears_mean  | 0            |
|    pieces_placed_mean   | 31           |
| rollout/                |              |
|    ep_len_mean          | 30.2         |
|    ep_rew_mean          | 41.6         |
| time/                   |              |
|    fps                  | 776          |
|    iterations           | 356          |
|    time_elapsed         | 3753         |
|    total_timesteps      | 2916352      |
| train/                  |              |
|    approx_kl            | 0.0067011556 |
|    clip_fraction        | 0.063        |
|    clip_range           | 0.2          |
|    entropy_loss         | -0.829       |
|    explained_variance   | 0.276        |
|    learning_rate        | 0.0001       |
|    loss                 | 0.455        |
|    n_updates            | 1420         |
|    policy_gradient_loss | -0.0141      |
|    value_loss           | 0.485        |
------------------------------------------
------------------------------------------
| episode/                |              |
|    lines_cleared_mean   | 7.2          |
|    perfect_clears_mean  | 0            |
|    pieces_placed_mean   | 29.2         |
| rollout/                |              |
|    ep_len_mean          | 28.5         |
|    ep_rew_mean          | 37.8         |
| time/                   |              |
|    fps                  | 777          |
|    iterations           | 357          |
|    time_elapsed         | 3763         |
|    total_timesteps      | 2924544      |
| train/                  |              |
|    approx_kl            | 0.0059436923 |
|    clip_fraction        | 0.0512       |
|    clip_range           | 0.2          |
|    entropy_loss         | -0.829       |
|    explained_variance   | 0.208        |
|    learning_rate        | 0.0001       |
|    loss                 | 0.385        |
|    n_updates            | 1424         |
|    policy_gradient_loss | -0.0137      |
|    value_loss           | 0.531        |
------------------------------------------
------------------------------------------
| episode/                |              |
|    lines_cleared_mean   | 9.8          |
|    perfect_clears_mean  | 0            |
|    pieces_placed_mean   | 35.6         |
| rollout/                |              |
|    ep_len_mean          | 29.6         |
|    ep_rew_mean          | 40.6         |
| time/                   |              |
|    fps                  | 777          |
|    iterations           | 358          |
|    time_elapsed         | 3774         |
|    total_timesteps      | 2932736      |
| train/                  |              |
|    approx_kl            | 0.0050954306 |
|    clip_fraction        | 0.0453       |
|    clip_range           | 0.2          |
|    entropy_loss         | -0.825       |
|    explained_variance   | 0.305        |
|    learning_rate        | 0.0001       |
|    loss                 | 0.424        |
|    n_updates            | 1428         |
|    policy_gradient_loss | -0.0115      |
|    value_loss           | 0.524        |
------------------------------------------
------------------------------------------
| episode/                |              |
|    lines_cleared_mean   | 4.5          |
|    perfect_clears_mean  | 0            |
|    pieces_placed_mean   | 23.3         |
| rollout/                |              |
|    ep_len_mean          | 28.4         |
|    ep_rew_mean          | 37.4         |
| time/                   |              |
|    fps                  | 777          |
|    iterations           | 359          |
|    time_elapsed         | 3784         |
|    total_timesteps      | 2940928      |
| train/                  |              |
|    approx_kl            | 0.0065933755 |
|    clip_fraction        | 0.0525       |
|    clip_range           | 0.2          |
|    entropy_loss         | -0.801       |
|    explained_variance   | 0.289        |
|    learning_rate        | 0.0001       |
|    loss                 | 0.41         |
|    n_updates            | 1432         |
|    policy_gradient_loss | -0.0134      |
|    value_loss           | 0.466        |
------------------------------------------
-----------------------------------------
| episode/                |             |
|    lines_cleared_mean   | 4.7         |
|    perfect_clears_mean  | 0           |
|    pieces_placed_mean   | 22.6        |
| rollout/                |             |
|    ep_len_mean          | 28.3        |
|    ep_rew_mean          | 37          |
| time/                   |             |
|    fps                  | 777         |
|    iterations           | 360         |
|    time_elapsed         | 3794        |
|    total_timesteps      | 2949120     |
| train/                  |             |
|    approx_kl            | 0.006406321 |
|    clip_fraction        | 0.0595      |
|    clip_range           | 0.2         |
|    entropy_loss         | -0.821      |
|    explained_variance   | 0.247       |
|    learning_rate        | 0.0001      |
|    loss                 | 0.462       |
|    n_updates            | 1436        |
|    policy_gradient_loss | -0.0141     |
|    value_loss           | 0.47        |
-----------------------------------------
-----------------------------------------
| episode/                |             |
|    lines_cleared_mean   | 6.55        |
|    perfect_clears_mean  | 0           |
|    pieces_placed_mean   | 27.6        |
| rollout/                |             |
|    ep_len_mean          | 29.4        |
|    ep_rew_mean          | 39.6        |
| time/                   |             |
|    fps                  | 777         |
|    iterations           | 361         |
|    time_elapsed         | 3804        |
|    total_timesteps      | 2957312     |
| train/                  |             |
|    approx_kl            | 0.007719023 |
|    clip_fraction        | 0.0561      |
|    clip_range           | 0.2         |
|    entropy_loss         | -0.831      |
|    explained_variance   | 0.318       |
|    learning_rate        | 0.0001      |
|    loss                 | 0.394       |
|    n_updates            | 1440        |
|    policy_gradient_loss | -0.0135     |
|    value_loss           | 0.457       |
-----------------------------------------
-----------------------------------------
| episode/                |             |
|    lines_cleared_mean   | 10.1        |
|    perfect_clears_mean  | 0           |
|    pieces_placed_mean   | 37          |
| rollout/                |             |
|    ep_len_mean          | 31.4        |
|    ep_rew_mean          | 44.1        |
| time/                   |             |
|    fps                  | 777         |
|    iterations           | 362         |
|    time_elapsed         | 3815        |
|    total_timesteps      | 2965504     |
| train/                  |             |
|    approx_kl            | 0.006115333 |
|    clip_fraction        | 0.052       |
|    clip_range           | 0.2         |
|    entropy_loss         | -0.798      |
|    explained_variance   | 0.296       |
|    learning_rate        | 0.0001      |
|    loss                 | 0.391       |
|    n_updates            | 1444        |
|    policy_gradient_loss | -0.0138     |
|    value_loss           | 0.453       |
-----------------------------------------
------------------------------------------
| episode/                |              |
|    lines_cleared_mean   | 7.9          |
|    perfect_clears_mean  | 0            |
|    pieces_placed_mean   | 32           |
| rollout/                |              |
|    ep_len_mean          | 30.8         |
|    ep_rew_mean          | 42.6         |
| time/                   |              |
|    fps                  | 777          |
|    iterations           | 363          |
|    time_elapsed         | 3825         |
|    total_timesteps      | 2973696      |
| train/                  |              |
|    approx_kl            | 0.0069512846 |
|    clip_fraction        | 0.0608       |
|    clip_range           | 0.2          |
|    entropy_loss         | -0.803       |
|    explained_variance   | 0.312        |
|    learning_rate        | 0.0001       |
|    loss                 | 0.379        |
|    n_updates            | 1448         |
|    policy_gradient_loss | -0.014       |
|    value_loss           | 0.445        |
------------------------------------------
-----------------------------------------
| episode/                |             |
|    lines_cleared_mean   | 7.4         |
|    perfect_clears_mean  | 0           |
|    pieces_placed_mean   | 31.1        |
| rollout/                |             |
|    ep_len_mean          | 30.5        |
|    ep_rew_mean          | 42          |
| time/                   |             |
|    fps                  | 777         |
|    iterations           | 364         |
|    time_elapsed         | 3835        |
|    total_timesteps      | 2981888     |
| train/                  |             |
|    approx_kl            | 0.006521074 |
|    clip_fraction        | 0.0568      |
|    clip_range           | 0.2         |
|    entropy_loss         | -0.813      |
|    explained_variance   | 0.286       |
|    learning_rate        | 0.0001      |
|    loss                 | 0.409       |
|    n_updates            | 1452        |
|    policy_gradient_loss | -0.0136     |
|    value_loss           | 0.499       |
-----------------------------------------
-----------------------------------------
| episode/                |             |
|    lines_cleared_mean   | 7.9         |
|    perfect_clears_mean  | 0           |
|    pieces_placed_mean   | 30.8        |
| rollout/                |             |
|    ep_len_mean          | 30.1        |
|    ep_rew_mean          | 41.7        |
| time/                   |             |
|    fps                  | 777         |
|    iterations           | 365         |
|    time_elapsed         | 3846        |
|    total_timesteps      | 2990080     |
| train/                  |             |
|    approx_kl            | 0.006563128 |
|    clip_fraction        | 0.0578      |
|    clip_range           | 0.2         |
|    entropy_loss         | -0.817      |
|    explained_variance   | 0.331       |
|    learning_rate        | 0.0001      |
|    loss                 | 0.31        |
|    n_updates            | 1456        |
|    policy_gradient_loss | -0.0137     |
|    value_loss           | 0.429       |
-----------------------------------------
------------------------------------------
| episode/                |              |
|    lines_cleared_mean   | 7.73         |
|    perfect_clears_mean  | 0            |
|    pieces_placed_mean   | 31.6         |
| rollout/                |              |
|    ep_len_mean          | 31.4         |
|    ep_rew_mean          | 44.5         |
| time/                   |              |
|    fps                  | 777          |
|    iterations           | 366          |
|    time_elapsed         | 3856         |
|    total_timesteps      | 2998272      |
| train/                  |              |
|    approx_kl            | 0.0066019623 |
|    clip_fraction        | 0.0562       |
|    clip_range           | 0.2          |
|    entropy_loss         | -0.801       |
|    explained_variance   | 0.273        |
|    learning_rate        | 0.0001       |
|    loss                 | 0.39         |
|    n_updates            | 1460         |
|    policy_gradient_loss | -0.0132      |
|    value_loss           | 0.465        |
------------------------------------------
------------------------------------------
| episode/                |              |
|    lines_cleared_mean   | 6.9          |
|    perfect_clears_mean  | 0            |
|    pieces_placed_mean   | 28.9         |
| rollout/                |              |
|    ep_len_mean          | 31.3         |
|    ep_rew_mean          | 43.8         |
| time/                   |              |
|    fps                  | 777          |
|    iterations           | 367          |
|    time_elapsed         | 3866         |
|    total_timesteps      | 3006464      |
| train/                  |              |
|    approx_kl            | 0.0065740766 |
|    clip_fraction        | 0.0554       |
|    clip_range           | 0.2          |
|    entropy_loss         | -0.784       |
|    explained_variance   | 0.261        |
|    learning_rate        | 0.0001       |
|    loss                 | 0.42         |
|    n_updates            | 1464         |
|    policy_gradient_loss | -0.0131      |
|    value_loss           | 0.491        |
------------------------------------------
-----------------------------------------
| episode/                |             |
|    lines_cleared_mean   | 8.64        |
|    perfect_clears_mean  | 0           |
|    pieces_placed_mean   | 32.3        |
| rollout/                |             |
|    ep_len_mean          | 29.5        |
|    ep_rew_mean          | 40.1        |
| time/                   |             |
|    fps                  | 777         |
|    iterations           | 368         |
|    time_elapsed         | 3876        |
|    total_timesteps      | 3014656     |
| train/                  |             |
|    approx_kl            | 0.007136725 |
|    clip_fraction        | 0.0629      |
|    clip_range           | 0.2         |
|    entropy_loss         | -0.789      |
|    explained_variance   | 0.318       |
|    learning_rate        | 0.0001      |
|    loss                 | 0.376       |
|    n_updates            | 1468        |
|    policy_gradient_loss | -0.0149     |
|    value_loss           | 0.474       |
-----------------------------------------
-----------------------------------------
| episode/                |             |
|    lines_cleared_mean   | 10.1        |
|    perfect_clears_mean  | 0           |
|    pieces_placed_mean   | 35.5        |
| rollout/                |             |
|    ep_len_mean          | 31.3        |
|    ep_rew_mean          | 43.8        |
| time/                   |             |
|    fps                  | 777         |
|    iterations           | 369         |
|    time_elapsed         | 3887        |
|    total_timesteps      | 3022848     |
| train/                  |             |
|    approx_kl            | 0.006487523 |
|    clip_fraction        | 0.053       |
|    clip_range           | 0.2         |
|    entropy_loss         | -0.785      |
|    explained_variance   | 0.269       |
|    learning_rate        | 0.0001      |
|    loss                 | 0.393       |
|    n_updates            | 1472        |
|    policy_gradient_loss | -0.0129     |
|    value_loss           | 0.443       |
-----------------------------------------
------------------------------------------
| episode/                |              |
|    lines_cleared_mean   | 18.9         |
|    perfect_clears_mean  | 0            |
|    pieces_placed_mean   | 58.2         |
| rollout/                |              |
|    ep_len_mean          | 33.9         |
|    ep_rew_mean          | 49.6         |
| time/                   |              |
|    fps                  | 777          |
|    iterations           | 370          |
|    time_elapsed         | 3897         |
|    total_timesteps      | 3031040      |
| train/                  |              |
|    approx_kl            | 0.0062787123 |
|    clip_fraction        | 0.0582       |
|    clip_range           | 0.2          |
|    entropy_loss         | -0.787       |
|    explained_variance   | 0.243        |
|    learning_rate        | 0.0001       |
|    loss                 | 0.407        |
|    n_updates            | 1476         |
|    policy_gradient_loss | -0.0149      |
|    value_loss           | 0.479        |
------------------------------------------
-----------------------------------------
| episode/                |             |
|    lines_cleared_mean   | 9.09        |
|    perfect_clears_mean  | 0.0909      |
|    pieces_placed_mean   | 32.8        |
| rollout/                |             |
|    ep_len_mean          | 30.8        |
|    ep_rew_mean          | 43.9        |
| time/                   |             |
|    fps                  | 777         |
|    iterations           | 371         |
|    time_elapsed         | 3907        |
|    total_timesteps      | 3039232     |
| train/                  |             |
|    approx_kl            | 0.007718916 |
|    clip_fraction        | 0.0641      |
|    clip_range           | 0.2         |
|    entropy_loss         | -0.782      |
|    explained_variance   | 0.235       |
|    learning_rate        | 0.0001      |
|    loss                 | 0.455       |
|    n_updates            | 1480        |
|    policy_gradient_loss | -0.0148     |
|    value_loss           | 0.547       |
-----------------------------------------
-----------------------------------------
| episode/                |             |
|    lines_cleared_mean   | 9.09        |
|    perfect_clears_mean  | 0           |
|    pieces_placed_mean   | 34.4        |
| rollout/                |             |
|    ep_len_mean          | 30.6        |
|    ep_rew_mean          | 42.7        |
| time/                   |             |
|    fps                  | 777         |
|    iterations           | 372         |
|    time_elapsed         | 3918        |
|    total_timesteps      | 3047424     |
| train/                  |             |
|    approx_kl            | 0.006054809 |
|    clip_fraction        | 0.0559      |
|    clip_range           | 0.2         |
|    entropy_loss         | -0.775      |
|    explained_variance   | 0.27        |
|    learning_rate        | 0.0001      |
|    loss                 | 0.419       |
|    n_updates            | 1484        |
|    policy_gradient_loss | -0.0142     |
|    value_loss           | 0.492       |
-----------------------------------------
-----------------------------------------
| episode/                |             |
|    lines_cleared_mean   | 9.27        |
|    perfect_clears_mean  | 0           |
|    pieces_placed_mean   | 34.7        |
| rollout/                |             |
|    ep_len_mean          | 30.4        |
|    ep_rew_mean          | 41.6        |
| time/                   |             |
|    fps                  | 777         |
|    iterations           | 373         |
|    time_elapsed         | 3928        |
|    total_timesteps      | 3055616     |
| train/                  |             |
|    approx_kl            | 0.005892407 |
|    clip_fraction        | 0.0503      |
|    clip_range           | 0.2         |
|    entropy_loss         | -0.774      |
|    explained_variance   | 0.26        |
|    learning_rate        | 0.0001      |
|    loss                 | 0.383       |
|    n_updates            | 1488        |
|    policy_gradient_loss | -0.0119     |
|    value_loss           | 0.499       |
-----------------------------------------
------------------------------------------
| episode/                |              |
|    lines_cleared_mean   | 6.5          |
|    perfect_clears_mean  | 0            |
|    pieces_placed_mean   | 28.5         |
| rollout/                |              |
|    ep_len_mean          | 28.2         |
|    ep_rew_mean          | 37.5         |
| time/                   |              |
|    fps                  | 777          |
|    iterations           | 374          |
|    time_elapsed         | 3938         |
|    total_timesteps      | 3063808      |
| train/                  |              |
|    approx_kl            | 0.0058111763 |
|    clip_fraction        | 0.0553       |
|    clip_range           | 0.2          |
|    entropy_loss         | -0.787       |
|    explained_variance   | 0.264        |
|    learning_rate        | 0.0001       |
|    loss                 | 0.373        |
|    n_updates            | 1492         |
|    policy_gradient_loss | -0.0129      |
|    value_loss           | 0.503        |
------------------------------------------
------------------------------------------
| episode/                |              |
|    lines_cleared_mean   | 7.7          |
|    perfect_clears_mean  | 0            |
|    pieces_placed_mean   | 30.7         |
| rollout/                |              |
|    ep_len_mean          | 33.6         |
|    ep_rew_mean          | 48.6         |
| time/                   |              |
|    fps                  | 777          |
|    iterations           | 375          |
|    time_elapsed         | 3948         |
|    total_timesteps      | 3072000      |
| train/                  |              |
|    approx_kl            | 0.0063085584 |
|    clip_fraction        | 0.0575       |
|    clip_range           | 0.2          |
|    entropy_loss         | -0.795       |
|    explained_variance   | 0.302        |
|    learning_rate        | 0.0001       |
|    loss                 | 0.472        |
|    n_updates            | 1496         |
|    policy_gradient_loss | -0.0129      |
|    value_loss           | 0.451        |
------------------------------------------
-----------------------------------------
| episode/                |             |
|    lines_cleared_mean   | 6.7         |
|    perfect_clears_mean  | 0           |
|    pieces_placed_mean   | 28.5        |
| rollout/                |             |
|    ep_len_mean          | 30.1        |
|    ep_rew_mean          | 41.5        |
| time/                   |             |
|    fps                  | 777         |
|    iterations           | 376         |
|    time_elapsed         | 3959        |
|    total_timesteps      | 3080192     |
| train/                  |             |
|    approx_kl            | 0.007084971 |
|    clip_fraction        | 0.0591      |
|    clip_range           | 0.2         |
|    entropy_loss         | -0.76       |
|    explained_variance   | 0.213       |
|    learning_rate        | 0.0001      |
|    loss                 | 0.394       |
|    n_updates            | 1500        |
|    policy_gradient_loss | -0.0127     |
|    value_loss           | 0.468       |
-----------------------------------------
-----------------------------------------
| episode/                |             |
|    lines_cleared_mean   | 7.4         |
|    perfect_clears_mean  | 0           |
|    pieces_placed_mean   | 29.8        |
| rollout/                |             |
|    ep_len_mean          | 29.7        |
|    ep_rew_mean          | 40          |
| time/                   |             |
|    fps                  | 777         |
|    iterations           | 377         |
|    time_elapsed         | 3969        |
|    total_timesteps      | 3088384     |
| train/                  |             |
|    approx_kl            | 0.006004408 |
|    clip_fraction        | 0.0519      |
|    clip_range           | 0.2         |
|    entropy_loss         | -0.774      |
|    explained_variance   | 0.276       |
|    learning_rate        | 0.0001      |
|    loss                 | 0.418       |
|    n_updates            | 1504        |
|    policy_gradient_loss | -0.0129     |
|    value_loss           | 0.458       |
-----------------------------------------
-----------------------------------------
| episode/                |             |
|    lines_cleared_mean   | 6.73        |
|    perfect_clears_mean  | 0           |
|    pieces_placed_mean   | 29.2        |
| rollout/                |             |
|    ep_len_mean          | 30.5        |
|    ep_rew_mean          | 41.4        |
| time/                   |             |
|    fps                  | 778         |
|    iterations           | 378         |
|    time_elapsed         | 3980        |
|    total_timesteps      | 3096576     |
| train/                  |             |
|    approx_kl            | 0.006760634 |
|    clip_fraction        | 0.0661      |
|    clip_range           | 0.2         |
|    entropy_loss         | -0.756      |
|    explained_variance   | 0.313       |
|    learning_rate        | 0.0001      |
|    loss                 | 0.446       |
|    n_updates            | 1508        |
|    policy_gradient_loss | -0.0141     |
|    value_loss           | 0.459       |
-----------------------------------------
-----------------------------------------
| episode/                |             |
|    lines_cleared_mean   | 8.5         |
|    perfect_clears_mean  | 0           |
|    pieces_placed_mean   | 32.7        |
| rollout/                |             |
|    ep_len_mean          | 28.9        |
|    ep_rew_mean          | 38.6        |
| time/                   |             |
|    fps                  | 778         |
|    iterations           | 379         |
|    time_elapsed         | 3990        |
|    total_timesteps      | 3104768     |
| train/                  |             |
|    approx_kl            | 0.006871196 |
|    clip_fraction        | 0.0544      |
|    clip_range           | 0.2         |
|    entropy_loss         | -0.767      |
|    explained_variance   | 0.288       |
|    learning_rate        | 0.0001      |
|    loss                 | 0.387       |
|    n_updates            | 1512        |
|    policy_gradient_loss | -0.0129     |
|    value_loss           | 0.504       |
-----------------------------------------
-----------------------------------------
| episode/                |             |
|    lines_cleared_mean   | 5.91        |
|    perfect_clears_mean  | 0           |
|    pieces_placed_mean   | 26.3        |
| rollout/                |             |
|    ep_len_mean          | 31.2        |
|    ep_rew_mean          | 43.3        |
| time/                   |             |
|    fps                  | 778         |
|    iterations           | 380         |
|    time_elapsed         | 4000        |
|    total_timesteps      | 3112960     |
| train/                  |             |
|    approx_kl            | 0.006594988 |
|    clip_fraction        | 0.0522      |
|    clip_range           | 0.2         |
|    entropy_loss         | -0.767      |
|    explained_variance   | 0.347       |
|    learning_rate        | 0.0001      |
|    loss                 | 0.384       |
|    n_updates            | 1516        |
|    policy_gradient_loss | -0.0122     |
|    value_loss           | 0.46        |
-----------------------------------------
-----------------------------------------
| episode/                |             |
|    lines_cleared_mean   | 7.3         |
|    perfect_clears_mean  | 0           |
|    pieces_placed_mean   | 28.2        |
| rollout/                |             |
|    ep_len_mean          | 31.3        |
|    ep_rew_mean          | 44.1        |
| time/                   |             |
|    fps                  | 778         |
|    iterations           | 381         |
|    time_elapsed         | 4010        |
|    total_timesteps      | 3121152     |
| train/                  |             |
|    approx_kl            | 0.005827412 |
|    clip_fraction        | 0.052       |
|    clip_range           | 0.2         |
|    entropy_loss         | -0.766      |
|    explained_variance   | 0.244       |
|    learning_rate        | 0.0001      |
|    loss                 | 0.428       |
|    n_updates            | 1520        |
|    policy_gradient_loss | -0.0138     |
|    value_loss           | 0.536       |
-----------------------------------------
----------------------------------------
| episode/                |            |
|    lines_cleared_mean   | 9.64       |
|    perfect_clears_mean  | 0          |
|    pieces_placed_mean   | 35.8       |
| rollout/                |            |
|    ep_len_mean          | 31.7       |
|    ep_rew_mean          | 44.9       |
| time/                   |            |
|    fps                  | 778        |
|    iterations           | 382        |
|    time_elapsed         | 4021       |
|    total_timesteps      | 3129344    |
| train/                  |            |
|    approx_kl            | 0.00633936 |
|    clip_fraction        | 0.0506     |
|    clip_range           | 0.2        |
|    entropy_loss         | -0.755     |
|    explained_variance   | 0.27       |
|    learning_rate        | 0.0001     |
|    loss                 | 0.444      |
|    n_updates            | 1524       |
|    policy_gradient_loss | -0.0138    |
|    value_loss           | 0.53       |
----------------------------------------
------------------------------------------
| episode/                |              |
|    lines_cleared_mean   | 8.9          |
|    perfect_clears_mean  | 0            |
|    pieces_placed_mean   | 34.6         |
| rollout/                |              |
|    ep_len_mean          | 32           |
|    ep_rew_mean          | 45.7         |
| time/                   |              |
|    fps                  | 778          |
|    iterations           | 383          |
|    time_elapsed         | 4031         |
|    total_timesteps      | 3137536      |
| train/                  |              |
|    approx_kl            | 0.0064769713 |
|    clip_fraction        | 0.0599       |
|    clip_range           | 0.2          |
|    entropy_loss         | -0.756       |
|    explained_variance   | 0.276        |
|    learning_rate        | 0.0001       |
|    loss                 | 0.445        |
|    n_updates            | 1528         |
|    policy_gradient_loss | -0.0142      |
|    value_loss           | 0.509        |
------------------------------------------
------------------------------------------
| episode/                |              |
|    lines_cleared_mean   | 8.5          |
|    perfect_clears_mean  | 0            |
|    pieces_placed_mean   | 32.5         |
| rollout/                |              |
|    ep_len_mean          | 33           |
|    ep_rew_mean          | 47.7         |
| time/                   |              |
|    fps                  | 778          |
|    iterations           | 384          |
|    time_elapsed         | 4041         |
|    total_timesteps      | 3145728      |
| train/                  |              |
|    approx_kl            | 0.0056129307 |
|    clip_fraction        | 0.0493       |
|    clip_range           | 0.2          |
|    entropy_loss         | -0.759       |
|    explained_variance   | 0.304        |
|    learning_rate        | 0.0001       |
|    loss                 | 0.466        |
|    n_updates            | 1532         |
|    policy_gradient_loss | -0.013       |
|    value_loss           | 0.522        |
------------------------------------------
------------------------------------------
| episode/                |              |
|    lines_cleared_mean   | 8.91         |
|    perfect_clears_mean  | 0            |
|    pieces_placed_mean   | 33.4         |
| rollout/                |              |
|    ep_len_mean          | 29.5         |
|    ep_rew_mean          | 39.4         |
| time/                   |              |
|    fps                  | 778          |
|    iterations           | 385          |
|    time_elapsed         | 4051         |
|    total_timesteps      | 3153920      |
| train/                  |              |
|    approx_kl            | 0.0067060236 |
|    clip_fraction        | 0.0549       |
|    clip_range           | 0.2          |
|    entropy_loss         | -0.762       |
|    explained_variance   | 0.303        |
|    learning_rate        | 0.0001       |
|    loss                 | 0.48         |
|    n_updates            | 1536         |
|    policy_gradient_loss | -0.0137      |
|    value_loss           | 0.551        |
------------------------------------------
-----------------------------------------
| episode/                |             |
|    lines_cleared_mean   | 7.7         |
|    perfect_clears_mean  | 0           |
|    pieces_placed_mean   | 30.9        |
| rollout/                |             |
|    ep_len_mean          | 30.5        |
|    ep_rew_mean          | 41.7        |
| time/                   |             |
|    fps                  | 778         |
|    iterations           | 386         |
|    time_elapsed         | 4062        |
|    total_timesteps      | 3162112     |
| train/                  |             |
|    approx_kl            | 0.006140654 |
|    clip_fraction        | 0.053       |
|    clip_range           | 0.2         |
|    entropy_loss         | -0.754      |
|    explained_variance   | 0.298       |
|    learning_rate        | 0.0001      |
|    loss                 | 0.507       |
|    n_updates            | 1540        |
|    policy_gradient_loss | -0.0123     |
|    value_loss           | 0.538       |
-----------------------------------------
------------------------------------------
| episode/                |              |
|    lines_cleared_mean   | 5.9          |
|    perfect_clears_mean  | 0            |
|    pieces_placed_mean   | 26.1         |
| rollout/                |              |
|    ep_len_mean          | 31           |
|    ep_rew_mean          | 42.7         |
| time/                   |              |
|    fps                  | 778          |
|    iterations           | 387          |
|    time_elapsed         | 4072         |
|    total_timesteps      | 3170304      |
| train/                  |              |
|    approx_kl            | 0.0069932844 |
|    clip_fraction        | 0.0628       |
|    clip_range           | 0.2          |
|    entropy_loss         | -0.773       |
|    explained_variance   | 0.295        |
|    learning_rate        | 0.0001       |
|    loss                 | 0.46         |
|    n_updates            | 1544         |
|    policy_gradient_loss | -0.0139      |
|    value_loss           | 0.559        |
------------------------------------------
------------------------------------------
| episode/                |              |
|    lines_cleared_mean   | 5.6          |
|    perfect_clears_mean  | 0            |
|    pieces_placed_mean   | 26.3         |
| rollout/                |              |
|    ep_len_mean          | 30.5         |
|    ep_rew_mean          | 42.2         |
| time/                   |              |
|    fps                  | 778          |
|    iterations           | 388          |
|    time_elapsed         | 4082         |
|    total_timesteps      | 3178496      |
| train/                  |              |
|    approx_kl            | 0.0060174316 |
|    clip_fraction        | 0.0539       |
|    clip_range           | 0.2          |
|    entropy_loss         | -0.761       |
|    explained_variance   | 0.272        |
|    learning_rate        | 0.0001       |
|    loss                 | 0.491        |
|    n_updates            | 1548         |
|    policy_gradient_loss | -0.0137      |
|    value_loss           | 0.52         |
------------------------------------------
-----------------------------------------
| episode/                |             |
|    lines_cleared_mean   | 6.82        |
|    perfect_clears_mean  | 0           |
|    pieces_placed_mean   | 29.1        |
| rollout/                |             |
|    ep_len_mean          | 33.1        |
|    ep_rew_mean          | 47.5        |
| time/                   |             |
|    fps                  | 778         |
|    iterations           | 389         |
|    time_elapsed         | 4093        |
|    total_timesteps      | 3186688     |
| train/                  |             |
|    approx_kl            | 0.007048144 |
|    clip_fraction        | 0.0623      |
|    clip_range           | 0.2         |
|    entropy_loss         | -0.768      |
|    explained_variance   | 0.294       |
|    learning_rate        | 0.0001      |
|    loss                 | 0.504       |
|    n_updates            | 1552        |
|    policy_gradient_loss | -0.0146     |
|    value_loss           | 0.546       |
-----------------------------------------
------------------------------------------
| episode/                |              |
|    lines_cleared_mean   | 9.4          |
|    perfect_clears_mean  | 0            |
|    pieces_placed_mean   | 33.7         |
| rollout/                |              |
|    ep_len_mean          | 30.2         |
|    ep_rew_mean          | 41.6         |
| time/                   |              |
|    fps                  | 778          |
|    iterations           | 390          |
|    time_elapsed         | 4103         |
|    total_timesteps      | 3194880      |
| train/                  |              |
|    approx_kl            | 0.0067798356 |
|    clip_fraction        | 0.0575       |
|    clip_range           | 0.2          |
|    entropy_loss         | -0.779       |
|    explained_variance   | 0.318        |
|    learning_rate        | 0.0001       |
|    loss                 | 0.442        |
|    n_updates            | 1556         |
|    policy_gradient_loss | -0.0148      |
|    value_loss           | 0.526        |
------------------------------------------
------------------------------------------
| episode/                |              |
|    lines_cleared_mean   | 8.18         |
|    perfect_clears_mean  | 0            |
|    pieces_placed_mean   | 31.5         |
| rollout/                |              |
|    ep_len_mean          | 29.2         |
|    ep_rew_mean          | 39.4         |
| time/                   |              |
|    fps                  | 778          |
|    iterations           | 391          |
|    time_elapsed         | 4113         |
|    total_timesteps      | 3203072      |
| train/                  |              |
|    approx_kl            | 0.0066029886 |
|    clip_fraction        | 0.0607       |
|    clip_range           | 0.2          |
|    entropy_loss         | -0.79        |
|    explained_variance   | 0.323        |
|    learning_rate        | 0.0001       |
|    loss                 | 0.441        |
|    n_updates            | 1560         |
|    policy_gradient_loss | -0.0143      |
|    value_loss           | 0.508        |
------------------------------------------
-----------------------------------------
| episode/                |             |
|    lines_cleared_mean   | 7.8         |
|    perfect_clears_mean  | 0           |
|    pieces_placed_mean   | 30.7        |
| rollout/                |             |
|    ep_len_mean          | 30.9        |
|    ep_rew_mean          | 43          |
| time/                   |             |
|    fps                  | 778         |
|    iterations           | 392         |
|    time_elapsed         | 4123        |
|    total_timesteps      | 3211264     |
| train/                  |             |
|    approx_kl            | 0.006952148 |
|    clip_fraction        | 0.0598      |
|    clip_range           | 0.2         |
|    entropy_loss         | -0.793      |
|    explained_variance   | 0.264       |
|    learning_rate        | 0.0001      |
|    loss                 | 0.475       |
|    n_updates            | 1564        |
|    policy_gradient_loss | -0.015      |
|    value_loss           | 0.528       |
-----------------------------------------
------------------------------------------
| episode/                |              |
|    lines_cleared_mean   | 7.2          |
|    perfect_clears_mean  | 0            |
|    pieces_placed_mean   | 29.1         |
| rollout/                |              |
|    ep_len_mean          | 30.9         |
|    ep_rew_mean          | 43.1         |
| time/                   |              |
|    fps                  | 778          |
|    iterations           | 393          |
|    time_elapsed         | 4134         |
|    total_timesteps      | 3219456      |
| train/                  |              |
|    approx_kl            | 0.0065866634 |
|    clip_fraction        | 0.0586       |
|    clip_range           | 0.2          |
|    entropy_loss         | -0.79        |
|    explained_variance   | 0.253        |
|    learning_rate        | 0.0001       |
|    loss                 | 0.451        |
|    n_updates            | 1568         |
|    policy_gradient_loss | -0.0148      |
|    value_loss           | 0.531        |
------------------------------------------
-----------------------------------------
| episode/                |             |
|    lines_cleared_mean   | 7.8         |
|    perfect_clears_mean  | 0           |
|    pieces_placed_mean   | 31.1        |
| rollout/                |             |
|    ep_len_mean          | 29.1        |
|    ep_rew_mean          | 39          |
| time/                   |             |
|    fps                  | 778         |
|    iterations           | 394         |
|    time_elapsed         | 4144        |
|    total_timesteps      | 3227648     |
| train/                  |             |
|    approx_kl            | 0.006615208 |
|    clip_fraction        | 0.0643      |
|    clip_range           | 0.2         |
|    entropy_loss         | -0.78       |
|    explained_variance   | 0.274       |
|    learning_rate        | 0.0001      |
|    loss                 | 0.458       |
|    n_updates            | 1572        |
|    policy_gradient_loss | -0.0153     |
|    value_loss           | 0.519       |
-----------------------------------------
------------------------------------------
| episode/                |              |
|    lines_cleared_mean   | 6.5          |
|    perfect_clears_mean  | 0            |
|    pieces_placed_mean   | 27.6         |
| rollout/                |              |
|    ep_len_mean          | 29.7         |
|    ep_rew_mean          | 40.7         |
| time/                   |              |
|    fps                  | 778          |
|    iterations           | 395          |
|    time_elapsed         | 4154         |
|    total_timesteps      | 3235840      |
| train/                  |              |
|    approx_kl            | 0.0072311135 |
|    clip_fraction        | 0.0625       |
|    clip_range           | 0.2          |
|    entropy_loss         | -0.78        |
|    explained_variance   | 0.236        |
|    learning_rate        | 0.0001       |
|    loss                 | 0.43         |
|    n_updates            | 1576         |
|    policy_gradient_loss | -0.0141      |
|    value_loss           | 0.524        |
------------------------------------------
-----------------------------------------
| episode/                |             |
|    lines_cleared_mean   | 6.5         |
|    perfect_clears_mean  | 0           |
|    pieces_placed_mean   | 27.9        |
| rollout/                |             |
|    ep_len_mean          | 28.3        |
|    ep_rew_mean          | 37.3        |
| time/                   |             |
|    fps                  | 778         |
|    iterations           | 396         |
|    time_elapsed         | 4164        |
|    total_timesteps      | 3244032     |
| train/                  |             |
|    approx_kl            | 0.006914582 |
|    clip_fraction        | 0.0608      |
|    clip_range           | 0.2         |
|    entropy_loss         | -0.797      |
|    explained_variance   | 0.302       |
|    learning_rate        | 0.0001      |
|    loss                 | 0.397       |
|    n_updates            | 1580        |
|    policy_gradient_loss | -0.0145     |
|    value_loss           | 0.485       |
-----------------------------------------
-----------------------------------------
| episode/                |             |
|    lines_cleared_mean   | 6           |
|    perfect_clears_mean  | 0           |
|    pieces_placed_mean   | 27          |
| rollout/                |             |
|    ep_len_mean          | 30.5        |
|    ep_rew_mean          | 41.8        |
| time/                   |             |
|    fps                  | 778         |
|    iterations           | 397         |
|    time_elapsed         | 4175        |
|    total_timesteps      | 3252224     |
| train/                  |             |
|    approx_kl            | 0.006790114 |
|    clip_fraction        | 0.0611      |
|    clip_range           | 0.2         |
|    entropy_loss         | -0.783      |
|    explained_variance   | 0.296       |
|    learning_rate        | 0.0001      |
|    loss                 | 0.424       |
|    n_updates            | 1584        |
|    policy_gradient_loss | -0.0146     |
|    value_loss           | 0.484       |
-----------------------------------------
-----------------------------------------
| episode/                |             |
|    lines_cleared_mean   | 8.4         |
|    perfect_clears_mean  | 0           |
|    pieces_placed_mean   | 32.5        |
| rollout/                |             |
|    ep_len_mean          | 32.5        |
|    ep_rew_mean          | 47.1        |
| time/                   |             |
|    fps                  | 778         |
|    iterations           | 398         |
|    time_elapsed         | 4185        |
|    total_timesteps      | 3260416     |
| train/                  |             |
|    approx_kl            | 0.006615538 |
|    clip_fraction        | 0.057       |
|    clip_range           | 0.2         |
|    entropy_loss         | -0.782      |
|    explained_variance   | 0.298       |
|    learning_rate        | 0.0001      |
|    loss                 | 0.527       |
|    n_updates            | 1588        |
|    policy_gradient_loss | -0.0133     |
|    value_loss           | 0.48        |
-----------------------------------------
-----------------------------------------
| episode/                |             |
|    lines_cleared_mean   | 7.3         |
|    perfect_clears_mean  | 0           |
|    pieces_placed_mean   | 29.8        |
| rollout/                |             |
|    ep_len_mean          | 29.2        |
|    ep_rew_mean          | 39.2        |
| time/                   |             |
|    fps                  | 779         |
|    iterations           | 399         |
|    time_elapsed         | 4195        |
|    total_timesteps      | 3268608     |
| train/                  |             |
|    approx_kl            | 0.007717465 |
|    clip_fraction        | 0.0623      |
|    clip_range           | 0.2         |
|    entropy_loss         | -0.78       |
|    explained_variance   | 0.27        |
|    learning_rate        | 0.0001      |
|    loss                 | 0.395       |
|    n_updates            | 1592        |
|    policy_gradient_loss | -0.0152     |
|    value_loss           | 0.462       |
-----------------------------------------
-----------------------------------------
| episode/                |             |
|    lines_cleared_mean   | 8.36        |
|    perfect_clears_mean  | 0           |
|    pieces_placed_mean   | 32.2        |
| rollout/                |             |
|    ep_len_mean          | 32.5        |
|    ep_rew_mean          | 46.3        |
| time/                   |             |
|    fps                  | 779         |
|    iterations           | 400         |
|    time_elapsed         | 4205        |
|    total_timesteps      | 3276800     |
| train/                  |             |
|    approx_kl            | 0.006984622 |
|    clip_fraction        | 0.0619      |
|    clip_range           | 0.2         |
|    entropy_loss         | -0.792      |
|    explained_variance   | 0.268       |
|    learning_rate        | 0.0001      |
|    loss                 | 0.337       |
|    n_updates            | 1596        |
|    policy_gradient_loss | -0.0156     |
|    value_loss           | 0.463       |
-----------------------------------------
------------------------------------------
| episode/                |              |
|    lines_cleared_mean   | 9.73         |
|    perfect_clears_mean  | 0            |
|    pieces_placed_mean   | 35.7         |
| rollout/                |              |
|    ep_len_mean          | 30.4         |
|    ep_rew_mean          | 41.2         |
| time/                   |              |
|    fps                  | 779          |
|    iterations           | 401          |
|    time_elapsed         | 4215         |
|    total_timesteps      | 3284992      |
| train/                  |              |
|    approx_kl            | 0.0067794756 |
|    clip_fraction        | 0.0583       |
|    clip_range           | 0.2          |
|    entropy_loss         | -0.789       |
|    explained_variance   | 0.277        |
|    learning_rate        | 0.0001       |
|    loss                 | 0.425        |
|    n_updates            | 1600         |
|    policy_gradient_loss | -0.0137      |
|    value_loss           | 0.517        |
------------------------------------------
-----------------------------------------
| episode/                |             |
|    lines_cleared_mean   | 8.45        |
|    perfect_clears_mean  | 0           |
|    pieces_placed_mean   | 32.7        |
| rollout/                |             |
|    ep_len_mean          | 31.7        |
|    ep_rew_mean          | 45.1        |
| time/                   |             |
|    fps                  | 779         |
|    iterations           | 402         |
|    time_elapsed         | 4225        |
|    total_timesteps      | 3293184     |
| train/                  |             |
|    approx_kl            | 0.006451627 |
|    clip_fraction        | 0.0607      |
|    clip_range           | 0.2         |
|    entropy_loss         | -0.804      |
|    explained_variance   | 0.286       |
|    learning_rate        | 0.0001      |
|    loss                 | 0.424       |
|    n_updates            | 1604        |
|    policy_gradient_loss | -0.014      |
|    value_loss           | 0.519       |
-----------------------------------------
-----------------------------------------
| episode/                |             |
|    lines_cleared_mean   | 7.55        |
|    perfect_clears_mean  | 0           |
|    pieces_placed_mean   | 31.2        |
| rollout/                |             |
|    ep_len_mean          | 31.4        |
|    ep_rew_mean          | 43.9        |
| time/                   |             |
|    fps                  | 779         |
|    iterations           | 403         |
|    time_elapsed         | 4235        |
|    total_timesteps      | 3301376     |
| train/                  |             |
|    approx_kl            | 0.008175638 |
|    clip_fraction        | 0.0703      |
|    clip_range           | 0.2         |
|    entropy_loss         | -0.789      |
|    explained_variance   | 0.337       |
|    learning_rate        | 0.0001      |
|    loss                 | 0.47        |
|    n_updates            | 1608        |
|    policy_gradient_loss | -0.0163     |
|    value_loss           | 0.475       |
-----------------------------------------
------------------------------------------
| episode/                |              |
|    lines_cleared_mean   | 6.3          |
|    perfect_clears_mean  | 0            |
|    pieces_placed_mean   | 27.2         |
| rollout/                |              |
|    ep_len_mean          | 32.4         |
|    ep_rew_mean          | 46.9         |
| time/                   |              |
|    fps                  | 779          |
|    iterations           | 404          |
|    time_elapsed         | 4245         |
|    total_timesteps      | 3309568      |
| train/                  |              |
|    approx_kl            | 0.0069248965 |
|    clip_fraction        | 0.0592       |
|    clip_range           | 0.2          |
|    entropy_loss         | -0.801       |
|    explained_variance   | 0.266        |
|    learning_rate        | 0.0001       |
|    loss                 | 0.377        |
|    n_updates            | 1612         |
|    policy_gradient_loss | -0.0142      |
|    value_loss           | 0.482        |
------------------------------------------
------------------------------------------
| episode/                |              |
|    lines_cleared_mean   | 7.3          |
|    perfect_clears_mean  | 0            |
|    pieces_placed_mean   | 30.3         |
| rollout/                |              |
|    ep_len_mean          | 29.4         |
|    ep_rew_mean          | 39.6         |
| time/                   |              |
|    fps                  | 779          |
|    iterations           | 405          |
|    time_elapsed         | 4255         |
|    total_timesteps      | 3317760      |
| train/                  |              |
|    approx_kl            | 0.0074757747 |
|    clip_fraction        | 0.0667       |
|    clip_range           | 0.2          |
|    entropy_loss         | -0.792       |
|    explained_variance   | 0.274        |
|    learning_rate        | 0.0001       |
|    loss                 | 0.403        |
|    n_updates            | 1616         |
|    policy_gradient_loss | -0.015       |
|    value_loss           | 0.499        |
------------------------------------------
-----------------------------------------
| episode/                |             |
|    lines_cleared_mean   | 8.2         |
|    perfect_clears_mean  | 0           |
|    pieces_placed_mean   | 31.7        |
| rollout/                |             |
|    ep_len_mean          | 29.7        |
|    ep_rew_mean          | 40.3        |
| time/                   |             |
|    fps                  | 779         |
|    iterations           | 406         |
|    time_elapsed         | 4265        |
|    total_timesteps      | 3325952     |
| train/                  |             |
|    approx_kl            | 0.007737444 |
|    clip_fraction        | 0.0666      |
|    clip_range           | 0.2         |
|    entropy_loss         | -0.79       |
|    explained_variance   | 0.303       |
|    learning_rate        | 0.0001      |
|    loss                 | 0.392       |
|    n_updates            | 1620        |
|    policy_gradient_loss | -0.0156     |
|    value_loss           | 0.44        |
-----------------------------------------
------------------------------------------
| episode/                |              |
|    lines_cleared_mean   | 6.4          |
|    perfect_clears_mean  | 0            |
|    pieces_placed_mean   | 27.3         |
| rollout/                |              |
|    ep_len_mean          | 31.9         |
|    ep_rew_mean          | 45.2         |
| time/                   |              |
|    fps                  | 779          |
|    iterations           | 407          |
|    time_elapsed         | 4275         |
|    total_timesteps      | 3334144      |
| train/                  |              |
|    approx_kl            | 0.0077550155 |
|    clip_fraction        | 0.0666       |
|    clip_range           | 0.2          |
|    entropy_loss         | -0.781       |
|    explained_variance   | 0.293        |
|    learning_rate        | 0.0001       |
|    loss                 | 0.392        |
|    n_updates            | 1624         |
|    policy_gradient_loss | -0.0145      |
|    value_loss           | 0.463        |
------------------------------------------
-----------------------------------------
| episode/                |             |
|    lines_cleared_mean   | 6.1         |
|    perfect_clears_mean  | 0           |
|    pieces_placed_mean   | 27.2        |
| rollout/                |             |
|    ep_len_mean          | 30.9        |
|    ep_rew_mean          | 42.2        |
| time/                   |             |
|    fps                  | 780         |
|    iterations           | 408         |
|    time_elapsed         | 4284        |
|    total_timesteps      | 3342336     |
| train/                  |             |
|    approx_kl            | 0.006135138 |
|    clip_fraction        | 0.058       |
|    clip_range           | 0.2         |
|    entropy_loss         | -0.784      |
|    explained_variance   | 0.227       |
|    learning_rate        | 0.0001      |
|    loss                 | 0.436       |
|    n_updates            | 1628        |
|    policy_gradient_loss | -0.0141     |
|    value_loss           | 0.515       |
-----------------------------------------
-----------------------------------------
| episode/                |             |
|    lines_cleared_mean   | 7.7         |
|    perfect_clears_mean  | 0           |
|    pieces_placed_mean   | 30.3        |
| rollout/                |             |
|    ep_len_mean          | 30.5        |
|    ep_rew_mean          | 42.7        |
| time/                   |             |
|    fps                  | 780         |
|    iterations           | 409         |
|    time_elapsed         | 4294        |
|    total_timesteps      | 3350528     |
| train/                  |             |
|    approx_kl            | 0.005974803 |
|    clip_fraction        | 0.0453      |
|    clip_range           | 0.2         |
|    entropy_loss         | -0.797      |
|    explained_variance   | 0.262       |
|    learning_rate        | 0.0001      |
|    loss                 | 0.418       |
|    n_updates            | 1632        |
|    policy_gradient_loss | -0.014      |
|    value_loss           | 0.509       |
-----------------------------------------
------------------------------------------
| episode/                |              |
|    lines_cleared_mean   | 8.1          |
|    perfect_clears_mean  | 0            |
|    pieces_placed_mean   | 31.5         |
| rollout/                |              |
|    ep_len_mean          | 31.8         |
|    ep_rew_mean          | 45           |
| time/                   |              |
|    fps                  | 780          |
|    iterations           | 410          |
|    time_elapsed         | 4304         |
|    total_timesteps      | 3358720      |
| train/                  |              |
|    approx_kl            | 0.0064885947 |
|    clip_fraction        | 0.0576       |
|    clip_range           | 0.2          |
|    entropy_loss         | -0.767       |
|    explained_variance   | 0.272        |
|    learning_rate        | 0.0001       |
|    loss                 | 0.442        |
|    n_updates            | 1636         |
|    policy_gradient_loss | -0.0137      |
|    value_loss           | 0.489        |
------------------------------------------
----------------------------------------
| episode/                |            |
|    lines_cleared_mean   | 5.91       |
|    perfect_clears_mean  | 0          |
|    pieces_placed_mean   | 26.2       |
| rollout/                |            |
|    ep_len_mean          | 31.8       |
|    ep_rew_mean          | 45.6       |
| time/                   |            |
|    fps                  | 780        |
|    iterations           | 411        |
|    time_elapsed         | 4314       |
|    total_timesteps      | 3366912    |
| train/                  |            |
|    approx_kl            | 0.00675318 |
|    clip_fraction        | 0.0602     |
|    clip_range           | 0.2        |
|    entropy_loss         | -0.771     |
|    explained_variance   | 0.274      |
|    learning_rate        | 0.0001     |
|    loss                 | 0.466      |
|    n_updates            | 1640       |
|    policy_gradient_loss | -0.0152    |
|    value_loss           | 0.513      |
----------------------------------------
-----------------------------------------
| episode/                |             |
|    lines_cleared_mean   | 7.2         |
|    perfect_clears_mean  | 0           |
|    pieces_placed_mean   | 29.9        |
| rollout/                |             |
|    ep_len_mean          | 33.8        |
|    ep_rew_mean          | 49.7        |
| time/                   |             |
|    fps                  | 780         |
|    iterations           | 412         |
|    time_elapsed         | 4324        |
|    total_timesteps      | 3375104     |
| train/                  |             |
|    approx_kl            | 0.006576462 |
|    clip_fraction        | 0.0514      |
|    clip_range           | 0.2         |
|    entropy_loss         | -0.781      |
|    explained_variance   | 0.255       |
|    learning_rate        | 0.0001      |
|    loss                 | 0.419       |
|    n_updates            | 1644        |
|    policy_gradient_loss | -0.0137     |
|    value_loss           | 0.518       |
-----------------------------------------
-----------------------------------------
| episode/                |             |
|    lines_cleared_mean   | 10.6        |
|    perfect_clears_mean  | 0           |
|    pieces_placed_mean   | 37.4        |
| rollout/                |             |
|    ep_len_mean          | 32          |
|    ep_rew_mean          | 45.2        |
| time/                   |             |
|    fps                  | 780         |
|    iterations           | 413         |
|    time_elapsed         | 4333        |
|    total_timesteps      | 3383296     |
| train/                  |             |
|    approx_kl            | 0.006274295 |
|    clip_fraction        | 0.0594      |
|    clip_range           | 0.2         |
|    entropy_loss         | -0.783      |
|    explained_variance   | 0.343       |
|    learning_rate        | 0.0001      |
|    loss                 | 0.378       |
|    n_updates            | 1648        |
|    policy_gradient_loss | -0.0143     |
|    value_loss           | 0.464       |
-----------------------------------------
-----------------------------------------
| episode/                |             |
|    lines_cleared_mean   | 7.7         |
|    perfect_clears_mean  | 0           |
|    pieces_placed_mean   | 30.6        |
| rollout/                |             |
|    ep_len_mean          | 30.9        |
|    ep_rew_mean          | 42.9        |
| time/                   |             |
|    fps                  | 780         |
|    iterations           | 414         |
|    time_elapsed         | 4343        |
|    total_timesteps      | 3391488     |
| train/                  |             |
|    approx_kl            | 0.007724748 |
|    clip_fraction        | 0.058       |
|    clip_range           | 0.2         |
|    entropy_loss         | -0.798      |
|    explained_variance   | 0.295       |
|    learning_rate        | 0.0001      |
|    loss                 | 0.416       |
|    n_updates            | 1652        |
|    policy_gradient_loss | -0.0152     |
|    value_loss           | 0.474       |
-----------------------------------------
----------------------------------------
| episode/                |            |
|    lines_cleared_mean   | 7          |
|    perfect_clears_mean  | 0          |
|    pieces_placed_mean   | 28.5       |
| rollout/                |            |
|    ep_len_mean          | 28.6       |
|    ep_rew_mean          | 38         |
| time/                   |            |
|    fps                  | 780        |
|    iterations           | 415        |
|    time_elapsed         | 4353       |
|    total_timesteps      | 3399680    |
| train/                  |            |
|    approx_kl            | 0.00726604 |
|    clip_fraction        | 0.071      |
|    clip_range           | 0.2        |
|    entropy_loss         | -0.779     |
|    explained_variance   | 0.299      |
|    learning_rate        | 0.0001     |
|    loss                 | 0.444      |
|    n_updates            | 1656       |
|    policy_gradient_loss | -0.0154    |
|    value_loss           | 0.467      |
----------------------------------------
------------------------------------------
| episode/                |              |
|    lines_cleared_mean   | 6.7          |
|    perfect_clears_mean  | 0            |
|    pieces_placed_mean   | 29           |
| rollout/                |              |
|    ep_len_mean          | 31.5         |
|    ep_rew_mean          | 44.3         |
| time/                   |              |
|    fps                  | 781          |
|    iterations           | 416          |
|    time_elapsed         | 4363         |
|    total_timesteps      | 3407872      |
| train/                  |              |
|    approx_kl            | 0.0079929065 |
|    clip_fraction        | 0.0627       |
|    clip_range           | 0.2          |
|    entropy_loss         | -0.79        |
|    explained_variance   | 0.35         |
|    learning_rate        | 0.0001       |
|    loss                 | 0.379        |
|    n_updates            | 1660         |
|    policy_gradient_loss | -0.0138      |
|    value_loss           | 0.423        |
------------------------------------------
-----------------------------------------
| episode/                |             |
|    lines_cleared_mean   | 9.5         |
|    perfect_clears_mean  | 0           |
|    pieces_placed_mean   | 34.6        |
| rollout/                |             |
|    ep_len_mean          | 31.6        |
|    ep_rew_mean          | 45          |
| time/                   |             |
|    fps                  | 781         |
|    iterations           | 417         |
|    time_elapsed         | 4373        |
|    total_timesteps      | 3416064     |
| train/                  |             |
|    approx_kl            | 0.006891455 |
|    clip_fraction        | 0.06        |
|    clip_range           | 0.2         |
|    entropy_loss         | -0.781      |
|    explained_variance   | 0.329       |
|    learning_rate        | 0.0001      |
|    loss                 | 0.37        |
|    n_updates            | 1664        |
|    policy_gradient_loss | -0.0131     |
|    value_loss           | 0.415       |
-----------------------------------------
------------------------------------------
| episode/                |              |
|    lines_cleared_mean   | 9.7          |
|    perfect_clears_mean  | 0            |
|    pieces_placed_mean   | 35.7         |
| rollout/                |              |
|    ep_len_mean          | 31.1         |
|    ep_rew_mean          | 43.2         |
| time/                   |              |
|    fps                  | 781          |
|    iterations           | 418          |
|    time_elapsed         | 4383         |
|    total_timesteps      | 3424256      |
| train/                  |              |
|    approx_kl            | 0.0077191945 |
|    clip_fraction        | 0.0707       |
|    clip_range           | 0.2          |
|    entropy_loss         | -0.763       |
|    explained_variance   | 0.326        |
|    learning_rate        | 0.0001       |
|    loss                 | 0.366        |
|    n_updates            | 1668         |
|    policy_gradient_loss | -0.0145      |
|    value_loss           | 0.404        |
------------------------------------------
------------------------------------------
| episode/                |              |
|    lines_cleared_mean   | 6.2          |
|    perfect_clears_mean  | 0            |
|    pieces_placed_mean   | 27.1         |
| rollout/                |              |
|    ep_len_mean          | 31.9         |
|    ep_rew_mean          | 45.7         |
| time/                   |              |
|    fps                  | 781          |
|    iterations           | 419          |
|    time_elapsed         | 4393         |
|    total_timesteps      | 3432448      |
| train/                  |              |
|    approx_kl            | 0.0063776607 |
|    clip_fraction        | 0.0614       |
|    clip_range           | 0.2          |
|    entropy_loss         | -0.773       |
|    explained_variance   | 0.298        |
|    learning_rate        | 0.0001       |
|    loss                 | 0.382        |
|    n_updates            | 1672         |
|    policy_gradient_loss | -0.0148      |
|    value_loss           | 0.447        |
------------------------------------------
------------------------------------------
| episode/                |              |
|    lines_cleared_mean   | 7.64         |
|    perfect_clears_mean  | 0            |
|    pieces_placed_mean   | 31.5         |
| rollout/                |              |
|    ep_len_mean          | 28.3         |
|    ep_rew_mean          | 36.9         |
| time/                   |              |
|    fps                  | 781          |
|    iterations           | 420          |
|    time_elapsed         | 4403         |
|    total_timesteps      | 3440640      |
| train/                  |              |
|    approx_kl            | 0.0070061325 |
|    clip_fraction        | 0.0603       |
|    clip_range           | 0.2          |
|    entropy_loss         | -0.787       |
|    explained_variance   | 0.235        |
|    learning_rate        | 0.0001       |
|    loss                 | 0.392        |
|    n_updates            | 1676         |
|    policy_gradient_loss | -0.014       |
|    value_loss           | 0.497        |
------------------------------------------
------------------------------------------
| episode/                |              |
|    lines_cleared_mean   | 6.4          |
|    perfect_clears_mean  | 0            |
|    pieces_placed_mean   | 28.1         |
| rollout/                |              |
|    ep_len_mean          | 31.5         |
|    ep_rew_mean          | 44.4         |
| time/                   |              |
|    fps                  | 781          |
|    iterations           | 421          |
|    time_elapsed         | 4413         |
|    total_timesteps      | 3448832      |
| train/                  |              |
|    approx_kl            | 0.0066376426 |
|    clip_fraction        | 0.0531       |
|    clip_range           | 0.2          |
|    entropy_loss         | -0.791       |
|    explained_variance   | 0.247        |
|    learning_rate        | 0.0001       |
|    loss                 | 0.412        |
|    n_updates            | 1680         |
|    policy_gradient_loss | -0.0142      |
|    value_loss           | 0.516        |
------------------------------------------
------------------------------------------
| episode/                |              |
|    lines_cleared_mean   | 8.1          |
|    perfect_clears_mean  | 0            |
|    pieces_placed_mean   | 30.7         |
| rollout/                |              |
|    ep_len_mean          | 30.4         |
|    ep_rew_mean          | 42.1         |
| time/                   |              |
|    fps                  | 781          |
|    iterations           | 422          |
|    time_elapsed         | 4423         |
|    total_timesteps      | 3457024      |
| train/                  |              |
|    approx_kl            | 0.0063452874 |
|    clip_fraction        | 0.055        |
|    clip_range           | 0.2          |
|    entropy_loss         | -0.792       |
|    explained_variance   | 0.305        |
|    learning_rate        | 0.0001       |
|    loss                 | 0.401        |
|    n_updates            | 1684         |
|    policy_gradient_loss | -0.0147      |
|    value_loss           | 0.464        |
------------------------------------------
------------------------------------------
| episode/                |              |
|    lines_cleared_mean   | 8.5          |
|    perfect_clears_mean  | 0            |
|    pieces_placed_mean   | 33.9         |
| rollout/                |              |
|    ep_len_mean          | 32.3         |
|    ep_rew_mean          | 45.9         |
| time/                   |              |
|    fps                  | 781          |
|    iterations           | 423          |
|    time_elapsed         | 4433         |
|    total_timesteps      | 3465216      |
| train/                  |              |
|    approx_kl            | 0.0071053975 |
|    clip_fraction        | 0.0602       |
|    clip_range           | 0.2          |
|    entropy_loss         | -0.785       |
|    explained_variance   | 0.312        |
|    learning_rate        | 0.0001       |
|    loss                 | 0.396        |
|    n_updates            | 1688         |
|    policy_gradient_loss | -0.014       |
|    value_loss           | 0.467        |
------------------------------------------
------------------------------------------
| episode/                |              |
|    lines_cleared_mean   | 7            |
|    perfect_clears_mean  | 0            |
|    pieces_placed_mean   | 28.1         |
| rollout/                |              |
|    ep_len_mean          | 30.1         |
|    ep_rew_mean          | 41.5         |
| time/                   |              |
|    fps                  | 781          |
|    iterations           | 424          |
|    time_elapsed         | 4443         |
|    total_timesteps      | 3473408      |
| train/                  |              |
|    approx_kl            | 0.0068727396 |
|    clip_fraction        | 0.0632       |
|    clip_range           | 0.2          |
|    entropy_loss         | -0.784       |
|    explained_variance   | 0.333        |
|    learning_rate        | 0.0001       |
|    loss                 | 0.347        |
|    n_updates            | 1692         |
|    policy_gradient_loss | -0.0151      |
|    value_loss           | 0.443        |
------------------------------------------
------------------------------------------
| episode/                |              |
|    lines_cleared_mean   | 9.8          |
|    perfect_clears_mean  | 0            |
|    pieces_placed_mean   | 34.9         |
| rollout/                |              |
|    ep_len_mean          | 32.1         |
|    ep_rew_mean          | 46.1         |
| time/                   |              |
|    fps                  | 781          |
|    iterations           | 425          |
|    time_elapsed         | 4453         |
|    total_timesteps      | 3481600      |
| train/                  |              |
|    approx_kl            | 0.0067969365 |
|    clip_fraction        | 0.0573       |
|    clip_range           | 0.2          |
|    entropy_loss         | -0.789       |
|    explained_variance   | 0.259        |
|    learning_rate        | 0.0001       |
|    loss                 | 0.437        |
|    n_updates            | 1696         |
|    policy_gradient_loss | -0.0149      |
|    value_loss           | 0.505        |
------------------------------------------
------------------------------------------
| episode/                |              |
|    lines_cleared_mean   | 8.7          |
|    perfect_clears_mean  | 0            |
|    pieces_placed_mean   | 32.7         |
| rollout/                |              |
|    ep_len_mean          | 31.1         |
|    ep_rew_mean          | 43.3         |
| time/                   |              |
|    fps                  | 781          |
|    iterations           | 426          |
|    time_elapsed         | 4464         |
|    total_timesteps      | 3489792      |
| train/                  |              |
|    approx_kl            | 0.0070830258 |
|    clip_fraction        | 0.0558       |
|    clip_range           | 0.2          |
|    entropy_loss         | -0.771       |
|    explained_variance   | 0.282        |
|    learning_rate        | 0.0001       |
|    loss                 | 0.373        |
|    n_updates            | 1700         |
|    policy_gradient_loss | -0.0144      |
|    value_loss           | 0.488        |
------------------------------------------
-----------------------------------------
| episode/                |             |
|    lines_cleared_mean   | 9.4         |
|    perfect_clears_mean  | 0           |
|    pieces_placed_mean   | 34.8        |
| rollout/                |             |
|    ep_len_mean          | 31.1        |
|    ep_rew_mean          | 43          |
| time/                   |             |
|    fps                  | 781         |
|    iterations           | 427         |
|    time_elapsed         | 4474        |
|    total_timesteps      | 3497984     |
| train/                  |             |
|    approx_kl            | 0.007358458 |
|    clip_fraction        | 0.0588      |
|    clip_range           | 0.2         |
|    entropy_loss         | -0.765      |
|    explained_variance   | 0.306       |
|    learning_rate        | 0.0001      |
|    loss                 | 0.338       |
|    n_updates            | 1704        |
|    policy_gradient_loss | -0.0142     |
|    value_loss           | 0.452       |
-----------------------------------------
------------------------------------------
| episode/                |              |
|    lines_cleared_mean   | 6            |
|    perfect_clears_mean  | 0            |
|    pieces_placed_mean   | 27           |
| rollout/                |              |
|    ep_len_mean          | 30           |
|    ep_rew_mean          | 40.8         |
| time/                   |              |
|    fps                  | 781          |
|    iterations           | 428          |
|    time_elapsed         | 4484         |
|    total_timesteps      | 3506176      |
| train/                  |              |
|    approx_kl            | 0.0066020214 |
|    clip_fraction        | 0.0598       |
|    clip_range           | 0.2          |
|    entropy_loss         | -0.783       |
|    explained_variance   | 0.288        |
|    learning_rate        | 0.0001       |
|    loss                 | 0.416        |
|    n_updates            | 1708         |
|    policy_gradient_loss | -0.0148      |
|    value_loss           | 0.447        |
------------------------------------------
------------------------------------------
| episode/                |              |
|    lines_cleared_mean   | 6            |
|    perfect_clears_mean  | 0            |
|    pieces_placed_mean   | 26.1         |
| rollout/                |              |
|    ep_len_mean          | 28.8         |
|    ep_rew_mean          | 38.5         |
| time/                   |              |
|    fps                  | 781          |
|    iterations           | 429          |
|    time_elapsed         | 4495         |
|    total_timesteps      | 3514368      |
| train/                  |              |
|    approx_kl            | 0.0071235243 |
|    clip_fraction        | 0.059        |
|    clip_range           | 0.2          |
|    entropy_loss         | -0.783       |
|    explained_variance   | 0.28         |
|    learning_rate        | 0.0001       |
|    loss                 | 0.402        |
|    n_updates            | 1712         |
|    policy_gradient_loss | -0.0135      |
|    value_loss           | 0.465        |
------------------------------------------
------------------------------------------
| episode/                |              |
|    lines_cleared_mean   | 5.9          |
|    perfect_clears_mean  | 0            |
|    pieces_placed_mean   | 26.4         |
| rollout/                |              |
|    ep_len_mean          | 30.4         |
|    ep_rew_mean          | 41.9         |
| time/                   |              |
|    fps                  | 781          |
|    iterations           | 430          |
|    time_elapsed         | 4505         |
|    total_timesteps      | 3522560      |
| train/                  |              |
|    approx_kl            | 0.0060942704 |
|    clip_fraction        | 0.0505       |
|    clip_range           | 0.2          |
|    entropy_loss         | -0.778       |
|    explained_variance   | 0.256        |
|    learning_rate        | 0.0001       |
|    loss                 | 0.386        |
|    n_updates            | 1716         |
|    policy_gradient_loss | -0.0129      |
|    value_loss           | 0.474        |
------------------------------------------
------------------------------------------
| episode/                |              |
|    lines_cleared_mean   | 7.9          |
|    perfect_clears_mean  | 0            |
|    pieces_placed_mean   | 30           |
| rollout/                |              |
|    ep_len_mean          | 29           |
|    ep_rew_mean          | 38.7         |
| time/                   |              |
|    fps                  | 781          |
|    iterations           | 431          |
|    time_elapsed         | 4515         |
|    total_timesteps      | 3530752      |
| train/                  |              |
|    approx_kl            | 0.0069673965 |
|    clip_fraction        | 0.0555       |
|    clip_range           | 0.2          |
|    entropy_loss         | -0.79        |
|    explained_variance   | 0.225        |
|    learning_rate        | 0.0001       |
|    loss                 | 0.369        |
|    n_updates            | 1720         |
|    policy_gradient_loss | -0.0142      |
|    value_loss           | 0.505        |
------------------------------------------
------------------------------------------
| episode/                |              |
|    lines_cleared_mean   | 5.6          |
|    perfect_clears_mean  | 0            |
|    pieces_placed_mean   | 25.6         |
| rollout/                |              |
|    ep_len_mean          | 29.3         |
|    ep_rew_mean          | 39.1         |
| time/                   |              |
|    fps                  | 781          |
|    iterations           | 432          |
|    time_elapsed         | 4526         |
|    total_timesteps      | 3538944      |
| train/                  |              |
|    approx_kl            | 0.0070878253 |
|    clip_fraction        | 0.0565       |
|    clip_range           | 0.2          |
|    entropy_loss         | -0.782       |
|    explained_variance   | 0.234        |
|    learning_rate        | 0.0001       |
|    loss                 | 0.447        |
|    n_updates            | 1724         |
|    policy_gradient_loss | -0.014       |
|    value_loss           | 0.493        |
------------------------------------------
------------------------------------------
| episode/                |              |
|    lines_cleared_mean   | 7.9          |
|    perfect_clears_mean  | 0            |
|    pieces_placed_mean   | 31.9         |
| rollout/                |              |
|    ep_len_mean          | 33           |
|    ep_rew_mean          | 47.5         |
| time/                   |              |
|    fps                  | 781          |
|    iterations           | 433          |
|    time_elapsed         | 4536         |
|    total_timesteps      | 3547136      |
| train/                  |              |
|    approx_kl            | 0.0062614204 |
|    clip_fraction        | 0.0556       |
|    clip_range           | 0.2          |
|    entropy_loss         | -0.784       |
|    explained_variance   | 0.272        |
|    learning_rate        | 0.0001       |
|    loss                 | 0.397        |
|    n_updates            | 1728         |
|    policy_gradient_loss | -0.0141      |
|    value_loss           | 0.466        |
------------------------------------------
------------------------------------------
| episode/                |              |
|    lines_cleared_mean   | 7.7          |
|    perfect_clears_mean  | 0            |
|    pieces_placed_mean   | 31.7         |
| rollout/                |              |
|    ep_len_mean          | 31           |
|    ep_rew_mean          | 42.7         |
| time/                   |              |
|    fps                  | 781          |
|    iterations           | 434          |
|    time_elapsed         | 4546         |
|    total_timesteps      | 3555328      |
| train/                  |              |
|    approx_kl            | 0.0064532803 |
|    clip_fraction        | 0.0541       |
|    clip_range           | 0.2          |
|    entropy_loss         | -0.781       |
|    explained_variance   | 0.266        |
|    learning_rate        | 0.0001       |
|    loss                 | 0.4          |
|    n_updates            | 1732         |
|    policy_gradient_loss | -0.0138      |
|    value_loss           | 0.468        |
------------------------------------------
-----------------------------------------
| episode/                |             |
|    lines_cleared_mean   | 8.2         |
|    perfect_clears_mean  | 0           |
|    pieces_placed_mean   | 31.3        |
| rollout/                |             |
|    ep_len_mean          | 31.2        |
|    ep_rew_mean          | 43.1        |
| time/                   |             |
|    fps                  | 781         |
|    iterations           | 435         |
|    time_elapsed         | 4557        |
|    total_timesteps      | 3563520     |
| train/                  |             |
|    approx_kl            | 0.006272278 |
|    clip_fraction        | 0.0573      |
|    clip_range           | 0.2         |
|    entropy_loss         | -0.803      |
|    explained_variance   | 0.286       |
|    learning_rate        | 0.0001      |
|    loss                 | 0.362       |
|    n_updates            | 1736        |
|    policy_gradient_loss | -0.0138     |
|    value_loss           | 0.444       |
-----------------------------------------
-----------------------------------------
| episode/                |             |
|    lines_cleared_mean   | 9.2         |
|    perfect_clears_mean  | 0           |
|    pieces_placed_mean   | 34.2        |
| rollout/                |             |
|    ep_len_mean          | 33.2        |
|    ep_rew_mean          | 47.7        |
| time/                   |             |
|    fps                  | 782         |
|    iterations           | 436         |
|    time_elapsed         | 4567        |
|    total_timesteps      | 3571712     |
| train/                  |             |
|    approx_kl            | 0.006456745 |
|    clip_fraction        | 0.0545      |
|    clip_range           | 0.2         |
|    entropy_loss         | -0.807      |
|    explained_variance   | 0.328       |
|    learning_rate        | 0.0001      |
|    loss                 | 0.411       |
|    n_updates            | 1740        |
|    policy_gradient_loss | -0.0142     |
|    value_loss           | 0.439       |
-----------------------------------------
--------------------------------------
| episode/                |          |
|    lines_cleared_mean   | 6        |
|    perfect_clears_mean  | 0        |
|    pieces_placed_mean   | 26.1     |
| rollout/                |          |
|    ep_len_mean          | 30.9     |
|    ep_rew_mean          | 43.7     |
| time/                   |          |
|    fps                  | 782      |
|    iterations           | 437      |
|    time_elapsed         | 4577     |
|    total_timesteps      | 3579904  |
| train/                  |          |
|    approx_kl            | 0.007007 |
|    clip_fraction        | 0.0624   |
|    clip_range           | 0.2      |
|    entropy_loss         | -0.788   |
|    explained_variance   | 0.309    |
|    learning_rate        | 0.0001   |
|    loss                 | 0.386    |
|    n_updates            | 1744     |
|    policy_gradient_loss | -0.0137  |
|    value_loss           | 0.461    |
--------------------------------------
-----------------------------------------
| episode/                |             |
|    lines_cleared_mean   | 7.2         |
|    perfect_clears_mean  | 0           |
|    pieces_placed_mean   | 30.4        |
| rollout/                |             |
|    ep_len_mean          | 30          |
|    ep_rew_mean          | 40.5        |
| time/                   |             |
|    fps                  | 782         |
|    iterations           | 438         |
|    time_elapsed         | 4587        |
|    total_timesteps      | 3588096     |
| train/                  |             |
|    approx_kl            | 0.007422956 |
|    clip_fraction        | 0.064       |
|    clip_range           | 0.2         |
|    entropy_loss         | -0.791      |
|    explained_variance   | 0.262       |
|    learning_rate        | 0.0001      |
|    loss                 | 0.338       |
|    n_updates            | 1748        |
|    policy_gradient_loss | -0.0151     |
|    value_loss           | 0.467       |
-----------------------------------------
------------------------------------------
| episode/                |              |
|    lines_cleared_mean   | 7.6          |
|    perfect_clears_mean  | 0            |
|    pieces_placed_mean   | 30.3         |
| rollout/                |              |
|    ep_len_mean          | 31.5         |
|    ep_rew_mean          | 44.5         |
| time/                   |              |
|    fps                  | 782          |
|    iterations           | 439          |
|    time_elapsed         | 4598         |
|    total_timesteps      | 3596288      |
| train/                  |              |
|    approx_kl            | 0.0065230317 |
|    clip_fraction        | 0.0575       |
|    clip_range           | 0.2          |
|    entropy_loss         | -0.802       |
|    explained_variance   | 0.283        |
|    learning_rate        | 0.0001       |
|    loss                 | 0.434        |
|    n_updates            | 1752         |
|    policy_gradient_loss | -0.0151      |
|    value_loss           | 0.484        |
------------------------------------------
------------------------------------------
| episode/                |              |
|    lines_cleared_mean   | 9.27         |
|    perfect_clears_mean  | 0            |
|    pieces_placed_mean   | 34.2         |
| rollout/                |              |
|    ep_len_mean          | 31.7         |
|    ep_rew_mean          | 44.5         |
| time/                   |              |
|    fps                  | 782          |
|    iterations           | 440          |
|    time_elapsed         | 4608         |
|    total_timesteps      | 3604480      |
| train/                  |              |
|    approx_kl            | 0.0070455107 |
|    clip_fraction        | 0.0605       |
|    clip_range           | 0.2          |
|    entropy_loss         | -0.796       |
|    explained_variance   | 0.359        |
|    learning_rate        | 0.0001       |
|    loss                 | 0.43         |
|    n_updates            | 1756         |
|    policy_gradient_loss | -0.0143      |
|    value_loss           | 0.447        |
------------------------------------------
-----------------------------------------
| episode/                |             |
|    lines_cleared_mean   | 8           |
|    perfect_clears_mean  | 0           |
|    pieces_placed_mean   | 31          |
| rollout/                |             |
|    ep_len_mean          | 33          |
|    ep_rew_mean          | 47.6        |
| time/                   |             |
|    fps                  | 782         |
|    iterations           | 441         |
|    time_elapsed         | 4618        |
|    total_timesteps      | 3612672     |
| train/                  |             |
|    approx_kl            | 0.007725356 |
|    clip_fraction        | 0.0783      |
|    clip_range           | 0.2         |
|    entropy_loss         | -0.805      |
|    explained_variance   | 0.354       |
|    learning_rate        | 0.0001      |
|    loss                 | 0.283       |
|    n_updates            | 1760        |
|    policy_gradient_loss | -0.0155     |
|    value_loss           | 0.391       |
-----------------------------------------
-----------------------------------------
| episode/                |             |
|    lines_cleared_mean   | 10.6        |
|    perfect_clears_mean  | 0           |
|    pieces_placed_mean   | 37.1        |
| rollout/                |             |
|    ep_len_mean          | 32.2        |
|    ep_rew_mean          | 46.1        |
| time/                   |             |
|    fps                  | 782         |
|    iterations           | 442         |
|    time_elapsed         | 4629        |
|    total_timesteps      | 3620864     |
| train/                  |             |
|    approx_kl            | 0.006684473 |
|    clip_fraction        | 0.0507      |
|    clip_range           | 0.2         |
|    entropy_loss         | -0.798      |
|    explained_variance   | 0.306       |
|    learning_rate        | 0.0001      |
|    loss                 | 0.319       |
|    n_updates            | 1764        |
|    policy_gradient_loss | -0.0146     |
|    value_loss           | 0.428       |
-----------------------------------------
-----------------------------------------
| episode/                |             |
|    lines_cleared_mean   | 7.82        |
|    perfect_clears_mean  | 0           |
|    pieces_placed_mean   | 31.5        |
| rollout/                |             |
|    ep_len_mean          | 33.8        |
|    ep_rew_mean          | 49.1        |
| time/                   |             |
|    fps                  | 782         |
|    iterations           | 443         |
|    time_elapsed         | 4639        |
|    total_timesteps      | 3629056     |
| train/                  |             |
|    approx_kl            | 0.006351646 |
|    clip_fraction        | 0.0595      |
|    clip_range           | 0.2         |
|    entropy_loss         | -0.8        |
|    explained_variance   | 0.269       |
|    learning_rate        | 0.0001      |
|    loss                 | 0.4         |
|    n_updates            | 1768        |
|    policy_gradient_loss | -0.0153     |
|    value_loss           | 0.485       |
-----------------------------------------
------------------------------------------
| episode/                |              |
|    lines_cleared_mean   | 7.4          |
|    perfect_clears_mean  | 0            |
|    pieces_placed_mean   | 29.5         |
| rollout/                |              |
|    ep_len_mean          | 32.7         |
|    ep_rew_mean          | 46.8         |
| time/                   |              |
|    fps                  | 782          |
|    iterations           | 444          |
|    time_elapsed         | 4649         |
|    total_timesteps      | 3637248      |
| train/                  |              |
|    approx_kl            | 0.0067313295 |
|    clip_fraction        | 0.0565       |
|    clip_range           | 0.2          |
|    entropy_loss         | -0.79        |
|    explained_variance   | 0.302        |
|    learning_rate        | 0.0001       |
|    loss                 | 0.396        |
|    n_updates            | 1772         |
|    policy_gradient_loss | -0.0139      |
|    value_loss           | 0.509        |
------------------------------------------
-----------------------------------------
| episode/                |             |
|    lines_cleared_mean   | 10          |
|    perfect_clears_mean  | 0           |
|    pieces_placed_mean   | 35.6        |
| rollout/                |             |
|    ep_len_mean          | 30.9        |
|    ep_rew_mean          | 43.2        |
| time/                   |             |
|    fps                  | 782         |
|    iterations           | 445         |
|    time_elapsed         | 4659        |
|    total_timesteps      | 3645440     |
| train/                  |             |
|    approx_kl            | 0.005876016 |
|    clip_fraction        | 0.0533      |
|    clip_range           | 0.2         |
|    entropy_loss         | -0.79       |
|    explained_variance   | 0.262       |
|    learning_rate        | 0.0001      |
|    loss                 | 0.479       |
|    n_updates            | 1776        |
|    policy_gradient_loss | -0.0136     |
|    value_loss           | 0.513       |
-----------------------------------------
-----------------------------------------
| episode/                |             |
|    lines_cleared_mean   | 5.3         |
|    perfect_clears_mean  | 0           |
|    pieces_placed_mean   | 23.9        |
| rollout/                |             |
|    ep_len_mean          | 31.5        |
|    ep_rew_mean          | 44.4        |
| time/                   |             |
|    fps                  | 782         |
|    iterations           | 446         |
|    time_elapsed         | 4670        |
|    total_timesteps      | 3653632     |
| train/                  |             |
|    approx_kl            | 0.007153743 |
|    clip_fraction        | 0.0615      |
|    clip_range           | 0.2         |
|    entropy_loss         | -0.797      |
|    explained_variance   | 0.238       |
|    learning_rate        | 0.0001      |
|    loss                 | 0.46        |
|    n_updates            | 1780        |
|    policy_gradient_loss | -0.0142     |
|    value_loss           | 0.537       |
-----------------------------------------
-----------------------------------------
| episode/                |             |
|    lines_cleared_mean   | 7.7         |
|    perfect_clears_mean  | 0           |
|    pieces_placed_mean   | 31.8        |
| rollout/                |             |
|    ep_len_mean          | 30.9        |
|    ep_rew_mean          | 43          |
| time/                   |             |
|    fps                  | 782         |
|    iterations           | 447         |
|    time_elapsed         | 4680        |
|    total_timesteps      | 3661824     |
| train/                  |             |
|    approx_kl            | 0.007615763 |
|    clip_fraction        | 0.0648      |
|    clip_range           | 0.2         |
|    entropy_loss         | -0.781      |
|    explained_variance   | 0.249       |
|    learning_rate        | 0.0001      |
|    loss                 | 0.406       |
|    n_updates            | 1784        |
|    policy_gradient_loss | -0.0156     |
|    value_loss           | 0.48        |
-----------------------------------------
-----------------------------------------
| episode/                |             |
|    lines_cleared_mean   | 9           |
|    perfect_clears_mean  | 0           |
|    pieces_placed_mean   | 33.9        |
| rollout/                |             |
|    ep_len_mean          | 33.3        |
|    ep_rew_mean          | 47.9        |
| time/                   |             |
|    fps                  | 782         |
|    iterations           | 448         |
|    time_elapsed         | 4690        |
|    total_timesteps      | 3670016     |
| train/                  |             |
|    approx_kl            | 0.007067728 |
|    clip_fraction        | 0.0587      |
|    clip_range           | 0.2         |
|    entropy_loss         | -0.78       |
|    explained_variance   | 0.299       |
|    learning_rate        | 0.0001      |
|    loss                 | 0.368       |
|    n_updates            | 1788        |
|    policy_gradient_loss | -0.0149     |
|    value_loss           | 0.462       |
-----------------------------------------
------------------------------------------
| episode/                |              |
|    lines_cleared_mean   | 7.7          |
|    perfect_clears_mean  | 0            |
|    pieces_placed_mean   | 31.2         |
| rollout/                |              |
|    ep_len_mean          | 28.7         |
|    ep_rew_mean          | 38.2         |
| time/                   |              |
|    fps                  | 782          |
|    iterations           | 449          |
|    time_elapsed         | 4701         |
|    total_timesteps      | 3678208      |
| train/                  |              |
|    approx_kl            | 0.0059704636 |
|    clip_fraction        | 0.0553       |
|    clip_range           | 0.2          |
|    entropy_loss         | -0.789       |
|    explained_variance   | 0.305        |
|    learning_rate        | 0.0001       |
|    loss                 | 0.416        |
|    n_updates            | 1792         |
|    policy_gradient_loss | -0.0133      |
|    value_loss           | 0.481        |
------------------------------------------
------------------------------------------
| episode/                |              |
|    lines_cleared_mean   | 9.17         |
|    perfect_clears_mean  | 0            |
|    pieces_placed_mean   | 33.1         |
| rollout/                |              |
|    ep_len_mean          | 33           |
|    ep_rew_mean          | 47.9         |
| time/                   |              |
|    fps                  | 782          |
|    iterations           | 450          |
|    time_elapsed         | 4711         |
|    total_timesteps      | 3686400      |
| train/                  |              |
|    approx_kl            | 0.0077556716 |
|    clip_fraction        | 0.0643       |
|    clip_range           | 0.2          |
|    entropy_loss         | -0.794       |
|    explained_variance   | 0.278        |
|    learning_rate        | 0.0001       |
|    loss                 | 0.428        |
|    n_updates            | 1796         |
|    policy_gradient_loss | -0.0152      |
|    value_loss           | 0.474        |
------------------------------------------
-----------------------------------------
| episode/                |             |
|    lines_cleared_mean   | 6.4         |
|    perfect_clears_mean  | 0           |
|    pieces_placed_mean   | 28.4        |
| rollout/                |             |
|    ep_len_mean          | 31.5        |
|    ep_rew_mean          | 44.1        |
| time/                   |             |
|    fps                  | 782         |
|    iterations           | 451         |
|    time_elapsed         | 4721        |
|    total_timesteps      | 3694592     |
| train/                  |             |
|    approx_kl            | 0.007021566 |
|    clip_fraction        | 0.0584      |
|    clip_range           | 0.2         |
|    entropy_loss         | -0.8        |
|    explained_variance   | 0.305       |
|    learning_rate        | 0.0001      |
|    loss                 | 0.395       |
|    n_updates            | 1800        |
|    policy_gradient_loss | -0.0152     |
|    value_loss           | 0.459       |
-----------------------------------------
----------------------------------------
| episode/                |            |
|    lines_cleared_mean   | 10.1       |
|    perfect_clears_mean  | 0          |
|    pieces_placed_mean   | 36.5       |
| rollout/                |            |
|    ep_len_mean          | 31.5       |
|    ep_rew_mean          | 44.5       |
| time/                   |            |
|    fps                  | 782        |
|    iterations           | 452        |
|    time_elapsed         | 4732       |
|    total_timesteps      | 3702784    |
| train/                  |            |
|    approx_kl            | 0.00726465 |
|    clip_fraction        | 0.0586     |
|    clip_range           | 0.2        |
|    entropy_loss         | -0.794     |
|    explained_variance   | 0.333      |
|    learning_rate        | 0.0001     |
|    loss                 | 0.374      |
|    n_updates            | 1804       |
|    policy_gradient_loss | -0.0139    |
|    value_loss           | 0.455      |
----------------------------------------
-----------------------------------------
| episode/                |             |
|    lines_cleared_mean   | 10.1        |
|    perfect_clears_mean  | 0           |
|    pieces_placed_mean   | 37.4        |
| rollout/                |             |
|    ep_len_mean          | 31.7        |
|    ep_rew_mean          | 45.1        |
| time/                   |             |
|    fps                  | 782         |
|    iterations           | 453         |
|    time_elapsed         | 4742        |
|    total_timesteps      | 3710976     |
| train/                  |             |
|    approx_kl            | 0.007300245 |
|    clip_fraction        | 0.0609      |
|    clip_range           | 0.2         |
|    entropy_loss         | -0.811      |
|    explained_variance   | 0.316       |
|    learning_rate        | 0.0001      |
|    loss                 | 0.326       |
|    n_updates            | 1808        |
|    policy_gradient_loss | -0.0143     |
|    value_loss           | 0.459       |
-----------------------------------------
-----------------------------------------
| episode/                |             |
|    lines_cleared_mean   | 7.7         |
|    perfect_clears_mean  | 0           |
|    pieces_placed_mean   | 30.6        |
| rollout/                |             |
|    ep_len_mean          | 29.9        |
|    ep_rew_mean          | 40.5        |
| time/                   |             |
|    fps                  | 782         |
|    iterations           | 454         |
|    time_elapsed         | 4752        |
|    total_timesteps      | 3719168     |
| train/                  |             |
|    approx_kl            | 0.007510611 |
|    clip_fraction        | 0.0635      |
|    clip_range           | 0.2         |
|    entropy_loss         | -0.785      |
|    explained_variance   | 0.277       |
|    learning_rate        | 0.0001      |
|    loss                 | 0.432       |
|    n_updates            | 1812        |
|    policy_gradient_loss | -0.0152     |
|    value_loss           | 0.479       |
-----------------------------------------
------------------------------------------
| episode/                |              |
|    lines_cleared_mean   | 13.7         |
|    perfect_clears_mean  | 0            |
|    pieces_placed_mean   | 44.5         |
| rollout/                |              |
|    ep_len_mean          | 33.4         |
|    ep_rew_mean          | 48.9         |
| time/                   |              |
|    fps                  | 782          |
|    iterations           | 455          |
|    time_elapsed         | 4763         |
|    total_timesteps      | 3727360      |
| train/                  |              |
|    approx_kl            | 0.0069048903 |
|    clip_fraction        | 0.0661       |
|    clip_range           | 0.2          |
|    entropy_loss         | -0.795       |
|    explained_variance   | 0.286        |
|    learning_rate        | 0.0001       |
|    loss                 | 0.3          |
|    n_updates            | 1816         |
|    policy_gradient_loss | -0.0151      |
|    value_loss           | 0.427        |
------------------------------------------
------------------------------------------
| episode/                |              |
|    lines_cleared_mean   | 8.7          |
|    perfect_clears_mean  | 0            |
|    pieces_placed_mean   | 34.1         |
| rollout/                |              |
|    ep_len_mean          | 35           |
|    ep_rew_mean          | 51.8         |
| time/                   |              |
|    fps                  | 782          |
|    iterations           | 456          |
|    time_elapsed         | 4773         |
|    total_timesteps      | 3735552      |
| train/                  |              |
|    approx_kl            | 0.0068827495 |
|    clip_fraction        | 0.0592       |
|    clip_range           | 0.2          |
|    entropy_loss         | -0.791       |
|    explained_variance   | 0.241        |
|    learning_rate        | 0.0001       |
|    loss                 | 0.381        |
|    n_updates            | 1820         |
|    policy_gradient_loss | -0.0148      |
|    value_loss           | 0.493        |
------------------------------------------
-----------------------------------------
| episode/                |             |
|    lines_cleared_mean   | 9.55        |
|    perfect_clears_mean  | 0           |
|    pieces_placed_mean   | 35.7        |
| rollout/                |             |
|    ep_len_mean          | 31.8        |
|    ep_rew_mean          | 44.6        |
| time/                   |             |
|    fps                  | 782         |
|    iterations           | 457         |
|    time_elapsed         | 4783        |
|    total_timesteps      | 3743744     |
| train/                  |             |
|    approx_kl            | 0.007645321 |
|    clip_fraction        | 0.0631      |
|    clip_range           | 0.2         |
|    entropy_loss         | -0.787      |
|    explained_variance   | 0.228       |
|    learning_rate        | 0.0001      |
|    loss                 | 0.336       |
|    n_updates            | 1824        |
|    policy_gradient_loss | -0.0153     |
|    value_loss           | 0.478       |
-----------------------------------------
------------------------------------------
| episode/                |              |
|    lines_cleared_mean   | 5.9          |
|    perfect_clears_mean  | 0            |
|    pieces_placed_mean   | 25.7         |
| rollout/                |              |
|    ep_len_mean          | 32.1         |
|    ep_rew_mean          | 46.2         |
| time/                   |              |
|    fps                  | 782          |
|    iterations           | 458          |
|    time_elapsed         | 4793         |
|    total_timesteps      | 3751936      |
| train/                  |              |
|    approx_kl            | 0.0062790588 |
|    clip_fraction        | 0.0641       |
|    clip_range           | 0.2          |
|    entropy_loss         | -0.805       |
|    explained_variance   | 0.251        |
|    learning_rate        | 0.0001       |
|    loss                 | 0.408        |
|    n_updates            | 1828         |
|    policy_gradient_loss | -0.0145      |
|    value_loss           | 0.488        |
------------------------------------------
-----------------------------------------
| episode/                |             |
|    lines_cleared_mean   | 7.6         |
|    perfect_clears_mean  | 0           |
|    pieces_placed_mean   | 30.7        |
| rollout/                |             |
|    ep_len_mean          | 30.8        |
|    ep_rew_mean          | 42.3        |
| time/                   |             |
|    fps                  | 782         |
|    iterations           | 459         |
|    time_elapsed         | 4804        |
|    total_timesteps      | 3760128     |
| train/                  |             |
|    approx_kl            | 0.008033097 |
|    clip_fraction        | 0.0705      |
|    clip_range           | 0.2         |
|    entropy_loss         | -0.797      |
|    explained_variance   | 0.331       |
|    learning_rate        | 0.0001      |
|    loss                 | 0.352       |
|    n_updates            | 1832        |
|    policy_gradient_loss | -0.0159     |
|    value_loss           | 0.432       |
-----------------------------------------
------------------------------------------
| episode/                |              |
|    lines_cleared_mean   | 7.45         |
|    perfect_clears_mean  | 0            |
|    pieces_placed_mean   | 30.6         |
| rollout/                |              |
|    ep_len_mean          | 30.3         |
|    ep_rew_mean          | 41.1         |
| time/                   |              |
|    fps                  | 782          |
|    iterations           | 460          |
|    time_elapsed         | 4814         |
|    total_timesteps      | 3768320      |
| train/                  |              |
|    approx_kl            | 0.0065712854 |
|    clip_fraction        | 0.0607       |
|    clip_range           | 0.2          |
|    entropy_loss         | -0.777       |
|    explained_variance   | 0.273        |
|    learning_rate        | 0.0001       |
|    loss                 | 0.41         |
|    n_updates            | 1836         |
|    policy_gradient_loss | -0.0146      |
|    value_loss           | 0.483        |
------------------------------------------
------------------------------------------
| episode/                |              |
|    lines_cleared_mean   | 8            |
|    perfect_clears_mean  | 0            |
|    pieces_placed_mean   | 31.2         |
| rollout/                |              |
|    ep_len_mean          | 33.7         |
|    ep_rew_mean          | 49           |
| time/                   |              |
|    fps                  | 782          |
|    iterations           | 461          |
|    time_elapsed         | 4824         |
|    total_timesteps      | 3776512      |
| train/                  |              |
|    approx_kl            | 0.0067302696 |
|    clip_fraction        | 0.0651       |
|    clip_range           | 0.2          |
|    entropy_loss         | -0.771       |
|    explained_variance   | 0.251        |
|    learning_rate        | 0.0001       |
|    loss                 | 0.33         |
|    n_updates            | 1840         |
|    policy_gradient_loss | -0.0154      |
|    value_loss           | 0.497        |
------------------------------------------
-----------------------------------------
| episode/                |             |
|    lines_cleared_mean   | 7.5         |
|    perfect_clears_mean  | 0           |
|    pieces_placed_mean   | 30.2        |
| rollout/                |             |
|    ep_len_mean          | 33.3        |
|    ep_rew_mean          | 48.7        |
| time/                   |             |
|    fps                  | 782         |
|    iterations           | 462         |
|    time_elapsed         | 4834        |
|    total_timesteps      | 3784704     |
| train/                  |             |
|    approx_kl            | 0.006260067 |
|    clip_fraction        | 0.0554      |
|    clip_range           | 0.2         |
|    entropy_loss         | -0.769      |
|    explained_variance   | 0.299       |
|    learning_rate        | 0.0001      |
|    loss                 | 0.457       |
|    n_updates            | 1844        |
|    policy_gradient_loss | -0.0143     |
|    value_loss           | 0.484       |
-----------------------------------------
-----------------------------------------
| episode/                |             |
|    lines_cleared_mean   | 8.73        |
|    perfect_clears_mean  | 0           |
|    pieces_placed_mean   | 33.5        |
| rollout/                |             |
|    ep_len_mean          | 30.7        |
|    ep_rew_mean          | 42.6        |
| time/                   |             |
|    fps                  | 782         |
|    iterations           | 463         |
|    time_elapsed         | 4845        |
|    total_timesteps      | 3792896     |
| train/                  |             |
|    approx_kl            | 0.006309758 |
|    clip_fraction        | 0.0567      |
|    clip_range           | 0.2         |
|    entropy_loss         | -0.756      |
|    explained_variance   | 0.243       |
|    learning_rate        | 0.0001      |
|    loss                 | 0.404       |
|    n_updates            | 1848        |
|    policy_gradient_loss | -0.0147     |
|    value_loss           | 0.555       |
-----------------------------------------
-----------------------------------------
| episode/                |             |
|    lines_cleared_mean   | 8.8         |
|    perfect_clears_mean  | 0           |
|    pieces_placed_mean   | 33.4        |
| rollout/                |             |
|    ep_len_mean          | 30.1        |
|    ep_rew_mean          | 41.3        |
| time/                   |             |
|    fps                  | 782         |
|    iterations           | 464         |
|    time_elapsed         | 4855        |
|    total_timesteps      | 3801088     |
| train/                  |             |
|    approx_kl            | 0.006157862 |
|    clip_fraction        | 0.0601      |
|    clip_range           | 0.2         |
|    entropy_loss         | -0.775      |
|    explained_variance   | 0.287       |
|    learning_rate        | 0.0001      |
|    loss                 | 0.459       |
|    n_updates            | 1852        |
|    policy_gradient_loss | -0.0148     |
|    value_loss           | 0.524       |
-----------------------------------------
-----------------------------------------
| episode/                |             |
|    lines_cleared_mean   | 6.9         |
|    perfect_clears_mean  | 0           |
|    pieces_placed_mean   | 30.3        |
| rollout/                |             |
|    ep_len_mean          | 29.2        |
|    ep_rew_mean          | 39          |
| time/                   |             |
|    fps                  | 782         |
|    iterations           | 465         |
|    time_elapsed         | 4865        |
|    total_timesteps      | 3809280     |
| train/                  |             |
|    approx_kl            | 0.007047378 |
|    clip_fraction        | 0.0629      |
|    clip_range           | 0.2         |
|    entropy_loss         | -0.762      |
|    explained_variance   | 0.284       |
|    learning_rate        | 0.0001      |
|    loss                 | 0.387       |
|    n_updates            | 1856        |
|    policy_gradient_loss | -0.0145     |
|    value_loss           | 0.479       |
-----------------------------------------
-----------------------------------------
| episode/                |             |
|    lines_cleared_mean   | 8.1         |
|    perfect_clears_mean  | 0           |
|    pieces_placed_mean   | 32.4        |
| rollout/                |             |
|    ep_len_mean          | 33          |
|    ep_rew_mean          | 48.1        |
| time/                   |             |
|    fps                  | 782         |
|    iterations           | 466         |
|    time_elapsed         | 4875        |
|    total_timesteps      | 3817472     |
| train/                  |             |
|    approx_kl            | 0.005995905 |
|    clip_fraction        | 0.0483      |
|    clip_range           | 0.2         |
|    entropy_loss         | -0.76       |
|    explained_variance   | 0.287       |
|    learning_rate        | 0.0001      |
|    loss                 | 0.389       |
|    n_updates            | 1860        |
|    policy_gradient_loss | -0.0136     |
|    value_loss           | 0.483       |
-----------------------------------------
-----------------------------------------
| episode/                |             |
|    lines_cleared_mean   | 11.2        |
|    perfect_clears_mean  | 0           |
|    pieces_placed_mean   | 38.4        |
| rollout/                |             |
|    ep_len_mean          | 30.8        |
|    ep_rew_mean          | 43.4        |
| time/                   |             |
|    fps                  | 782         |
|    iterations           | 467         |
|    time_elapsed         | 4886        |
|    total_timesteps      | 3825664     |
| train/                  |             |
|    approx_kl            | 0.007061962 |
|    clip_fraction        | 0.0679      |
|    clip_range           | 0.2         |
|    entropy_loss         | -0.766      |
|    explained_variance   | 0.277       |
|    learning_rate        | 0.0001      |
|    loss                 | 0.333       |
|    n_updates            | 1864        |
|    policy_gradient_loss | -0.0162     |
|    value_loss           | 0.471       |
-----------------------------------------
------------------------------------------
| episode/                |              |
|    lines_cleared_mean   | 6.2          |
|    perfect_clears_mean  | 0            |
|    pieces_placed_mean   | 26.2         |
| rollout/                |              |
|    ep_len_mean          | 29.7         |
|    ep_rew_mean          | 40.1         |
| time/                   |              |
|    fps                  | 782          |
|    iterations           | 468          |
|    time_elapsed         | 4896         |
|    total_timesteps      | 3833856      |
| train/                  |              |
|    approx_kl            | 0.0073315483 |
|    clip_fraction        | 0.0679       |
|    clip_range           | 0.2          |
|    entropy_loss         | -0.766       |
|    explained_variance   | 0.266        |
|    learning_rate        | 0.0001       |
|    loss                 | 0.41         |
|    n_updates            | 1868         |
|    policy_gradient_loss | -0.0142      |
|    value_loss           | 0.487        |
------------------------------------------
-----------------------------------------
| episode/                |             |
|    lines_cleared_mean   | 8.1         |
|    perfect_clears_mean  | 0           |
|    pieces_placed_mean   | 31.5        |
| rollout/                |             |
|    ep_len_mean          | 34.7        |
|    ep_rew_mean          | 51.5        |
| time/                   |             |
|    fps                  | 783         |
|    iterations           | 469         |
|    time_elapsed         | 4906        |
|    total_timesteps      | 3842048     |
| train/                  |             |
|    approx_kl            | 0.006407367 |
|    clip_fraction        | 0.0576      |
|    clip_range           | 0.2         |
|    entropy_loss         | -0.778      |
|    explained_variance   | 0.245       |
|    learning_rate        | 0.0001      |
|    loss                 | 0.437       |
|    n_updates            | 1872        |
|    policy_gradient_loss | -0.0153     |
|    value_loss           | 0.524       |
-----------------------------------------
------------------------------------------
| episode/                |              |
|    lines_cleared_mean   | 10.1         |
|    perfect_clears_mean  | 0            |
|    pieces_placed_mean   | 35.9         |
| rollout/                |              |
|    ep_len_mean          | 31.9         |
|    ep_rew_mean          | 45.1         |
| time/                   |              |
|    fps                  | 783          |
|    iterations           | 470          |
|    time_elapsed         | 4917         |
|    total_timesteps      | 3850240      |
| train/                  |              |
|    approx_kl            | 0.0071424344 |
|    clip_fraction        | 0.0557       |
|    clip_range           | 0.2          |
|    entropy_loss         | -0.774       |
|    explained_variance   | 0.284        |
|    learning_rate        | 0.0001       |
|    loss                 | 0.358        |
|    n_updates            | 1876         |
|    policy_gradient_loss | -0.0147      |
|    value_loss           | 0.497        |
------------------------------------------
------------------------------------------
| episode/                |              |
|    lines_cleared_mean   | 11.5         |
|    perfect_clears_mean  | 0            |
|    pieces_placed_mean   | 40           |
| rollout/                |              |
|    ep_len_mean          | 33.8         |
|    ep_rew_mean          | 49.3         |
| time/                   |              |
|    fps                  | 783          |
|    iterations           | 471          |
|    time_elapsed         | 4927         |
|    total_timesteps      | 3858432      |
| train/                  |              |
|    approx_kl            | 0.0074539157 |
|    clip_fraction        | 0.0714       |
|    clip_range           | 0.2          |
|    entropy_loss         | -0.788       |
|    explained_variance   | 0.305        |
|    learning_rate        | 0.0001       |
|    loss                 | 0.383        |
|    n_updates            | 1880         |
|    policy_gradient_loss | -0.017       |
|    value_loss           | 0.488        |
------------------------------------------
-----------------------------------------
| episode/                |             |
|    lines_cleared_mean   | 8.09        |
|    perfect_clears_mean  | 0           |
|    pieces_placed_mean   | 32.5        |
| rollout/                |             |
|    ep_len_mean          | 32.3        |
|    ep_rew_mean          | 46.2        |
| time/                   |             |
|    fps                  | 783         |
|    iterations           | 472         |
|    time_elapsed         | 4937        |
|    total_timesteps      | 3866624     |
| train/                  |             |
|    approx_kl            | 0.007364317 |
|    clip_fraction        | 0.0776      |
|    clip_range           | 0.2         |
|    entropy_loss         | -0.782      |
|    explained_variance   | 0.252       |
|    learning_rate        | 0.0001      |
|    loss                 | 0.443       |
|    n_updates            | 1884        |
|    policy_gradient_loss | -0.017      |
|    value_loss           | 0.487       |
-----------------------------------------
------------------------------------------
| episode/                |              |
|    lines_cleared_mean   | 8.2          |
|    perfect_clears_mean  | 0            |
|    pieces_placed_mean   | 31.6         |
| rollout/                |              |
|    ep_len_mean          | 32.1         |
|    ep_rew_mean          | 46.1         |
| time/                   |              |
|    fps                  | 783          |
|    iterations           | 473          |
|    time_elapsed         | 4947         |
|    total_timesteps      | 3874816      |
| train/                  |              |
|    approx_kl            | 0.0075994115 |
|    clip_fraction        | 0.064        |
|    clip_range           | 0.2          |
|    entropy_loss         | -0.785       |
|    explained_variance   | 0.264        |
|    learning_rate        | 0.0001       |
|    loss                 | 0.366        |
|    n_updates            | 1888         |
|    policy_gradient_loss | -0.0144      |
|    value_loss           | 0.491        |
------------------------------------------
-----------------------------------------
| episode/                |             |
|    lines_cleared_mean   | 6.4         |
|    perfect_clears_mean  | 0           |
|    pieces_placed_mean   | 27.3        |
| rollout/                |             |
|    ep_len_mean          | 33.7        |
|    ep_rew_mean          | 48.8        |
| time/                   |             |
|    fps                  | 783         |
|    iterations           | 474         |
|    time_elapsed         | 4957        |
|    total_timesteps      | 3883008     |
| train/                  |             |
|    approx_kl            | 0.007864864 |
|    clip_fraction        | 0.0694      |
|    clip_range           | 0.2         |
|    entropy_loss         | -0.799      |
|    explained_variance   | 0.328       |
|    learning_rate        | 0.0001      |
|    loss                 | 0.318       |
|    n_updates            | 1892        |
|    policy_gradient_loss | -0.016      |
|    value_loss           | 0.446       |
-----------------------------------------
------------------------------------------
| episode/                |              |
|    lines_cleared_mean   | 6.6          |
|    perfect_clears_mean  | 0            |
|    pieces_placed_mean   | 28.3         |
| rollout/                |              |
|    ep_len_mean          | 32.2         |
|    ep_rew_mean          | 45.7         |
| time/                   |              |
|    fps                  | 783          |
|    iterations           | 475          |
|    time_elapsed         | 4968         |
|    total_timesteps      | 3891200      |
| train/                  |              |
|    approx_kl            | 0.0070062988 |
|    clip_fraction        | 0.0654       |
|    clip_range           | 0.2          |
|    entropy_loss         | -0.806       |
|    explained_variance   | 0.277        |
|    learning_rate        | 0.0001       |
|    loss                 | 0.453        |
|    n_updates            | 1896         |
|    policy_gradient_loss | -0.0153      |
|    value_loss           | 0.508        |
------------------------------------------
-----------------------------------------
| episode/                |             |
|    lines_cleared_mean   | 7.82        |
|    perfect_clears_mean  | 0           |
|    pieces_placed_mean   | 31.1        |
| rollout/                |             |
|    ep_len_mean          | 34          |
|    ep_rew_mean          | 50.3        |
| time/                   |             |
|    fps                  | 783         |
|    iterations           | 476         |
|    time_elapsed         | 4978        |
|    total_timesteps      | 3899392     |
| train/                  |             |
|    approx_kl            | 0.008120404 |
|    clip_fraction        | 0.0721      |
|    clip_range           | 0.2         |
|    entropy_loss         | -0.819      |
|    explained_variance   | 0.319       |
|    learning_rate        | 0.0001      |
|    loss                 | 0.357       |
|    n_updates            | 1900        |
|    policy_gradient_loss | -0.0164     |
|    value_loss           | 0.463       |
-----------------------------------------
-----------------------------------------
| episode/                |             |
|    lines_cleared_mean   | 13.2        |
|    perfect_clears_mean  | 0           |
|    pieces_placed_mean   | 42.4        |
| rollout/                |             |
|    ep_len_mean          | 32.1        |
|    ep_rew_mean          | 45.8        |
| time/                   |             |
|    fps                  | 783         |
|    iterations           | 477         |
|    time_elapsed         | 4988        |
|    total_timesteps      | 3907584     |
| train/                  |             |
|    approx_kl            | 0.006531664 |
|    clip_fraction        | 0.0587      |
|    clip_range           | 0.2         |
|    entropy_loss         | -0.784      |
|    explained_variance   | 0.286       |
|    learning_rate        | 0.0001      |
|    loss                 | 0.403       |
|    n_updates            | 1904        |
|    policy_gradient_loss | -0.0149     |
|    value_loss           | 0.504       |
-----------------------------------------
-----------------------------------------
| episode/                |             |
|    lines_cleared_mean   | 8.2         |
|    perfect_clears_mean  | 0           |
|    pieces_placed_mean   | 32          |
| rollout/                |             |
|    ep_len_mean          | 34.2        |
|    ep_rew_mean          | 50.7        |
| time/                   |             |
|    fps                  | 783         |
|    iterations           | 478         |
|    time_elapsed         | 4999        |
|    total_timesteps      | 3915776     |
| train/                  |             |
|    approx_kl            | 0.006896327 |
|    clip_fraction        | 0.0584      |
|    clip_range           | 0.2         |
|    entropy_loss         | -0.782      |
|    explained_variance   | 0.272       |
|    learning_rate        | 0.0001      |
|    loss                 | 0.382       |
|    n_updates            | 1908        |
|    policy_gradient_loss | -0.0147     |
|    value_loss           | 0.476       |
-----------------------------------------
-----------------------------------------
| episode/                |             |
|    lines_cleared_mean   | 8.2         |
|    perfect_clears_mean  | 0           |
|    pieces_placed_mean   | 32.1        |
| rollout/                |             |
|    ep_len_mean          | 33.7        |
|    ep_rew_mean          | 49.5        |
| time/                   |             |
|    fps                  | 783         |
|    iterations           | 479         |
|    time_elapsed         | 5009        |
|    total_timesteps      | 3923968     |
| train/                  |             |
|    approx_kl            | 0.007975712 |
|    clip_fraction        | 0.0637      |
|    clip_range           | 0.2         |
|    entropy_loss         | -0.809      |
|    explained_variance   | 0.245       |
|    learning_rate        | 0.0001      |
|    loss                 | 0.366       |
|    n_updates            | 1912        |
|    policy_gradient_loss | -0.0148     |
|    value_loss           | 0.456       |
-----------------------------------------
-----------------------------------------
| episode/                |             |
|    lines_cleared_mean   | 9.9         |
|    perfect_clears_mean  | 0           |
|    pieces_placed_mean   | 35.4        |
| rollout/                |             |
|    ep_len_mean          | 34.3        |
|    ep_rew_mean          | 50.5        |
| time/                   |             |
|    fps                  | 783         |
|    iterations           | 480         |
|    time_elapsed         | 5019        |
|    total_timesteps      | 3932160     |
| train/                  |             |
|    approx_kl            | 0.007466986 |
|    clip_fraction        | 0.0737      |
|    clip_range           | 0.2         |
|    entropy_loss         | -0.816      |
|    explained_variance   | 0.268       |
|    learning_rate        | 0.0001      |
|    loss                 | 0.381       |
|    n_updates            | 1916        |
|    policy_gradient_loss | -0.0166     |
|    value_loss           | 0.448       |
-----------------------------------------
------------------------------------------
| episode/                |              |
|    lines_cleared_mean   | 9.91         |
|    perfect_clears_mean  | 0            |
|    pieces_placed_mean   | 35.2         |
| rollout/                |              |
|    ep_len_mean          | 31.4         |
|    ep_rew_mean          | 44.3         |
| time/                   |              |
|    fps                  | 783          |
|    iterations           | 481          |
|    time_elapsed         | 5029         |
|    total_timesteps      | 3940352      |
| train/                  |              |
|    approx_kl            | 0.0061406996 |
|    clip_fraction        | 0.0513       |
|    clip_range           | 0.2          |
|    entropy_loss         | -0.809       |
|    explained_variance   | 0.272        |
|    learning_rate        | 0.0001       |
|    loss                 | 0.371        |
|    n_updates            | 1920         |
|    policy_gradient_loss | -0.0143      |
|    value_loss           | 0.475        |
------------------------------------------
-----------------------------------------
| episode/                |             |
|    lines_cleared_mean   | 7.9         |
|    perfect_clears_mean  | 0           |
|    pieces_placed_mean   | 30.6        |
| rollout/                |             |
|    ep_len_mean          | 32.7        |
|    ep_rew_mean          | 46.8        |
| time/                   |             |
|    fps                  | 783         |
|    iterations           | 482         |
|    time_elapsed         | 5040        |
|    total_timesteps      | 3948544     |
| train/                  |             |
|    approx_kl            | 0.008166999 |
|    clip_fraction        | 0.0725      |
|    clip_range           | 0.2         |
|    entropy_loss         | -0.825      |
|    explained_variance   | 0.316       |
|    learning_rate        | 0.0001      |
|    loss                 | 0.36        |
|    n_updates            | 1924        |
|    policy_gradient_loss | -0.0176     |
|    value_loss           | 0.442       |
-----------------------------------------
-----------------------------------------
| episode/                |             |
|    lines_cleared_mean   | 5.8         |
|    perfect_clears_mean  | 0           |
|    pieces_placed_mean   | 27.5        |
| rollout/                |             |
|    ep_len_mean          | 30.1        |
|    ep_rew_mean          | 40.8        |
| time/                   |             |
|    fps                  | 783         |
|    iterations           | 483         |
|    time_elapsed         | 5050        |
|    total_timesteps      | 3956736     |
| train/                  |             |
|    approx_kl            | 0.006649835 |
|    clip_fraction        | 0.0586      |
|    clip_range           | 0.2         |
|    entropy_loss         | -0.81       |
|    explained_variance   | 0.301       |
|    learning_rate        | 0.0001      |
|    loss                 | 0.323       |
|    n_updates            | 1928        |
|    policy_gradient_loss | -0.0161     |
|    value_loss           | 0.43        |
-----------------------------------------
------------------------------------------
| episode/                |              |
|    lines_cleared_mean   | 8.1          |
|    perfect_clears_mean  | 0            |
|    pieces_placed_mean   | 32           |
| rollout/                |              |
|    ep_len_mean          | 31.4         |
|    ep_rew_mean          | 44.2         |
| time/                   |              |
|    fps                  | 783          |
|    iterations           | 484          |
|    time_elapsed         | 5060         |
|    total_timesteps      | 3964928      |
| train/                  |              |
|    approx_kl            | 0.0072199972 |
|    clip_fraction        | 0.0648       |
|    clip_range           | 0.2          |
|    entropy_loss         | -0.823       |
|    explained_variance   | 0.308        |
|    learning_rate        | 0.0001       |
|    loss                 | 0.418        |
|    n_updates            | 1932         |
|    policy_gradient_loss | -0.0159      |
|    value_loss           | 0.455        |
------------------------------------------
------------------------------------------
| episode/                |              |
|    lines_cleared_mean   | 7.18         |
|    perfect_clears_mean  | 0            |
|    pieces_placed_mean   | 29.5         |
| rollout/                |              |
|    ep_len_mean          | 33.8         |
|    ep_rew_mean          | 49.7         |
| time/                   |              |
|    fps                  | 783          |
|    iterations           | 485          |
|    time_elapsed         | 5069         |
|    total_timesteps      | 3973120      |
| train/                  |              |
|    approx_kl            | 0.0073854905 |
|    clip_fraction        | 0.0663       |
|    clip_range           | 0.2          |
|    entropy_loss         | -0.804       |
|    explained_variance   | 0.289        |
|    learning_rate        | 0.0001       |
|    loss                 | 0.362        |
|    n_updates            | 1936         |
|    policy_gradient_loss | -0.0143      |
|    value_loss           | 0.475        |
------------------------------------------
------------------------------------------
| episode/                |              |
|    lines_cleared_mean   | 11           |
|    perfect_clears_mean  | 0            |
|    pieces_placed_mean   | 39.1         |
| rollout/                |              |
|    ep_len_mean          | 32.9         |
|    ep_rew_mean          | 47.1         |
| time/                   |              |
|    fps                  | 783          |
|    iterations           | 486          |
|    time_elapsed         | 5079         |
|    total_timesteps      | 3981312      |
| train/                  |              |
|    approx_kl            | 0.0075974013 |
|    clip_fraction        | 0.0633       |
|    clip_range           | 0.2          |
|    entropy_loss         | -0.803       |
|    explained_variance   | 0.242        |
|    learning_rate        | 0.0001       |
|    loss                 | 0.38         |
|    n_updates            | 1940         |
|    policy_gradient_loss | -0.0147      |
|    value_loss           | 0.469        |
------------------------------------------
-----------------------------------------
| episode/                |             |
|    lines_cleared_mean   | 9.3         |
|    perfect_clears_mean  | 0           |
|    pieces_placed_mean   | 34.5        |
| rollout/                |             |
|    ep_len_mean          | 34.6        |
|    ep_rew_mean          | 51.1        |
| time/                   |             |
|    fps                  | 783         |
|    iterations           | 487         |
|    time_elapsed         | 5089        |
|    total_timesteps      | 3989504     |
| train/                  |             |
|    approx_kl            | 0.007537618 |
|    clip_fraction        | 0.0739      |
|    clip_range           | 0.2         |
|    entropy_loss         | -0.793      |
|    explained_variance   | 0.299       |
|    learning_rate        | 0.0001      |
|    loss                 | 0.326       |
|    n_updates            | 1944        |
|    policy_gradient_loss | -0.0172     |
|    value_loss           | 0.458       |
-----------------------------------------
------------------------------------------
| episode/                |              |
|    lines_cleared_mean   | 7.64         |
|    perfect_clears_mean  | 0            |
|    pieces_placed_mean   | 31.7         |
| rollout/                |              |
|    ep_len_mean          | 32.6         |
|    ep_rew_mean          | 46.4         |
| time/                   |              |
|    fps                  | 784          |
|    iterations           | 488          |
|    time_elapsed         | 5098         |
|    total_timesteps      | 3997696      |
| train/                  |              |
|    approx_kl            | 0.0070882444 |
|    clip_fraction        | 0.0655       |
|    clip_range           | 0.2          |
|    entropy_loss         | -0.803       |
|    explained_variance   | 0.3          |
|    learning_rate        | 0.0001       |
|    loss                 | 0.383        |
|    n_updates            | 1948         |
|    policy_gradient_loss | -0.015       |
|    value_loss           | 0.476        |
------------------------------------------
-----------------------------------------
| episode/                |             |
|    lines_cleared_mean   | 9.2         |
|    perfect_clears_mean  | 0           |
|    pieces_placed_mean   | 33.7        |
| rollout/                |             |
|    ep_len_mean          | 30.8        |
|    ep_rew_mean          | 42.8        |
| time/                   |             |
|    fps                  | 784         |
|    iterations           | 489         |
|    time_elapsed         | 5108        |
|    total_timesteps      | 4005888     |
| train/                  |             |
|    approx_kl            | 0.008638386 |
|    clip_fraction        | 0.0768      |
|    clip_range           | 0.2         |
|    entropy_loss         | -0.8        |
|    explained_variance   | 0.263       |
|    learning_rate        | 0.0001      |
|    loss                 | 0.386       |
|    n_updates            | 1952        |
|    policy_gradient_loss | -0.0163     |
|    value_loss           | 0.479       |
-----------------------------------------
------------------------------------------
| episode/                |              |
|    lines_cleared_mean   | 7.4          |
|    perfect_clears_mean  | 0            |
|    pieces_placed_mean   | 29.3         |
| rollout/                |              |
|    ep_len_mean          | 31.5         |
|    ep_rew_mean          | 44.3         |
| time/                   |              |
|    fps                  | 784          |
|    iterations           | 490          |
|    time_elapsed         | 5117         |
|    total_timesteps      | 4014080      |
| train/                  |              |
|    approx_kl            | 0.0060729897 |
|    clip_fraction        | 0.0546       |
|    clip_range           | 0.2          |
|    entropy_loss         | -0.796       |
|    explained_variance   | 0.241        |
|    learning_rate        | 0.0001       |
|    loss                 | 0.426        |
|    n_updates            | 1956         |
|    policy_gradient_loss | -0.0145      |
|    value_loss           | 0.476        |
------------------------------------------
------------------------------------------
| episode/                |              |
|    lines_cleared_mean   | 9            |
|    perfect_clears_mean  | 0            |
|    pieces_placed_mean   | 33.4         |
| rollout/                |              |
|    ep_len_mean          | 31           |
|    ep_rew_mean          | 43           |
| time/                   |              |
|    fps                  | 784          |
|    iterations           | 491          |
|    time_elapsed         | 5127         |
|    total_timesteps      | 4022272      |
| train/                  |              |
|    approx_kl            | 0.0075027077 |
|    clip_fraction        | 0.0688       |
|    clip_range           | 0.2          |
|    entropy_loss         | -0.788       |
|    explained_variance   | 0.291        |
|    learning_rate        | 0.0001       |
|    loss                 | 0.416        |
|    n_updates            | 1960         |
|    policy_gradient_loss | -0.0164      |
|    value_loss           | 0.431        |
------------------------------------------
-----------------------------------------
| episode/                |             |
|    lines_cleared_mean   | 10.3        |
|    perfect_clears_mean  | 0           |
|    pieces_placed_mean   | 35.7        |
| rollout/                |             |
|    ep_len_mean          | 32.1        |
|    ep_rew_mean          | 46          |
| time/                   |             |
|    fps                  | 784         |
|    iterations           | 492         |
|    time_elapsed         | 5136        |
|    total_timesteps      | 4030464     |
| train/                  |             |
|    approx_kl            | 0.006420306 |
|    clip_fraction        | 0.0582      |
|    clip_range           | 0.2         |
|    entropy_loss         | -0.795      |
|    explained_variance   | 0.235       |
|    learning_rate        | 0.0001      |
|    loss                 | 0.422       |
|    n_updates            | 1964        |
|    policy_gradient_loss | -0.0148     |
|    value_loss           | 0.482       |
-----------------------------------------
-----------------------------------------
| episode/                |             |
|    lines_cleared_mean   | 6.55        |
|    perfect_clears_mean  | 0           |
|    pieces_placed_mean   | 28.8        |
| rollout/                |             |
|    ep_len_mean          | 31.6        |
|    ep_rew_mean          | 44.1        |
| time/                   |             |
|    fps                  | 784         |
|    iterations           | 493         |
|    time_elapsed         | 5146        |
|    total_timesteps      | 4038656     |
| train/                  |             |
|    approx_kl            | 0.006693748 |
|    clip_fraction        | 0.0617      |
|    clip_range           | 0.2         |
|    entropy_loss         | -0.806      |
|    explained_variance   | 0.277       |
|    learning_rate        | 0.0001      |
|    loss                 | 0.325       |
|    n_updates            | 1968        |
|    policy_gradient_loss | -0.0147     |
|    value_loss           | 0.467       |
-----------------------------------------
------------------------------------------
| episode/                |              |
|    lines_cleared_mean   | 9.2          |
|    perfect_clears_mean  | 0            |
|    pieces_placed_mean   | 34.6         |
| rollout/                |              |
|    ep_len_mean          | 31.8         |
|    ep_rew_mean          | 45           |
| time/                   |              |
|    fps                  | 784          |
|    iterations           | 494          |
|    time_elapsed         | 5156         |
|    total_timesteps      | 4046848      |
| train/                  |              |
|    approx_kl            | 0.0069721364 |
|    clip_fraction        | 0.0612       |
|    clip_range           | 0.2          |
|    entropy_loss         | -0.805       |
|    explained_variance   | 0.248        |
|    learning_rate        | 0.0001       |
|    loss                 | 0.408        |
|    n_updates            | 1972         |
|    policy_gradient_loss | -0.0149      |
|    value_loss           | 0.478        |
------------------------------------------
------------------------------------------
| episode/                |              |
|    lines_cleared_mean   | 8.3          |
|    perfect_clears_mean  | 0            |
|    pieces_placed_mean   | 31.4         |
| rollout/                |              |
|    ep_len_mean          | 33.1         |
|    ep_rew_mean          | 48           |
| time/                   |              |
|    fps                  | 784          |
|    iterations           | 495          |
|    time_elapsed         | 5166         |
|    total_timesteps      | 4055040      |
| train/                  |              |
|    approx_kl            | 0.0071051605 |
|    clip_fraction        | 0.0715       |
|    clip_range           | 0.2          |
|    entropy_loss         | -0.8         |
|    explained_variance   | 0.264        |
|    learning_rate        | 0.0001       |
|    loss                 | 0.399        |
|    n_updates            | 1976         |
|    policy_gradient_loss | -0.0165      |
|    value_loss           | 0.48         |
------------------------------------------
------------------------------------------
| episode/                |              |
|    lines_cleared_mean   | 8.5          |
|    perfect_clears_mean  | 0            |
|    pieces_placed_mean   | 33.3         |
| rollout/                |              |
|    ep_len_mean          | 32.1         |
|    ep_rew_mean          | 45.3         |
| time/                   |              |
|    fps                  | 785          |
|    iterations           | 496          |
|    time_elapsed         | 5176         |
|    total_timesteps      | 4063232      |
| train/                  |              |
|    approx_kl            | 0.0070010377 |
|    clip_fraction        | 0.0582       |
|    clip_range           | 0.2          |
|    entropy_loss         | -0.803       |
|    explained_variance   | 0.279        |
|    learning_rate        | 0.0001       |
|    loss                 | 0.348        |
|    n_updates            | 1980         |
|    policy_gradient_loss | -0.0157      |
|    value_loss           | 0.476        |
------------------------------------------
-----------------------------------------
| episode/                |             |
|    lines_cleared_mean   | 8.3         |
|    perfect_clears_mean  | 0           |
|    pieces_placed_mean   | 32.1        |
| rollout/                |             |
|    ep_len_mean          | 31.1        |
|    ep_rew_mean          | 42.6        |
| time/                   |             |
|    fps                  | 785         |
|    iterations           | 497         |
|    time_elapsed         | 5185        |
|    total_timesteps      | 4071424     |
| train/                  |             |
|    approx_kl            | 0.007457873 |
|    clip_fraction        | 0.0648      |
|    clip_range           | 0.2         |
|    entropy_loss         | -0.805      |
|    explained_variance   | 0.297       |
|    learning_rate        | 0.0001      |
|    loss                 | 0.426       |
|    n_updates            | 1984        |
|    policy_gradient_loss | -0.0158     |
|    value_loss           | 0.484       |
-----------------------------------------
------------------------------------------
| episode/                |              |
|    lines_cleared_mean   | 7.18         |
|    perfect_clears_mean  | 0            |
|    pieces_placed_mean   | 30           |
| rollout/                |              |
|    ep_len_mean          | 31.7         |
|    ep_rew_mean          | 44.6         |
| time/                   |              |
|    fps                  | 785          |
|    iterations           | 498          |
|    time_elapsed         | 5195         |
|    total_timesteps      | 4079616      |
| train/                  |              |
|    approx_kl            | 0.0071934666 |
|    clip_fraction        | 0.0702       |
|    clip_range           | 0.2          |
|    entropy_loss         | -0.781       |
|    explained_variance   | 0.297        |
|    learning_rate        | 0.0001       |
|    loss                 | 0.453        |
|    n_updates            | 1988         |
|    policy_gradient_loss | -0.0152      |
|    value_loss           | 0.497        |
------------------------------------------
------------------------------------------
| episode/                |              |
|    lines_cleared_mean   | 8.6          |
|    perfect_clears_mean  | 0            |
|    pieces_placed_mean   | 32.8         |
| rollout/                |              |
|    ep_len_mean          | 32.9         |
|    ep_rew_mean          | 47.6         |
| time/                   |              |
|    fps                  | 785          |
|    iterations           | 499          |
|    time_elapsed         | 5205         |
|    total_timesteps      | 4087808      |
| train/                  |              |
|    approx_kl            | 0.0078025553 |
|    clip_fraction        | 0.0653       |
|    clip_range           | 0.2          |
|    entropy_loss         | -0.799       |
|    explained_variance   | 0.29         |
|    learning_rate        | 0.0001       |
|    loss                 | 0.347        |
|    n_updates            | 1992         |
|    policy_gradient_loss | -0.0151      |
|    value_loss           | 0.447        |
------------------------------------------
------------------------------------------
| episode/                |              |
|    lines_cleared_mean   | 8            |
|    perfect_clears_mean  | 0            |
|    pieces_placed_mean   | 30.7         |
| rollout/                |              |
|    ep_len_mean          | 33.2         |
|    ep_rew_mean          | 47.9         |
| time/                   |              |
|    fps                  | 785          |
|    iterations           | 500          |
|    time_elapsed         | 5215         |
|    total_timesteps      | 4096000      |
| train/                  |              |
|    approx_kl            | 0.0077259205 |
|    clip_fraction        | 0.0816       |
|    clip_range           | 0.2          |
|    entropy_loss         | -0.794       |
|    explained_variance   | 0.311        |
|    learning_rate        | 0.0001       |
|    loss                 | 0.382        |
|    n_updates            | 1996         |
|    policy_gradient_loss | -0.0176      |
|    value_loss           | 0.417        |
------------------------------------------
----------------------------------------
| episode/                |            |
|    lines_cleared_mean   | 8          |
|    perfect_clears_mean  | 0          |
|    pieces_placed_mean   | 31.2       |
| rollout/                |            |
|    ep_len_mean          | 32.5       |
|    ep_rew_mean          | 46.1       |
| time/                   |            |
|    fps                  | 785        |
|    iterations           | 501        |
|    time_elapsed         | 5224       |
|    total_timesteps      | 4104192    |
| train/                  |            |
|    approx_kl            | 0.00785082 |
|    clip_fraction        | 0.0673     |
|    clip_range           | 0.2        |
|    entropy_loss         | -0.79      |
|    explained_variance   | 0.27       |
|    learning_rate        | 0.0001     |
|    loss                 | 0.353      |
|    n_updates            | 2000       |
|    policy_gradient_loss | -0.017     |
|    value_loss           | 0.434      |
----------------------------------------
------------------------------------------
| episode/                |              |
|    lines_cleared_mean   | 5.4          |
|    perfect_clears_mean  | 0            |
|    pieces_placed_mean   | 25.9         |
| rollout/                |              |
|    ep_len_mean          | 29.9         |
|    ep_rew_mean          | 40.5         |
| time/                   |              |
|    fps                  | 785          |
|    iterations           | 502          |
|    time_elapsed         | 5234         |
|    total_timesteps      | 4112384      |
| train/                  |              |
|    approx_kl            | 0.0071154097 |
|    clip_fraction        | 0.0593       |
|    clip_range           | 0.2          |
|    entropy_loss         | -0.785       |
|    explained_variance   | 0.267        |
|    learning_rate        | 0.0001       |
|    loss                 | 0.35         |
|    n_updates            | 2004         |
|    policy_gradient_loss | -0.0155      |
|    value_loss           | 0.454        |
------------------------------------------
------------------------------------------
| episode/                |              |
|    lines_cleared_mean   | 6.9          |
|    perfect_clears_mean  | 0            |
|    pieces_placed_mean   | 29           |
| rollout/                |              |
|    ep_len_mean          | 29.5         |
|    ep_rew_mean          | 39.4         |
| time/                   |              |
|    fps                  | 785          |
|    iterations           | 503          |
|    time_elapsed         | 5244         |
|    total_timesteps      | 4120576      |
| train/                  |              |
|    approx_kl            | 0.0070927013 |
|    clip_fraction        | 0.0639       |
|    clip_range           | 0.2          |
|    entropy_loss         | -0.796       |
|    explained_variance   | 0.277        |
|    learning_rate        | 0.0001       |
|    loss                 | 0.347        |
|    n_updates            | 2008         |
|    policy_gradient_loss | -0.016       |
|    value_loss           | 0.444        |
------------------------------------------
-----------------------------------------
| episode/                |             |
|    lines_cleared_mean   | 7.4         |
|    perfect_clears_mean  | 0           |
|    pieces_placed_mean   | 29.6        |
| rollout/                |             |
|    ep_len_mean          | 33.7        |
|    ep_rew_mean          | 48.9        |
| time/                   |             |
|    fps                  | 785         |
|    iterations           | 504         |
|    time_elapsed         | 5254        |
|    total_timesteps      | 4128768     |
| train/                  |             |
|    approx_kl            | 0.008607216 |
|    clip_fraction        | 0.0748      |
|    clip_range           | 0.2         |
|    entropy_loss         | -0.8        |
|    explained_variance   | 0.308       |
|    learning_rate        | 0.0001      |
|    loss                 | 0.332       |
|    n_updates            | 2012        |
|    policy_gradient_loss | -0.0168     |
|    value_loss           | 0.399       |
-----------------------------------------
------------------------------------------
| episode/                |              |
|    lines_cleared_mean   | 6.27         |
|    perfect_clears_mean  | 0            |
|    pieces_placed_mean   | 27.6         |
| rollout/                |              |
|    ep_len_mean          | 31.7         |
|    ep_rew_mean          | 45.2         |
| time/                   |              |
|    fps                  | 785          |
|    iterations           | 505          |
|    time_elapsed         | 5264         |
|    total_timesteps      | 4136960      |
| train/                  |              |
|    approx_kl            | 0.0076368055 |
|    clip_fraction        | 0.0768       |
|    clip_range           | 0.2          |
|    entropy_loss         | -0.803       |
|    explained_variance   | 0.332        |
|    learning_rate        | 0.0001       |
|    loss                 | 0.321        |
|    n_updates            | 2016         |
|    policy_gradient_loss | -0.0163      |
|    value_loss           | 0.404        |
------------------------------------------
------------------------------------------
| episode/                |              |
|    lines_cleared_mean   | 7.7          |
|    perfect_clears_mean  | 0            |
|    pieces_placed_mean   | 30.5         |
| rollout/                |              |
|    ep_len_mean          | 32.7         |
|    ep_rew_mean          | 47.2         |
| time/                   |              |
|    fps                  | 785          |
|    iterations           | 506          |
|    time_elapsed         | 5274         |
|    total_timesteps      | 4145152      |
| train/                  |              |
|    approx_kl            | 0.0073309974 |
|    clip_fraction        | 0.0657       |
|    clip_range           | 0.2          |
|    entropy_loss         | -0.803       |
|    explained_variance   | 0.257        |
|    learning_rate        | 0.0001       |
|    loss                 | 0.416        |
|    n_updates            | 2020         |
|    policy_gradient_loss | -0.0176      |
|    value_loss           | 0.445        |
------------------------------------------
------------------------------------------
| episode/                |              |
|    lines_cleared_mean   | 4.9          |
|    perfect_clears_mean  | 0            |
|    pieces_placed_mean   | 24.2         |
| rollout/                |              |
|    ep_len_mean          | 29.4         |
|    ep_rew_mean          | 39.6         |
| time/                   |              |
|    fps                  | 785          |
|    iterations           | 507          |
|    time_elapsed         | 5284         |
|    total_timesteps      | 4153344      |
| train/                  |              |
|    approx_kl            | 0.0077792956 |
|    clip_fraction        | 0.0635       |
|    clip_range           | 0.2          |
|    entropy_loss         | -0.792       |
|    explained_variance   | 0.281        |
|    learning_rate        | 0.0001       |
|    loss                 | 0.338        |
|    n_updates            | 2024         |
|    policy_gradient_loss | -0.0153      |
|    value_loss           | 0.468        |
------------------------------------------
------------------------------------------
| episode/                |              |
|    lines_cleared_mean   | 10.1         |
|    perfect_clears_mean  | 0            |
|    pieces_placed_mean   | 37.3         |
| rollout/                |              |
|    ep_len_mean          | 32.4         |
|    ep_rew_mean          | 46.2         |
| time/                   |              |
|    fps                  | 786          |
|    iterations           | 508          |
|    time_elapsed         | 5294         |
|    total_timesteps      | 4161536      |
| train/                  |              |
|    approx_kl            | 0.0075540617 |
|    clip_fraction        | 0.0646       |
|    clip_range           | 0.2          |
|    entropy_loss         | -0.808       |
|    explained_variance   | 0.29         |
|    learning_rate        | 0.0001       |
|    loss                 | 0.347        |
|    n_updates            | 2028         |
|    policy_gradient_loss | -0.017       |
|    value_loss           | 0.453        |
------------------------------------------
-----------------------------------------
| episode/                |             |
|    lines_cleared_mean   | 11.2        |
|    perfect_clears_mean  | 0           |
|    pieces_placed_mean   | 38.5        |
| rollout/                |             |
|    ep_len_mean          | 31.6        |
|    ep_rew_mean          | 44.5        |
| time/                   |             |
|    fps                  | 786         |
|    iterations           | 509         |
|    time_elapsed         | 5304        |
|    total_timesteps      | 4169728     |
| train/                  |             |
|    approx_kl            | 0.007896615 |
|    clip_fraction        | 0.0699      |
|    clip_range           | 0.2         |
|    entropy_loss         | -0.806      |
|    explained_variance   | 0.251       |
|    learning_rate        | 0.0001      |
|    loss                 | 0.371       |
|    n_updates            | 2032        |
|    policy_gradient_loss | -0.016      |
|    value_loss           | 0.444       |
-----------------------------------------
-----------------------------------------
| episode/                |             |
|    lines_cleared_mean   | 8.64        |
|    perfect_clears_mean  | 0           |
|    pieces_placed_mean   | 33          |
| rollout/                |             |
|    ep_len_mean          | 30.8        |
|    ep_rew_mean          | 42.6        |
| time/                   |             |
|    fps                  | 786         |
|    iterations           | 510         |
|    time_elapsed         | 5313        |
|    total_timesteps      | 4177920     |
| train/                  |             |
|    approx_kl            | 0.007171419 |
|    clip_fraction        | 0.0626      |
|    clip_range           | 0.2         |
|    entropy_loss         | -0.81       |
|    explained_variance   | 0.281       |
|    learning_rate        | 0.0001      |
|    loss                 | 0.34        |
|    n_updates            | 2036        |
|    policy_gradient_loss | -0.0157     |
|    value_loss           | 0.445       |
-----------------------------------------
------------------------------------------
| episode/                |              |
|    lines_cleared_mean   | 9.6          |
|    perfect_clears_mean  | 0            |
|    pieces_placed_mean   | 34.7         |
| rollout/                |              |
|    ep_len_mean          | 32.8         |
|    ep_rew_mean          | 47.2         |
| time/                   |              |
|    fps                  | 786          |
|    iterations           | 511          |
|    time_elapsed         | 5323         |
|    total_timesteps      | 4186112      |
| train/                  |              |
|    approx_kl            | 0.0075862985 |
|    clip_fraction        | 0.0734       |
|    clip_range           | 0.2          |
|    entropy_loss         | -0.816       |
|    explained_variance   | 0.294        |
|    learning_rate        | 0.0001       |
|    loss                 | 0.32         |
|    n_updates            | 2040         |
|    policy_gradient_loss | -0.0162      |
|    value_loss           | 0.438        |
------------------------------------------
-----------------------------------------
| episode/                |             |
|    lines_cleared_mean   | 7.9         |
|    perfect_clears_mean  | 0           |
|    pieces_placed_mean   | 32.2        |
| rollout/                |             |
|    ep_len_mean          | 32.1        |
|    ep_rew_mean          | 45.1        |
| time/                   |             |
|    fps                  | 786         |
|    iterations           | 512         |
|    time_elapsed         | 5333        |
|    total_timesteps      | 4194304     |
| train/                  |             |
|    approx_kl            | 0.007443321 |
|    clip_fraction        | 0.0589      |
|    clip_range           | 0.2         |
|    entropy_loss         | -0.796      |
|    explained_variance   | 0.275       |
|    learning_rate        | 0.0001      |
|    loss                 | 0.367       |
|    n_updates            | 2044        |
|    policy_gradient_loss | -0.0157     |
|    value_loss           | 0.432       |
-----------------------------------------
------------------------------------------
| episode/                |              |
|    lines_cleared_mean   | 9.64         |
|    perfect_clears_mean  | 0            |
|    pieces_placed_mean   | 35.4         |
| rollout/                |              |
|    ep_len_mean          | 32           |
|    ep_rew_mean          | 44.5         |
| time/                   |              |
|    fps                  | 786          |
|    iterations           | 513          |
|    time_elapsed         | 5344         |
|    total_timesteps      | 4202496      |
| train/                  |              |
|    approx_kl            | 0.0071084127 |
|    clip_fraction        | 0.063        |
|    clip_range           | 0.2          |
|    entropy_loss         | -0.8         |
|    explained_variance   | 0.306        |
|    learning_rate        | 0.0001       |
|    loss                 | 0.363        |
|    n_updates            | 2048         |
|    policy_gradient_loss | -0.0161      |
|    value_loss           | 0.441        |
------------------------------------------
------------------------------------------
| episode/                |              |
|    lines_cleared_mean   | 8.1          |
|    perfect_clears_mean  | 0            |
|    pieces_placed_mean   | 31.1         |
| rollout/                |              |
|    ep_len_mean          | 32.4         |
|    ep_rew_mean          | 46.3         |
| time/                   |              |
|    fps                  | 786          |
|    iterations           | 514          |
|    time_elapsed         | 5354         |
|    total_timesteps      | 4210688      |
| train/                  |              |
|    approx_kl            | 0.0069326824 |
|    clip_fraction        | 0.0591       |
|    clip_range           | 0.2          |
|    entropy_loss         | -0.805       |
|    explained_variance   | 0.282        |
|    learning_rate        | 0.0001       |
|    loss                 | 0.396        |
|    n_updates            | 2052         |
|    policy_gradient_loss | -0.0166      |
|    value_loss           | 0.452        |
------------------------------------------
-----------------------------------------
| episode/                |             |
|    lines_cleared_mean   | 6.3         |
|    perfect_clears_mean  | 0           |
|    pieces_placed_mean   | 27.2        |
| rollout/                |             |
|    ep_len_mean          | 32          |
|    ep_rew_mean          | 45.4        |
| time/                   |             |
|    fps                  | 786         |
|    iterations           | 515         |
|    time_elapsed         | 5364        |
|    total_timesteps      | 4218880     |
| train/                  |             |
|    approx_kl            | 0.006552033 |
|    clip_fraction        | 0.0587      |
|    clip_range           | 0.2         |
|    entropy_loss         | -0.807      |
|    explained_variance   | 0.216       |
|    learning_rate        | 0.0001      |
|    loss                 | 0.373       |
|    n_updates            | 2056        |
|    policy_gradient_loss | -0.0158     |
|    value_loss           | 0.49        |
-----------------------------------------
-----------------------------------------
| episode/                |             |
|    lines_cleared_mean   | 9.8         |
|    perfect_clears_mean  | 0           |
|    pieces_placed_mean   | 35.7        |
| rollout/                |             |
|    ep_len_mean          | 31.5        |
|    ep_rew_mean          | 44.3        |
| time/                   |             |
|    fps                  | 786         |
|    iterations           | 516         |
|    time_elapsed         | 5375        |
|    total_timesteps      | 4227072     |
| train/                  |             |
|    approx_kl            | 0.006755215 |
|    clip_fraction        | 0.0588      |
|    clip_range           | 0.2         |
|    entropy_loss         | -0.814      |
|    explained_variance   | 0.24        |
|    learning_rate        | 0.0001      |
|    loss                 | 0.361       |
|    n_updates            | 2060        |
|    policy_gradient_loss | -0.0158     |
|    value_loss           | 0.477       |
-----------------------------------------
------------------------------------------
| episode/                |              |
|    lines_cleared_mean   | 7.6          |
|    perfect_clears_mean  | 0            |
|    pieces_placed_mean   | 31.5         |
| rollout/                |              |
|    ep_len_mean          | 32.2         |
|    ep_rew_mean          | 46.1         |
| time/                   |              |
|    fps                  | 786          |
|    iterations           | 517          |
|    time_elapsed         | 5385         |
|    total_timesteps      | 4235264      |
| train/                  |              |
|    approx_kl            | 0.0077569075 |
|    clip_fraction        | 0.0715       |
|    clip_range           | 0.2          |
|    entropy_loss         | -0.832       |
|    explained_variance   | 0.279        |
|    learning_rate        | 0.0001       |
|    loss                 | 0.325        |
|    n_updates            | 2064         |
|    policy_gradient_loss | -0.018       |
|    value_loss           | 0.454        |
------------------------------------------
-----------------------------------------
| episode/                |             |
|    lines_cleared_mean   | 11.2        |
|    perfect_clears_mean  | 0           |
|    pieces_placed_mean   | 38.2        |
| rollout/                |             |
|    ep_len_mean          | 30.7        |
|    ep_rew_mean          | 43.2        |
| time/                   |             |
|    fps                  | 786         |
|    iterations           | 518         |
|    time_elapsed         | 5395        |
|    total_timesteps      | 4243456     |
| train/                  |             |
|    approx_kl            | 0.007374485 |
|    clip_fraction        | 0.0632      |
|    clip_range           | 0.2         |
|    entropy_loss         | -0.811      |
|    explained_variance   | 0.323       |
|    learning_rate        | 0.0001      |
|    loss                 | 0.378       |
|    n_updates            | 2068        |
|    policy_gradient_loss | -0.0164     |
|    value_loss           | 0.438       |
-----------------------------------------
-----------------------------------------
| episode/                |             |
|    lines_cleared_mean   | 10.1        |
|    perfect_clears_mean  | 0           |
|    pieces_placed_mean   | 37.1        |
| rollout/                |             |
|    ep_len_mean          | 34.9        |
|    ep_rew_mean          | 51.6        |
| time/                   |             |
|    fps                  | 786         |
|    iterations           | 519         |
|    time_elapsed         | 5405        |
|    total_timesteps      | 4251648     |
| train/                  |             |
|    approx_kl            | 0.007459378 |
|    clip_fraction        | 0.0604      |
|    clip_range           | 0.2         |
|    entropy_loss         | -0.832      |
|    explained_variance   | 0.253       |
|    learning_rate        | 0.0001      |
|    loss                 | 0.386       |
|    n_updates            | 2072        |
|    policy_gradient_loss | -0.0153     |
|    value_loss           | 0.48        |
-----------------------------------------
------------------------------------------
| episode/                |              |
|    lines_cleared_mean   | 8.4          |
|    perfect_clears_mean  | 0            |
|    pieces_placed_mean   | 32           |
| rollout/                |              |
|    ep_len_mean          | 33.9         |
|    ep_rew_mean          | 50.3         |
| time/                   |              |
|    fps                  | 786          |
|    iterations           | 520          |
|    time_elapsed         | 5415         |
|    total_timesteps      | 4259840      |
| train/                  |              |
|    approx_kl            | 0.0075314315 |
|    clip_fraction        | 0.0657       |
|    clip_range           | 0.2          |
|    entropy_loss         | -0.819       |
|    explained_variance   | 0.242        |
|    learning_rate        | 0.0001       |
|    loss                 | 0.379        |
|    n_updates            | 2076         |
|    policy_gradient_loss | -0.017       |
|    value_loss           | 0.487        |
------------------------------------------
------------------------------------------
| episode/                |              |
|    lines_cleared_mean   | 6.2          |
|    perfect_clears_mean  | 0            |
|    pieces_placed_mean   | 28.2         |
| rollout/                |              |
|    ep_len_mean          | 30.6         |
|    ep_rew_mean          | 41.8         |
| time/                   |              |
|    fps                  | 786          |
|    iterations           | 521          |
|    time_elapsed         | 5426         |
|    total_timesteps      | 4268032      |
| train/                  |              |
|    approx_kl            | 0.0071981107 |
|    clip_fraction        | 0.0621       |
|    clip_range           | 0.2          |
|    entropy_loss         | -0.832       |
|    explained_variance   | 0.305        |
|    learning_rate        | 0.0001       |
|    loss                 | 0.386        |
|    n_updates            | 2080         |
|    policy_gradient_loss | -0.016       |
|    value_loss           | 0.466        |
------------------------------------------
-----------------------------------------
| episode/                |             |
|    lines_cleared_mean   | 9.8         |
|    perfect_clears_mean  | 0           |
|    pieces_placed_mean   | 36.6        |
| rollout/                |             |
|    ep_len_mean          | 34.9        |
|    ep_rew_mean          | 51.4        |
| time/                   |             |
|    fps                  | 786         |
|    iterations           | 522         |
|    time_elapsed         | 5435        |
|    total_timesteps      | 4276224     |
| train/                  |             |
|    approx_kl            | 0.007917163 |
|    clip_fraction        | 0.0703      |
|    clip_range           | 0.2         |
|    entropy_loss         | -0.846      |
|    explained_variance   | 0.3         |
|    learning_rate        | 0.0001      |
|    loss                 | 0.355       |
|    n_updates            | 2084        |
|    policy_gradient_loss | -0.0186     |
|    value_loss           | 0.461       |
-----------------------------------------
-----------------------------------------
| episode/                |             |
|    lines_cleared_mean   | 10.8        |
|    perfect_clears_mean  | 0           |
|    pieces_placed_mean   | 37.5        |
| rollout/                |             |
|    ep_len_mean          | 33.9        |
|    ep_rew_mean          | 49.5        |
| time/                   |             |
|    fps                  | 786         |
|    iterations           | 523         |
|    time_elapsed         | 5445        |
|    total_timesteps      | 4284416     |
| train/                  |             |
|    approx_kl            | 0.007542396 |
|    clip_fraction        | 0.0673      |
|    clip_range           | 0.2         |
|    entropy_loss         | -0.844      |
|    explained_variance   | 0.269       |
|    learning_rate        | 0.0001      |
|    loss                 | 0.404       |
|    n_updates            | 2088        |
|    policy_gradient_loss | -0.0171     |
|    value_loss           | 0.468       |
-----------------------------------------
------------------------------------------
| episode/                |              |
|    lines_cleared_mean   | 6.7          |
|    perfect_clears_mean  | 0            |
|    pieces_placed_mean   | 28.1         |
| rollout/                |              |
|    ep_len_mean          | 31.3         |
|    ep_rew_mean          | 44.4         |
| time/                   |              |
|    fps                  | 786          |
|    iterations           | 524          |
|    time_elapsed         | 5455         |
|    total_timesteps      | 4292608      |
| train/                  |              |
|    approx_kl            | 0.0077530323 |
|    clip_fraction        | 0.0649       |
|    clip_range           | 0.2          |
|    entropy_loss         | -0.831       |
|    explained_variance   | 0.268        |
|    learning_rate        | 0.0001       |
|    loss                 | 0.396        |
|    n_updates            | 2092         |
|    policy_gradient_loss | -0.0179      |
|    value_loss           | 0.502        |
------------------------------------------
-----------------------------------------
| episode/                |             |
|    lines_cleared_mean   | 7.9         |
|    perfect_clears_mean  | 0           |
|    pieces_placed_mean   | 30.8        |
| rollout/                |             |
|    ep_len_mean          | 32.3        |
|    ep_rew_mean          | 46.3        |
| time/                   |             |
|    fps                  | 787         |
|    iterations           | 525         |
|    time_elapsed         | 5464        |
|    total_timesteps      | 4300800     |
| train/                  |             |
|    approx_kl            | 0.006497961 |
|    clip_fraction        | 0.0533      |
|    clip_range           | 0.2         |
|    entropy_loss         | -0.831      |
|    explained_variance   | 0.254       |
|    learning_rate        | 0.0001      |
|    loss                 | 0.391       |
|    n_updates            | 2096        |
|    policy_gradient_loss | -0.0144     |
|    value_loss           | 0.52        |
-----------------------------------------
------------------------------------------
| episode/                |              |
|    lines_cleared_mean   | 7.8          |
|    perfect_clears_mean  | 0            |
|    pieces_placed_mean   | 32           |
| rollout/                |              |
|    ep_len_mean          | 29.7         |
|    ep_rew_mean          | 40.1         |
| time/                   |              |
|    fps                  | 787          |
|    iterations           | 526          |
|    time_elapsed         | 5474         |
|    total_timesteps      | 4308992      |
| train/                  |              |
|    approx_kl            | 0.0066972235 |
|    clip_fraction        | 0.0581       |
|    clip_range           | 0.2          |
|    entropy_loss         | -0.823       |
|    explained_variance   | 0.311        |
|    learning_rate        | 0.0001       |
|    loss                 | 0.358        |
|    n_updates            | 2100         |
|    policy_gradient_loss | -0.0158      |
|    value_loss           | 0.454        |
------------------------------------------
-----------------------------------------
| episode/                |             |
|    lines_cleared_mean   | 10.1        |
|    perfect_clears_mean  | 0           |
|    pieces_placed_mean   | 36.9        |
| rollout/                |             |
|    ep_len_mean          | 33.3        |
|    ep_rew_mean          | 48.4        |
| time/                   |             |
|    fps                  | 787         |
|    iterations           | 527         |
|    time_elapsed         | 5484        |
|    total_timesteps      | 4317184     |
| train/                  |             |
|    approx_kl            | 0.008429419 |
|    clip_fraction        | 0.0788      |
|    clip_range           | 0.2         |
|    entropy_loss         | -0.833      |
|    explained_variance   | 0.345       |
|    learning_rate        | 0.0001      |
|    loss                 | 0.331       |
|    n_updates            | 2104        |
|    policy_gradient_loss | -0.0183     |
|    value_loss           | 0.4         |
-----------------------------------------
-----------------------------------------
| episode/                |             |
|    lines_cleared_mean   | 9.6         |
|    perfect_clears_mean  | 0           |
|    pieces_placed_mean   | 34.7        |
| rollout/                |             |
|    ep_len_mean          | 32          |
|    ep_rew_mean          | 45.6        |
| time/                   |             |
|    fps                  | 787         |
|    iterations           | 528         |
|    time_elapsed         | 5493        |
|    total_timesteps      | 4325376     |
| train/                  |             |
|    approx_kl            | 0.007221167 |
|    clip_fraction        | 0.0645      |
|    clip_range           | 0.2         |
|    entropy_loss         | -0.817      |
|    explained_variance   | 0.308       |
|    learning_rate        | 0.0001      |
|    loss                 | 0.301       |
|    n_updates            | 2108        |
|    policy_gradient_loss | -0.0166     |
|    value_loss           | 0.408       |
-----------------------------------------
-----------------------------------------
| episode/                |             |
|    lines_cleared_mean   | 5.7         |
|    perfect_clears_mean  | 0           |
|    pieces_placed_mean   | 26.4        |
| rollout/                |             |
|    ep_len_mean          | 32.8        |
|    ep_rew_mean          | 46.8        |
| time/                   |             |
|    fps                  | 787         |
|    iterations           | 529         |
|    time_elapsed         | 5503        |
|    total_timesteps      | 4333568     |
| train/                  |             |
|    approx_kl            | 0.007988331 |
|    clip_fraction        | 0.0705      |
|    clip_range           | 0.2         |
|    entropy_loss         | -0.82       |
|    explained_variance   | 0.3         |
|    learning_rate        | 0.0001      |
|    loss                 | 0.332       |
|    n_updates            | 2112        |
|    policy_gradient_loss | -0.0172     |
|    value_loss           | 0.395       |
-----------------------------------------
------------------------------------------
| episode/                |              |
|    lines_cleared_mean   | 6            |
|    perfect_clears_mean  | 0            |
|    pieces_placed_mean   | 27.1         |
| rollout/                |              |
|    ep_len_mean          | 32.2         |
|    ep_rew_mean          | 45.9         |
| time/                   |              |
|    fps                  | 787          |
|    iterations           | 530          |
|    time_elapsed         | 5513         |
|    total_timesteps      | 4341760      |
| train/                  |              |
|    approx_kl            | 0.0076265195 |
|    clip_fraction        | 0.0636       |
|    clip_range           | 0.2          |
|    entropy_loss         | -0.826       |
|    explained_variance   | 0.312        |
|    learning_rate        | 0.0001       |
|    loss                 | 0.346        |
|    n_updates            | 2116         |
|    policy_gradient_loss | -0.0173      |
|    value_loss           | 0.385        |
------------------------------------------
-----------------------------------------
| episode/                |             |
|    lines_cleared_mean   | 9.9         |
|    perfect_clears_mean  | 0           |
|    pieces_placed_mean   | 35.7        |
| rollout/                |             |
|    ep_len_mean          | 30.9        |
|    ep_rew_mean          | 42.8        |
| time/                   |             |
|    fps                  | 787         |
|    iterations           | 531         |
|    time_elapsed         | 5522        |
|    total_timesteps      | 4349952     |
| train/                  |             |
|    approx_kl            | 0.008063123 |
|    clip_fraction        | 0.0711      |
|    clip_range           | 0.2         |
|    entropy_loss         | -0.834      |
|    explained_variance   | 0.334       |
|    learning_rate        | 0.0001      |
|    loss                 | 0.311       |
|    n_updates            | 2120        |
|    policy_gradient_loss | -0.0176     |
|    value_loss           | 0.416       |
-----------------------------------------
-----------------------------------------
| episode/                |             |
|    lines_cleared_mean   | 6           |
|    perfect_clears_mean  | 0           |
|    pieces_placed_mean   | 25.9        |
| rollout/                |             |
|    ep_len_mean          | 33.8        |
|    ep_rew_mean          | 49.6        |
| time/                   |             |
|    fps                  | 787         |
|    iterations           | 532         |
|    time_elapsed         | 5532        |
|    total_timesteps      | 4358144     |
| train/                  |             |
|    approx_kl            | 0.008629905 |
|    clip_fraction        | 0.0741      |
|    clip_range           | 0.2         |
|    entropy_loss         | -0.834      |
|    explained_variance   | 0.306       |
|    learning_rate        | 0.0001      |
|    loss                 | 0.303       |
|    n_updates            | 2124        |
|    policy_gradient_loss | -0.0171     |
|    value_loss           | 0.414       |
-----------------------------------------
-----------------------------------------
| episode/                |             |
|    lines_cleared_mean   | 6.27        |
|    perfect_clears_mean  | 0           |
|    pieces_placed_mean   | 27.6        |
| rollout/                |             |
|    ep_len_mean          | 35          |
|    ep_rew_mean          | 52.4        |
| time/                   |             |
|    fps                  | 787         |
|    iterations           | 533         |
|    time_elapsed         | 5541        |
|    total_timesteps      | 4366336     |
| train/                  |             |
|    approx_kl            | 0.008189562 |
|    clip_fraction        | 0.0722      |
|    clip_range           | 0.2         |
|    entropy_loss         | -0.829      |
|    explained_variance   | 0.273       |
|    learning_rate        | 0.0001      |
|    loss                 | 0.323       |
|    n_updates            | 2128        |
|    policy_gradient_loss | -0.0158     |
|    value_loss           | 0.413       |
-----------------------------------------
-----------------------------------------
| episode/                |             |
|    lines_cleared_mean   | 6.9         |
|    perfect_clears_mean  | 0           |
|    pieces_placed_mean   | 28          |
| rollout/                |             |
|    ep_len_mean          | 34.8        |
|    ep_rew_mean          | 51.7        |
| time/                   |             |
|    fps                  | 788         |
|    iterations           | 534         |
|    time_elapsed         | 5551        |
|    total_timesteps      | 4374528     |
| train/                  |             |
|    approx_kl            | 0.007073654 |
|    clip_fraction        | 0.0591      |
|    clip_range           | 0.2         |
|    entropy_loss         | -0.836      |
|    explained_variance   | 0.258       |
|    learning_rate        | 0.0001      |
|    loss                 | 0.379       |
|    n_updates            | 2132        |
|    policy_gradient_loss | -0.0152     |
|    value_loss           | 0.485       |
-----------------------------------------
------------------------------------------
| episode/                |              |
|    lines_cleared_mean   | 7.9          |
|    perfect_clears_mean  | 0            |
|    pieces_placed_mean   | 31.8         |
| rollout/                |              |
|    ep_len_mean          | 30.7         |
|    ep_rew_mean          | 42           |
| time/                   |              |
|    fps                  | 788          |
|    iterations           | 535          |
|    time_elapsed         | 5560         |
|    total_timesteps      | 4382720      |
| train/                  |              |
|    approx_kl            | 0.0074733756 |
|    clip_fraction        | 0.0599       |
|    clip_range           | 0.2          |
|    entropy_loss         | -0.842       |
|    explained_variance   | 0.274        |
|    learning_rate        | 0.0001       |
|    loss                 | 0.421        |
|    n_updates            | 2136         |
|    policy_gradient_loss | -0.0156      |
|    value_loss           | 0.477        |
------------------------------------------
-----------------------------------------
| episode/                |             |
|    lines_cleared_mean   | 8.2         |
|    perfect_clears_mean  | 0           |
|    pieces_placed_mean   | 32.6        |
| rollout/                |             |
|    ep_len_mean          | 35.9        |
|    ep_rew_mean          | 53.8        |
| time/                   |             |
|    fps                  | 788         |
|    iterations           | 536         |
|    time_elapsed         | 5569        |
|    total_timesteps      | 4390912     |
| train/                  |             |
|    approx_kl            | 0.007461698 |
|    clip_fraction        | 0.071       |
|    clip_range           | 0.2         |
|    entropy_loss         | -0.844      |
|    explained_variance   | 0.302       |
|    learning_rate        | 0.0001      |
|    loss                 | 0.407       |
|    n_updates            | 2140        |
|    policy_gradient_loss | -0.0164     |
|    value_loss           | 0.446       |
-----------------------------------------
------------------------------------------
| episode/                |              |
|    lines_cleared_mean   | 8.3          |
|    perfect_clears_mean  | 0            |
|    pieces_placed_mean   | 32.2         |
| rollout/                |              |
|    ep_len_mean          | 31.6         |
|    ep_rew_mean          | 44           |
| time/                   |              |
|    fps                  | 788          |
|    iterations           | 537          |
|    time_elapsed         | 5579         |
|    total_timesteps      | 4399104      |
| train/                  |              |
|    approx_kl            | 0.0069899345 |
|    clip_fraction        | 0.0664       |
|    clip_range           | 0.2          |
|    entropy_loss         | -0.828       |
|    explained_variance   | 0.273        |
|    learning_rate        | 0.0001       |
|    loss                 | 0.373        |
|    n_updates            | 2144         |
|    policy_gradient_loss | -0.0152      |
|    value_loss           | 0.44         |
------------------------------------------
-----------------------------------------
| episode/                |             |
|    lines_cleared_mean   | 7.6         |
|    perfect_clears_mean  | 0           |
|    pieces_placed_mean   | 31          |
| rollout/                |             |
|    ep_len_mean          | 32.1        |
|    ep_rew_mean          | 45.4        |
| time/                   |             |
|    fps                  | 788         |
|    iterations           | 538         |
|    time_elapsed         | 5588        |
|    total_timesteps      | 4407296     |
| train/                  |             |
|    approx_kl            | 0.007792431 |
|    clip_fraction        | 0.0717      |
|    clip_range           | 0.2         |
|    entropy_loss         | -0.835      |
|    explained_variance   | 0.304       |
|    learning_rate        | 0.0001      |
|    loss                 | 0.278       |
|    n_updates            | 2148        |
|    policy_gradient_loss | -0.0168     |
|    value_loss           | 0.423       |
-----------------------------------------
------------------------------------------
| episode/                |              |
|    lines_cleared_mean   | 6.9          |
|    perfect_clears_mean  | 0            |
|    pieces_placed_mean   | 28.5         |
| rollout/                |              |
|    ep_len_mean          | 33.6         |
|    ep_rew_mean          | 48.8         |
| time/                   |              |
|    fps                  | 788          |
|    iterations           | 539          |
|    time_elapsed         | 5598         |
|    total_timesteps      | 4415488      |
| train/                  |              |
|    approx_kl            | 0.0069088982 |
|    clip_fraction        | 0.0691       |
|    clip_range           | 0.2          |
|    entropy_loss         | -0.838       |
|    explained_variance   | 0.307        |
|    learning_rate        | 0.0001       |
|    loss                 | 0.411        |
|    n_updates            | 2152         |
|    policy_gradient_loss | -0.0169      |
|    value_loss           | 0.428        |
------------------------------------------
------------------------------------------
| episode/                |              |
|    lines_cleared_mean   | 8.2          |
|    perfect_clears_mean  | 0            |
|    pieces_placed_mean   | 31.1         |
| rollout/                |              |
|    ep_len_mean          | 33.1         |
|    ep_rew_mean          | 47.9         |
| time/                   |              |
|    fps                  | 788          |
|    iterations           | 540          |
|    time_elapsed         | 5608         |
|    total_timesteps      | 4423680      |
| train/                  |              |
|    approx_kl            | 0.0072099697 |
|    clip_fraction        | 0.0737       |
|    clip_range           | 0.2          |
|    entropy_loss         | -0.839       |
|    explained_variance   | 0.29         |
|    learning_rate        | 0.0001       |
|    loss                 | 0.321        |
|    n_updates            | 2156         |
|    policy_gradient_loss | -0.0175      |
|    value_loss           | 0.447        |
------------------------------------------
-----------------------------------------
| episode/                |             |
|    lines_cleared_mean   | 12.9        |
|    perfect_clears_mean  | 0           |
|    pieces_placed_mean   | 42.1        |
| rollout/                |             |
|    ep_len_mean          | 32.4        |
|    ep_rew_mean          | 46.4        |
| time/                   |             |
|    fps                  | 788         |
|    iterations           | 541         |
|    time_elapsed         | 5617        |
|    total_timesteps      | 4431872     |
| train/                  |             |
|    approx_kl            | 0.007429393 |
|    clip_fraction        | 0.0694      |
|    clip_range           | 0.2         |
|    entropy_loss         | -0.836      |
|    explained_variance   | 0.272       |
|    learning_rate        | 0.0001      |
|    loss                 | 0.395       |
|    n_updates            | 2160        |
|    policy_gradient_loss | -0.0175     |
|    value_loss           | 0.49        |
-----------------------------------------
-----------------------------------------
| episode/                |             |
|    lines_cleared_mean   | 7.42        |
|    perfect_clears_mean  | 0           |
|    pieces_placed_mean   | 29.8        |
| rollout/                |             |
|    ep_len_mean          | 30.4        |
|    ep_rew_mean          | 42          |
| time/                   |             |
|    fps                  | 788         |
|    iterations           | 542         |
|    time_elapsed         | 5627        |
|    total_timesteps      | 4440064     |
| train/                  |             |
|    approx_kl            | 0.007815847 |
|    clip_fraction        | 0.0666      |
|    clip_range           | 0.2         |
|    entropy_loss         | -0.845      |
|    explained_variance   | 0.21        |
|    learning_rate        | 0.0001      |
|    loss                 | 0.412       |
|    n_updates            | 2164        |
|    policy_gradient_loss | -0.0162     |
|    value_loss           | 0.494       |
-----------------------------------------
------------------------------------------
| episode/                |              |
|    lines_cleared_mean   | 8.5          |
|    perfect_clears_mean  | 0            |
|    pieces_placed_mean   | 31.7         |
| rollout/                |              |
|    ep_len_mean          | 33.2         |
|    ep_rew_mean          | 48.8         |
| time/                   |              |
|    fps                  | 789          |
|    iterations           | 543          |
|    time_elapsed         | 5637         |
|    total_timesteps      | 4448256      |
| train/                  |              |
|    approx_kl            | 0.0072906255 |
|    clip_fraction        | 0.0683       |
|    clip_range           | 0.2          |
|    entropy_loss         | -0.827       |
|    explained_variance   | 0.269        |
|    learning_rate        | 0.0001       |
|    loss                 | 0.32         |
|    n_updates            | 2168         |
|    policy_gradient_loss | -0.0163      |
|    value_loss           | 0.43         |
------------------------------------------
-----------------------------------------
| episode/                |             |
|    lines_cleared_mean   | 7.3         |
|    perfect_clears_mean  | 0           |
|    pieces_placed_mean   | 30.9        |
| rollout/                |             |
|    ep_len_mean          | 32.4        |
|    ep_rew_mean          | 45.9        |
| time/                   |             |
|    fps                  | 789         |
|    iterations           | 544         |
|    time_elapsed         | 5646        |
|    total_timesteps      | 4456448     |
| train/                  |             |
|    approx_kl            | 0.007986113 |
|    clip_fraction        | 0.0712      |
|    clip_range           | 0.2         |
|    entropy_loss         | -0.835      |
|    explained_variance   | 0.286       |
|    learning_rate        | 0.0001      |
|    loss                 | 0.339       |
|    n_updates            | 2172        |
|    policy_gradient_loss | -0.0172     |
|    value_loss           | 0.431       |
-----------------------------------------
------------------------------------------
| episode/                |              |
|    lines_cleared_mean   | 10.5         |
|    perfect_clears_mean  | 0            |
|    pieces_placed_mean   | 37.8         |
| rollout/                |              |
|    ep_len_mean          | 32.4         |
|    ep_rew_mean          | 45.9         |
| time/                   |              |
|    fps                  | 789          |
|    iterations           | 545          |
|    time_elapsed         | 5656         |
|    total_timesteps      | 4464640      |
| train/                  |              |
|    approx_kl            | 0.0068218466 |
|    clip_fraction        | 0.0651       |
|    clip_range           | 0.2          |
|    entropy_loss         | -0.844       |
|    explained_variance   | 0.277        |
|    learning_rate        | 0.0001       |
|    loss                 | 0.339        |
|    n_updates            | 2176         |
|    policy_gradient_loss | -0.0174      |
|    value_loss           | 0.449        |
------------------------------------------
------------------------------------------
| episode/                |              |
|    lines_cleared_mean   | 6.5          |
|    perfect_clears_mean  | 0            |
|    pieces_placed_mean   | 28.4         |
| rollout/                |              |
|    ep_len_mean          | 34.3         |
|    ep_rew_mean          | 49.9         |
| time/                   |              |
|    fps                  | 789          |
|    iterations           | 546          |
|    time_elapsed         | 5666         |
|    total_timesteps      | 4472832      |
| train/                  |              |
|    approx_kl            | 0.0069652703 |
|    clip_fraction        | 0.0677       |
|    clip_range           | 0.2          |
|    entropy_loss         | -0.837       |
|    explained_variance   | 0.248        |
|    learning_rate        | 0.0001       |
|    loss                 | 0.361        |
|    n_updates            | 2180         |
|    policy_gradient_loss | -0.0149      |
|    value_loss           | 0.434        |
------------------------------------------
-----------------------------------------
| episode/                |             |
|    lines_cleared_mean   | 7.09        |
|    perfect_clears_mean  | 0           |
|    pieces_placed_mean   | 30          |
| rollout/                |             |
|    ep_len_mean          | 33.8        |
|    ep_rew_mean          | 49.5        |
| time/                   |             |
|    fps                  | 789         |
|    iterations           | 547         |
|    time_elapsed         | 5676        |
|    total_timesteps      | 4481024     |
| train/                  |             |
|    approx_kl            | 0.007053716 |
|    clip_fraction        | 0.066       |
|    clip_range           | 0.2         |
|    entropy_loss         | -0.813      |
|    explained_variance   | 0.238       |
|    learning_rate        | 0.0001      |
|    loss                 | 0.346       |
|    n_updates            | 2184        |
|    policy_gradient_loss | -0.0171     |
|    value_loss           | 0.467       |
-----------------------------------------
-----------------------------------------
| episode/                |             |
|    lines_cleared_mean   | 9.1         |
|    perfect_clears_mean  | 0           |
|    pieces_placed_mean   | 34.7        |
| rollout/                |             |
|    ep_len_mean          | 33.4        |
|    ep_rew_mean          | 48.4        |
| time/                   |             |
|    fps                  | 789         |
|    iterations           | 548         |
|    time_elapsed         | 5686        |
|    total_timesteps      | 4489216     |
| train/                  |             |
|    approx_kl            | 0.007023847 |
|    clip_fraction        | 0.0624      |
|    clip_range           | 0.2         |
|    entropy_loss         | -0.811      |
|    explained_variance   | 0.265       |
|    learning_rate        | 0.0001      |
|    loss                 | 0.405       |
|    n_updates            | 2188        |
|    policy_gradient_loss | -0.0156     |
|    value_loss           | 0.457       |
-----------------------------------------
------------------------------------------
| episode/                |              |
|    lines_cleared_mean   | 8.6          |
|    perfect_clears_mean  | 0            |
|    pieces_placed_mean   | 33.4         |
| rollout/                |              |
|    ep_len_mean          | 32.6         |
|    ep_rew_mean          | 46.7         |
| time/                   |              |
|    fps                  | 789          |
|    iterations           | 549          |
|    time_elapsed         | 5696         |
|    total_timesteps      | 4497408      |
| train/                  |              |
|    approx_kl            | 0.0067550917 |
|    clip_fraction        | 0.0613       |
|    clip_range           | 0.2          |
|    entropy_loss         | -0.82        |
|    explained_variance   | 0.224        |
|    learning_rate        | 0.0001       |
|    loss                 | 0.493        |
|    n_updates            | 2192         |
|    policy_gradient_loss | -0.0164      |
|    value_loss           | 0.496        |
------------------------------------------
-----------------------------------------
| episode/                |             |
|    lines_cleared_mean   | 9.5         |
|    perfect_clears_mean  | 0           |
|    pieces_placed_mean   | 34.6        |
| rollout/                |             |
|    ep_len_mean          | 35.4        |
|    ep_rew_mean          | 53          |
| time/                   |             |
|    fps                  | 789         |
|    iterations           | 550         |
|    time_elapsed         | 5705        |
|    total_timesteps      | 4505600     |
| train/                  |             |
|    approx_kl            | 0.006563545 |
|    clip_fraction        | 0.0594      |
|    clip_range           | 0.2         |
|    entropy_loss         | -0.809      |
|    explained_variance   | 0.193       |
|    learning_rate        | 0.0001      |
|    loss                 | 0.467       |
|    n_updates            | 2196        |
|    policy_gradient_loss | -0.0167     |
|    value_loss           | 0.545       |
-----------------------------------------
------------------------------------------
| episode/                |              |
|    lines_cleared_mean   | 9.9          |
|    perfect_clears_mean  | 0            |
|    pieces_placed_mean   | 35.5         |
| rollout/                |              |
|    ep_len_mean          | 32.6         |
|    ep_rew_mean          | 47.2         |
| time/                   |              |
|    fps                  | 789          |
|    iterations           | 551          |
|    time_elapsed         | 5715         |
|    total_timesteps      | 4513792      |
| train/                  |              |
|    approx_kl            | 0.0069633406 |
|    clip_fraction        | 0.0616       |
|    clip_range           | 0.2          |
|    entropy_loss         | -0.812       |
|    explained_variance   | 0.224        |
|    learning_rate        | 0.0001       |
|    loss                 | 0.446        |
|    n_updates            | 2200         |
|    policy_gradient_loss | -0.0162      |
|    value_loss           | 0.541        |
------------------------------------------
-----------------------------------------
| episode/                |             |
|    lines_cleared_mean   | 6.6         |
|    perfect_clears_mean  | 0           |
|    pieces_placed_mean   | 27.2        |
| rollout/                |             |
|    ep_len_mean          | 32          |
|    ep_rew_mean          | 45.1        |
| time/                   |             |
|    fps                  | 789         |
|    iterations           | 552         |
|    time_elapsed         | 5725        |
|    total_timesteps      | 4521984     |
| train/                  |             |
|    approx_kl            | 0.007684713 |
|    clip_fraction        | 0.0656      |
|    clip_range           | 0.2         |
|    entropy_loss         | -0.813      |
|    explained_variance   | 0.271       |
|    learning_rate        | 0.0001      |
|    loss                 | 0.381       |
|    n_updates            | 2204        |
|    policy_gradient_loss | -0.017      |
|    value_loss           | 0.47        |
-----------------------------------------
------------------------------------------
| episode/                |              |
|    lines_cleared_mean   | 7.7          |
|    perfect_clears_mean  | 0            |
|    pieces_placed_mean   | 31.6         |
| rollout/                |              |
|    ep_len_mean          | 33.2         |
|    ep_rew_mean          | 47.8         |
| time/                   |              |
|    fps                  | 789          |
|    iterations           | 553          |
|    time_elapsed         | 5735         |
|    total_timesteps      | 4530176      |
| train/                  |              |
|    approx_kl            | 0.0069035436 |
|    clip_fraction        | 0.0578       |
|    clip_range           | 0.2          |
|    entropy_loss         | -0.805       |
|    explained_variance   | 0.23         |
|    learning_rate        | 0.0001       |
|    loss                 | 0.387        |
|    n_updates            | 2208         |
|    policy_gradient_loss | -0.0153      |
|    value_loss           | 0.481        |
------------------------------------------
-----------------------------------------
| episode/                |             |
|    lines_cleared_mean   | 10.3        |
|    perfect_clears_mean  | 0           |
|    pieces_placed_mean   | 36.7        |
| rollout/                |             |
|    ep_len_mean          | 36          |
|    ep_rew_mean          | 54.9        |
| time/                   |             |
|    fps                  | 789         |
|    iterations           | 554         |
|    time_elapsed         | 5745        |
|    total_timesteps      | 4538368     |
| train/                  |             |
|    approx_kl            | 0.007697165 |
|    clip_fraction        | 0.0709      |
|    clip_range           | 0.2         |
|    entropy_loss         | -0.791      |
|    explained_variance   | 0.271       |
|    learning_rate        | 0.0001      |
|    loss                 | 0.285       |
|    n_updates            | 2212        |
|    policy_gradient_loss | -0.0164     |
|    value_loss           | 0.416       |
-----------------------------------------
------------------------------------------
| episode/                |              |
|    lines_cleared_mean   | 8.4          |
|    perfect_clears_mean  | 0            |
|    pieces_placed_mean   | 32.9         |
| rollout/                |              |
|    ep_len_mean          | 33.8         |
|    ep_rew_mean          | 49.2         |
| time/                   |              |
|    fps                  | 789          |
|    iterations           | 555          |
|    time_elapsed         | 5755         |
|    total_timesteps      | 4546560      |
| train/                  |              |
|    approx_kl            | 0.0070794616 |
|    clip_fraction        | 0.0643       |
|    clip_range           | 0.2          |
|    entropy_loss         | -0.797       |
|    explained_variance   | 0.268        |
|    learning_rate        | 0.0001       |
|    loss                 | 0.426        |
|    n_updates            | 2216         |
|    policy_gradient_loss | -0.0161      |
|    value_loss           | 0.465        |
------------------------------------------
-----------------------------------------
| episode/                |             |
|    lines_cleared_mean   | 11.5        |
|    perfect_clears_mean  | 0           |
|    pieces_placed_mean   | 40          |
| rollout/                |             |
|    ep_len_mean          | 35.1        |
|    ep_rew_mean          | 51.9        |
| time/                   |             |
|    fps                  | 790         |
|    iterations           | 556         |
|    time_elapsed         | 5765        |
|    total_timesteps      | 4554752     |
| train/                  |             |
|    approx_kl            | 0.007988296 |
|    clip_fraction        | 0.0718      |
|    clip_range           | 0.2         |
|    entropy_loss         | -0.799      |
|    explained_variance   | 0.291       |
|    learning_rate        | 0.0001      |
|    loss                 | 0.324       |
|    n_updates            | 2220        |
|    policy_gradient_loss | -0.0164     |
|    value_loss           | 0.411       |
-----------------------------------------
------------------------------------------
| episode/                |              |
|    lines_cleared_mean   | 7.25         |
|    perfect_clears_mean  | 0            |
|    pieces_placed_mean   | 30.6         |
| rollout/                |              |
|    ep_len_mean          | 34.4         |
|    ep_rew_mean          | 50.1         |
| time/                   |              |
|    fps                  | 790          |
|    iterations           | 557          |
|    time_elapsed         | 5775         |
|    total_timesteps      | 4562944      |
| train/                  |              |
|    approx_kl            | 0.0075403103 |
|    clip_fraction        | 0.0597       |
|    clip_range           | 0.2          |
|    entropy_loss         | -0.789       |
|    explained_variance   | 0.355        |
|    learning_rate        | 0.0001       |
|    loss                 | 0.343        |
|    n_updates            | 2224         |
|    policy_gradient_loss | -0.0158      |
|    value_loss           | 0.395        |
------------------------------------------
-----------------------------------------
| episode/                |             |
|    lines_cleared_mean   | 9.27        |
|    perfect_clears_mean  | 0           |
|    pieces_placed_mean   | 33.8        |
| rollout/                |             |
|    ep_len_mean          | 35.1        |
|    ep_rew_mean          | 52.9        |
| time/                   |             |
|    fps                  | 790         |
|    iterations           | 558         |
|    time_elapsed         | 5785        |
|    total_timesteps      | 4571136     |
| train/                  |             |
|    approx_kl            | 0.006568538 |
|    clip_fraction        | 0.0637      |
|    clip_range           | 0.2         |
|    entropy_loss         | -0.808      |
|    explained_variance   | 0.309       |
|    learning_rate        | 0.0001      |
|    loss                 | 0.412       |
|    n_updates            | 2228        |
|    policy_gradient_loss | -0.0159     |
|    value_loss           | 0.454       |
-----------------------------------------
----------------------------------------
| episode/                |            |
|    lines_cleared_mean   | 7.6        |
|    perfect_clears_mean  | 0          |
|    pieces_placed_mean   | 30.6       |
| rollout/                |            |
|    ep_len_mean          | 33.8       |
|    ep_rew_mean          | 49.4       |
| time/                   |            |
|    fps                  | 790        |
|    iterations           | 559        |
|    time_elapsed         | 5795       |
|    total_timesteps      | 4579328    |
| train/                  |            |
|    approx_kl            | 0.00705536 |
|    clip_fraction        | 0.0628     |
|    clip_range           | 0.2        |
|    entropy_loss         | -0.79      |
|    explained_variance   | 0.299      |
|    learning_rate        | 0.0001     |
|    loss                 | 0.315      |
|    n_updates            | 2232       |
|    policy_gradient_loss | -0.0156    |
|    value_loss           | 0.46       |
----------------------------------------
-----------------------------------------
| episode/                |             |
|    lines_cleared_mean   | 7.1         |
|    perfect_clears_mean  | 0           |
|    pieces_placed_mean   | 30.1        |
| rollout/                |             |
|    ep_len_mean          | 32.4        |
|    ep_rew_mean          | 46          |
| time/                   |             |
|    fps                  | 790         |
|    iterations           | 560         |
|    time_elapsed         | 5806        |
|    total_timesteps      | 4587520     |
| train/                  |             |
|    approx_kl            | 0.006866068 |
|    clip_fraction        | 0.0627      |
|    clip_range           | 0.2         |
|    entropy_loss         | -0.799      |
|    explained_variance   | 0.268       |
|    learning_rate        | 0.0001      |
|    loss                 | 0.37        |
|    n_updates            | 2236        |
|    policy_gradient_loss | -0.017      |
|    value_loss           | 0.44        |
-----------------------------------------
-----------------------------------------
| episode/                |             |
|    lines_cleared_mean   | 7.4         |
|    perfect_clears_mean  | 0           |
|    pieces_placed_mean   | 30.6        |
| rollout/                |             |
|    ep_len_mean          | 33.4        |
|    ep_rew_mean          | 48.4        |
| time/                   |             |
|    fps                  | 790         |
|    iterations           | 561         |
|    time_elapsed         | 5816        |
|    total_timesteps      | 4595712     |
| train/                  |             |
|    approx_kl            | 0.008400904 |
|    clip_fraction        | 0.065       |
|    clip_range           | 0.2         |
|    entropy_loss         | -0.781      |
|    explained_variance   | 0.213       |
|    learning_rate        | 0.0001      |
|    loss                 | 0.379       |
|    n_updates            | 2240        |
|    policy_gradient_loss | -0.0144     |
|    value_loss           | 0.472       |
-----------------------------------------
------------------------------------------
| episode/                |              |
|    lines_cleared_mean   | 12.3         |
|    perfect_clears_mean  | 0            |
|    pieces_placed_mean   | 41.1         |
| rollout/                |              |
|    ep_len_mean          | 37.6         |
|    ep_rew_mean          | 58.2         |
| time/                   |              |
|    fps                  | 790          |
|    iterations           | 562          |
|    time_elapsed         | 5825         |
|    total_timesteps      | 4603904      |
| train/                  |              |
|    approx_kl            | 0.0068672565 |
|    clip_fraction        | 0.0552       |
|    clip_range           | 0.2          |
|    entropy_loss         | -0.789       |
|    explained_variance   | 0.215        |
|    learning_rate        | 0.0001       |
|    loss                 | 0.409        |
|    n_updates            | 2244         |
|    policy_gradient_loss | -0.0151      |
|    value_loss           | 0.499        |
------------------------------------------
-----------------------------------------
| episode/                |             |
|    lines_cleared_mean   | 8.8         |
|    perfect_clears_mean  | 0           |
|    pieces_placed_mean   | 34.1        |
| rollout/                |             |
|    ep_len_mean          | 34.8        |
|    ep_rew_mean          | 52.1        |
| time/                   |             |
|    fps                  | 790         |
|    iterations           | 563         |
|    time_elapsed         | 5835        |
|    total_timesteps      | 4612096     |
| train/                  |             |
|    approx_kl            | 0.008207971 |
|    clip_fraction        | 0.0681      |
|    clip_range           | 0.2         |
|    entropy_loss         | -0.786      |
|    explained_variance   | 0.253       |
|    learning_rate        | 0.0001      |
|    loss                 | 0.406       |
|    n_updates            | 2248        |
|    policy_gradient_loss | -0.0165     |
|    value_loss           | 0.466       |
-----------------------------------------
-----------------------------------------
| episode/                |             |
|    lines_cleared_mean   | 10.5        |
|    perfect_clears_mean  | 0           |
|    pieces_placed_mean   | 37.7        |
| rollout/                |             |
|    ep_len_mean          | 34.6        |
|    ep_rew_mean          | 50.8        |
| time/                   |             |
|    fps                  | 790         |
|    iterations           | 564         |
|    time_elapsed         | 5845        |
|    total_timesteps      | 4620288     |
| train/                  |             |
|    approx_kl            | 0.007027023 |
|    clip_fraction        | 0.0627      |
|    clip_range           | 0.2         |
|    entropy_loss         | -0.793      |
|    explained_variance   | 0.254       |
|    learning_rate        | 0.0001      |
|    loss                 | 0.41        |
|    n_updates            | 2252        |
|    policy_gradient_loss | -0.0161     |
|    value_loss           | 0.492       |
-----------------------------------------
------------------------------------------
| episode/                |              |
|    lines_cleared_mean   | 5.5          |
|    perfect_clears_mean  | 0            |
|    pieces_placed_mean   | 25           |
| rollout/                |              |
|    ep_len_mean          | 28           |
|    ep_rew_mean          | 36.9         |
| time/                   |              |
|    fps                  | 790          |
|    iterations           | 565          |
|    time_elapsed         | 5854         |
|    total_timesteps      | 4628480      |
| train/                  |              |
|    approx_kl            | 0.0070448993 |
|    clip_fraction        | 0.0636       |
|    clip_range           | 0.2          |
|    entropy_loss         | -0.788       |
|    explained_variance   | 0.325        |
|    learning_rate        | 0.0001       |
|    loss                 | 0.332        |
|    n_updates            | 2256         |
|    policy_gradient_loss | -0.0155      |
|    value_loss           | 0.422        |
------------------------------------------
-----------------------------------------
| episode/                |             |
|    lines_cleared_mean   | 9.1         |
|    perfect_clears_mean  | 0           |
|    pieces_placed_mean   | 33.7        |
| rollout/                |             |
|    ep_len_mean          | 32.6        |
|    ep_rew_mean          | 47.3        |
| time/                   |             |
|    fps                  | 790         |
|    iterations           | 566         |
|    time_elapsed         | 5864        |
|    total_timesteps      | 4636672     |
| train/                  |             |
|    approx_kl            | 0.007381171 |
|    clip_fraction        | 0.0616      |
|    clip_range           | 0.2         |
|    entropy_loss         | -0.784      |
|    explained_variance   | 0.32        |
|    learning_rate        | 0.0001      |
|    loss                 | 0.335       |
|    n_updates            | 2260        |
|    policy_gradient_loss | -0.0159     |
|    value_loss           | 0.391       |
-----------------------------------------
-----------------------------------------
| episode/                |             |
|    lines_cleared_mean   | 7.6         |
|    perfect_clears_mean  | 0           |
|    pieces_placed_mean   | 30.4        |
| rollout/                |             |
|    ep_len_mean          | 32.5        |
|    ep_rew_mean          | 46.3        |
| time/                   |             |
|    fps                  | 790         |
|    iterations           | 567         |
|    time_elapsed         | 5874        |
|    total_timesteps      | 4644864     |
| train/                  |             |
|    approx_kl            | 0.008286536 |
|    clip_fraction        | 0.0773      |
|    clip_range           | 0.2         |
|    entropy_loss         | -0.781      |
|    explained_variance   | 0.314       |
|    learning_rate        | 0.0001      |
|    loss                 | 0.311       |
|    n_updates            | 2264        |
|    policy_gradient_loss | -0.0168     |
|    value_loss           | 0.363       |
-----------------------------------------
-----------------------------------------
| episode/                |             |
|    lines_cleared_mean   | 5.7         |
|    perfect_clears_mean  | 0           |
|    pieces_placed_mean   | 25.5        |
| rollout/                |             |
|    ep_len_mean          | 33.1        |
|    ep_rew_mean          | 48.1        |
| time/                   |             |
|    fps                  | 790         |
|    iterations           | 568         |
|    time_elapsed         | 5883        |
|    total_timesteps      | 4653056     |
| train/                  |             |
|    approx_kl            | 0.007614628 |
|    clip_fraction        | 0.0674      |
|    clip_range           | 0.2         |
|    entropy_loss         | -0.787      |
|    explained_variance   | 0.347       |
|    learning_rate        | 0.0001      |
|    loss                 | 0.318       |
|    n_updates            | 2268        |
|    policy_gradient_loss | -0.0157     |
|    value_loss           | 0.358       |
-----------------------------------------
------------------------------------------
| episode/                |              |
|    lines_cleared_mean   | 7.5          |
|    perfect_clears_mean  | 0            |
|    pieces_placed_mean   | 30           |
| rollout/                |              |
|    ep_len_mean          | 35.7         |
|    ep_rew_mean          | 53.7         |
| time/                   |              |
|    fps                  | 790          |
|    iterations           | 569          |
|    time_elapsed         | 5893         |
|    total_timesteps      | 4661248      |
| train/                  |              |
|    approx_kl            | 0.0064975177 |
|    clip_fraction        | 0.051        |
|    clip_range           | 0.2          |
|    entropy_loss         | -0.793       |
|    explained_variance   | 0.225        |
|    learning_rate        | 0.0001       |
|    loss                 | 0.422        |
|    n_updates            | 2272         |
|    policy_gradient_loss | -0.0152      |
|    value_loss           | 0.489        |
------------------------------------------
-----------------------------------------
| episode/                |             |
|    lines_cleared_mean   | 7.4         |
|    perfect_clears_mean  | 0           |
|    pieces_placed_mean   | 29.9        |
| rollout/                |             |
|    ep_len_mean          | 31.3        |
|    ep_rew_mean          | 44          |
| time/                   |             |
|    fps                  | 791         |
|    iterations           | 570         |
|    time_elapsed         | 5903        |
|    total_timesteps      | 4669440     |
| train/                  |             |
|    approx_kl            | 0.007928571 |
|    clip_fraction        | 0.0658      |
|    clip_range           | 0.2         |
|    entropy_loss         | -0.802      |
|    explained_variance   | 0.256       |
|    learning_rate        | 0.0001      |
|    loss                 | 0.331       |
|    n_updates            | 2276        |
|    policy_gradient_loss | -0.0164     |
|    value_loss           | 0.461       |
-----------------------------------------
-----------------------------------------
| episode/                |             |
|    lines_cleared_mean   | 9.9         |
|    perfect_clears_mean  | 0           |
|    pieces_placed_mean   | 35.7        |
| rollout/                |             |
|    ep_len_mean          | 34          |
|    ep_rew_mean          | 49.3        |
| time/                   |             |
|    fps                  | 791         |
|    iterations           | 571         |
|    time_elapsed         | 5912        |
|    total_timesteps      | 4677632     |
| train/                  |             |
|    approx_kl            | 0.008187674 |
|    clip_fraction        | 0.0654      |
|    clip_range           | 0.2         |
|    entropy_loss         | -0.782      |
|    explained_variance   | 0.276       |
|    learning_rate        | 0.0001      |
|    loss                 | 0.411       |
|    n_updates            | 2280        |
|    policy_gradient_loss | -0.0154     |
|    value_loss           | 0.487       |
-----------------------------------------
------------------------------------------
| episode/                |              |
|    lines_cleared_mean   | 5.5          |
|    perfect_clears_mean  | 0            |
|    pieces_placed_mean   | 25.5         |
| rollout/                |              |
|    ep_len_mean          | 33.5         |
|    ep_rew_mean          | 49           |
| time/                   |              |
|    fps                  | 791          |
|    iterations           | 572          |
|    time_elapsed         | 5922         |
|    total_timesteps      | 4685824      |
| train/                  |              |
|    approx_kl            | 0.0071480516 |
|    clip_fraction        | 0.0696       |
|    clip_range           | 0.2          |
|    entropy_loss         | -0.791       |
|    explained_variance   | 0.323        |
|    learning_rate        | 0.0001       |
|    loss                 | 0.381        |
|    n_updates            | 2284         |
|    policy_gradient_loss | -0.0162      |
|    value_loss           | 0.438        |
------------------------------------------
------------------------------------------
| episode/                |              |
|    lines_cleared_mean   | 11.9         |
|    perfect_clears_mean  | 0            |
|    pieces_placed_mean   | 39.8         |
| rollout/                |              |
|    ep_len_mean          | 32.5         |
|    ep_rew_mean          | 46.1         |
| time/                   |              |
|    fps                  | 791          |
|    iterations           | 573          |
|    time_elapsed         | 5931         |
|    total_timesteps      | 4694016      |
| train/                  |              |
|    approx_kl            | 0.0065967767 |
|    clip_fraction        | 0.0726       |
|    clip_range           | 0.2          |
|    entropy_loss         | -0.784       |
|    explained_variance   | 0.287        |
|    learning_rate        | 0.0001       |
|    loss                 | 0.363        |
|    n_updates            | 2288         |
|    policy_gradient_loss | -0.0154      |
|    value_loss           | 0.449        |
------------------------------------------
------------------------------------------
| episode/                |              |
|    lines_cleared_mean   | 10.1         |
|    perfect_clears_mean  | 0            |
|    pieces_placed_mean   | 36.2         |
| rollout/                |              |
|    ep_len_mean          | 35.1         |
|    ep_rew_mean          | 52           |
| time/                   |              |
|    fps                  | 791          |
|    iterations           | 574          |
|    time_elapsed         | 5941         |
|    total_timesteps      | 4702208      |
| train/                  |              |
|    approx_kl            | 0.0083432775 |
|    clip_fraction        | 0.0733       |
|    clip_range           | 0.2          |
|    entropy_loss         | -0.797       |
|    explained_variance   | 0.304        |
|    learning_rate        | 0.0001       |
|    loss                 | 0.36         |
|    n_updates            | 2292         |
|    policy_gradient_loss | -0.0165      |
|    value_loss           | 0.434        |
------------------------------------------
------------------------------------------
| episode/                |              |
|    lines_cleared_mean   | 8.5          |
|    perfect_clears_mean  | 0            |
|    pieces_placed_mean   | 32.3         |
| rollout/                |              |
|    ep_len_mean          | 34.3         |
|    ep_rew_mean          | 50.6         |
| time/                   |              |
|    fps                  | 791          |
|    iterations           | 575          |
|    time_elapsed         | 5950         |
|    total_timesteps      | 4710400      |
| train/                  |              |
|    approx_kl            | 0.0077850833 |
|    clip_fraction        | 0.063        |
|    clip_range           | 0.2          |
|    entropy_loss         | -0.79        |
|    explained_variance   | 0.29         |
|    learning_rate        | 0.0001       |
|    loss                 | 0.344        |
|    n_updates            | 2296         |
|    policy_gradient_loss | -0.0172      |
|    value_loss           | 0.463        |
------------------------------------------
------------------------------------------
| episode/                |              |
|    lines_cleared_mean   | 10.7         |
|    perfect_clears_mean  | 0            |
|    pieces_placed_mean   | 38           |
| rollout/                |              |
|    ep_len_mean          | 32.1         |
|    ep_rew_mean          | 46.2         |
| time/                   |              |
|    fps                  | 791          |
|    iterations           | 576          |
|    time_elapsed         | 5960         |
|    total_timesteps      | 4718592      |
| train/                  |              |
|    approx_kl            | 0.0072566434 |
|    clip_fraction        | 0.066        |
|    clip_range           | 0.2          |
|    entropy_loss         | -0.801       |
|    explained_variance   | 0.268        |
|    learning_rate        | 0.0001       |
|    loss                 | 0.356        |
|    n_updates            | 2300         |
|    policy_gradient_loss | -0.015       |
|    value_loss           | 0.464        |
------------------------------------------
-----------------------------------------
| episode/                |             |
|    lines_cleared_mean   | 10.2        |
|    perfect_clears_mean  | 0           |
|    pieces_placed_mean   | 36.1        |
| rollout/                |             |
|    ep_len_mean          | 33.1        |
|    ep_rew_mean          | 47.9        |
| time/                   |             |
|    fps                  | 791         |
|    iterations           | 577         |
|    time_elapsed         | 5969        |
|    total_timesteps      | 4726784     |
| train/                  |             |
|    approx_kl            | 0.007824852 |
|    clip_fraction        | 0.0645      |
|    clip_range           | 0.2         |
|    entropy_loss         | -0.805      |
|    explained_variance   | 0.28        |
|    learning_rate        | 0.0001      |
|    loss                 | 0.392       |
|    n_updates            | 2304        |
|    policy_gradient_loss | -0.0166     |
|    value_loss           | 0.475       |
-----------------------------------------
-----------------------------------------
| episode/                |             |
|    lines_cleared_mean   | 7.45        |
|    perfect_clears_mean  | 0           |
|    pieces_placed_mean   | 29.3        |
| rollout/                |             |
|    ep_len_mean          | 34          |
|    ep_rew_mean          | 49.6        |
| time/                   |             |
|    fps                  | 791         |
|    iterations           | 578         |
|    time_elapsed         | 5978        |
|    total_timesteps      | 4734976     |
| train/                  |             |
|    approx_kl            | 0.007598042 |
|    clip_fraction        | 0.0687      |
|    clip_range           | 0.2         |
|    entropy_loss         | -0.784      |
|    explained_variance   | 0.313       |
|    learning_rate        | 0.0001      |
|    loss                 | 0.351       |
|    n_updates            | 2308        |
|    policy_gradient_loss | -0.0164     |
|    value_loss           | 0.454       |
-----------------------------------------
------------------------------------------
| episode/                |              |
|    lines_cleared_mean   | 5.3          |
|    perfect_clears_mean  | 0            |
|    pieces_placed_mean   | 25.1         |
| rollout/                |              |
|    ep_len_mean          | 33.2         |
|    ep_rew_mean          | 48           |
| time/                   |              |
|    fps                  | 792          |
|    iterations           | 579          |
|    time_elapsed         | 5988         |
|    total_timesteps      | 4743168      |
| train/                  |              |
|    approx_kl            | 0.0069393613 |
|    clip_fraction        | 0.0601       |
|    clip_range           | 0.2          |
|    entropy_loss         | -0.791       |
|    explained_variance   | 0.266        |
|    learning_rate        | 0.0001       |
|    loss                 | 0.416        |
|    n_updates            | 2312         |
|    policy_gradient_loss | -0.0156      |
|    value_loss           | 0.479        |
------------------------------------------
------------------------------------------
| episode/                |              |
|    lines_cleared_mean   | 10.3         |
|    perfect_clears_mean  | 0            |
|    pieces_placed_mean   | 36.6         |
| rollout/                |              |
|    ep_len_mean          | 34.3         |
|    ep_rew_mean          | 50.1         |
| time/                   |              |
|    fps                  | 792          |
|    iterations           | 580          |
|    time_elapsed         | 5997         |
|    total_timesteps      | 4751360      |
| train/                  |              |
|    approx_kl            | 0.0069044065 |
|    clip_fraction        | 0.0622       |
|    clip_range           | 0.2          |
|    entropy_loss         | -0.793       |
|    explained_variance   | 0.252        |
|    learning_rate        | 0.0001       |
|    loss                 | 0.341        |
|    n_updates            | 2316         |
|    policy_gradient_loss | -0.0162      |
|    value_loss           | 0.471        |
------------------------------------------
------------------------------------------
| episode/                |              |
|    lines_cleared_mean   | 10           |
|    perfect_clears_mean  | 0            |
|    pieces_placed_mean   | 36.6         |
| rollout/                |              |
|    ep_len_mean          | 32.9         |
|    ep_rew_mean          | 47.6         |
| time/                   |              |
|    fps                  | 792          |
|    iterations           | 581          |
|    time_elapsed         | 6006         |
|    total_timesteps      | 4759552      |
| train/                  |              |
|    approx_kl            | 0.0075872717 |
|    clip_fraction        | 0.0712       |
|    clip_range           | 0.2          |
|    entropy_loss         | -0.797       |
|    explained_variance   | 0.3          |
|    learning_rate        | 0.0001       |
|    loss                 | 0.382        |
|    n_updates            | 2320         |
|    policy_gradient_loss | -0.0177      |
|    value_loss           | 0.471        |
------------------------------------------
------------------------------------------
| episode/                |              |
|    lines_cleared_mean   | 7.1          |
|    perfect_clears_mean  | 0            |
|    pieces_placed_mean   | 28.6         |
| rollout/                |              |
|    ep_len_mean          | 31.7         |
|    ep_rew_mean          | 44.6         |
| time/                   |              |
|    fps                  | 792          |
|    iterations           | 582          |
|    time_elapsed         | 6015         |
|    total_timesteps      | 4767744      |
| train/                  |              |
|    approx_kl            | 0.0082175005 |
|    clip_fraction        | 0.0755       |
|    clip_range           | 0.2          |
|    entropy_loss         | -0.794       |
|    explained_variance   | 0.315        |
|    learning_rate        | 0.0001       |
|    loss                 | 0.367        |
|    n_updates            | 2324         |
|    policy_gradient_loss | -0.018       |
|    value_loss           | 0.456        |
------------------------------------------
----------------------------------------
| episode/                |            |
|    lines_cleared_mean   | 8.4        |
|    perfect_clears_mean  | 0          |
|    pieces_placed_mean   | 31.2       |
| rollout/                |            |
|    ep_len_mean          | 34.1       |
|    ep_rew_mean          | 50         |
| time/                   |            |
|    fps                  | 792        |
|    iterations           | 583        |
|    time_elapsed         | 6025       |
|    total_timesteps      | 4775936    |
| train/                  |            |
|    approx_kl            | 0.00799822 |
|    clip_fraction        | 0.0688     |
|    clip_range           | 0.2        |
|    entropy_loss         | -0.809     |
|    explained_variance   | 0.373      |
|    learning_rate        | 0.0001     |
|    loss                 | 0.304      |
|    n_updates            | 2328       |
|    policy_gradient_loss | -0.0179    |
|    value_loss           | 0.411      |
----------------------------------------
-----------------------------------------
| episode/                |             |
|    lines_cleared_mean   | 8.4         |
|    perfect_clears_mean  | 0           |
|    pieces_placed_mean   | 33.5        |
| rollout/                |             |
|    ep_len_mean          | 31.7        |
|    ep_rew_mean          | 44.8        |
| time/                   |             |
|    fps                  | 792         |
|    iterations           | 584         |
|    time_elapsed         | 6034        |
|    total_timesteps      | 4784128     |
| train/                  |             |
|    approx_kl            | 0.008241116 |
|    clip_fraction        | 0.0684      |
|    clip_range           | 0.2         |
|    entropy_loss         | -0.783      |
|    explained_variance   | 0.3         |
|    learning_rate        | 0.0001      |
|    loss                 | 0.325       |
|    n_updates            | 2332        |
|    policy_gradient_loss | -0.0167     |
|    value_loss           | 0.42        |
-----------------------------------------
-----------------------------------------
| episode/                |             |
|    lines_cleared_mean   | 11.6        |
|    perfect_clears_mean  | 0           |
|    pieces_placed_mean   | 39.8        |
| rollout/                |             |
|    ep_len_mean          | 34.2        |
|    ep_rew_mean          | 49.8        |
| time/                   |             |
|    fps                  | 792         |
|    iterations           | 585         |
|    time_elapsed         | 6043        |
|    total_timesteps      | 4792320     |
| train/                  |             |
|    approx_kl            | 0.008178374 |
|    clip_fraction        | 0.0695      |
|    clip_range           | 0.2         |
|    entropy_loss         | -0.773      |
|    explained_variance   | 0.317       |
|    learning_rate        | 0.0001      |
|    loss                 | 0.306       |
|    n_updates            | 2336        |
|    policy_gradient_loss | -0.0162     |
|    value_loss           | 0.424       |
-----------------------------------------
-----------------------------------------
| episode/                |             |
|    lines_cleared_mean   | 8.9         |
|    perfect_clears_mean  | 0           |
|    pieces_placed_mean   | 33          |
| rollout/                |             |
|    ep_len_mean          | 33.2        |
|    ep_rew_mean          | 48.7        |
| time/                   |             |
|    fps                  | 793         |
|    iterations           | 586         |
|    time_elapsed         | 6053        |
|    total_timesteps      | 4800512     |
| train/                  |             |
|    approx_kl            | 0.008148485 |
|    clip_fraction        | 0.073       |
|    clip_range           | 0.2         |
|    entropy_loss         | -0.802      |
|    explained_variance   | 0.291       |
|    learning_rate        | 0.0001      |
|    loss                 | 0.316       |
|    n_updates            | 2340        |
|    policy_gradient_loss | -0.0171     |
|    value_loss           | 0.434       |
-----------------------------------------
------------------------------------------
| episode/                |              |
|    lines_cleared_mean   | 9.9          |
|    perfect_clears_mean  | 0            |
|    pieces_placed_mean   | 34.8         |
| rollout/                |              |
|    ep_len_mean          | 33.8         |
|    ep_rew_mean          | 49.8         |
| time/                   |              |
|    fps                  | 793          |
|    iterations           | 587          |
|    time_elapsed         | 6062         |
|    total_timesteps      | 4808704      |
| train/                  |              |
|    approx_kl            | 0.0071765184 |
|    clip_fraction        | 0.0642       |
|    clip_range           | 0.2          |
|    entropy_loss         | -0.791       |
|    explained_variance   | 0.244        |
|    learning_rate        | 0.0001       |
|    loss                 | 0.478        |
|    n_updates            | 2344         |
|    policy_gradient_loss | -0.017       |
|    value_loss           | 0.459        |
------------------------------------------
------------------------------------------
| episode/                |              |
|    lines_cleared_mean   | 8.27         |
|    perfect_clears_mean  | 0            |
|    pieces_placed_mean   | 32.1         |
| rollout/                |              |
|    ep_len_mean          | 33.5         |
|    ep_rew_mean          | 49           |
| time/                   |              |
|    fps                  | 793          |
|    iterations           | 588          |
|    time_elapsed         | 6071         |
|    total_timesteps      | 4816896      |
| train/                  |              |
|    approx_kl            | 0.0069747902 |
|    clip_fraction        | 0.0623       |
|    clip_range           | 0.2          |
|    entropy_loss         | -0.798       |
|    explained_variance   | 0.233        |
|    learning_rate        | 0.0001       |
|    loss                 | 0.407        |
|    n_updates            | 2348         |
|    policy_gradient_loss | -0.0165      |
|    value_loss           | 0.478        |
------------------------------------------
------------------------------------------
| episode/                |              |
|    lines_cleared_mean   | 6.33         |
|    perfect_clears_mean  | 0            |
|    pieces_placed_mean   | 27.1         |
| rollout/                |              |
|    ep_len_mean          | 33.2         |
|    ep_rew_mean          | 47.8         |
| time/                   |              |
|    fps                  | 793          |
|    iterations           | 589          |
|    time_elapsed         | 6082         |
|    total_timesteps      | 4825088      |
| train/                  |              |
|    approx_kl            | 0.0064846547 |
|    clip_fraction        | 0.0584       |
|    clip_range           | 0.2          |
|    entropy_loss         | -0.786       |
|    explained_variance   | 0.264        |
|    learning_rate        | 0.0001       |
|    loss                 | 0.371        |
|    n_updates            | 2352         |
|    policy_gradient_loss | -0.0152      |
|    value_loss           | 0.487        |
------------------------------------------
------------------------------------------
| episode/                |              |
|    lines_cleared_mean   | 9.1          |
|    perfect_clears_mean  | 0            |
|    pieces_placed_mean   | 32.9         |
| rollout/                |              |
|    ep_len_mean          | 31.6         |
|    ep_rew_mean          | 45.2         |
| time/                   |              |
|    fps                  | 793          |
|    iterations           | 590          |
|    time_elapsed         | 6092         |
|    total_timesteps      | 4833280      |
| train/                  |              |
|    approx_kl            | 0.0070021087 |
|    clip_fraction        | 0.0623       |
|    clip_range           | 0.2          |
|    entropy_loss         | -0.786       |
|    explained_variance   | 0.316        |
|    learning_rate        | 0.0001       |
|    loss                 | 0.417        |
|    n_updates            | 2356         |
|    policy_gradient_loss | -0.0166      |
|    value_loss           | 0.444        |
------------------------------------------
-----------------------------------------
| episode/                |             |
|    lines_cleared_mean   | 10.1        |
|    perfect_clears_mean  | 0           |
|    pieces_placed_mean   | 35.5        |
| rollout/                |             |
|    ep_len_mean          | 33.3        |
|    ep_rew_mean          | 48.6        |
| time/                   |             |
|    fps                  | 793         |
|    iterations           | 591         |
|    time_elapsed         | 6102        |
|    total_timesteps      | 4841472     |
| train/                  |             |
|    approx_kl            | 0.007851185 |
|    clip_fraction        | 0.0737      |
|    clip_range           | 0.2         |
|    entropy_loss         | -0.8        |
|    explained_variance   | 0.356       |
|    learning_rate        | 0.0001      |
|    loss                 | 0.399       |
|    n_updates            | 2360        |
|    policy_gradient_loss | -0.0159     |
|    value_loss           | 0.406       |
-----------------------------------------
-----------------------------------------
| episode/                |             |
|    lines_cleared_mean   | 11.7        |
|    perfect_clears_mean  | 0           |
|    pieces_placed_mean   | 39.7        |
| rollout/                |             |
|    ep_len_mean          | 35.6        |
|    ep_rew_mean          | 54          |
| time/                   |             |
|    fps                  | 793         |
|    iterations           | 592         |
|    time_elapsed         | 6112        |
|    total_timesteps      | 4849664     |
| train/                  |             |
|    approx_kl            | 0.007446414 |
|    clip_fraction        | 0.0666      |
|    clip_range           | 0.2         |
|    entropy_loss         | -0.79       |
|    explained_variance   | 0.228       |
|    learning_rate        | 0.0001      |
|    loss                 | 0.375       |
|    n_updates            | 2364        |
|    policy_gradient_loss | -0.0161     |
|    value_loss           | 0.469       |
-----------------------------------------
-----------------------------------------
| episode/                |             |
|    lines_cleared_mean   | 7.18        |
|    perfect_clears_mean  | 0           |
|    pieces_placed_mean   | 29.7        |
| rollout/                |             |
|    ep_len_mean          | 32.1        |
|    ep_rew_mean          | 45.5        |
| time/                   |             |
|    fps                  | 793         |
|    iterations           | 593         |
|    time_elapsed         | 6122        |
|    total_timesteps      | 4857856     |
| train/                  |             |
|    approx_kl            | 0.007881502 |
|    clip_fraction        | 0.0659      |
|    clip_range           | 0.2         |
|    entropy_loss         | -0.783      |
|    explained_variance   | 0.262       |
|    learning_rate        | 0.0001      |
|    loss                 | 0.418       |
|    n_updates            | 2368        |
|    policy_gradient_loss | -0.0169     |
|    value_loss           | 0.457       |
-----------------------------------------
------------------------------------------
| episode/                |              |
|    lines_cleared_mean   | 8.7          |
|    perfect_clears_mean  | 0            |
|    pieces_placed_mean   | 33.7         |
| rollout/                |              |
|    ep_len_mean          | 33           |
|    ep_rew_mean          | 47.6         |
| time/                   |              |
|    fps                  | 793          |
|    iterations           | 594          |
|    time_elapsed         | 6132         |
|    total_timesteps      | 4866048      |
| train/                  |              |
|    approx_kl            | 0.0076385913 |
|    clip_fraction        | 0.0649       |
|    clip_range           | 0.2          |
|    entropy_loss         | -0.792       |
|    explained_variance   | 0.246        |
|    learning_rate        | 0.0001       |
|    loss                 | 0.385        |
|    n_updates            | 2372         |
|    policy_gradient_loss | -0.0164      |
|    value_loss           | 0.491        |
------------------------------------------
-----------------------------------------
| episode/                |             |
|    lines_cleared_mean   | 9           |
|    perfect_clears_mean  | 0           |
|    pieces_placed_mean   | 33.9        |
| rollout/                |             |
|    ep_len_mean          | 33.5        |
|    ep_rew_mean          | 48.9        |
| time/                   |             |
|    fps                  | 793         |
|    iterations           | 595         |
|    time_elapsed         | 6142        |
|    total_timesteps      | 4874240     |
| train/                  |             |
|    approx_kl            | 0.006997359 |
|    clip_fraction        | 0.0636      |
|    clip_range           | 0.2         |
|    entropy_loss         | -0.79       |
|    explained_variance   | 0.276       |
|    learning_rate        | 0.0001      |
|    loss                 | 0.384       |
|    n_updates            | 2376        |
|    policy_gradient_loss | -0.016      |
|    value_loss           | 0.463       |
-----------------------------------------
------------------------------------------
| episode/                |              |
|    lines_cleared_mean   | 9.5          |
|    perfect_clears_mean  | 0            |
|    pieces_placed_mean   | 35.5         |
| rollout/                |              |
|    ep_len_mean          | 34.5         |
|    ep_rew_mean          | 51.1         |
| time/                   |              |
|    fps                  | 793          |
|    iterations           | 596          |
|    time_elapsed         | 6152         |
|    total_timesteps      | 4882432      |
| train/                  |              |
|    approx_kl            | 0.0074731787 |
|    clip_fraction        | 0.0628       |
|    clip_range           | 0.2          |
|    entropy_loss         | -0.791       |
|    explained_variance   | 0.291        |
|    learning_rate        | 0.0001       |
|    loss                 | 0.386        |
|    n_updates            | 2380         |
|    policy_gradient_loss | -0.0164      |
|    value_loss           | 0.43         |
------------------------------------------
-----------------------------------------
| episode/                |             |
|    lines_cleared_mean   | 8.1         |
|    perfect_clears_mean  | 0           |
|    pieces_placed_mean   | 31.8        |
| rollout/                |             |
|    ep_len_mean          | 33.2        |
|    ep_rew_mean          | 48.3        |
| time/                   |             |
|    fps                  | 793         |
|    iterations           | 597         |
|    time_elapsed         | 6162        |
|    total_timesteps      | 4890624     |
| train/                  |             |
|    approx_kl            | 0.007010459 |
|    clip_fraction        | 0.0692      |
|    clip_range           | 0.2         |
|    entropy_loss         | -0.788      |
|    explained_variance   | 0.323       |
|    learning_rate        | 0.0001      |
|    loss                 | 0.334       |
|    n_updates            | 2384        |
|    policy_gradient_loss | -0.0165     |
|    value_loss           | 0.397       |
-----------------------------------------
-----------------------------------------
| episode/                |             |
|    lines_cleared_mean   | 9.1         |
|    perfect_clears_mean  | 0           |
|    pieces_placed_mean   | 34.7        |
| rollout/                |             |
|    ep_len_mean          | 32          |
|    ep_rew_mean          | 45.2        |
| time/                   |             |
|    fps                  | 793         |
|    iterations           | 598         |
|    time_elapsed         | 6172        |
|    total_timesteps      | 4898816     |
| train/                  |             |
|    approx_kl            | 0.007679031 |
|    clip_fraction        | 0.074       |
|    clip_range           | 0.2         |
|    entropy_loss         | -0.775      |
|    explained_variance   | 0.307       |
|    learning_rate        | 0.0001      |
|    loss                 | 0.357       |
|    n_updates            | 2388        |
|    policy_gradient_loss | -0.0162     |
|    value_loss           | 0.437       |
-----------------------------------------
------------------------------------------
| episode/                |              |
|    lines_cleared_mean   | 4.82         |
|    perfect_clears_mean  | 0            |
|    pieces_placed_mean   | 24.4         |
| rollout/                |              |
|    ep_len_mean          | 31.7         |
|    ep_rew_mean          | 44.6         |
| time/                   |              |
|    fps                  | 793          |
|    iterations           | 599          |
|    time_elapsed         | 6181         |
|    total_timesteps      | 4907008      |
| train/                  |              |
|    approx_kl            | 0.0069137057 |
|    clip_fraction        | 0.0554       |
|    clip_range           | 0.2          |
|    entropy_loss         | -0.789       |
|    explained_variance   | 0.275        |
|    learning_rate        | 0.0001       |
|    loss                 | 0.401        |
|    n_updates            | 2392         |
|    policy_gradient_loss | -0.0151      |
|    value_loss           | 0.441        |
------------------------------------------
------------------------------------------
| episode/                |              |
|    lines_cleared_mean   | 8.91         |
|    perfect_clears_mean  | 0            |
|    pieces_placed_mean   | 33.6         |
| rollout/                |              |
|    ep_len_mean          | 33.9         |
|    ep_rew_mean          | 49.8         |
| time/                   |              |
|    fps                  | 793          |
|    iterations           | 600          |
|    time_elapsed         | 6192         |
|    total_timesteps      | 4915200      |
| train/                  |              |
|    approx_kl            | 0.0071699712 |
|    clip_fraction        | 0.0683       |
|    clip_range           | 0.2          |
|    entropy_loss         | -0.8         |
|    explained_variance   | 0.32         |
|    learning_rate        | 0.0001       |
|    loss                 | 0.332        |
|    n_updates            | 2396         |
|    policy_gradient_loss | -0.0162      |
|    value_loss           | 0.415        |
------------------------------------------
------------------------------------------
| episode/                |              |
|    lines_cleared_mean   | 10.8         |
|    perfect_clears_mean  | 0            |
|    pieces_placed_mean   | 37.3         |
| rollout/                |              |
|    ep_len_mean          | 33.7         |
|    ep_rew_mean          | 49.1         |
| time/                   |              |
|    fps                  | 793          |
|    iterations           | 601          |
|    time_elapsed         | 6202         |
|    total_timesteps      | 4923392      |
| train/                  |              |
|    approx_kl            | 0.0071018767 |
|    clip_fraction        | 0.071        |
|    clip_range           | 0.2          |
|    entropy_loss         | -0.773       |
|    explained_variance   | 0.24         |
|    learning_rate        | 0.0001       |
|    loss                 | 0.403        |
|    n_updates            | 2400         |
|    policy_gradient_loss | -0.0177      |
|    value_loss           | 0.454        |
------------------------------------------
-----------------------------------------
| episode/                |             |
|    lines_cleared_mean   | 7           |
|    perfect_clears_mean  | 0           |
|    pieces_placed_mean   | 28.9        |
| rollout/                |             |
|    ep_len_mean          | 33.5        |
|    ep_rew_mean          | 48          |
| time/                   |             |
|    fps                  | 793         |
|    iterations           | 602         |
|    time_elapsed         | 6212        |
|    total_timesteps      | 4931584     |
| train/                  |             |
|    approx_kl            | 0.006886419 |
|    clip_fraction        | 0.0568      |
|    clip_range           | 0.2         |
|    entropy_loss         | -0.779      |
|    explained_variance   | 0.289       |
|    learning_rate        | 0.0001      |
|    loss                 | 0.318       |
|    n_updates            | 2404        |
|    policy_gradient_loss | -0.0156     |
|    value_loss           | 0.428       |
-----------------------------------------
-----------------------------------------
| episode/                |             |
|    lines_cleared_mean   | 10.3        |
|    perfect_clears_mean  | 0           |
|    pieces_placed_mean   | 36.7        |
| rollout/                |             |
|    ep_len_mean          | 33.8        |
|    ep_rew_mean          | 49.1        |
| time/                   |             |
|    fps                  | 793         |
|    iterations           | 603         |
|    time_elapsed         | 6222        |
|    total_timesteps      | 4939776     |
| train/                  |             |
|    approx_kl            | 0.007857675 |
|    clip_fraction        | 0.0645      |
|    clip_range           | 0.2         |
|    entropy_loss         | -0.776      |
|    explained_variance   | 0.292       |
|    learning_rate        | 0.0001      |
|    loss                 | 0.362       |
|    n_updates            | 2408        |
|    policy_gradient_loss | -0.0162     |
|    value_loss           | 0.422       |
-----------------------------------------
-----------------------------------------
| episode/                |             |
|    lines_cleared_mean   | 7.7         |
|    perfect_clears_mean  | 0           |
|    pieces_placed_mean   | 31.4        |
| rollout/                |             |
|    ep_len_mean          | 32.7        |
|    ep_rew_mean          | 46.7        |
| time/                   |             |
|    fps                  | 793         |
|    iterations           | 604         |
|    time_elapsed         | 6232        |
|    total_timesteps      | 4947968     |
| train/                  |             |
|    approx_kl            | 0.007633714 |
|    clip_fraction        | 0.0702      |
|    clip_range           | 0.2         |
|    entropy_loss         | -0.756      |
|    explained_variance   | 0.272       |
|    learning_rate        | 0.0001      |
|    loss                 | 0.414       |
|    n_updates            | 2412        |
|    policy_gradient_loss | -0.0172     |
|    value_loss           | 0.458       |
-----------------------------------------
----------------------------------------
| episode/                |            |
|    lines_cleared_mean   | 10.6       |
|    perfect_clears_mean  | 0          |
|    pieces_placed_mean   | 37.8       |
| rollout/                |            |
|    ep_len_mean          | 33.9       |
|    ep_rew_mean          | 49.3       |
| time/                   |            |
|    fps                  | 793        |
|    iterations           | 605        |
|    time_elapsed         | 6242       |
|    total_timesteps      | 4956160    |
| train/                  |            |
|    approx_kl            | 0.00672594 |
|    clip_fraction        | 0.0564     |
|    clip_range           | 0.2        |
|    entropy_loss         | -0.777     |
|    explained_variance   | 0.227      |
|    learning_rate        | 0.0001     |
|    loss                 | 0.368      |
|    n_updates            | 2416       |
|    policy_gradient_loss | -0.0147    |
|    value_loss           | 0.481      |
----------------------------------------
------------------------------------------
| episode/                |              |
|    lines_cleared_mean   | 9.1          |
|    perfect_clears_mean  | 0            |
|    pieces_placed_mean   | 35.2         |
| rollout/                |              |
|    ep_len_mean          | 33.3         |
|    ep_rew_mean          | 48.1         |
| time/                   |              |
|    fps                  | 794          |
|    iterations           | 606          |
|    time_elapsed         | 6252         |
|    total_timesteps      | 4964352      |
| train/                  |              |
|    approx_kl            | 0.0074002966 |
|    clip_fraction        | 0.0598       |
|    clip_range           | 0.2          |
|    entropy_loss         | -0.76        |
|    explained_variance   | 0.249        |
|    learning_rate        | 0.0001       |
|    loss                 | 0.336        |
|    n_updates            | 2420         |
|    policy_gradient_loss | -0.0162      |
|    value_loss           | 0.435        |
------------------------------------------
-----------------------------------------
| episode/                |             |
|    lines_cleared_mean   | 8           |
|    perfect_clears_mean  | 0           |
|    pieces_placed_mean   | 31.3        |
| rollout/                |             |
|    ep_len_mean          | 36.6        |
|    ep_rew_mean          | 55.2        |
| time/                   |             |
|    fps                  | 794         |
|    iterations           | 607         |
|    time_elapsed         | 6262        |
|    total_timesteps      | 4972544     |
| train/                  |             |
|    approx_kl            | 0.007963657 |
|    clip_fraction        | 0.0666      |
|    clip_range           | 0.2         |
|    entropy_loss         | -0.754      |
|    explained_variance   | 0.297       |
|    learning_rate        | 0.0001      |
|    loss                 | 0.372       |
|    n_updates            | 2424        |
|    policy_gradient_loss | -0.0179     |
|    value_loss           | 0.418       |
-----------------------------------------
-----------------------------------------
| episode/                |             |
|    lines_cleared_mean   | 19.1        |
|    perfect_clears_mean  | 0           |
|    pieces_placed_mean   | 57          |
| rollout/                |             |
|    ep_len_mean          | 35.5        |
|    ep_rew_mean          | 53.2        |
| time/                   |             |
|    fps                  | 794         |
|    iterations           | 608         |
|    time_elapsed         | 6271        |
|    total_timesteps      | 4980736     |
| train/                  |             |
|    approx_kl            | 0.008239574 |
|    clip_fraction        | 0.0629      |
|    clip_range           | 0.2         |
|    entropy_loss         | -0.754      |
|    explained_variance   | 0.253       |
|    learning_rate        | 0.0001      |
|    loss                 | 0.332       |
|    n_updates            | 2428        |
|    policy_gradient_loss | -0.016      |
|    value_loss           | 0.465       |
-----------------------------------------
------------------------------------------
| episode/                |              |
|    lines_cleared_mean   | 15.3         |
|    perfect_clears_mean  | 0            |
|    pieces_placed_mean   | 48.9         |
| rollout/                |              |
|    ep_len_mean          | 34.7         |
|    ep_rew_mean          | 51.2         |
| time/                   |              |
|    fps                  | 794          |
|    iterations           | 609          |
|    time_elapsed         | 6281         |
|    total_timesteps      | 4988928      |
| train/                  |              |
|    approx_kl            | 0.0074076024 |
|    clip_fraction        | 0.0665       |
|    clip_range           | 0.2          |
|    entropy_loss         | -0.761       |
|    explained_variance   | 0.254        |
|    learning_rate        | 0.0001       |
|    loss                 | 0.358        |
|    n_updates            | 2432         |
|    policy_gradient_loss | -0.0166      |
|    value_loss           | 0.484        |
------------------------------------------
------------------------------------------
| episode/                |              |
|    lines_cleared_mean   | 11.3         |
|    perfect_clears_mean  | 0            |
|    pieces_placed_mean   | 39.3         |
| rollout/                |              |
|    ep_len_mean          | 36.6         |
|    ep_rew_mean          | 56.3         |
| time/                   |              |
|    fps                  | 794          |
|    iterations           | 610          |
|    time_elapsed         | 6290         |
|    total_timesteps      | 4997120      |
| train/                  |              |
|    approx_kl            | 0.0068415655 |
|    clip_fraction        | 0.0589       |
|    clip_range           | 0.2          |
|    entropy_loss         | -0.769       |
|    explained_variance   | 0.227        |
|    learning_rate        | 0.0001       |
|    loss                 | 0.407        |
|    n_updates            | 2436         |
|    policy_gradient_loss | -0.016       |
|    value_loss           | 0.503        |
------------------------------------------
-----------------------------------------
| episode/                |             |
|    lines_cleared_mean   | 8.2         |
|    perfect_clears_mean  | 0           |
|    pieces_placed_mean   | 32.3        |
| rollout/                |             |
|    ep_len_mean          | 34.9        |
|    ep_rew_mean          | 51.4        |
| time/                   |             |
|    fps                  | 794         |
|    iterations           | 611         |
|    time_elapsed         | 6300        |
|    total_timesteps      | 5005312     |
| train/                  |             |
|    approx_kl            | 0.007596142 |
|    clip_fraction        | 0.0711      |
|    clip_range           | 0.2         |
|    entropy_loss         | -0.742      |
|    explained_variance   | 0.263       |
|    learning_rate        | 0.0001      |
|    loss                 | 0.47        |
|    n_updates            | 2440        |
|    policy_gradient_loss | -0.0165     |
|    value_loss           | 0.499       |
-----------------------------------------
 100% ━━━━━━━━━━━━━━━━━━━━━━━━━━━━━━━━━━━━━━━━━━━━━━━━━━━━━━━━━━━━━━━━━━━━━━━━━━━━━━━━━ 5,005,312/5,000,000  [ 1:44:55 < 0:00:00 , 891 it/s ]
[run_training] Модель сохранена: ./models/mlp_3_final.zip
[run_training] VecNormalize сохранён: ./models/mlp_3_vecnormalize.pkl
[run_training] При оценке указывай --vecnormalize ./models/mlp_3_vecnormalize.pkl
