=== TRAINING LOG: 2026-04-12 09:14:37 ===

=== 1. ARCHITECTURE ===
Algorithm: MaskablePPO
Architecture Type: CNN (Convolutional Neural Network)
Policy Class: MaskableActorCriticPolicy
Feature Extractor: SmallCNN
Network Architecture (net_arch): {'pi': [256, 256], 'vf': [512, 512]}

=== 2. TRAINING PARAMETERS ===
--- ARCH ---
CNN

--- normalize_reward ---
True

--- TRAIN ---
n_envs: 16
total_timesteps: 5000000
learning_rate: 7e-05
n_steps: 512
batch_size: 256
n_epochs: 4
gamma: 0.99
gae_lambda: 0.95
clip_range: 0.2
ent_coef: 0.005
vf_coef: 1.0
max_grad_norm: 0.5
policy: MlpPolicy
features_dim: 256
net_arch: {'pi': [256, 256], 'vf': [512, 512]}
features_extractor: cnn

--- REWARD ---
place_piece: 0.2
line_cleared: 3.0
combo_multiplier: 1.0
perfect_clear: 15.0
cell_potential: 0.3
invalid_move: -2.0
game_over: -5.0
game_over_per_cell: -0.1
round_complete: 0.5

--- ENV ---
board_size: 8
pieces_per_round: 3
max_steps: 2000

=== 3. CONSOLE OUTPUT ===
[run_training] Начинаем обучение на 5,000,000 шагов...
[run_training] Ожидаемый explained_variance > 0.5 после 500k шагов

Logging to ./runs/cnn_3_2
-------------------------------------
| episode/               |          |
|    lines_cleared_mean  | 2.4      |
|    perfect_clears_mean | 0        |
|    pieces_placed_mean  | 16.7     |
| rollout/               |          |
|    ep_len_mean         | 16.5     |
|    ep_rew_mean         | 10.8     |
| time/                  |          |
|    fps                 | 944      |
|    iterations          | 1        |
|    time_elapsed        | 8        |
|    total_timesteps     | 8192     |
-------------------------------------
------------------------------------------
| episode/                |              |
|    lines_cleared_mean   | 1.1          |
|    perfect_clears_mean  | 0            |
|    pieces_placed_mean   | 14.4         |
| rollout/                |              |
|    ep_len_mean          | 16.3         |
|    ep_rew_mean          | 10.2         |
| time/                   |              |
|    fps                  | 786          |
|    iterations           | 2            |
|    time_elapsed         | 20           |
|    total_timesteps      | 16384        |
| train/                  |              |
|    approx_kl            | 0.0032850895 |
|    clip_fraction        | 0.00525      |
|    clip_range           | 0.2          |
|    entropy_loss         | -2.88        |
|    explained_variance   | 0.00688      |
|    learning_rate        | 7e-05        |
|    loss                 | 0.561        |
|    n_updates            | 4            |
|    policy_gradient_loss | -0.00738     |
|    value_loss           | 0.96         |
------------------------------------------
------------------------------------------
| episode/                |              |
|    lines_cleared_mean   | 0.6          |
|    perfect_clears_mean  | 0            |
|    pieces_placed_mean   | 13.6         |
| rollout/                |              |
|    ep_len_mean          | 16           |
|    ep_rew_mean          | 9.77         |
| time/                   |              |
|    fps                  | 737          |
|    iterations           | 3            |
|    time_elapsed         | 33           |
|    total_timesteps      | 24576        |
| train/                  |              |
|    approx_kl            | 0.0060246172 |
|    clip_fraction        | 0.0204       |
|    clip_range           | 0.2          |
|    entropy_loss         | -2.84        |
|    explained_variance   | 0.0245       |
|    learning_rate        | 7e-05        |
|    loss                 | 0.475        |
|    n_updates            | 8            |
|    policy_gradient_loss | -0.00769     |
|    value_loss           | 0.624        |
------------------------------------------
-----------------------------------------
| episode/                |             |
|    lines_cleared_mean   | 1.6         |
|    perfect_clears_mean  | 0           |
|    pieces_placed_mean   | 15.7        |
| rollout/                |             |
|    ep_len_mean          | 16.2        |
|    ep_rew_mean          | 10.1        |
| time/                   |             |
|    fps                  | 714         |
|    iterations           | 4           |
|    time_elapsed         | 45          |
|    total_timesteps      | 32768       |
| train/                  |             |
|    approx_kl            | 0.004331206 |
|    clip_fraction        | 0.00934     |
|    clip_range           | 0.2         |
|    entropy_loss         | -2.81       |
|    explained_variance   | 0.0143      |
|    learning_rate        | 7e-05       |
|    loss                 | 0.428       |
|    n_updates            | 12          |
|    policy_gradient_loss | -0.0062     |
|    value_loss           | 0.585       |
-----------------------------------------
-----------------------------------------
| episode/                |             |
|    lines_cleared_mean   | 3.18        |
|    perfect_clears_mean  | 0           |
|    pieces_placed_mean   | 19.9        |
| rollout/                |             |
|    ep_len_mean          | 16.1        |
|    ep_rew_mean          | 9.99        |
| time/                   |             |
|    fps                  | 701         |
|    iterations           | 5           |
|    time_elapsed         | 58          |
|    total_timesteps      | 40960       |
| train/                  |             |
|    approx_kl            | 0.005336352 |
|    clip_fraction        | 0.0186      |
|    clip_range           | 0.2         |
|    entropy_loss         | -2.8        |
|    explained_variance   | 0.037       |
|    learning_rate        | 7e-05       |
|    loss                 | 0.527       |
|    n_updates            | 16          |
|    policy_gradient_loss | -0.00723    |
|    value_loss           | 0.621       |
-----------------------------------------
-----------------------------------------
| episode/                |             |
|    lines_cleared_mean   | 2.9         |
|    perfect_clears_mean  | 0           |
|    pieces_placed_mean   | 18.8        |
| rollout/                |             |
|    ep_len_mean          | 16.4        |
|    ep_rew_mean          | 10.6        |
| time/                   |             |
|    fps                  | 692         |
|    iterations           | 6           |
|    time_elapsed         | 70          |
|    total_timesteps      | 49152       |
| train/                  |             |
|    approx_kl            | 0.005861451 |
|    clip_fraction        | 0.0257      |
|    clip_range           | 0.2         |
|    entropy_loss         | -2.81       |
|    explained_variance   | 0.0491      |
|    learning_rate        | 7e-05       |
|    loss                 | 0.396       |
|    n_updates            | 20          |
|    policy_gradient_loss | -0.00764    |
|    value_loss           | 0.581       |
-----------------------------------------
------------------------------------------
| episode/                |              |
|    lines_cleared_mean   | 2.4          |
|    perfect_clears_mean  | 0            |
|    pieces_placed_mean   | 18.6         |
| rollout/                |              |
|    ep_len_mean          | 16.4         |
|    ep_rew_mean          | 10.5         |
| time/                   |              |
|    fps                  | 688          |
|    iterations           | 7            |
|    time_elapsed         | 83           |
|    total_timesteps      | 57344        |
| train/                  |              |
|    approx_kl            | 0.0074011525 |
|    clip_fraction        | 0.048        |
|    clip_range           | 0.2          |
|    entropy_loss         | -2.83        |
|    explained_variance   | -0.00492     |
|    learning_rate        | 7e-05        |
|    loss                 | 0.351        |
|    n_updates            | 24           |
|    policy_gradient_loss | -0.00865     |
|    value_loss           | 0.535        |
------------------------------------------
------------------------------------------
| episode/                |              |
|    lines_cleared_mean   | 3.3          |
|    perfect_clears_mean  | 0            |
|    pieces_placed_mean   | 19.2         |
| rollout/                |              |
|    ep_len_mean          | 16.3         |
|    ep_rew_mean          | 10.5         |
| time/                   |              |
|    fps                  | 685          |
|    iterations           | 8            |
|    time_elapsed         | 95           |
|    total_timesteps      | 65536        |
| train/                  |              |
|    approx_kl            | 0.0069707725 |
|    clip_fraction        | 0.037        |
|    clip_range           | 0.2          |
|    entropy_loss         | -2.8         |
|    explained_variance   | 0.0373       |
|    learning_rate        | 7e-05        |
|    loss                 | 0.393        |
|    n_updates            | 28           |
|    policy_gradient_loss | -0.00835     |
|    value_loss           | 0.54         |
------------------------------------------
-----------------------------------------
| episode/                |             |
|    lines_cleared_mean   | 0.4         |
|    perfect_clears_mean  | 0           |
|    pieces_placed_mean   | 13.3        |
| rollout/                |             |
|    ep_len_mean          | 16.8        |
|    ep_rew_mean          | 10.9        |
| time/                   |             |
|    fps                  | 682         |
|    iterations           | 9           |
|    time_elapsed         | 107         |
|    total_timesteps      | 73728       |
| train/                  |             |
|    approx_kl            | 0.005722502 |
|    clip_fraction        | 0.0234      |
|    clip_range           | 0.2         |
|    entropy_loss         | -2.81       |
|    explained_variance   | 0.0435      |
|    learning_rate        | 7e-05       |
|    loss                 | 0.345       |
|    n_updates            | 32          |
|    policy_gradient_loss | -0.00692    |
|    value_loss           | 0.549       |
-----------------------------------------
----------------------------------------
| episode/                |            |
|    lines_cleared_mean   | 0.727      |
|    perfect_clears_mean  | 0          |
|    pieces_placed_mean   | 14.5       |
| rollout/                |            |
|    ep_len_mean          | 17         |
|    ep_rew_mean          | 11.8       |
| time/                   |            |
|    fps                  | 680        |
|    iterations           | 10         |
|    time_elapsed         | 120        |
|    total_timesteps      | 81920      |
| train/                  |            |
|    approx_kl            | 0.00626533 |
|    clip_fraction        | 0.0321     |
|    clip_range           | 0.2        |
|    entropy_loss         | -2.81      |
|    explained_variance   | 0.0547     |
|    learning_rate        | 7e-05      |
|    loss                 | 0.269      |
|    n_updates            | 36         |
|    policy_gradient_loss | -0.0079    |
|    value_loss           | 0.472      |
----------------------------------------
------------------------------------------
| episode/                |              |
|    lines_cleared_mean   | 2.1          |
|    perfect_clears_mean  | 0            |
|    pieces_placed_mean   | 17.2         |
| rollout/                |              |
|    ep_len_mean          | 16           |
|    ep_rew_mean          | 10           |
| time/                   |              |
|    fps                  | 679          |
|    iterations           | 11           |
|    time_elapsed         | 132          |
|    total_timesteps      | 90112        |
| train/                  |              |
|    approx_kl            | 0.0047678933 |
|    clip_fraction        | 0.0198       |
|    clip_range           | 0.2          |
|    entropy_loss         | -2.78        |
|    explained_variance   | 0.00853      |
|    learning_rate        | 7e-05        |
|    loss                 | 0.389        |
|    n_updates            | 40           |
|    policy_gradient_loss | -0.00616     |
|    value_loss           | 0.602        |
------------------------------------------
------------------------------------------
| episode/                |              |
|    lines_cleared_mean   | 1.9          |
|    perfect_clears_mean  | 0            |
|    pieces_placed_mean   | 16.6         |
| rollout/                |              |
|    ep_len_mean          | 16.2         |
|    ep_rew_mean          | 10.5         |
| time/                   |              |
|    fps                  | 678          |
|    iterations           | 12           |
|    time_elapsed         | 144          |
|    total_timesteps      | 98304        |
| train/                  |              |
|    approx_kl            | 0.0064669065 |
|    clip_fraction        | 0.0354       |
|    clip_range           | 0.2          |
|    entropy_loss         | -2.77        |
|    explained_variance   | -0.00221     |
|    learning_rate        | 7e-05        |
|    loss                 | 0.33         |
|    n_updates            | 44           |
|    policy_gradient_loss | -0.0083      |
|    value_loss           | 0.569        |
------------------------------------------

[WARNING] explained_variance=0.005 после 100,016 шагов. Критик не обучается — проверь нормализацию наград.

------------------------------------------
| episode/                |              |
|    lines_cleared_mean   | 1.08         |
|    perfect_clears_mean  | 0            |
|    pieces_placed_mean   | 14.2         |
| rollout/                |              |
|    ep_len_mean          | 15.7         |
|    ep_rew_mean          | 9.03         |
| time/                   |              |
|    fps                  | 677          |
|    iterations           | 13           |
|    time_elapsed         | 157          |
|    total_timesteps      | 106496       |
| train/                  |              |
|    approx_kl            | 0.0072046276 |
|    clip_fraction        | 0.0355       |
|    clip_range           | 0.2          |
|    entropy_loss         | -2.75        |
|    explained_variance   | 0.00452      |
|    learning_rate        | 7e-05        |
|    loss                 | 0.397        |
|    n_updates            | 48           |
|    policy_gradient_loss | -0.00747     |
|    value_loss           | 0.58         |
------------------------------------------
-----------------------------------------
| episode/                |             |
|    lines_cleared_mean   | 1.9         |
|    perfect_clears_mean  | 0           |
|    pieces_placed_mean   | 17.1        |
| rollout/                |             |
|    ep_len_mean          | 17          |
|    ep_rew_mean          | 11.9        |
| time/                   |             |
|    fps                  | 676         |
|    iterations           | 14          |
|    time_elapsed         | 169         |
|    total_timesteps      | 114688      |
| train/                  |             |
|    approx_kl            | 0.008443322 |
|    clip_fraction        | 0.0476      |
|    clip_range           | 0.2         |
|    entropy_loss         | -2.75       |
|    explained_variance   | -0.0905     |
|    learning_rate        | 7e-05       |
|    loss                 | 0.366       |
|    n_updates            | 52          |
|    policy_gradient_loss | -0.00797    |
|    value_loss           | 0.546       |
-----------------------------------------
-----------------------------------------
| episode/                |             |
|    lines_cleared_mean   | 2.3         |
|    perfect_clears_mean  | 0           |
|    pieces_placed_mean   | 17.1        |
| rollout/                |             |
|    ep_len_mean          | 16.6        |
|    ep_rew_mean          | 10.9        |
| time/                   |             |
|    fps                  | 675         |
|    iterations           | 15          |
|    time_elapsed         | 181         |
|    total_timesteps      | 122880      |
| train/                  |             |
|    approx_kl            | 0.006708524 |
|    clip_fraction        | 0.0288      |
|    clip_range           | 0.2         |
|    entropy_loss         | -2.75       |
|    explained_variance   | -0.0324     |
|    learning_rate        | 7e-05       |
|    loss                 | 0.339       |
|    n_updates            | 56          |
|    policy_gradient_loss | -0.00714    |
|    value_loss           | 0.576       |
-----------------------------------------
-----------------------------------------
| episode/                |             |
|    lines_cleared_mean   | 2.5         |
|    perfect_clears_mean  | 0           |
|    pieces_placed_mean   | 17.4        |
| rollout/                |             |
|    ep_len_mean          | 16.3        |
|    ep_rew_mean          | 10.1        |
| time/                   |             |
|    fps                  | 674         |
|    iterations           | 16          |
|    time_elapsed         | 194         |
|    total_timesteps      | 131072      |
| train/                  |             |
|    approx_kl            | 0.008810941 |
|    clip_fraction        | 0.055       |
|    clip_range           | 0.2         |
|    entropy_loss         | -2.75       |
|    explained_variance   | -0.0394     |
|    learning_rate        | 7e-05       |
|    loss                 | 0.309       |
|    n_updates            | 60          |
|    policy_gradient_loss | -0.00868    |
|    value_loss           | 0.477       |
-----------------------------------------
------------------------------------------
| episode/                |              |
|    lines_cleared_mean   | 1.36         |
|    perfect_clears_mean  | 0            |
|    pieces_placed_mean   | 15.3         |
| rollout/                |              |
|    ep_len_mean          | 15.8         |
|    ep_rew_mean          | 9.03         |
| time/                   |              |
|    fps                  | 673          |
|    iterations           | 17           |
|    time_elapsed         | 206          |
|    total_timesteps      | 139264       |
| train/                  |              |
|    approx_kl            | 0.0067809178 |
|    clip_fraction        | 0.03         |
|    clip_range           | 0.2          |
|    entropy_loss         | -2.68        |
|    explained_variance   | -0.0286      |
|    learning_rate        | 7e-05        |
|    loss                 | 0.395        |
|    n_updates            | 64           |
|    policy_gradient_loss | -0.0067      |
|    value_loss           | 0.526        |
------------------------------------------
-----------------------------------------
| episode/                |             |
|    lines_cleared_mean   | 2           |
|    perfect_clears_mean  | 0           |
|    pieces_placed_mean   | 16.5        |
| rollout/                |             |
|    ep_len_mean          | 16.2        |
|    ep_rew_mean          | 10.5        |
| time/                   |             |
|    fps                  | 672         |
|    iterations           | 18          |
|    time_elapsed         | 219         |
|    total_timesteps      | 147456      |
| train/                  |             |
|    approx_kl            | 0.007930865 |
|    clip_fraction        | 0.0555      |
|    clip_range           | 0.2         |
|    entropy_loss         | -2.73       |
|    explained_variance   | -0.042      |
|    learning_rate        | 7e-05       |
|    loss                 | 0.308       |
|    n_updates            | 68          |
|    policy_gradient_loss | -0.00733    |
|    value_loss           | 0.449       |
-----------------------------------------
------------------------------------------
| episode/                |              |
|    lines_cleared_mean   | 2.1          |
|    perfect_clears_mean  | 0            |
|    pieces_placed_mean   | 16.9         |
| rollout/                |              |
|    ep_len_mean          | 17           |
|    ep_rew_mean          | 11.9         |
| time/                   |              |
|    fps                  | 671          |
|    iterations           | 19           |
|    time_elapsed         | 231          |
|    total_timesteps      | 155648       |
| train/                  |              |
|    approx_kl            | 0.0068014255 |
|    clip_fraction        | 0.0408       |
|    clip_range           | 0.2          |
|    entropy_loss         | -2.71        |
|    explained_variance   | -0.015       |
|    learning_rate        | 7e-05        |
|    loss                 | 0.291        |
|    n_updates            | 72           |
|    policy_gradient_loss | -0.00742     |
|    value_loss           | 0.476        |
------------------------------------------
-----------------------------------------
| episode/                |             |
|    lines_cleared_mean   | 1.55        |
|    perfect_clears_mean  | 0           |
|    pieces_placed_mean   | 15.5        |
| rollout/                |             |
|    ep_len_mean          | 16          |
|    ep_rew_mean          | 9.87        |
| time/                   |             |
|    fps                  | 670         |
|    iterations           | 20          |
|    time_elapsed         | 244         |
|    total_timesteps      | 163840      |
| train/                  |             |
|    approx_kl            | 0.007127615 |
|    clip_fraction        | 0.034       |
|    clip_range           | 0.2         |
|    entropy_loss         | -2.7        |
|    explained_variance   | 0.0261      |
|    learning_rate        | 7e-05       |
|    loss                 | 0.337       |
|    n_updates            | 76          |
|    policy_gradient_loss | -0.00802    |
|    value_loss           | 0.52        |
-----------------------------------------
-----------------------------------------
| episode/                |             |
|    lines_cleared_mean   | 2.73        |
|    perfect_clears_mean  | 0           |
|    pieces_placed_mean   | 18.3        |
| rollout/                |             |
|    ep_len_mean          | 16.1        |
|    ep_rew_mean          | 10.3        |
| time/                   |             |
|    fps                  | 669         |
|    iterations           | 21          |
|    time_elapsed         | 256         |
|    total_timesteps      | 172032      |
| train/                  |             |
|    approx_kl            | 0.007850435 |
|    clip_fraction        | 0.0477      |
|    clip_range           | 0.2         |
|    entropy_loss         | -2.7        |
|    explained_variance   | -0.0282     |
|    learning_rate        | 7e-05       |
|    loss                 | 0.19        |
|    n_updates            | 80          |
|    policy_gradient_loss | -0.00833    |
|    value_loss           | 0.461       |
-----------------------------------------
-----------------------------------------
| episode/                |             |
|    lines_cleared_mean   | 1.4         |
|    perfect_clears_mean  | 0           |
|    pieces_placed_mean   | 15.8        |
| rollout/                |             |
|    ep_len_mean          | 17          |
|    ep_rew_mean          | 11.9        |
| time/                   |             |
|    fps                  | 669         |
|    iterations           | 22          |
|    time_elapsed         | 269         |
|    total_timesteps      | 180224      |
| train/                  |             |
|    approx_kl            | 0.005590751 |
|    clip_fraction        | 0.0312      |
|    clip_range           | 0.2         |
|    entropy_loss         | -2.71       |
|    explained_variance   | -0.0403     |
|    learning_rate        | 7e-05       |
|    loss                 | 0.326       |
|    n_updates            | 84          |
|    policy_gradient_loss | -0.00671    |
|    value_loss           | 0.539       |
-----------------------------------------
-----------------------------------------
| episode/                |             |
|    lines_cleared_mean   | 1.9         |
|    perfect_clears_mean  | 0           |
|    pieces_placed_mean   | 15.9        |
| rollout/                |             |
|    ep_len_mean          | 16.4        |
|    ep_rew_mean          | 10.8        |
| time/                   |             |
|    fps                  | 668         |
|    iterations           | 23          |
|    time_elapsed         | 281         |
|    total_timesteps      | 188416      |
| train/                  |             |
|    approx_kl            | 0.006296775 |
|    clip_fraction        | 0.0363      |
|    clip_range           | 0.2         |
|    entropy_loss         | -2.68       |
|    explained_variance   | -0.00871    |
|    learning_rate        | 7e-05       |
|    loss                 | 0.306       |
|    n_updates            | 88          |
|    policy_gradient_loss | -0.00784    |
|    value_loss           | 0.521       |
-----------------------------------------
------------------------------------------
| episode/                |              |
|    lines_cleared_mean   | 2.2          |
|    perfect_clears_mean  | 0            |
|    pieces_placed_mean   | 16.8         |
| rollout/                |              |
|    ep_len_mean          | 16.9         |
|    ep_rew_mean          | 11.4         |
| time/                   |              |
|    fps                  | 667          |
|    iterations           | 24           |
|    time_elapsed         | 294          |
|    total_timesteps      | 196608       |
| train/                  |              |
|    approx_kl            | 0.0064784437 |
|    clip_fraction        | 0.0328       |
|    clip_range           | 0.2          |
|    entropy_loss         | -2.68        |
|    explained_variance   | -0.042       |
|    learning_rate        | 7e-05        |
|    loss                 | 0.309        |
|    n_updates            | 92           |
|    policy_gradient_loss | -0.00783     |
|    value_loss           | 0.526        |
------------------------------------------
----------------------------------------
| episode/                |            |
|    lines_cleared_mean   | 1.54       |
|    perfect_clears_mean  | 0          |
|    pieces_placed_mean   | 16.2       |
| rollout/                |            |
|    ep_len_mean          | 16.3       |
|    ep_rew_mean          | 9.97       |
| time/                   |            |
|    fps                  | 667        |
|    iterations           | 25         |
|    time_elapsed         | 306        |
|    total_timesteps      | 204800     |
| train/                  |            |
|    approx_kl            | 0.00733154 |
|    clip_fraction        | 0.041      |
|    clip_range           | 0.2        |
|    entropy_loss         | -2.7       |
|    explained_variance   | -0.00905   |
|    learning_rate        | 7e-05      |
|    loss                 | 0.263      |
|    n_updates            | 96         |
|    policy_gradient_loss | -0.00829   |
|    value_loss           | 0.494      |
----------------------------------------
------------------------------------------
| episode/                |              |
|    lines_cleared_mean   | 1.45         |
|    perfect_clears_mean  | 0            |
|    pieces_placed_mean   | 15.5         |
| rollout/                |              |
|    ep_len_mean          | 15.9         |
|    ep_rew_mean          | 9.28         |
| time/                   |              |
|    fps                  | 666          |
|    iterations           | 26           |
|    time_elapsed         | 319          |
|    total_timesteps      | 212992       |
| train/                  |              |
|    approx_kl            | 0.0062770373 |
|    clip_fraction        | 0.0345       |
|    clip_range           | 0.2          |
|    entropy_loss         | -2.71        |
|    explained_variance   | -0.0183      |
|    learning_rate        | 7e-05        |
|    loss                 | 0.298        |
|    n_updates            | 100          |
|    policy_gradient_loss | -0.00736     |
|    value_loss           | 0.479        |
------------------------------------------
------------------------------------------
| episode/                |              |
|    lines_cleared_mean   | 3.5          |
|    perfect_clears_mean  | 0            |
|    pieces_placed_mean   | 21.1         |
| rollout/                |              |
|    ep_len_mean          | 17.4         |
|    ep_rew_mean          | 12.4         |
| time/                   |              |
|    fps                  | 666          |
|    iterations           | 27           |
|    time_elapsed         | 332          |
|    total_timesteps      | 221184       |
| train/                  |              |
|    approx_kl            | 0.0060678963 |
|    clip_fraction        | 0.0355       |
|    clip_range           | 0.2          |
|    entropy_loss         | -2.72        |
|    explained_variance   | 0.00553      |
|    learning_rate        | 7e-05        |
|    loss                 | 0.277        |
|    n_updates            | 104          |
|    policy_gradient_loss | -0.00757     |
|    value_loss           | 0.459        |
------------------------------------------
------------------------------------------
| episode/                |              |
|    lines_cleared_mean   | 1.55         |
|    perfect_clears_mean  | 0            |
|    pieces_placed_mean   | 15.6         |
| rollout/                |              |
|    ep_len_mean          | 17.2         |
|    ep_rew_mean          | 12.6         |
| time/                   |              |
|    fps                  | 665          |
|    iterations           | 28           |
|    time_elapsed         | 344          |
|    total_timesteps      | 229376       |
| train/                  |              |
|    approx_kl            | 0.0051690917 |
|    clip_fraction        | 0.0205       |
|    clip_range           | 0.2          |
|    entropy_loss         | -2.69        |
|    explained_variance   | -0.0256      |
|    learning_rate        | 7e-05        |
|    loss                 | 0.378        |
|    n_updates            | 108          |
|    policy_gradient_loss | -0.00675     |
|    value_loss           | 0.517        |
------------------------------------------
------------------------------------------
| episode/                |              |
|    lines_cleared_mean   | 1.7          |
|    perfect_clears_mean  | 0            |
|    pieces_placed_mean   | 16.3         |
| rollout/                |              |
|    ep_len_mean          | 16.4         |
|    ep_rew_mean          | 10.7         |
| time/                   |              |
|    fps                  | 664          |
|    iterations           | 29           |
|    time_elapsed         | 357          |
|    total_timesteps      | 237568       |
| train/                  |              |
|    approx_kl            | 0.0063432353 |
|    clip_fraction        | 0.031        |
|    clip_range           | 0.2          |
|    entropy_loss         | -2.62        |
|    explained_variance   | 0.00678      |
|    learning_rate        | 7e-05        |
|    loss                 | 0.374        |
|    n_updates            | 112          |
|    policy_gradient_loss | -0.00758     |
|    value_loss           | 0.595        |
------------------------------------------
------------------------------------------
| episode/                |              |
|    lines_cleared_mean   | 2            |
|    perfect_clears_mean  | 0            |
|    pieces_placed_mean   | 17           |
| rollout/                |              |
|    ep_len_mean          | 16.5         |
|    ep_rew_mean          | 10.6         |
| time/                   |              |
|    fps                  | 664          |
|    iterations           | 30           |
|    time_elapsed         | 369          |
|    total_timesteps      | 245760       |
| train/                  |              |
|    approx_kl            | 0.0063148355 |
|    clip_fraction        | 0.0279       |
|    clip_range           | 0.2          |
|    entropy_loss         | -2.66        |
|    explained_variance   | -0.0145      |
|    learning_rate        | 7e-05        |
|    loss                 | 0.328        |
|    n_updates            | 116          |
|    policy_gradient_loss | -0.00729     |
|    value_loss           | 0.537        |
------------------------------------------
-----------------------------------------
| episode/                |             |
|    lines_cleared_mean   | 2.2         |
|    perfect_clears_mean  | 0           |
|    pieces_placed_mean   | 16.4        |
| rollout/                |             |
|    ep_len_mean          | 16          |
|    ep_rew_mean          | 9.91        |
| time/                   |             |
|    fps                  | 664         |
|    iterations           | 31          |
|    time_elapsed         | 382         |
|    total_timesteps      | 253952      |
| train/                  |             |
|    approx_kl            | 0.006395007 |
|    clip_fraction        | 0.0379      |
|    clip_range           | 0.2         |
|    entropy_loss         | -2.69       |
|    explained_variance   | -0.0048     |
|    learning_rate        | 7e-05       |
|    loss                 | 0.26        |
|    n_updates            | 120         |
|    policy_gradient_loss | -0.0072     |
|    value_loss           | 0.488       |
-----------------------------------------
-----------------------------------------
| episode/                |             |
|    lines_cleared_mean   | 3.5         |
|    perfect_clears_mean  | 0           |
|    pieces_placed_mean   | 20.6        |
| rollout/                |             |
|    ep_len_mean          | 16.6        |
|    ep_rew_mean          | 10.9        |
| time/                   |             |
|    fps                  | 663         |
|    iterations           | 32          |
|    time_elapsed         | 394         |
|    total_timesteps      | 262144      |
| train/                  |             |
|    approx_kl            | 0.007336272 |
|    clip_fraction        | 0.0412      |
|    clip_range           | 0.2         |
|    entropy_loss         | -2.65       |
|    explained_variance   | 0.000833    |
|    learning_rate        | 7e-05       |
|    loss                 | 0.357       |
|    n_updates            | 124         |
|    policy_gradient_loss | -0.00717    |
|    value_loss           | 0.481       |
-----------------------------------------
------------------------------------------
| episode/                |              |
|    lines_cleared_mean   | 2            |
|    perfect_clears_mean  | 0            |
|    pieces_placed_mean   | 17           |
| rollout/                |              |
|    ep_len_mean          | 16.7         |
|    ep_rew_mean          | 11.4         |
| time/                   |              |
|    fps                  | 663          |
|    iterations           | 33           |
|    time_elapsed         | 407          |
|    total_timesteps      | 270336       |
| train/                  |              |
|    approx_kl            | 0.0061069364 |
|    clip_fraction        | 0.0305       |
|    clip_range           | 0.2          |
|    entropy_loss         | -2.67        |
|    explained_variance   | -0.0366      |
|    learning_rate        | 7e-05        |
|    loss                 | 0.31         |
|    n_updates            | 128          |
|    policy_gradient_loss | -0.00615     |
|    value_loss           | 0.541        |
------------------------------------------
------------------------------------------
| episode/                |              |
|    lines_cleared_mean   | 1.7          |
|    perfect_clears_mean  | 0            |
|    pieces_placed_mean   | 16.9         |
| rollout/                |              |
|    ep_len_mean          | 17.4         |
|    ep_rew_mean          | 13           |
| time/                   |              |
|    fps                  | 662          |
|    iterations           | 34           |
|    time_elapsed         | 420          |
|    total_timesteps      | 278528       |
| train/                  |              |
|    approx_kl            | 0.0070393356 |
|    clip_fraction        | 0.0375       |
|    clip_range           | 0.2          |
|    entropy_loss         | -2.65        |
|    explained_variance   | -0.0195      |
|    learning_rate        | 7e-05        |
|    loss                 | 0.328        |
|    n_updates            | 132          |
|    policy_gradient_loss | -0.00807     |
|    value_loss           | 0.507        |
------------------------------------------
----------------------------------------
| episode/                |            |
|    lines_cleared_mean   | 3.7        |
|    perfect_clears_mean  | 0.1        |
|    pieces_placed_mean   | 21         |
| rollout/                |            |
|    ep_len_mean          | 16.7       |
|    ep_rew_mean          | 11.8       |
| time/                   |            |
|    fps                  | 662        |
|    iterations           | 35         |
|    time_elapsed         | 432        |
|    total_timesteps      | 286720     |
| train/                  |            |
|    approx_kl            | 0.00500786 |
|    clip_fraction        | 0.0276     |
|    clip_range           | 0.2        |
|    entropy_loss         | -2.66      |
|    explained_variance   | 0.00716    |
|    learning_rate        | 7e-05      |
|    loss                 | 0.398      |
|    n_updates            | 136        |
|    policy_gradient_loss | -0.00658   |
|    value_loss           | 0.568      |
----------------------------------------
------------------------------------------
| episode/                |              |
|    lines_cleared_mean   | 2.4          |
|    perfect_clears_mean  | 0            |
|    pieces_placed_mean   | 17.7         |
| rollout/                |              |
|    ep_len_mean          | 16.8         |
|    ep_rew_mean          | 11.4         |
| time/                   |              |
|    fps                  | 662          |
|    iterations           | 36           |
|    time_elapsed         | 445          |
|    total_timesteps      | 294912       |
| train/                  |              |
|    approx_kl            | 0.0061243987 |
|    clip_fraction        | 0.0296       |
|    clip_range           | 0.2          |
|    entropy_loss         | -2.66        |
|    explained_variance   | 0.0331       |
|    learning_rate        | 7e-05        |
|    loss                 | 0.275        |
|    n_updates            | 140          |
|    policy_gradient_loss | -0.00739     |
|    value_loss           | 0.496        |
------------------------------------------
-----------------------------------------
| episode/                |             |
|    lines_cleared_mean   | 1.8         |
|    perfect_clears_mean  | 0           |
|    pieces_placed_mean   | 17.2        |
| rollout/                |             |
|    ep_len_mean          | 15.9        |
|    ep_rew_mean          | 9.42        |
| time/                   |             |
|    fps                  | 661         |
|    iterations           | 37          |
|    time_elapsed         | 458         |
|    total_timesteps      | 303104      |
| train/                  |             |
|    approx_kl            | 0.005090681 |
|    clip_fraction        | 0.0261      |
|    clip_range           | 0.2         |
|    entropy_loss         | -2.69       |
|    explained_variance   | -0.00432    |
|    learning_rate        | 7e-05       |
|    loss                 | 0.261       |
|    n_updates            | 144         |
|    policy_gradient_loss | -0.00672    |
|    value_loss           | 0.514       |
-----------------------------------------
-----------------------------------------
| episode/                |             |
|    lines_cleared_mean   | 2           |
|    perfect_clears_mean  | 0           |
|    pieces_placed_mean   | 16.3        |
| rollout/                |             |
|    ep_len_mean          | 17.8        |
|    ep_rew_mean          | 13.7        |
| time/                   |             |
|    fps                  | 661         |
|    iterations           | 38          |
|    time_elapsed         | 470         |
|    total_timesteps      | 311296      |
| train/                  |             |
|    approx_kl            | 0.005733858 |
|    clip_fraction        | 0.0319      |
|    clip_range           | 0.2         |
|    entropy_loss         | -2.68       |
|    explained_variance   | -0.0362     |
|    learning_rate        | 7e-05       |
|    loss                 | 0.327       |
|    n_updates            | 148         |
|    policy_gradient_loss | -0.00779    |
|    value_loss           | 0.492       |
-----------------------------------------
-----------------------------------------
| episode/                |             |
|    lines_cleared_mean   | 1.36        |
|    perfect_clears_mean  | 0           |
|    pieces_placed_mean   | 15          |
| rollout/                |             |
|    ep_len_mean          | 16.3        |
|    ep_rew_mean          | 10.4        |
| time/                   |             |
|    fps                  | 661         |
|    iterations           | 39          |
|    time_elapsed         | 483         |
|    total_timesteps      | 319488      |
| train/                  |             |
|    approx_kl            | 0.005700616 |
|    clip_fraction        | 0.0341      |
|    clip_range           | 0.2         |
|    entropy_loss         | -2.65       |
|    explained_variance   | -0.0605     |
|    learning_rate        | 7e-05       |
|    loss                 | 0.364       |
|    n_updates            | 152         |
|    policy_gradient_loss | -0.00801    |
|    value_loss           | 0.567       |
-----------------------------------------
-----------------------------------------
| episode/                |             |
|    lines_cleared_mean   | 1.4         |
|    perfect_clears_mean  | 0           |
|    pieces_placed_mean   | 15.6        |
| rollout/                |             |
|    ep_len_mean          | 17.1        |
|    ep_rew_mean          | 11.8        |
| time/                   |             |
|    fps                  | 660         |
|    iterations           | 40          |
|    time_elapsed         | 495         |
|    total_timesteps      | 327680      |
| train/                  |             |
|    approx_kl            | 0.007152454 |
|    clip_fraction        | 0.0391      |
|    clip_range           | 0.2         |
|    entropy_loss         | -2.67       |
|    explained_variance   | -0.019      |
|    learning_rate        | 7e-05       |
|    loss                 | 0.322       |
|    n_updates            | 156         |
|    policy_gradient_loss | -0.00841    |
|    value_loss           | 0.528       |
-----------------------------------------
-----------------------------------------
| episode/                |             |
|    lines_cleared_mean   | 0.818       |
|    perfect_clears_mean  | 0           |
|    pieces_placed_mean   | 13.4        |
| rollout/                |             |
|    ep_len_mean          | 16.9        |
|    ep_rew_mean          | 12          |
| time/                   |             |
|    fps                  | 660         |
|    iterations           | 41          |
|    time_elapsed         | 508         |
|    total_timesteps      | 335872      |
| train/                  |             |
|    approx_kl            | 0.005793292 |
|    clip_fraction        | 0.032       |
|    clip_range           | 0.2         |
|    entropy_loss         | -2.61       |
|    explained_variance   | -0.0286     |
|    learning_rate        | 7e-05       |
|    loss                 | 0.261       |
|    n_updates            | 160         |
|    policy_gradient_loss | -0.00863    |
|    value_loss           | 0.509       |
-----------------------------------------
------------------------------------------
| episode/                |              |
|    lines_cleared_mean   | 1.18         |
|    perfect_clears_mean  | 0            |
|    pieces_placed_mean   | 15.5         |
| rollout/                |              |
|    ep_len_mean          | 16.4         |
|    ep_rew_mean          | 10.4         |
| time/                   |              |
|    fps                  | 660          |
|    iterations           | 42           |
|    time_elapsed         | 521          |
|    total_timesteps      | 344064       |
| train/                  |              |
|    approx_kl            | 0.0060768896 |
|    clip_fraction        | 0.0312       |
|    clip_range           | 0.2          |
|    entropy_loss         | -2.64        |
|    explained_variance   | -0.0387      |
|    learning_rate        | 7e-05        |
|    loss                 | 0.312        |
|    n_updates            | 164          |
|    policy_gradient_loss | -0.00771     |
|    value_loss           | 0.55         |
------------------------------------------
-----------------------------------------
| episode/                |             |
|    lines_cleared_mean   | 2           |
|    perfect_clears_mean  | 0           |
|    pieces_placed_mean   | 17.4        |
| rollout/                |             |
|    ep_len_mean          | 16.3        |
|    ep_rew_mean          | 10.4        |
| time/                   |             |
|    fps                  | 659         |
|    iterations           | 43          |
|    time_elapsed         | 533         |
|    total_timesteps      | 352256      |
| train/                  |             |
|    approx_kl            | 0.006827267 |
|    clip_fraction        | 0.0428      |
|    clip_range           | 0.2         |
|    entropy_loss         | -2.64       |
|    explained_variance   | -0.0207     |
|    learning_rate        | 7e-05       |
|    loss                 | 0.256       |
|    n_updates            | 168         |
|    policy_gradient_loss | -0.00873    |
|    value_loss           | 0.466       |
-----------------------------------------
-----------------------------------------
| episode/                |             |
|    lines_cleared_mean   | 1.6         |
|    perfect_clears_mean  | 0           |
|    pieces_placed_mean   | 15.6        |
| rollout/                |             |
|    ep_len_mean          | 16.8        |
|    ep_rew_mean          | 10.8        |
| time/                   |             |
|    fps                  | 659         |
|    iterations           | 44          |
|    time_elapsed         | 546         |
|    total_timesteps      | 360448      |
| train/                  |             |
|    approx_kl            | 0.006520776 |
|    clip_fraction        | 0.0511      |
|    clip_range           | 0.2         |
|    entropy_loss         | -2.61       |
|    explained_variance   | 0.0182      |
|    learning_rate        | 7e-05       |
|    loss                 | 0.316       |
|    n_updates            | 172         |
|    policy_gradient_loss | -0.0085     |
|    value_loss           | 0.503       |
-----------------------------------------
------------------------------------------
| episode/                |              |
|    lines_cleared_mean   | 1.8          |
|    perfect_clears_mean  | 0            |
|    pieces_placed_mean   | 16.9         |
| rollout/                |              |
|    ep_len_mean          | 16.4         |
|    ep_rew_mean          | 10.6         |
| time/                   |              |
|    fps                  | 659          |
|    iterations           | 45           |
|    time_elapsed         | 558          |
|    total_timesteps      | 368640       |
| train/                  |              |
|    approx_kl            | 0.0073446655 |
|    clip_fraction        | 0.0454       |
|    clip_range           | 0.2          |
|    entropy_loss         | -2.62        |
|    explained_variance   | 0.0297       |
|    learning_rate        | 7e-05        |
|    loss                 | 0.328        |
|    n_updates            | 176          |
|    policy_gradient_loss | -0.00877     |
|    value_loss           | 0.45         |
------------------------------------------
------------------------------------------
| episode/                |              |
|    lines_cleared_mean   | 2.1          |
|    perfect_clears_mean  | 0            |
|    pieces_placed_mean   | 17.2         |
| rollout/                |              |
|    ep_len_mean          | 16.5         |
|    ep_rew_mean          | 10.6         |
| time/                   |              |
|    fps                  | 658          |
|    iterations           | 46           |
|    time_elapsed         | 572          |
|    total_timesteps      | 376832       |
| train/                  |              |
|    approx_kl            | 0.0074908296 |
|    clip_fraction        | 0.0481       |
|    clip_range           | 0.2          |
|    entropy_loss         | -2.63        |
|    explained_variance   | 0.0441       |
|    learning_rate        | 7e-05        |
|    loss                 | 0.362        |
|    n_updates            | 180          |
|    policy_gradient_loss | -0.00958     |
|    value_loss           | 0.48         |
------------------------------------------
------------------------------------------
| episode/                |              |
|    lines_cleared_mean   | 1.9          |
|    perfect_clears_mean  | 0            |
|    pieces_placed_mean   | 16.6         |
| rollout/                |              |
|    ep_len_mean          | 16.4         |
|    ep_rew_mean          | 10.1         |
| time/                   |              |
|    fps                  | 657          |
|    iterations           | 47           |
|    time_elapsed         | 585          |
|    total_timesteps      | 385024       |
| train/                  |              |
|    approx_kl            | 0.0062004016 |
|    clip_fraction        | 0.0418       |
|    clip_range           | 0.2          |
|    entropy_loss         | -2.62        |
|    explained_variance   | 0.0201       |
|    learning_rate        | 7e-05        |
|    loss                 | 0.287        |
|    n_updates            | 184          |
|    policy_gradient_loss | -0.00795     |
|    value_loss           | 0.489        |
------------------------------------------
-----------------------------------------
| episode/                |             |
|    lines_cleared_mean   | 3.5         |
|    perfect_clears_mean  | 0           |
|    pieces_placed_mean   | 21.1        |
| rollout/                |             |
|    ep_len_mean          | 17.8        |
|    ep_rew_mean          | 13.7        |
| time/                   |             |
|    fps                  | 656         |
|    iterations           | 48          |
|    time_elapsed         | 598         |
|    total_timesteps      | 393216      |
| train/                  |             |
|    approx_kl            | 0.006600187 |
|    clip_fraction        | 0.0537      |
|    clip_range           | 0.2         |
|    entropy_loss         | -2.56       |
|    explained_variance   | 0.0107      |
|    learning_rate        | 7e-05       |
|    loss                 | 0.307       |
|    n_updates            | 188         |
|    policy_gradient_loss | -0.00888    |
|    value_loss           | 0.493       |
-----------------------------------------
-----------------------------------------
| episode/                |             |
|    lines_cleared_mean   | 1.4         |
|    perfect_clears_mean  | 0           |
|    pieces_placed_mean   | 15.2        |
| rollout/                |             |
|    ep_len_mean          | 16.6        |
|    ep_rew_mean          | 11.2        |
| time/                   |             |
|    fps                  | 656         |
|    iterations           | 49          |
|    time_elapsed         | 611         |
|    total_timesteps      | 401408      |
| train/                  |             |
|    approx_kl            | 0.006473884 |
|    clip_fraction        | 0.032       |
|    clip_range           | 0.2         |
|    entropy_loss         | -2.56       |
|    explained_variance   | -0.0402     |
|    learning_rate        | 7e-05       |
|    loss                 | 0.298       |
|    n_updates            | 192         |
|    policy_gradient_loss | -0.00708    |
|    value_loss           | 0.534       |
-----------------------------------------
------------------------------------------
| episode/                |              |
|    lines_cleared_mean   | 2.55         |
|    perfect_clears_mean  | 0            |
|    pieces_placed_mean   | 17.9         |
| rollout/                |              |
|    ep_len_mean          | 17.2         |
|    ep_rew_mean          | 12           |
| time/                   |              |
|    fps                  | 656          |
|    iterations           | 50           |
|    time_elapsed         | 624          |
|    total_timesteps      | 409600       |
| train/                  |              |
|    approx_kl            | 0.0071184393 |
|    clip_fraction        | 0.0497       |
|    clip_range           | 0.2          |
|    entropy_loss         | -2.55        |
|    explained_variance   | 0.0313       |
|    learning_rate        | 7e-05        |
|    loss                 | 0.351        |
|    n_updates            | 196          |
|    policy_gradient_loss | -0.00887     |
|    value_loss           | 0.509        |
------------------------------------------
-----------------------------------------
| episode/                |             |
|    lines_cleared_mean   | 1.8         |
|    perfect_clears_mean  | 0           |
|    pieces_placed_mean   | 16.4        |
| rollout/                |             |
|    ep_len_mean          | 18.3        |
|    ep_rew_mean          | 14.5        |
| time/                   |             |
|    fps                  | 654         |
|    iterations           | 51          |
|    time_elapsed         | 638         |
|    total_timesteps      | 417792      |
| train/                  |             |
|    approx_kl            | 0.007952307 |
|    clip_fraction        | 0.0579      |
|    clip_range           | 0.2         |
|    entropy_loss         | -2.52       |
|    explained_variance   | 0.0497      |
|    learning_rate        | 7e-05       |
|    loss                 | 0.287       |
|    n_updates            | 200         |
|    policy_gradient_loss | -0.0088     |
|    value_loss           | 0.465       |
-----------------------------------------
-----------------------------------------
| episode/                |             |
|    lines_cleared_mean   | 2.82        |
|    perfect_clears_mean  | 0           |
|    pieces_placed_mean   | 19.5        |
| rollout/                |             |
|    ep_len_mean          | 17.1        |
|    ep_rew_mean          | 12.2        |
| time/                   |             |
|    fps                  | 654         |
|    iterations           | 52          |
|    time_elapsed         | 651         |
|    total_timesteps      | 425984      |
| train/                  |             |
|    approx_kl            | 0.007428677 |
|    clip_fraction        | 0.0469      |
|    clip_range           | 0.2         |
|    entropy_loss         | -2.45       |
|    explained_variance   | -0.052      |
|    learning_rate        | 7e-05       |
|    loss                 | 0.345       |
|    n_updates            | 204         |
|    policy_gradient_loss | -0.00812    |
|    value_loss           | 0.572       |
-----------------------------------------
----------------------------------------
| episode/                |            |
|    lines_cleared_mean   | 1.36       |
|    perfect_clears_mean  | 0          |
|    pieces_placed_mean   | 15.9       |
| rollout/                |            |
|    ep_len_mean          | 16.8       |
|    ep_rew_mean          | 11.3       |
| time/                   |            |
|    fps                  | 654        |
|    iterations           | 53         |
|    time_elapsed         | 663        |
|    total_timesteps      | 434176     |
| train/                  |            |
|    approx_kl            | 0.00835647 |
|    clip_fraction        | 0.0538     |
|    clip_range           | 0.2        |
|    entropy_loss         | -2.46      |
|    explained_variance   | -0.0725    |
|    learning_rate        | 7e-05      |
|    loss                 | 0.451      |
|    n_updates            | 208        |
|    policy_gradient_loss | -0.00864   |
|    value_loss           | 0.635      |
----------------------------------------
------------------------------------------
| episode/                |              |
|    lines_cleared_mean   | 2.9          |
|    perfect_clears_mean  | 0            |
|    pieces_placed_mean   | 18           |
| rollout/                |              |
|    ep_len_mean          | 17.2         |
|    ep_rew_mean          | 12.2         |
| time/                   |              |
|    fps                  | 653          |
|    iterations           | 54           |
|    time_elapsed         | 676          |
|    total_timesteps      | 442368       |
| train/                  |              |
|    approx_kl            | 0.0074841725 |
|    clip_fraction        | 0.0547       |
|    clip_range           | 0.2          |
|    entropy_loss         | -2.49        |
|    explained_variance   | -0.0192      |
|    learning_rate        | 7e-05        |
|    loss                 | 0.308        |
|    n_updates            | 212          |
|    policy_gradient_loss | -0.00916     |
|    value_loss           | 0.586        |
------------------------------------------
-----------------------------------------
| episode/                |             |
|    lines_cleared_mean   | 1           |
|    perfect_clears_mean  | 0           |
|    pieces_placed_mean   | 15.1        |
| rollout/                |             |
|    ep_len_mean          | 17.7        |
|    ep_rew_mean          | 13.5        |
| time/                   |             |
|    fps                  | 653         |
|    iterations           | 55          |
|    time_elapsed         | 689         |
|    total_timesteps      | 450560      |
| train/                  |             |
|    approx_kl            | 0.007045621 |
|    clip_fraction        | 0.0501      |
|    clip_range           | 0.2         |
|    entropy_loss         | -2.43       |
|    explained_variance   | -0.0623     |
|    learning_rate        | 7e-05       |
|    loss                 | 0.344       |
|    n_updates            | 216         |
|    policy_gradient_loss | -0.00808    |
|    value_loss           | 0.553       |
-----------------------------------------
------------------------------------------
| episode/                |              |
|    lines_cleared_mean   | 3.67         |
|    perfect_clears_mean  | 0            |
|    pieces_placed_mean   | 20.8         |
| rollout/                |              |
|    ep_len_mean          | 17.3         |
|    ep_rew_mean          | 12.5         |
| time/                   |              |
|    fps                  | 653          |
|    iterations           | 56           |
|    time_elapsed         | 701          |
|    total_timesteps      | 458752       |
| train/                  |              |
|    approx_kl            | 0.0070478376 |
|    clip_fraction        | 0.05         |
|    clip_range           | 0.2          |
|    entropy_loss         | -2.43        |
|    explained_variance   | -0.0473      |
|    learning_rate        | 7e-05        |
|    loss                 | 0.331        |
|    n_updates            | 220          |
|    policy_gradient_loss | -0.00842     |
|    value_loss           | 0.515        |
------------------------------------------
------------------------------------------
| episode/                |              |
|    lines_cleared_mean   | 1.17         |
|    perfect_clears_mean  | 0            |
|    pieces_placed_mean   | 14.7         |
| rollout/                |              |
|    ep_len_mean          | 17.9         |
|    ep_rew_mean          | 13.4         |
| time/                   |              |
|    fps                  | 653          |
|    iterations           | 57           |
|    time_elapsed         | 714          |
|    total_timesteps      | 466944       |
| train/                  |              |
|    approx_kl            | 0.0069883317 |
|    clip_fraction        | 0.0465       |
|    clip_range           | 0.2          |
|    entropy_loss         | -2.43        |
|    explained_variance   | 0.0262       |
|    learning_rate        | 7e-05        |
|    loss                 | 0.37         |
|    n_updates            | 224          |
|    policy_gradient_loss | -0.0075      |
|    value_loss           | 0.51         |
------------------------------------------
-----------------------------------------
| episode/                |             |
|    lines_cleared_mean   | 1.7         |
|    perfect_clears_mean  | 0           |
|    pieces_placed_mean   | 15.7        |
| rollout/                |             |
|    ep_len_mean          | 18.5        |
|    ep_rew_mean          | 15          |
| time/                   |             |
|    fps                  | 653         |
|    iterations           | 58          |
|    time_elapsed         | 727         |
|    total_timesteps      | 475136      |
| train/                  |             |
|    approx_kl            | 0.007061138 |
|    clip_fraction        | 0.0457      |
|    clip_range           | 0.2         |
|    entropy_loss         | -2.36       |
|    explained_variance   | -0.0671     |
|    learning_rate        | 7e-05       |
|    loss                 | 0.414       |
|    n_updates            | 228         |
|    policy_gradient_loss | -0.00728    |
|    value_loss           | 0.631       |
-----------------------------------------
------------------------------------------
| episode/                |              |
|    lines_cleared_mean   | 1            |
|    perfect_clears_mean  | 0            |
|    pieces_placed_mean   | 14.5         |
| rollout/                |              |
|    ep_len_mean          | 18.1         |
|    ep_rew_mean          | 14.4         |
| time/                   |              |
|    fps                  | 653          |
|    iterations           | 59           |
|    time_elapsed         | 739          |
|    total_timesteps      | 483328       |
| train/                  |              |
|    approx_kl            | 0.0074897762 |
|    clip_fraction        | 0.05         |
|    clip_range           | 0.2          |
|    entropy_loss         | -2.36        |
|    explained_variance   | -0.0168      |
|    learning_rate        | 7e-05        |
|    loss                 | 0.304        |
|    n_updates            | 232          |
|    policy_gradient_loss | -0.00826     |
|    value_loss           | 0.583        |
------------------------------------------
-----------------------------------------
| episode/                |             |
|    lines_cleared_mean   | 1.9         |
|    perfect_clears_mean  | 0           |
|    pieces_placed_mean   | 15.9        |
| rollout/                |             |
|    ep_len_mean          | 17.4        |
|    ep_rew_mean          | 12.9        |
| time/                   |             |
|    fps                  | 653         |
|    iterations           | 60          |
|    time_elapsed         | 752         |
|    total_timesteps      | 491520      |
| train/                  |             |
|    approx_kl            | 0.007872549 |
|    clip_fraction        | 0.0526      |
|    clip_range           | 0.2         |
|    entropy_loss         | -2.33       |
|    explained_variance   | -0.000276   |
|    learning_rate        | 7e-05       |
|    loss                 | 0.341       |
|    n_updates            | 236         |
|    policy_gradient_loss | -0.00788    |
|    value_loss           | 0.584       |
-----------------------------------------
------------------------------------------
| episode/                |              |
|    lines_cleared_mean   | 2.3          |
|    perfect_clears_mean  | 0            |
|    pieces_placed_mean   | 16.8         |
| rollout/                |              |
|    ep_len_mean          | 16.4         |
|    ep_rew_mean          | 10.7         |
| time/                   |              |
|    fps                  | 652          |
|    iterations           | 61           |
|    time_elapsed         | 765          |
|    total_timesteps      | 499712       |
| train/                  |              |
|    approx_kl            | 0.0068808254 |
|    clip_fraction        | 0.0384       |
|    clip_range           | 0.2          |
|    entropy_loss         | -2.31        |
|    explained_variance   | 0.00229      |
|    learning_rate        | 7e-05        |
|    loss                 | 0.407        |
|    n_updates            | 240          |
|    policy_gradient_loss | -0.00608     |
|    value_loss           | 0.572        |
------------------------------------------
----------------------------------------
| episode/                |            |
|    lines_cleared_mean   | 2.2        |
|    perfect_clears_mean  | 0          |
|    pieces_placed_mean   | 18.6       |
| rollout/                |            |
|    ep_len_mean          | 17.6       |
|    ep_rew_mean          | 12.8       |
| time/                   |            |
|    fps                  | 652        |
|    iterations           | 62         |
|    time_elapsed         | 778        |
|    total_timesteps      | 507904     |
| train/                  |            |
|    approx_kl            | 0.00830827 |
|    clip_fraction        | 0.0571     |
|    clip_range           | 0.2        |
|    entropy_loss         | -2.28      |
|    explained_variance   | -0.1       |
|    learning_rate        | 7e-05      |
|    loss                 | 0.344      |
|    n_updates            | 244        |
|    policy_gradient_loss | -0.00882   |
|    value_loss           | 0.517      |
----------------------------------------
-----------------------------------------
| episode/                |             |
|    lines_cleared_mean   | 2.7         |
|    perfect_clears_mean  | 0           |
|    pieces_placed_mean   | 18.1        |
| rollout/                |             |
|    ep_len_mean          | 19          |
|    ep_rew_mean          | 16.5        |
| time/                   |             |
|    fps                  | 652         |
|    iterations           | 63          |
|    time_elapsed         | 791         |
|    total_timesteps      | 516096      |
| train/                  |             |
|    approx_kl            | 0.007266108 |
|    clip_fraction        | 0.0565      |
|    clip_range           | 0.2         |
|    entropy_loss         | -2.27       |
|    explained_variance   | -0.0508     |
|    learning_rate        | 7e-05       |
|    loss                 | 0.325       |
|    n_updates            | 248         |
|    policy_gradient_loss | -0.0092     |
|    value_loss           | 0.582       |
-----------------------------------------
-----------------------------------------
| episode/                |             |
|    lines_cleared_mean   | 1.27        |
|    perfect_clears_mean  | 0           |
|    pieces_placed_mean   | 15.4        |
| rollout/                |             |
|    ep_len_mean          | 17.4        |
|    ep_rew_mean          | 12.1        |
| time/                   |             |
|    fps                  | 652         |
|    iterations           | 64          |
|    time_elapsed         | 804         |
|    total_timesteps      | 524288      |
| train/                  |             |
|    approx_kl            | 0.007870767 |
|    clip_fraction        | 0.0558      |
|    clip_range           | 0.2         |
|    entropy_loss         | -2.27       |
|    explained_variance   | -0.00024    |
|    learning_rate        | 7e-05       |
|    loss                 | 0.308       |
|    n_updates            | 252         |
|    policy_gradient_loss | -0.00851    |
|    value_loss           | 0.55        |
-----------------------------------------
------------------------------------------
| episode/                |              |
|    lines_cleared_mean   | 1.6          |
|    perfect_clears_mean  | 0            |
|    pieces_placed_mean   | 16.3         |
| rollout/                |              |
|    ep_len_mean          | 18.5         |
|    ep_rew_mean          | 14.9         |
| time/                   |              |
|    fps                  | 651          |
|    iterations           | 65           |
|    time_elapsed         | 816          |
|    total_timesteps      | 532480       |
| train/                  |              |
|    approx_kl            | 0.0079349745 |
|    clip_fraction        | 0.0591       |
|    clip_range           | 0.2          |
|    entropy_loss         | -2.31        |
|    explained_variance   | 0.00804      |
|    learning_rate        | 7e-05        |
|    loss                 | 0.366        |
|    n_updates            | 256          |
|    policy_gradient_loss | -0.00961     |
|    value_loss           | 0.505        |
------------------------------------------
-----------------------------------------
| episode/                |             |
|    lines_cleared_mean   | 2.5         |
|    perfect_clears_mean  | 0           |
|    pieces_placed_mean   | 17.7        |
| rollout/                |             |
|    ep_len_mean          | 18.6        |
|    ep_rew_mean          | 14.7        |
| time/                   |             |
|    fps                  | 651         |
|    iterations           | 66          |
|    time_elapsed         | 829         |
|    total_timesteps      | 540672      |
| train/                  |             |
|    approx_kl            | 0.007979145 |
|    clip_fraction        | 0.0556      |
|    clip_range           | 0.2         |
|    entropy_loss         | -2.25       |
|    explained_variance   | -0.0206     |
|    learning_rate        | 7e-05       |
|    loss                 | 0.312       |
|    n_updates            | 260         |
|    policy_gradient_loss | -0.00896    |
|    value_loss           | 0.574       |
-----------------------------------------
------------------------------------------
| episode/                |              |
|    lines_cleared_mean   | 2.27         |
|    perfect_clears_mean  | 0            |
|    pieces_placed_mean   | 17.1         |
| rollout/                |              |
|    ep_len_mean          | 19.3         |
|    ep_rew_mean          | 17.3         |
| time/                   |              |
|    fps                  | 651          |
|    iterations           | 67           |
|    time_elapsed         | 842          |
|    total_timesteps      | 548864       |
| train/                  |              |
|    approx_kl            | 0.0076511763 |
|    clip_fraction        | 0.0659       |
|    clip_range           | 0.2          |
|    entropy_loss         | -2.26        |
|    explained_variance   | 0.015        |
|    learning_rate        | 7e-05        |
|    loss                 | 0.307        |
|    n_updates            | 264          |
|    policy_gradient_loss | -0.009       |
|    value_loss           | 0.5          |
------------------------------------------
-----------------------------------------
| episode/                |             |
|    lines_cleared_mean   | 2.6         |
|    perfect_clears_mean  | 0           |
|    pieces_placed_mean   | 18.2        |
| rollout/                |             |
|    ep_len_mean          | 18.1        |
|    ep_rew_mean          | 13.9        |
| time/                   |             |
|    fps                  | 651         |
|    iterations           | 68          |
|    time_elapsed         | 855         |
|    total_timesteps      | 557056      |
| train/                  |             |
|    approx_kl            | 0.007603565 |
|    clip_fraction        | 0.0591      |
|    clip_range           | 0.2         |
|    entropy_loss         | -2.21       |
|    explained_variance   | 0.0139      |
|    learning_rate        | 7e-05       |
|    loss                 | 0.308       |
|    n_updates            | 268         |
|    policy_gradient_loss | -0.0087     |
|    value_loss           | 0.578       |
-----------------------------------------
-----------------------------------------
| episode/                |             |
|    lines_cleared_mean   | 3           |
|    perfect_clears_mean  | 0           |
|    pieces_placed_mean   | 20          |
| rollout/                |             |
|    ep_len_mean          | 17.2        |
|    ep_rew_mean          | 11.6        |
| time/                   |             |
|    fps                  | 650         |
|    iterations           | 69          |
|    time_elapsed         | 868         |
|    total_timesteps      | 565248      |
| train/                  |             |
|    approx_kl            | 0.007570146 |
|    clip_fraction        | 0.0547      |
|    clip_range           | 0.2         |
|    entropy_loss         | -2.26       |
|    explained_variance   | -0.0611     |
|    learning_rate        | 7e-05       |
|    loss                 | 0.369       |
|    n_updates            | 272         |
|    policy_gradient_loss | -0.00811    |
|    value_loss           | 0.552       |
-----------------------------------------
-----------------------------------------
| episode/                |             |
|    lines_cleared_mean   | 3.3         |
|    perfect_clears_mean  | 0           |
|    pieces_placed_mean   | 20.4        |
| rollout/                |             |
|    ep_len_mean          | 18.5        |
|    ep_rew_mean          | 15.1        |
| time/                   |             |
|    fps                  | 650         |
|    iterations           | 70          |
|    time_elapsed         | 881         |
|    total_timesteps      | 573440      |
| train/                  |             |
|    approx_kl            | 0.008231701 |
|    clip_fraction        | 0.0654      |
|    clip_range           | 0.2         |
|    entropy_loss         | -2.23       |
|    explained_variance   | -0.0224     |
|    learning_rate        | 7e-05       |
|    loss                 | 0.289       |
|    n_updates            | 276         |
|    policy_gradient_loss | -0.00798    |
|    value_loss           | 0.518       |
-----------------------------------------
------------------------------------------
| episode/                |              |
|    lines_cleared_mean   | 4.38         |
|    perfect_clears_mean  | 0            |
|    pieces_placed_mean   | 22.4         |
| rollout/                |              |
|    ep_len_mean          | 19.3         |
|    ep_rew_mean          | 17.5         |
| time/                   |              |
|    fps                  | 650          |
|    iterations           | 71           |
|    time_elapsed         | 894          |
|    total_timesteps      | 581632       |
| train/                  |              |
|    approx_kl            | 0.0077247554 |
|    clip_fraction        | 0.0613       |
|    clip_range           | 0.2          |
|    entropy_loss         | -2.18        |
|    explained_variance   | 0.0631       |
|    learning_rate        | 7e-05        |
|    loss                 | 0.379        |
|    n_updates            | 280          |
|    policy_gradient_loss | -0.00888     |
|    value_loss           | 0.554        |
------------------------------------------
------------------------------------------
| episode/                |              |
|    lines_cleared_mean   | 2.7          |
|    perfect_clears_mean  | 0            |
|    pieces_placed_mean   | 18.2         |
| rollout/                |              |
|    ep_len_mean          | 18.2         |
|    ep_rew_mean          | 14.8         |
| time/                   |              |
|    fps                  | 650          |
|    iterations           | 72           |
|    time_elapsed         | 907          |
|    total_timesteps      | 589824       |
| train/                  |              |
|    approx_kl            | 0.0074232966 |
|    clip_fraction        | 0.0536       |
|    clip_range           | 0.2          |
|    entropy_loss         | -2.11        |
|    explained_variance   | 0.00483      |
|    learning_rate        | 7e-05        |
|    loss                 | 0.417        |
|    n_updates            | 284          |
|    policy_gradient_loss | -0.00779     |
|    value_loss           | 0.621        |
------------------------------------------
------------------------------------------
| episode/                |              |
|    lines_cleared_mean   | 2.2          |
|    perfect_clears_mean  | 0            |
|    pieces_placed_mean   | 17.7         |
| rollout/                |              |
|    ep_len_mean          | 20           |
|    ep_rew_mean          | 18.1         |
| time/                   |              |
|    fps                  | 649          |
|    iterations           | 73           |
|    time_elapsed         | 920          |
|    total_timesteps      | 598016       |
| train/                  |              |
|    approx_kl            | 0.0076306034 |
|    clip_fraction        | 0.0543       |
|    clip_range           | 0.2          |
|    entropy_loss         | -2.13        |
|    explained_variance   | 0.0398       |
|    learning_rate        | 7e-05        |
|    loss                 | 0.374        |
|    n_updates            | 288          |
|    policy_gradient_loss | -0.00804     |
|    value_loss           | 0.551        |
------------------------------------------
------------------------------------------
| episode/                |              |
|    lines_cleared_mean   | 2.2          |
|    perfect_clears_mean  | 0            |
|    pieces_placed_mean   | 17           |
| rollout/                |              |
|    ep_len_mean          | 19           |
|    ep_rew_mean          | 16.2         |
| time/                   |              |
|    fps                  | 649          |
|    iterations           | 74           |
|    time_elapsed         | 933          |
|    total_timesteps      | 606208       |
| train/                  |              |
|    approx_kl            | 0.0075007123 |
|    clip_fraction        | 0.0561       |
|    clip_range           | 0.2          |
|    entropy_loss         | -2.04        |
|    explained_variance   | 0.0683       |
|    learning_rate        | 7e-05        |
|    loss                 | 0.407        |
|    n_updates            | 292          |
|    policy_gradient_loss | -0.0085      |
|    value_loss           | 0.62         |
------------------------------------------
------------------------------------------
| episode/                |              |
|    lines_cleared_mean   | 3.2          |
|    perfect_clears_mean  | 0            |
|    pieces_placed_mean   | 20           |
| rollout/                |              |
|    ep_len_mean          | 20.4         |
|    ep_rew_mean          | 18.9         |
| time/                   |              |
|    fps                  | 649          |
|    iterations           | 75           |
|    time_elapsed         | 946          |
|    total_timesteps      | 614400       |
| train/                  |              |
|    approx_kl            | 0.0068000937 |
|    clip_fraction        | 0.0558       |
|    clip_range           | 0.2          |
|    entropy_loss         | -2.06        |
|    explained_variance   | 0.00228      |
|    learning_rate        | 7e-05        |
|    loss                 | 0.367        |
|    n_updates            | 296          |
|    policy_gradient_loss | -0.00778     |
|    value_loss           | 0.587        |
------------------------------------------
-----------------------------------------
| episode/                |             |
|    lines_cleared_mean   | 1.8         |
|    perfect_clears_mean  | 0           |
|    pieces_placed_mean   | 16.8        |
| rollout/                |             |
|    ep_len_mean          | 18.6        |
|    ep_rew_mean          | 15.4        |
| time/                   |             |
|    fps                  | 649         |
|    iterations           | 76          |
|    time_elapsed         | 959         |
|    total_timesteps      | 622592      |
| train/                  |             |
|    approx_kl            | 0.007801174 |
|    clip_fraction        | 0.0615      |
|    clip_range           | 0.2         |
|    entropy_loss         | -2.03       |
|    explained_variance   | 0.00599     |
|    learning_rate        | 7e-05       |
|    loss                 | 0.428       |
|    n_updates            | 300         |
|    policy_gradient_loss | -0.00841    |
|    value_loss           | 0.644       |
-----------------------------------------
-----------------------------------------
| episode/                |             |
|    lines_cleared_mean   | 2.7         |
|    perfect_clears_mean  | 0           |
|    pieces_placed_mean   | 18.6        |
| rollout/                |             |
|    ep_len_mean          | 19.2        |
|    ep_rew_mean          | 16.4        |
| time/                   |             |
|    fps                  | 648         |
|    iterations           | 77          |
|    time_elapsed         | 972         |
|    total_timesteps      | 630784      |
| train/                  |             |
|    approx_kl            | 0.007489206 |
|    clip_fraction        | 0.0577      |
|    clip_range           | 0.2         |
|    entropy_loss         | -1.99       |
|    explained_variance   | 0.0171      |
|    learning_rate        | 7e-05       |
|    loss                 | 0.372       |
|    n_updates            | 304         |
|    policy_gradient_loss | -0.00636    |
|    value_loss           | 0.572       |
-----------------------------------------
-----------------------------------------
| episode/                |             |
|    lines_cleared_mean   | 2.4         |
|    perfect_clears_mean  | 0           |
|    pieces_placed_mean   | 18.6        |
| rollout/                |             |
|    ep_len_mean          | 20.6        |
|    ep_rew_mean          | 19.3        |
| time/                   |             |
|    fps                  | 648         |
|    iterations           | 78          |
|    time_elapsed         | 985         |
|    total_timesteps      | 638976      |
| train/                  |             |
|    approx_kl            | 0.007858788 |
|    clip_fraction        | 0.065       |
|    clip_range           | 0.2         |
|    entropy_loss         | -1.93       |
|    explained_variance   | 0.0469      |
|    learning_rate        | 7e-05       |
|    loss                 | 0.396       |
|    n_updates            | 308         |
|    policy_gradient_loss | -0.00792    |
|    value_loss           | 0.592       |
-----------------------------------------
------------------------------------------
| episode/                |              |
|    lines_cleared_mean   | 3.7          |
|    perfect_clears_mean  | 0            |
|    pieces_placed_mean   | 21.4         |
| rollout/                |              |
|    ep_len_mean          | 19.9         |
|    ep_rew_mean          | 17.7         |
| time/                   |              |
|    fps                  | 648          |
|    iterations           | 79           |
|    time_elapsed         | 997          |
|    total_timesteps      | 647168       |
| train/                  |              |
|    approx_kl            | 0.0066211903 |
|    clip_fraction        | 0.0427       |
|    clip_range           | 0.2          |
|    entropy_loss         | -1.91        |
|    explained_variance   | 0.0529       |
|    learning_rate        | 7e-05        |
|    loss                 | 0.398        |
|    n_updates            | 312          |
|    policy_gradient_loss | -0.00601     |
|    value_loss           | 0.599        |
------------------------------------------
------------------------------------------
| episode/                |              |
|    lines_cleared_mean   | 1.2          |
|    perfect_clears_mean  | 0            |
|    pieces_placed_mean   | 15.1         |
| rollout/                |              |
|    ep_len_mean          | 18.3         |
|    ep_rew_mean          | 14.6         |
| time/                   |              |
|    fps                  | 648          |
|    iterations           | 80           |
|    time_elapsed         | 1010         |
|    total_timesteps      | 655360       |
| train/                  |              |
|    approx_kl            | 0.0073551578 |
|    clip_fraction        | 0.0659       |
|    clip_range           | 0.2          |
|    entropy_loss         | -1.91        |
|    explained_variance   | 0.0153       |
|    learning_rate        | 7e-05        |
|    loss                 | 0.414        |
|    n_updates            | 316          |
|    policy_gradient_loss | -0.00716     |
|    value_loss           | 0.614        |
------------------------------------------
------------------------------------------
| episode/                |              |
|    lines_cleared_mean   | 4.55         |
|    perfect_clears_mean  | 0            |
|    pieces_placed_mean   | 23.5         |
| rollout/                |              |
|    ep_len_mean          | 20.8         |
|    ep_rew_mean          | 19.9         |
| time/                   |              |
|    fps                  | 648          |
|    iterations           | 81           |
|    time_elapsed         | 1023         |
|    total_timesteps      | 663552       |
| train/                  |              |
|    approx_kl            | 0.0066895615 |
|    clip_fraction        | 0.0448       |
|    clip_range           | 0.2          |
|    entropy_loss         | -1.89        |
|    explained_variance   | 0.0144       |
|    learning_rate        | 7e-05        |
|    loss                 | 0.513        |
|    n_updates            | 320          |
|    policy_gradient_loss | -0.0057      |
|    value_loss           | 0.647        |
------------------------------------------
------------------------------------------
| episode/                |              |
|    lines_cleared_mean   | 4            |
|    perfect_clears_mean  | 0            |
|    pieces_placed_mean   | 21.1         |
| rollout/                |              |
|    ep_len_mean          | 21.1         |
|    ep_rew_mean          | 21.1         |
| time/                   |              |
|    fps                  | 647          |
|    iterations           | 82           |
|    time_elapsed         | 1036         |
|    total_timesteps      | 671744       |
| train/                  |              |
|    approx_kl            | 0.0077228677 |
|    clip_fraction        | 0.0638       |
|    clip_range           | 0.2          |
|    entropy_loss         | -1.86        |
|    explained_variance   | 0.031        |
|    learning_rate        | 7e-05        |
|    loss                 | 0.458        |
|    n_updates            | 324          |
|    policy_gradient_loss | -0.00871     |
|    value_loss           | 0.638        |
------------------------------------------
-----------------------------------------
| episode/                |             |
|    lines_cleared_mean   | 5.7         |
|    perfect_clears_mean  | 0           |
|    pieces_placed_mean   | 27.1        |
| rollout/                |             |
|    ep_len_mean          | 21          |
|    ep_rew_mean          | 20.7        |
| time/                   |             |
|    fps                  | 647         |
|    iterations           | 83          |
|    time_elapsed         | 1049        |
|    total_timesteps      | 679936      |
| train/                  |             |
|    approx_kl            | 0.008532259 |
|    clip_fraction        | 0.0779      |
|    clip_range           | 0.2         |
|    entropy_loss         | -1.85       |
|    explained_variance   | 0.0834      |
|    learning_rate        | 7e-05       |
|    loss                 | 0.348       |
|    n_updates            | 328         |
|    policy_gradient_loss | -0.00886    |
|    value_loss           | 0.661       |
-----------------------------------------
------------------------------------------
| episode/                |              |
|    lines_cleared_mean   | 2.8          |
|    perfect_clears_mean  | 0            |
|    pieces_placed_mean   | 18.9         |
| rollout/                |              |
|    ep_len_mean          | 21.8         |
|    ep_rew_mean          | 21.9         |
| time/                   |              |
|    fps                  | 647          |
|    iterations           | 84           |
|    time_elapsed         | 1062         |
|    total_timesteps      | 688128       |
| train/                  |              |
|    approx_kl            | 0.0076235193 |
|    clip_fraction        | 0.061        |
|    clip_range           | 0.2          |
|    entropy_loss         | -1.83        |
|    explained_variance   | 0.0351       |
|    learning_rate        | 7e-05        |
|    loss                 | 0.36         |
|    n_updates            | 332          |
|    policy_gradient_loss | -0.00719     |
|    value_loss           | 0.662        |
------------------------------------------
------------------------------------------
| episode/                |              |
|    lines_cleared_mean   | 1.3          |
|    perfect_clears_mean  | 0            |
|    pieces_placed_mean   | 15.9         |
| rollout/                |              |
|    ep_len_mean          | 20.3         |
|    ep_rew_mean          | 18.9         |
| time/                   |              |
|    fps                  | 647          |
|    iterations           | 85           |
|    time_elapsed         | 1075         |
|    total_timesteps      | 696320       |
| train/                  |              |
|    approx_kl            | 0.0072804783 |
|    clip_fraction        | 0.0562       |
|    clip_range           | 0.2          |
|    entropy_loss         | -1.79        |
|    explained_variance   | 0.0685       |
|    learning_rate        | 7e-05        |
|    loss                 | 0.333        |
|    n_updates            | 336          |
|    policy_gradient_loss | -0.00675     |
|    value_loss           | 0.61         |
------------------------------------------
------------------------------------------
| episode/                |              |
|    lines_cleared_mean   | 2.8          |
|    perfect_clears_mean  | 0            |
|    pieces_placed_mean   | 19.6         |
| rollout/                |              |
|    ep_len_mean          | 21.3         |
|    ep_rew_mean          | 21.1         |
| time/                   |              |
|    fps                  | 647          |
|    iterations           | 86           |
|    time_elapsed         | 1088         |
|    total_timesteps      | 704512       |
| train/                  |              |
|    approx_kl            | 0.0067027765 |
|    clip_fraction        | 0.0516       |
|    clip_range           | 0.2          |
|    entropy_loss         | -1.8         |
|    explained_variance   | 0.0626       |
|    learning_rate        | 7e-05        |
|    loss                 | 0.354        |
|    n_updates            | 340          |
|    policy_gradient_loss | -0.00619     |
|    value_loss           | 0.614        |
------------------------------------------
-----------------------------------------
| episode/                |             |
|    lines_cleared_mean   | 3.77        |
|    perfect_clears_mean  | 0           |
|    pieces_placed_mean   | 21          |
| rollout/                |             |
|    ep_len_mean          | 21          |
|    ep_rew_mean          | 20.5        |
| time/                   |             |
|    fps                  | 647         |
|    iterations           | 87          |
|    time_elapsed         | 1101        |
|    total_timesteps      | 712704      |
| train/                  |             |
|    approx_kl            | 0.007008577 |
|    clip_fraction        | 0.0544      |
|    clip_range           | 0.2         |
|    entropy_loss         | -1.73       |
|    explained_variance   | 0.0593      |
|    learning_rate        | 7e-05       |
|    loss                 | 0.403       |
|    n_updates            | 344         |
|    policy_gradient_loss | -0.00641    |
|    value_loss           | 0.636       |
-----------------------------------------
------------------------------------------
| episode/                |              |
|    lines_cleared_mean   | 5            |
|    perfect_clears_mean  | 0            |
|    pieces_placed_mean   | 24.6         |
| rollout/                |              |
|    ep_len_mean          | 22.1         |
|    ep_rew_mean          | 23.1         |
| time/                   |              |
|    fps                  | 647          |
|    iterations           | 88           |
|    time_elapsed         | 1114         |
|    total_timesteps      | 720896       |
| train/                  |              |
|    approx_kl            | 0.0077661355 |
|    clip_fraction        | 0.0712       |
|    clip_range           | 0.2          |
|    entropy_loss         | -1.75        |
|    explained_variance   | 0.0757       |
|    learning_rate        | 7e-05        |
|    loss                 | 0.377        |
|    n_updates            | 348          |
|    policy_gradient_loss | -0.00716     |
|    value_loss           | 0.622        |
------------------------------------------
-----------------------------------------
| episode/                |             |
|    lines_cleared_mean   | 3.64        |
|    perfect_clears_mean  | 0           |
|    pieces_placed_mean   | 20.3        |
| rollout/                |             |
|    ep_len_mean          | 20.6        |
|    ep_rew_mean          | 19.4        |
| time/                   |             |
|    fps                  | 646         |
|    iterations           | 89          |
|    time_elapsed         | 1126        |
|    total_timesteps      | 729088      |
| train/                  |             |
|    approx_kl            | 0.007324231 |
|    clip_fraction        | 0.0645      |
|    clip_range           | 0.2         |
|    entropy_loss         | -1.69       |
|    explained_variance   | 0.0727      |
|    learning_rate        | 7e-05       |
|    loss                 | 0.418       |
|    n_updates            | 352         |
|    policy_gradient_loss | -0.0073     |
|    value_loss           | 0.645       |
-----------------------------------------
-----------------------------------------
| episode/                |             |
|    lines_cleared_mean   | 4           |
|    perfect_clears_mean  | 0           |
|    pieces_placed_mean   | 21.2        |
| rollout/                |             |
|    ep_len_mean          | 21.7        |
|    ep_rew_mean          | 22.5        |
| time/                   |             |
|    fps                  | 646         |
|    iterations           | 90          |
|    time_elapsed         | 1139        |
|    total_timesteps      | 737280      |
| train/                  |             |
|    approx_kl            | 0.007122241 |
|    clip_fraction        | 0.0553      |
|    clip_range           | 0.2         |
|    entropy_loss         | -1.73       |
|    explained_variance   | 0.0498      |
|    learning_rate        | 7e-05       |
|    loss                 | 0.401       |
|    n_updates            | 356         |
|    policy_gradient_loss | -0.00728    |
|    value_loss           | 0.635       |
-----------------------------------------
------------------------------------------
| episode/                |              |
|    lines_cleared_mean   | 3.2          |
|    perfect_clears_mean  | 0            |
|    pieces_placed_mean   | 20.2         |
| rollout/                |              |
|    ep_len_mean          | 21.2         |
|    ep_rew_mean          | 20.7         |
| time/                   |              |
|    fps                  | 646          |
|    iterations           | 91           |
|    time_elapsed         | 1152         |
|    total_timesteps      | 745472       |
| train/                  |              |
|    approx_kl            | 0.0078465855 |
|    clip_fraction        | 0.0705       |
|    clip_range           | 0.2          |
|    entropy_loss         | -1.7         |
|    explained_variance   | 0.0452       |
|    learning_rate        | 7e-05        |
|    loss                 | 0.302        |
|    n_updates            | 360          |
|    policy_gradient_loss | -0.008       |
|    value_loss           | 0.555        |
------------------------------------------
-----------------------------------------
| episode/                |             |
|    lines_cleared_mean   | 3.6         |
|    perfect_clears_mean  | 0           |
|    pieces_placed_mean   | 21          |
| rollout/                |             |
|    ep_len_mean          | 21.1        |
|    ep_rew_mean          | 20.4        |
| time/                   |             |
|    fps                  | 646         |
|    iterations           | 92          |
|    time_elapsed         | 1165        |
|    total_timesteps      | 753664      |
| train/                  |             |
|    approx_kl            | 0.007131451 |
|    clip_fraction        | 0.0594      |
|    clip_range           | 0.2         |
|    entropy_loss         | -1.67       |
|    explained_variance   | 0.0706      |
|    learning_rate        | 7e-05       |
|    loss                 | 0.378       |
|    n_updates            | 364         |
|    policy_gradient_loss | -0.00726    |
|    value_loss           | 0.587       |
-----------------------------------------
------------------------------------------
| episode/                |              |
|    lines_cleared_mean   | 3.2          |
|    perfect_clears_mean  | 0            |
|    pieces_placed_mean   | 19.9         |
| rollout/                |              |
|    ep_len_mean          | 21.4         |
|    ep_rew_mean          | 21.4         |
| time/                   |              |
|    fps                  | 646          |
|    iterations           | 93           |
|    time_elapsed         | 1178         |
|    total_timesteps      | 761856       |
| train/                  |              |
|    approx_kl            | 0.0072805258 |
|    clip_fraction        | 0.0605       |
|    clip_range           | 0.2          |
|    entropy_loss         | -1.71        |
|    explained_variance   | 0.159        |
|    learning_rate        | 7e-05        |
|    loss                 | 0.302        |
|    n_updates            | 368          |
|    policy_gradient_loss | -0.00646     |
|    value_loss           | 0.502        |
------------------------------------------
------------------------------------------
| episode/                |              |
|    lines_cleared_mean   | 5.27         |
|    perfect_clears_mean  | 0            |
|    pieces_placed_mean   | 25.5         |
| rollout/                |              |
|    ep_len_mean          | 20.7         |
|    ep_rew_mean          | 19.7         |
| time/                   |              |
|    fps                  | 646          |
|    iterations           | 94           |
|    time_elapsed         | 1191         |
|    total_timesteps      | 770048       |
| train/                  |              |
|    approx_kl            | 0.0075395363 |
|    clip_fraction        | 0.0686       |
|    clip_range           | 0.2          |
|    entropy_loss         | -1.66        |
|    explained_variance   | 0.154        |
|    learning_rate        | 7e-05        |
|    loss                 | 0.333        |
|    n_updates            | 372          |
|    policy_gradient_loss | -0.00732     |
|    value_loss           | 0.549        |
------------------------------------------
-----------------------------------------
| episode/                |             |
|    lines_cleared_mean   | 3.18        |
|    perfect_clears_mean  | 0           |
|    pieces_placed_mean   | 20.6        |
| rollout/                |             |
|    ep_len_mean          | 22.4        |
|    ep_rew_mean          | 23.9        |
| time/                   |             |
|    fps                  | 646         |
|    iterations           | 95          |
|    time_elapsed         | 1204        |
|    total_timesteps      | 778240      |
| train/                  |             |
|    approx_kl            | 0.006683262 |
|    clip_fraction        | 0.0597      |
|    clip_range           | 0.2         |
|    entropy_loss         | -1.63       |
|    explained_variance   | 0.0657      |
|    learning_rate        | 7e-05       |
|    loss                 | 0.3         |
|    n_updates            | 376         |
|    policy_gradient_loss | -0.00682    |
|    value_loss           | 0.543       |
-----------------------------------------
-----------------------------------------
| episode/                |             |
|    lines_cleared_mean   | 2.9         |
|    perfect_clears_mean  | 0           |
|    pieces_placed_mean   | 19.6        |
| rollout/                |             |
|    ep_len_mean          | 20.8        |
|    ep_rew_mean          | 19.9        |
| time/                   |             |
|    fps                  | 646         |
|    iterations           | 96          |
|    time_elapsed         | 1217        |
|    total_timesteps      | 786432      |
| train/                  |             |
|    approx_kl            | 0.007274339 |
|    clip_fraction        | 0.0549      |
|    clip_range           | 0.2         |
|    entropy_loss         | -1.62       |
|    explained_variance   | 0.0366      |
|    learning_rate        | 7e-05       |
|    loss                 | 0.37        |
|    n_updates            | 380         |
|    policy_gradient_loss | -0.00661    |
|    value_loss           | 0.642       |
-----------------------------------------
------------------------------------------
| episode/                |              |
|    lines_cleared_mean   | 3.8          |
|    perfect_clears_mean  | 0            |
|    pieces_placed_mean   | 22.3         |
| rollout/                |              |
|    ep_len_mean          | 22.9         |
|    ep_rew_mean          | 25.2         |
| time/                   |              |
|    fps                  | 645          |
|    iterations           | 97           |
|    time_elapsed         | 1230         |
|    total_timesteps      | 794624       |
| train/                  |              |
|    approx_kl            | 0.0070700464 |
|    clip_fraction        | 0.0607       |
|    clip_range           | 0.2          |
|    entropy_loss         | -1.61        |
|    explained_variance   | 0.0872       |
|    learning_rate        | 7e-05        |
|    loss                 | 0.345        |
|    n_updates            | 384          |
|    policy_gradient_loss | -0.00631     |
|    value_loss           | 0.635        |
------------------------------------------
-----------------------------------------
| episode/                |             |
|    lines_cleared_mean   | 5.5         |
|    perfect_clears_mean  | 0           |
|    pieces_placed_mean   | 25.4        |
| rollout/                |             |
|    ep_len_mean          | 23.2        |
|    ep_rew_mean          | 25.7        |
| time/                   |             |
|    fps                  | 645         |
|    iterations           | 98          |
|    time_elapsed         | 1243        |
|    total_timesteps      | 802816      |
| train/                  |             |
|    approx_kl            | 0.006467329 |
|    clip_fraction        | 0.0505      |
|    clip_range           | 0.2         |
|    entropy_loss         | -1.57       |
|    explained_variance   | 0.0539      |
|    learning_rate        | 7e-05       |
|    loss                 | 0.305       |
|    n_updates            | 388         |
|    policy_gradient_loss | -0.00514    |
|    value_loss           | 0.588       |
-----------------------------------------
------------------------------------------
| episode/                |              |
|    lines_cleared_mean   | 3.64         |
|    perfect_clears_mean  | 0            |
|    pieces_placed_mean   | 21           |
| rollout/                |              |
|    ep_len_mean          | 22.8         |
|    ep_rew_mean          | 23.8         |
| time/                   |              |
|    fps                  | 645          |
|    iterations           | 99           |
|    time_elapsed         | 1256         |
|    total_timesteps      | 811008       |
| train/                  |              |
|    approx_kl            | 0.0065468606 |
|    clip_fraction        | 0.0464       |
|    clip_range           | 0.2          |
|    entropy_loss         | -1.56        |
|    explained_variance   | 0.133        |
|    learning_rate        | 7e-05        |
|    loss                 | 0.309        |
|    n_updates            | 392          |
|    policy_gradient_loss | -0.00536     |
|    value_loss           | 0.565        |
------------------------------------------
-----------------------------------------
| episode/                |             |
|    lines_cleared_mean   | 3           |
|    perfect_clears_mean  | 0           |
|    pieces_placed_mean   | 19.4        |
| rollout/                |             |
|    ep_len_mean          | 22.1        |
|    ep_rew_mean          | 23.2        |
| time/                   |             |
|    fps                  | 645         |
|    iterations           | 100         |
|    time_elapsed         | 1269        |
|    total_timesteps      | 819200      |
| train/                  |             |
|    approx_kl            | 0.007479658 |
|    clip_fraction        | 0.0631      |
|    clip_range           | 0.2         |
|    entropy_loss         | -1.57       |
|    explained_variance   | 0.098       |
|    learning_rate        | 7e-05       |
|    loss                 | 0.304       |
|    n_updates            | 396         |
|    policy_gradient_loss | -0.00655    |
|    value_loss           | 0.485       |
-----------------------------------------
------------------------------------------
| episode/                |              |
|    lines_cleared_mean   | 6.6          |
|    perfect_clears_mean  | 0            |
|    pieces_placed_mean   | 27.8         |
| rollout/                |              |
|    ep_len_mean          | 24.8         |
|    ep_rew_mean          | 29.2         |
| time/                   |              |
|    fps                  | 645          |
|    iterations           | 101          |
|    time_elapsed         | 1281         |
|    total_timesteps      | 827392       |
| train/                  |              |
|    approx_kl            | 0.0064715585 |
|    clip_fraction        | 0.0587       |
|    clip_range           | 0.2          |
|    entropy_loss         | -1.54        |
|    explained_variance   | 0.141        |
|    learning_rate        | 7e-05        |
|    loss                 | 0.297        |
|    n_updates            | 400          |
|    policy_gradient_loss | -0.00646     |
|    value_loss           | 0.544        |
------------------------------------------
-----------------------------------------
| episode/                |             |
|    lines_cleared_mean   | 3.7         |
|    perfect_clears_mean  | 0           |
|    pieces_placed_mean   | 21.5        |
| rollout/                |             |
|    ep_len_mean          | 23.3        |
|    ep_rew_mean          | 25.3        |
| time/                   |             |
|    fps                  | 645         |
|    iterations           | 102         |
|    time_elapsed         | 1294        |
|    total_timesteps      | 835584      |
| train/                  |             |
|    approx_kl            | 0.008177388 |
|    clip_fraction        | 0.0666      |
|    clip_range           | 0.2         |
|    entropy_loss         | -1.51       |
|    explained_variance   | 0.0852      |
|    learning_rate        | 7e-05       |
|    loss                 | 0.346       |
|    n_updates            | 404         |
|    policy_gradient_loss | -0.00696    |
|    value_loss           | 0.561       |
-----------------------------------------
------------------------------------------
| episode/                |              |
|    lines_cleared_mean   | 5.7          |
|    perfect_clears_mean  | 0            |
|    pieces_placed_mean   | 26.6         |
| rollout/                |              |
|    ep_len_mean          | 23.3         |
|    ep_rew_mean          | 25.3         |
| time/                   |              |
|    fps                  | 645          |
|    iterations           | 103          |
|    time_elapsed         | 1307         |
|    total_timesteps      | 843776       |
| train/                  |              |
|    approx_kl            | 0.0068771373 |
|    clip_fraction        | 0.0596       |
|    clip_range           | 0.2          |
|    entropy_loss         | -1.5         |
|    explained_variance   | 0.00617      |
|    learning_rate        | 7e-05        |
|    loss                 | 0.326        |
|    n_updates            | 408          |
|    policy_gradient_loss | -0.00708     |
|    value_loss           | 0.576        |
------------------------------------------
------------------------------------------
| episode/                |              |
|    lines_cleared_mean   | 6.55         |
|    perfect_clears_mean  | 0            |
|    pieces_placed_mean   | 28.1         |
| rollout/                |              |
|    ep_len_mean          | 23.2         |
|    ep_rew_mean          | 25.5         |
| time/                   |              |
|    fps                  | 645          |
|    iterations           | 104          |
|    time_elapsed         | 1320         |
|    total_timesteps      | 851968       |
| train/                  |              |
|    approx_kl            | 0.0072915405 |
|    clip_fraction        | 0.062        |
|    clip_range           | 0.2          |
|    entropy_loss         | -1.47        |
|    explained_variance   | 0.13         |
|    learning_rate        | 7e-05        |
|    loss                 | 0.251        |
|    n_updates            | 412          |
|    policy_gradient_loss | -0.0063      |
|    value_loss           | 0.524        |
------------------------------------------
-----------------------------------------
| episode/                |             |
|    lines_cleared_mean   | 3.2         |
|    perfect_clears_mean  | 0           |
|    pieces_placed_mean   | 20.2        |
| rollout/                |             |
|    ep_len_mean          | 20.9        |
|    ep_rew_mean          | 20.8        |
| time/                   |             |
|    fps                  | 645         |
|    iterations           | 105         |
|    time_elapsed         | 1333        |
|    total_timesteps      | 860160      |
| train/                  |             |
|    approx_kl            | 0.006412057 |
|    clip_fraction        | 0.048       |
|    clip_range           | 0.2         |
|    entropy_loss         | -1.49       |
|    explained_variance   | 0.0593      |
|    learning_rate        | 7e-05       |
|    loss                 | 0.379       |
|    n_updates            | 416         |
|    policy_gradient_loss | -0.00505    |
|    value_loss           | 0.57        |
-----------------------------------------
-----------------------------------------
| episode/                |             |
|    lines_cleared_mean   | 4.8         |
|    perfect_clears_mean  | 0           |
|    pieces_placed_mean   | 24          |
| rollout/                |             |
|    ep_len_mean          | 22.2        |
|    ep_rew_mean          | 22.3        |
| time/                   |             |
|    fps                  | 644         |
|    iterations           | 106         |
|    time_elapsed         | 1346        |
|    total_timesteps      | 868352      |
| train/                  |             |
|    approx_kl            | 0.006916008 |
|    clip_fraction        | 0.0569      |
|    clip_range           | 0.2         |
|    entropy_loss         | -1.47       |
|    explained_variance   | 0.0774      |
|    learning_rate        | 7e-05       |
|    loss                 | 0.341       |
|    n_updates            | 420         |
|    policy_gradient_loss | -0.00586    |
|    value_loss           | 0.537       |
-----------------------------------------
------------------------------------------
| episode/                |              |
|    lines_cleared_mean   | 4.25         |
|    perfect_clears_mean  | 0            |
|    pieces_placed_mean   | 22.9         |
| rollout/                |              |
|    ep_len_mean          | 23           |
|    ep_rew_mean          | 24.6         |
| time/                   |              |
|    fps                  | 644          |
|    iterations           | 107          |
|    time_elapsed         | 1359         |
|    total_timesteps      | 876544       |
| train/                  |              |
|    approx_kl            | 0.0073087728 |
|    clip_fraction        | 0.0603       |
|    clip_range           | 0.2          |
|    entropy_loss         | -1.47        |
|    explained_variance   | 0.044        |
|    learning_rate        | 7e-05        |
|    loss                 | 0.263        |
|    n_updates            | 424          |
|    policy_gradient_loss | -0.00614     |
|    value_loss           | 0.562        |
------------------------------------------
------------------------------------------
| episode/                |              |
|    lines_cleared_mean   | 4            |
|    perfect_clears_mean  | 0            |
|    pieces_placed_mean   | 22           |
| rollout/                |              |
|    ep_len_mean          | 23.6         |
|    ep_rew_mean          | 26.1         |
| time/                   |              |
|    fps                  | 644          |
|    iterations           | 108          |
|    time_elapsed         | 1372         |
|    total_timesteps      | 884736       |
| train/                  |              |
|    approx_kl            | 0.0064444495 |
|    clip_fraction        | 0.0569       |
|    clip_range           | 0.2          |
|    entropy_loss         | -1.46        |
|    explained_variance   | 0.0763       |
|    learning_rate        | 7e-05        |
|    loss                 | 0.335        |
|    n_updates            | 428          |
|    policy_gradient_loss | -0.00542     |
|    value_loss           | 0.544        |
------------------------------------------
------------------------------------------
| episode/                |              |
|    lines_cleared_mean   | 7.18         |
|    perfect_clears_mean  | 0            |
|    pieces_placed_mean   | 29.5         |
| rollout/                |              |
|    ep_len_mean          | 24.9         |
|    ep_rew_mean          | 29.3         |
| time/                   |              |
|    fps                  | 644          |
|    iterations           | 109          |
|    time_elapsed         | 1385         |
|    total_timesteps      | 892928       |
| train/                  |              |
|    approx_kl            | 0.0068561495 |
|    clip_fraction        | 0.0523       |
|    clip_range           | 0.2          |
|    entropy_loss         | -1.43        |
|    explained_variance   | 0.145        |
|    learning_rate        | 7e-05        |
|    loss                 | 0.297        |
|    n_updates            | 432          |
|    policy_gradient_loss | -0.00645     |
|    value_loss           | 0.555        |
------------------------------------------
------------------------------------------
| episode/                |              |
|    lines_cleared_mean   | 4.27         |
|    perfect_clears_mean  | 0            |
|    pieces_placed_mean   | 23.5         |
| rollout/                |              |
|    ep_len_mean          | 23.4         |
|    ep_rew_mean          | 25.7         |
| time/                   |              |
|    fps                  | 644          |
|    iterations           | 110          |
|    time_elapsed         | 1398         |
|    total_timesteps      | 901120       |
| train/                  |              |
|    approx_kl            | 0.0069903536 |
|    clip_fraction        | 0.0573       |
|    clip_range           | 0.2          |
|    entropy_loss         | -1.39        |
|    explained_variance   | 0.109        |
|    learning_rate        | 7e-05        |
|    loss                 | 0.337        |
|    n_updates            | 436          |
|    policy_gradient_loss | -0.00707     |
|    value_loss           | 0.593        |
------------------------------------------
----------------------------------------
| episode/                |            |
|    lines_cleared_mean   | 4          |
|    perfect_clears_mean  | 0          |
|    pieces_placed_mean   | 22.2       |
| rollout/                |            |
|    ep_len_mean          | 24         |
|    ep_rew_mean          | 27         |
| time/                   |            |
|    fps                  | 644        |
|    iterations           | 111        |
|    time_elapsed         | 1410       |
|    total_timesteps      | 909312     |
| train/                  |            |
|    approx_kl            | 0.00662027 |
|    clip_fraction        | 0.0529     |
|    clip_range           | 0.2        |
|    entropy_loss         | -1.42      |
|    explained_variance   | 0.0662     |
|    learning_rate        | 7e-05      |
|    loss                 | 0.315      |
|    n_updates            | 440        |
|    policy_gradient_loss | -0.00571   |
|    value_loss           | 0.498      |
----------------------------------------
------------------------------------------
| episode/                |              |
|    lines_cleared_mean   | 6.5          |
|    perfect_clears_mean  | 0            |
|    pieces_placed_mean   | 28.3         |
| rollout/                |              |
|    ep_len_mean          | 23.3         |
|    ep_rew_mean          | 26.1         |
| time/                   |              |
|    fps                  | 644          |
|    iterations           | 112          |
|    time_elapsed         | 1423         |
|    total_timesteps      | 917504       |
| train/                  |              |
|    approx_kl            | 0.0069728047 |
|    clip_fraction        | 0.053        |
|    clip_range           | 0.2          |
|    entropy_loss         | -1.38        |
|    explained_variance   | 0.0897       |
|    learning_rate        | 7e-05        |
|    loss                 | 0.216        |
|    n_updates            | 444          |
|    policy_gradient_loss | -0.00607     |
|    value_loss           | 0.504        |
------------------------------------------
------------------------------------------
| episode/                |              |
|    lines_cleared_mean   | 5.5          |
|    perfect_clears_mean  | 0            |
|    pieces_placed_mean   | 25.2         |
| rollout/                |              |
|    ep_len_mean          | 23.1         |
|    ep_rew_mean          | 24.8         |
| time/                   |              |
|    fps                  | 644          |
|    iterations           | 113          |
|    time_elapsed         | 1436         |
|    total_timesteps      | 925696       |
| train/                  |              |
|    approx_kl            | 0.0067536347 |
|    clip_fraction        | 0.0576       |
|    clip_range           | 0.2          |
|    entropy_loss         | -1.39        |
|    explained_variance   | 0.101        |
|    learning_rate        | 7e-05        |
|    loss                 | 0.316        |
|    n_updates            | 448          |
|    policy_gradient_loss | -0.00633     |
|    value_loss           | 0.524        |
------------------------------------------
------------------------------------------
| episode/                |              |
|    lines_cleared_mean   | 4.9          |
|    perfect_clears_mean  | 0            |
|    pieces_placed_mean   | 23.7         |
| rollout/                |              |
|    ep_len_mean          | 23.4         |
|    ep_rew_mean          | 25.6         |
| time/                   |              |
|    fps                  | 644          |
|    iterations           | 114          |
|    time_elapsed         | 1449         |
|    total_timesteps      | 933888       |
| train/                  |              |
|    approx_kl            | 0.0062174103 |
|    clip_fraction        | 0.0464       |
|    clip_range           | 0.2          |
|    entropy_loss         | -1.39        |
|    explained_variance   | 0.104        |
|    learning_rate        | 7e-05        |
|    loss                 | 0.335        |
|    n_updates            | 452          |
|    policy_gradient_loss | -0.00559     |
|    value_loss           | 0.5          |
------------------------------------------
----------------------------------------
| episode/                |            |
|    lines_cleared_mean   | 4.2        |
|    perfect_clears_mean  | 0          |
|    pieces_placed_mean   | 23         |
| rollout/                |            |
|    ep_len_mean          | 22.9       |
|    ep_rew_mean          | 24.9       |
| time/                   |            |
|    fps                  | 644        |
|    iterations           | 115        |
|    time_elapsed         | 1462       |
|    total_timesteps      | 942080     |
| train/                  |            |
|    approx_kl            | 0.00650811 |
|    clip_fraction        | 0.0548     |
|    clip_range           | 0.2        |
|    entropy_loss         | -1.37      |
|    explained_variance   | 0.156      |
|    learning_rate        | 7e-05      |
|    loss                 | 0.296      |
|    n_updates            | 456        |
|    policy_gradient_loss | -0.00598   |
|    value_loss           | 0.5        |
----------------------------------------
------------------------------------------
| episode/                |              |
|    lines_cleared_mean   | 4.2          |
|    perfect_clears_mean  | 0            |
|    pieces_placed_mean   | 22.2         |
| rollout/                |              |
|    ep_len_mean          | 22.2         |
|    ep_rew_mean          | 22.8         |
| time/                   |              |
|    fps                  | 644          |
|    iterations           | 116          |
|    time_elapsed         | 1475         |
|    total_timesteps      | 950272       |
| train/                  |              |
|    approx_kl            | 0.0068207136 |
|    clip_fraction        | 0.0606       |
|    clip_range           | 0.2          |
|    entropy_loss         | -1.36        |
|    explained_variance   | 0.207        |
|    learning_rate        | 7e-05        |
|    loss                 | 0.272        |
|    n_updates            | 460          |
|    policy_gradient_loss | -0.00676     |
|    value_loss           | 0.464        |
------------------------------------------
-----------------------------------------
| episode/                |             |
|    lines_cleared_mean   | 5.09        |
|    perfect_clears_mean  | 0           |
|    pieces_placed_mean   | 24.9        |
| rollout/                |             |
|    ep_len_mean          | 23.9        |
|    ep_rew_mean          | 26.8        |
| time/                   |             |
|    fps                  | 644         |
|    iterations           | 117         |
|    time_elapsed         | 1487        |
|    total_timesteps      | 958464      |
| train/                  |             |
|    approx_kl            | 0.006259471 |
|    clip_fraction        | 0.0449      |
|    clip_range           | 0.2         |
|    entropy_loss         | -1.34       |
|    explained_variance   | 0.14        |
|    learning_rate        | 7e-05       |
|    loss                 | 0.264       |
|    n_updates            | 464         |
|    policy_gradient_loss | -0.00484    |
|    value_loss           | 0.498       |
-----------------------------------------
------------------------------------------
| episode/                |              |
|    lines_cleared_mean   | 4.3          |
|    perfect_clears_mean  | 0            |
|    pieces_placed_mean   | 23           |
| rollout/                |              |
|    ep_len_mean          | 23.4         |
|    ep_rew_mean          | 25.6         |
| time/                   |              |
|    fps                  | 644          |
|    iterations           | 118          |
|    time_elapsed         | 1500         |
|    total_timesteps      | 966656       |
| train/                  |              |
|    approx_kl            | 0.0067097824 |
|    clip_fraction        | 0.0553       |
|    clip_range           | 0.2          |
|    entropy_loss         | -1.3         |
|    explained_variance   | 0.145        |
|    learning_rate        | 7e-05        |
|    loss                 | 0.302        |
|    n_updates            | 468          |
|    policy_gradient_loss | -0.00623     |
|    value_loss           | 0.483        |
------------------------------------------
-----------------------------------------
| episode/                |             |
|    lines_cleared_mean   | 2.82        |
|    perfect_clears_mean  | 0           |
|    pieces_placed_mean   | 19.4        |
| rollout/                |             |
|    ep_len_mean          | 22.9        |
|    ep_rew_mean          | 24.5        |
| time/                   |             |
|    fps                  | 643         |
|    iterations           | 119         |
|    time_elapsed         | 1513        |
|    total_timesteps      | 974848      |
| train/                  |             |
|    approx_kl            | 0.006450585 |
|    clip_fraction        | 0.0483      |
|    clip_range           | 0.2         |
|    entropy_loss         | -1.28       |
|    explained_variance   | 0.117       |
|    learning_rate        | 7e-05       |
|    loss                 | 0.366       |
|    n_updates            | 472         |
|    policy_gradient_loss | -0.00544    |
|    value_loss           | 0.539       |
-----------------------------------------
------------------------------------------
| episode/                |              |
|    lines_cleared_mean   | 5.8          |
|    perfect_clears_mean  | 0            |
|    pieces_placed_mean   | 26.1         |
| rollout/                |              |
|    ep_len_mean          | 23.9         |
|    ep_rew_mean          | 26.4         |
| time/                   |              |
|    fps                  | 643          |
|    iterations           | 120          |
|    time_elapsed         | 1526         |
|    total_timesteps      | 983040       |
| train/                  |              |
|    approx_kl            | 0.0059676575 |
|    clip_fraction        | 0.0493       |
|    clip_range           | 0.2          |
|    entropy_loss         | -1.26        |
|    explained_variance   | 0.166        |
|    learning_rate        | 7e-05        |
|    loss                 | 0.305        |
|    n_updates            | 476          |
|    policy_gradient_loss | -0.00636     |
|    value_loss           | 0.536        |
------------------------------------------
------------------------------------------
| episode/                |              |
|    lines_cleared_mean   | 4            |
|    perfect_clears_mean  | 0            |
|    pieces_placed_mean   | 22.4         |
| rollout/                |              |
|    ep_len_mean          | 23.2         |
|    ep_rew_mean          | 25.4         |
| time/                   |              |
|    fps                  | 643          |
|    iterations           | 121          |
|    time_elapsed         | 1539         |
|    total_timesteps      | 991232       |
| train/                  |              |
|    approx_kl            | 0.0066096885 |
|    clip_fraction        | 0.0624       |
|    clip_range           | 0.2          |
|    entropy_loss         | -1.27        |
|    explained_variance   | 0.172        |
|    learning_rate        | 7e-05        |
|    loss                 | 0.29         |
|    n_updates            | 480          |
|    policy_gradient_loss | -0.00676     |
|    value_loss           | 0.519        |
------------------------------------------
-----------------------------------------
| episode/                |             |
|    lines_cleared_mean   | 4.2         |
|    perfect_clears_mean  | 0           |
|    pieces_placed_mean   | 23.2        |
| rollout/                |             |
|    ep_len_mean          | 23.4        |
|    ep_rew_mean          | 25.3        |
| time/                   |             |
|    fps                  | 643         |
|    iterations           | 122         |
|    time_elapsed         | 1552        |
|    total_timesteps      | 999424      |
| train/                  |             |
|    approx_kl            | 0.006349072 |
|    clip_fraction        | 0.0487      |
|    clip_range           | 0.2         |
|    entropy_loss         | -1.27       |
|    explained_variance   | 0.151       |
|    learning_rate        | 7e-05       |
|    loss                 | 0.332       |
|    n_updates            | 484         |
|    policy_gradient_loss | -0.00509    |
|    value_loss           | 0.538       |
-----------------------------------------
-----------------------------------------
| episode/                |             |
|    lines_cleared_mean   | 2.8         |
|    perfect_clears_mean  | 0           |
|    pieces_placed_mean   | 18.9        |
| rollout/                |             |
|    ep_len_mean          | 23.8        |
|    ep_rew_mean          | 26.9        |
| time/                   |             |
|    fps                  | 643         |
|    iterations           | 123         |
|    time_elapsed         | 1565        |
|    total_timesteps      | 1007616     |
| train/                  |             |
|    approx_kl            | 0.006302719 |
|    clip_fraction        | 0.0436      |
|    clip_range           | 0.2         |
|    entropy_loss         | -1.24       |
|    explained_variance   | 0.197       |
|    learning_rate        | 7e-05       |
|    loss                 | 0.332       |
|    n_updates            | 488         |
|    policy_gradient_loss | -0.00512    |
|    value_loss           | 0.517       |
-----------------------------------------
------------------------------------------
| episode/                |              |
|    lines_cleared_mean   | 3.7          |
|    perfect_clears_mean  | 0            |
|    pieces_placed_mean   | 21.1         |
| rollout/                |              |
|    ep_len_mean          | 23.2         |
|    ep_rew_mean          | 25.5         |
| time/                   |              |
|    fps                  | 643          |
|    iterations           | 124          |
|    time_elapsed         | 1578         |
|    total_timesteps      | 1015808      |
| train/                  |              |
|    approx_kl            | 0.0058708205 |
|    clip_fraction        | 0.0446       |
|    clip_range           | 0.2          |
|    entropy_loss         | -1.26        |
|    explained_variance   | 0.11         |
|    learning_rate        | 7e-05        |
|    loss                 | 0.319        |
|    n_updates            | 492          |
|    policy_gradient_loss | -0.00488     |
|    value_loss           | 0.515        |
------------------------------------------
-----------------------------------------
| episode/                |             |
|    lines_cleared_mean   | 5.82        |
|    perfect_clears_mean  | 0           |
|    pieces_placed_mean   | 27.5        |
| rollout/                |             |
|    ep_len_mean          | 24.8        |
|    ep_rew_mean          | 28.6        |
| time/                   |             |
|    fps                  | 643         |
|    iterations           | 125         |
|    time_elapsed         | 1591        |
|    total_timesteps      | 1024000     |
| train/                  |             |
|    approx_kl            | 0.006297707 |
|    clip_fraction        | 0.0517      |
|    clip_range           | 0.2         |
|    entropy_loss         | -1.26       |
|    explained_variance   | 0.156       |
|    learning_rate        | 7e-05       |
|    loss                 | 0.314       |
|    n_updates            | 496         |
|    policy_gradient_loss | -0.00513    |
|    value_loss           | 0.468       |
-----------------------------------------
------------------------------------------
| episode/                |              |
|    lines_cleared_mean   | 5.6          |
|    perfect_clears_mean  | 0            |
|    pieces_placed_mean   | 25.8         |
| rollout/                |              |
|    ep_len_mean          | 24.8         |
|    ep_rew_mean          | 28.6         |
| time/                   |              |
|    fps                  | 643          |
|    iterations           | 126          |
|    time_elapsed         | 1604         |
|    total_timesteps      | 1032192      |
| train/                  |              |
|    approx_kl            | 0.0058793756 |
|    clip_fraction        | 0.0409       |
|    clip_range           | 0.2          |
|    entropy_loss         | -1.22        |
|    explained_variance   | 0.125        |
|    learning_rate        | 7e-05        |
|    loss                 | 0.249        |
|    n_updates            | 500          |
|    policy_gradient_loss | -0.00443     |
|    value_loss           | 0.518        |
------------------------------------------
-----------------------------------------
| episode/                |             |
|    lines_cleared_mean   | 4.6         |
|    perfect_clears_mean  | 0           |
|    pieces_placed_mean   | 24.9        |
| rollout/                |             |
|    ep_len_mean          | 24.2        |
|    ep_rew_mean          | 27.2        |
| time/                   |             |
|    fps                  | 643         |
|    iterations           | 127         |
|    time_elapsed         | 1617        |
|    total_timesteps      | 1040384     |
| train/                  |             |
|    approx_kl            | 0.006874863 |
|    clip_fraction        | 0.0511      |
|    clip_range           | 0.2         |
|    entropy_loss         | -1.22       |
|    explained_variance   | 0.189       |
|    learning_rate        | 7e-05       |
|    loss                 | 0.319       |
|    n_updates            | 504         |
|    policy_gradient_loss | -0.00662    |
|    value_loss           | 0.517       |
-----------------------------------------
-----------------------------------------
| episode/                |             |
|    lines_cleared_mean   | 4.58        |
|    perfect_clears_mean  | 0           |
|    pieces_placed_mean   | 22.7        |
| rollout/                |             |
|    ep_len_mean          | 25.1        |
|    ep_rew_mean          | 30.1        |
| time/                   |             |
|    fps                  | 643         |
|    iterations           | 128         |
|    time_elapsed         | 1630        |
|    total_timesteps      | 1048576     |
| train/                  |             |
|    approx_kl            | 0.006078526 |
|    clip_fraction        | 0.0476      |
|    clip_range           | 0.2         |
|    entropy_loss         | -1.19       |
|    explained_variance   | 0.111       |
|    learning_rate        | 7e-05       |
|    loss                 | 0.281       |
|    n_updates            | 508         |
|    policy_gradient_loss | -0.00613    |
|    value_loss           | 0.541       |
-----------------------------------------
-----------------------------------------
| episode/                |             |
|    lines_cleared_mean   | 3.9         |
|    perfect_clears_mean  | 0           |
|    pieces_placed_mean   | 21.4        |
| rollout/                |             |
|    ep_len_mean          | 24.6        |
|    ep_rew_mean          | 28.7        |
| time/                   |             |
|    fps                  | 643         |
|    iterations           | 129         |
|    time_elapsed         | 1642        |
|    total_timesteps      | 1056768     |
| train/                  |             |
|    approx_kl            | 0.005809452 |
|    clip_fraction        | 0.0456      |
|    clip_range           | 0.2         |
|    entropy_loss         | -1.19       |
|    explained_variance   | 0.177       |
|    learning_rate        | 7e-05       |
|    loss                 | 0.268       |
|    n_updates            | 512         |
|    policy_gradient_loss | -0.00517    |
|    value_loss           | 0.52        |
-----------------------------------------
-----------------------------------------
| episode/                |             |
|    lines_cleared_mean   | 3.5         |
|    perfect_clears_mean  | 0           |
|    pieces_placed_mean   | 20.1        |
| rollout/                |             |
|    ep_len_mean          | 23.9        |
|    ep_rew_mean          | 27          |
| time/                   |             |
|    fps                  | 643         |
|    iterations           | 130         |
|    time_elapsed         | 1655        |
|    total_timesteps      | 1064960     |
| train/                  |             |
|    approx_kl            | 0.006479057 |
|    clip_fraction        | 0.0528      |
|    clip_range           | 0.2         |
|    entropy_loss         | -1.22       |
|    explained_variance   | 0.227       |
|    learning_rate        | 7e-05       |
|    loss                 | 0.302       |
|    n_updates            | 516         |
|    policy_gradient_loss | -0.00584    |
|    value_loss           | 0.471       |
-----------------------------------------
-----------------------------------------
| episode/                |             |
|    lines_cleared_mean   | 6.1         |
|    perfect_clears_mean  | 0           |
|    pieces_placed_mean   | 26.8        |
| rollout/                |             |
|    ep_len_mean          | 23.6        |
|    ep_rew_mean          | 26.2        |
| time/                   |             |
|    fps                  | 643         |
|    iterations           | 131         |
|    time_elapsed         | 1668        |
|    total_timesteps      | 1073152     |
| train/                  |             |
|    approx_kl            | 0.006728971 |
|    clip_fraction        | 0.056       |
|    clip_range           | 0.2         |
|    entropy_loss         | -1.24       |
|    explained_variance   | 0.117       |
|    learning_rate        | 7e-05       |
|    loss                 | 0.277       |
|    n_updates            | 520         |
|    policy_gradient_loss | -0.00664    |
|    value_loss           | 0.506       |
-----------------------------------------
------------------------------------------
| episode/                |              |
|    lines_cleared_mean   | 4.8          |
|    perfect_clears_mean  | 0            |
|    pieces_placed_mean   | 24.5         |
| rollout/                |              |
|    ep_len_mean          | 25.6         |
|    ep_rew_mean          | 30.2         |
| time/                   |              |
|    fps                  | 643          |
|    iterations           | 132          |
|    time_elapsed         | 1681         |
|    total_timesteps      | 1081344      |
| train/                  |              |
|    approx_kl            | 0.0062995492 |
|    clip_fraction        | 0.0582       |
|    clip_range           | 0.2          |
|    entropy_loss         | -1.21        |
|    explained_variance   | 0.145        |
|    learning_rate        | 7e-05        |
|    loss                 | 0.345        |
|    n_updates            | 524          |
|    policy_gradient_loss | -0.00659     |
|    value_loss           | 0.502        |
------------------------------------------
-----------------------------------------
| episode/                |             |
|    lines_cleared_mean   | 4           |
|    perfect_clears_mean  | 0           |
|    pieces_placed_mean   | 21.6        |
| rollout/                |             |
|    ep_len_mean          | 23.1        |
|    ep_rew_mean          | 24.9        |
| time/                   |             |
|    fps                  | 643         |
|    iterations           | 133         |
|    time_elapsed         | 1694        |
|    total_timesteps      | 1089536     |
| train/                  |             |
|    approx_kl            | 0.005716941 |
|    clip_fraction        | 0.0435      |
|    clip_range           | 0.2         |
|    entropy_loss         | -1.19       |
|    explained_variance   | 0.182       |
|    learning_rate        | 7e-05       |
|    loss                 | 0.326       |
|    n_updates            | 528         |
|    policy_gradient_loss | -0.00537    |
|    value_loss           | 0.539       |
-----------------------------------------
------------------------------------------
| episode/                |              |
|    lines_cleared_mean   | 6.18         |
|    perfect_clears_mean  | 0            |
|    pieces_placed_mean   | 27.7         |
| rollout/                |              |
|    ep_len_mean          | 25.7         |
|    ep_rew_mean          | 30.4         |
| time/                   |              |
|    fps                  | 642          |
|    iterations           | 134          |
|    time_elapsed         | 1707         |
|    total_timesteps      | 1097728      |
| train/                  |              |
|    approx_kl            | 0.0068625277 |
|    clip_fraction        | 0.0591       |
|    clip_range           | 0.2          |
|    entropy_loss         | -1.19        |
|    explained_variance   | 0.165        |
|    learning_rate        | 7e-05        |
|    loss                 | 0.347        |
|    n_updates            | 532          |
|    policy_gradient_loss | -0.00628     |
|    value_loss           | 0.51         |
------------------------------------------
------------------------------------------
| episode/                |              |
|    lines_cleared_mean   | 3.75         |
|    perfect_clears_mean  | 0            |
|    pieces_placed_mean   | 21.6         |
| rollout/                |              |
|    ep_len_mean          | 25.7         |
|    ep_rew_mean          | 31.1         |
| time/                   |              |
|    fps                  | 642          |
|    iterations           | 135          |
|    time_elapsed         | 1720         |
|    total_timesteps      | 1105920      |
| train/                  |              |
|    approx_kl            | 0.0058436035 |
|    clip_fraction        | 0.0388       |
|    clip_range           | 0.2          |
|    entropy_loss         | -1.16        |
|    explained_variance   | 0.117        |
|    learning_rate        | 7e-05        |
|    loss                 | 0.292        |
|    n_updates            | 536          |
|    policy_gradient_loss | -0.00462     |
|    value_loss           | 0.526        |
------------------------------------------
-----------------------------------------
| episode/                |             |
|    lines_cleared_mean   | 2.6         |
|    perfect_clears_mean  | 0           |
|    pieces_placed_mean   | 19.8        |
| rollout/                |             |
|    ep_len_mean          | 24.5        |
|    ep_rew_mean          | 28.6        |
| time/                   |             |
|    fps                  | 642         |
|    iterations           | 136         |
|    time_elapsed         | 1733        |
|    total_timesteps      | 1114112     |
| train/                  |             |
|    approx_kl            | 0.006097404 |
|    clip_fraction        | 0.0502      |
|    clip_range           | 0.2         |
|    entropy_loss         | -1.17       |
|    explained_variance   | 0.163       |
|    learning_rate        | 7e-05       |
|    loss                 | 0.27        |
|    n_updates            | 540         |
|    policy_gradient_loss | -0.00451    |
|    value_loss           | 0.448       |
-----------------------------------------
-----------------------------------------
| episode/                |             |
|    lines_cleared_mean   | 4.09        |
|    perfect_clears_mean  | 0           |
|    pieces_placed_mean   | 22.5        |
| rollout/                |             |
|    ep_len_mean          | 24.8        |
|    ep_rew_mean          | 28.3        |
| time/                   |             |
|    fps                  | 642         |
|    iterations           | 137         |
|    time_elapsed         | 1745        |
|    total_timesteps      | 1122304     |
| train/                  |             |
|    approx_kl            | 0.005996665 |
|    clip_fraction        | 0.0504      |
|    clip_range           | 0.2         |
|    entropy_loss         | -1.16       |
|    explained_variance   | 0.203       |
|    learning_rate        | 7e-05       |
|    loss                 | 0.257       |
|    n_updates            | 544         |
|    policy_gradient_loss | -0.00483    |
|    value_loss           | 0.448       |
-----------------------------------------
------------------------------------------
| episode/                |              |
|    lines_cleared_mean   | 5.18         |
|    perfect_clears_mean  | 0            |
|    pieces_placed_mean   | 25.5         |
| rollout/                |              |
|    ep_len_mean          | 24.7         |
|    ep_rew_mean          | 28.5         |
| time/                   |              |
|    fps                  | 642          |
|    iterations           | 138          |
|    time_elapsed         | 1758         |
|    total_timesteps      | 1130496      |
| train/                  |              |
|    approx_kl            | 0.0064290212 |
|    clip_fraction        | 0.0544       |
|    clip_range           | 0.2          |
|    entropy_loss         | -1.15        |
|    explained_variance   | 0.226        |
|    learning_rate        | 7e-05        |
|    loss                 | 0.216        |
|    n_updates            | 548          |
|    policy_gradient_loss | -0.0063      |
|    value_loss           | 0.432        |
------------------------------------------
------------------------------------------
| episode/                |              |
|    lines_cleared_mean   | 3.8          |
|    perfect_clears_mean  | 0            |
|    pieces_placed_mean   | 22.2         |
| rollout/                |              |
|    ep_len_mean          | 24.3         |
|    ep_rew_mean          | 27.2         |
| time/                   |              |
|    fps                  | 642          |
|    iterations           | 139          |
|    time_elapsed         | 1771         |
|    total_timesteps      | 1138688      |
| train/                  |              |
|    approx_kl            | 0.0066533713 |
|    clip_fraction        | 0.0498       |
|    clip_range           | 0.2          |
|    entropy_loss         | -1.13        |
|    explained_variance   | 0.172        |
|    learning_rate        | 7e-05        |
|    loss                 | 0.24         |
|    n_updates            | 552          |
|    policy_gradient_loss | -0.00501     |
|    value_loss           | 0.43         |
------------------------------------------
------------------------------------------
| episode/                |              |
|    lines_cleared_mean   | 5.4          |
|    perfect_clears_mean  | 0            |
|    pieces_placed_mean   | 26.9         |
| rollout/                |              |
|    ep_len_mean          | 24.9         |
|    ep_rew_mean          | 29.2         |
| time/                   |              |
|    fps                  | 642          |
|    iterations           | 140          |
|    time_elapsed         | 1784         |
|    total_timesteps      | 1146880      |
| train/                  |              |
|    approx_kl            | 0.0064580417 |
|    clip_fraction        | 0.058        |
|    clip_range           | 0.2          |
|    entropy_loss         | -1.17        |
|    explained_variance   | 0.163        |
|    learning_rate        | 7e-05        |
|    loss                 | 0.23         |
|    n_updates            | 556          |
|    policy_gradient_loss | -0.00575     |
|    value_loss           | 0.425        |
------------------------------------------
-----------------------------------------
| episode/                |             |
|    lines_cleared_mean   | 6.3         |
|    perfect_clears_mean  | 0           |
|    pieces_placed_mean   | 28.5        |
| rollout/                |             |
|    ep_len_mean          | 24.3        |
|    ep_rew_mean          | 27.2        |
| time/                   |             |
|    fps                  | 642         |
|    iterations           | 141         |
|    time_elapsed         | 1797        |
|    total_timesteps      | 1155072     |
| train/                  |             |
|    approx_kl            | 0.007003912 |
|    clip_fraction        | 0.0592      |
|    clip_range           | 0.2         |
|    entropy_loss         | -1.16       |
|    explained_variance   | 0.163       |
|    learning_rate        | 7e-05       |
|    loss                 | 0.26        |
|    n_updates            | 560         |
|    policy_gradient_loss | -0.00637    |
|    value_loss           | 0.421       |
-----------------------------------------
------------------------------------------
| episode/                |              |
|    lines_cleared_mean   | 3.6          |
|    perfect_clears_mean  | 0            |
|    pieces_placed_mean   | 21.3         |
| rollout/                |              |
|    ep_len_mean          | 25.8         |
|    ep_rew_mean          | 31.3         |
| time/                   |              |
|    fps                  | 642          |
|    iterations           | 142          |
|    time_elapsed         | 1810         |
|    total_timesteps      | 1163264      |
| train/                  |              |
|    approx_kl            | 0.0065040863 |
|    clip_fraction        | 0.0581       |
|    clip_range           | 0.2          |
|    entropy_loss         | -1.18        |
|    explained_variance   | 0.176        |
|    learning_rate        | 7e-05        |
|    loss                 | 0.3          |
|    n_updates            | 564          |
|    policy_gradient_loss | -0.00582     |
|    value_loss           | 0.432        |
------------------------------------------
-----------------------------------------
| episode/                |             |
|    lines_cleared_mean   | 5.7         |
|    perfect_clears_mean  | 0           |
|    pieces_placed_mean   | 26          |
| rollout/                |             |
|    ep_len_mean          | 25.7        |
|    ep_rew_mean          | 30.4        |
| time/                   |             |
|    fps                  | 642         |
|    iterations           | 143         |
|    time_elapsed         | 1823        |
|    total_timesteps      | 1171456     |
| train/                  |             |
|    approx_kl            | 0.005389735 |
|    clip_fraction        | 0.0428      |
|    clip_range           | 0.2         |
|    entropy_loss         | -1.15       |
|    explained_variance   | 0.125       |
|    learning_rate        | 7e-05       |
|    loss                 | 0.246       |
|    n_updates            | 568         |
|    policy_gradient_loss | -0.00465    |
|    value_loss           | 0.471       |
-----------------------------------------
-----------------------------------------
| episode/                |             |
|    lines_cleared_mean   | 6           |
|    perfect_clears_mean  | 0           |
|    pieces_placed_mean   | 26.2        |
| rollout/                |             |
|    ep_len_mean          | 24.9        |
|    ep_rew_mean          | 29          |
| time/                   |             |
|    fps                  | 642         |
|    iterations           | 144         |
|    time_elapsed         | 1836        |
|    total_timesteps      | 1179648     |
| train/                  |             |
|    approx_kl            | 0.006601605 |
|    clip_fraction        | 0.0584      |
|    clip_range           | 0.2         |
|    entropy_loss         | -1.15       |
|    explained_variance   | 0.212       |
|    learning_rate        | 7e-05       |
|    loss                 | 0.267       |
|    n_updates            | 572         |
|    policy_gradient_loss | -0.00686    |
|    value_loss           | 0.445       |
-----------------------------------------
------------------------------------------
| episode/                |              |
|    lines_cleared_mean   | 6.09         |
|    perfect_clears_mean  | 0            |
|    pieces_placed_mean   | 26.7         |
| rollout/                |              |
|    ep_len_mean          | 26.5         |
|    ep_rew_mean          | 33.2         |
| time/                   |              |
|    fps                  | 642          |
|    iterations           | 145          |
|    time_elapsed         | 1848         |
|    total_timesteps      | 1187840      |
| train/                  |              |
|    approx_kl            | 0.0058640894 |
|    clip_fraction        | 0.049        |
|    clip_range           | 0.2          |
|    entropy_loss         | -1.14        |
|    explained_variance   | 0.18         |
|    learning_rate        | 7e-05        |
|    loss                 | 0.298        |
|    n_updates            | 576          |
|    policy_gradient_loss | -0.00568     |
|    value_loss           | 0.468        |
------------------------------------------
-----------------------------------------
| episode/                |             |
|    lines_cleared_mean   | 4.3         |
|    perfect_clears_mean  | 0           |
|    pieces_placed_mean   | 22.9        |
| rollout/                |             |
|    ep_len_mean          | 26.1        |
|    ep_rew_mean          | 32.3        |
| time/                   |             |
|    fps                  | 642         |
|    iterations           | 146         |
|    time_elapsed         | 1861        |
|    total_timesteps      | 1196032     |
| train/                  |             |
|    approx_kl            | 0.005688482 |
|    clip_fraction        | 0.0493      |
|    clip_range           | 0.2         |
|    entropy_loss         | -1.1        |
|    explained_variance   | 0.158       |
|    learning_rate        | 7e-05       |
|    loss                 | 0.25        |
|    n_updates            | 580         |
|    policy_gradient_loss | -0.00525    |
|    value_loss           | 0.504       |
-----------------------------------------
-----------------------------------------
| episode/                |             |
|    lines_cleared_mean   | 4           |
|    perfect_clears_mean  | 0           |
|    pieces_placed_mean   | 22.3        |
| rollout/                |             |
|    ep_len_mean          | 26.8        |
|    ep_rew_mean          | 33.2        |
| time/                   |             |
|    fps                  | 642         |
|    iterations           | 147         |
|    time_elapsed         | 1874        |
|    total_timesteps      | 1204224     |
| train/                  |             |
|    approx_kl            | 0.005576508 |
|    clip_fraction        | 0.0454      |
|    clip_range           | 0.2         |
|    entropy_loss         | -1.12       |
|    explained_variance   | 0.15        |
|    learning_rate        | 7e-05       |
|    loss                 | 0.269       |
|    n_updates            | 584         |
|    policy_gradient_loss | -0.00511    |
|    value_loss           | 0.49        |
-----------------------------------------
-----------------------------------------
| episode/                |             |
|    lines_cleared_mean   | 5.7         |
|    perfect_clears_mean  | 0           |
|    pieces_placed_mean   | 26.2        |
| rollout/                |             |
|    ep_len_mean          | 25.6        |
|    ep_rew_mean          | 31          |
| time/                   |             |
|    fps                  | 642         |
|    iterations           | 148         |
|    time_elapsed         | 1887        |
|    total_timesteps      | 1212416     |
| train/                  |             |
|    approx_kl            | 0.006307315 |
|    clip_fraction        | 0.0554      |
|    clip_range           | 0.2         |
|    entropy_loss         | -1.11       |
|    explained_variance   | 0.154       |
|    learning_rate        | 7e-05       |
|    loss                 | 0.288       |
|    n_updates            | 588         |
|    policy_gradient_loss | -0.00631    |
|    value_loss           | 0.476       |
-----------------------------------------
-----------------------------------------
| episode/                |             |
|    lines_cleared_mean   | 5           |
|    perfect_clears_mean  | 0           |
|    pieces_placed_mean   | 23.6        |
| rollout/                |             |
|    ep_len_mean          | 27.8        |
|    ep_rew_mean          | 36.1        |
| time/                   |             |
|    fps                  | 642         |
|    iterations           | 149         |
|    time_elapsed         | 1899        |
|    total_timesteps      | 1220608     |
| train/                  |             |
|    approx_kl            | 0.006091169 |
|    clip_fraction        | 0.0399      |
|    clip_range           | 0.2         |
|    entropy_loss         | -1.11       |
|    explained_variance   | 0.109       |
|    learning_rate        | 7e-05       |
|    loss                 | 0.269       |
|    n_updates            | 592         |
|    policy_gradient_loss | -0.00543    |
|    value_loss           | 0.518       |
-----------------------------------------
-----------------------------------------
| episode/                |             |
|    lines_cleared_mean   | 8.27        |
|    perfect_clears_mean  | 0           |
|    pieces_placed_mean   | 31.4        |
| rollout/                |             |
|    ep_len_mean          | 27.3        |
|    ep_rew_mean          | 34.5        |
| time/                   |             |
|    fps                  | 642         |
|    iterations           | 150         |
|    time_elapsed         | 1912        |
|    total_timesteps      | 1228800     |
| train/                  |             |
|    approx_kl            | 0.006365341 |
|    clip_fraction        | 0.0496      |
|    clip_range           | 0.2         |
|    entropy_loss         | -1.1        |
|    explained_variance   | 0.173       |
|    learning_rate        | 7e-05       |
|    loss                 | 0.239       |
|    n_updates            | 596         |
|    policy_gradient_loss | -0.00609    |
|    value_loss           | 0.454       |
-----------------------------------------
------------------------------------------
| episode/                |              |
|    lines_cleared_mean   | 7            |
|    perfect_clears_mean  | 0            |
|    pieces_placed_mean   | 29.3         |
| rollout/                |              |
|    ep_len_mean          | 26.7         |
|    ep_rew_mean          | 33.4         |
| time/                   |              |
|    fps                  | 642          |
|    iterations           | 151          |
|    time_elapsed         | 1925         |
|    total_timesteps      | 1236992      |
| train/                  |              |
|    approx_kl            | 0.0064677587 |
|    clip_fraction        | 0.0613       |
|    clip_range           | 0.2          |
|    entropy_loss         | -1.09        |
|    explained_variance   | 0.174        |
|    learning_rate        | 7e-05        |
|    loss                 | 0.277        |
|    n_updates            | 600          |
|    policy_gradient_loss | -0.00621     |
|    value_loss           | 0.468        |
------------------------------------------
-----------------------------------------
| episode/                |             |
|    lines_cleared_mean   | 4.5         |
|    perfect_clears_mean  | 0           |
|    pieces_placed_mean   | 23          |
| rollout/                |             |
|    ep_len_mean          | 25.2        |
|    ep_rew_mean          | 29.9        |
| time/                   |             |
|    fps                  | 642         |
|    iterations           | 152         |
|    time_elapsed         | 1938        |
|    total_timesteps      | 1245184     |
| train/                  |             |
|    approx_kl            | 0.005542419 |
|    clip_fraction        | 0.0446      |
|    clip_range           | 0.2         |
|    entropy_loss         | -1.09       |
|    explained_variance   | 0.197       |
|    learning_rate        | 7e-05       |
|    loss                 | 0.217       |
|    n_updates            | 604         |
|    policy_gradient_loss | -0.00517    |
|    value_loss           | 0.447       |
-----------------------------------------
------------------------------------------
| episode/                |              |
|    lines_cleared_mean   | 5            |
|    perfect_clears_mean  | 0            |
|    pieces_placed_mean   | 24.4         |
| rollout/                |              |
|    ep_len_mean          | 23.1         |
|    ep_rew_mean          | 25.1         |
| time/                   |              |
|    fps                  | 642          |
|    iterations           | 153          |
|    time_elapsed         | 1951         |
|    total_timesteps      | 1253376      |
| train/                  |              |
|    approx_kl            | 0.0057854233 |
|    clip_fraction        | 0.0524       |
|    clip_range           | 0.2          |
|    entropy_loss         | -1.08        |
|    explained_variance   | 0.221        |
|    learning_rate        | 7e-05        |
|    loss                 | 0.256        |
|    n_updates            | 608          |
|    policy_gradient_loss | -0.00574     |
|    value_loss           | 0.431        |
------------------------------------------
------------------------------------------
| episode/                |              |
|    lines_cleared_mean   | 6.18         |
|    perfect_clears_mean  | 0            |
|    pieces_placed_mean   | 26.8         |
| rollout/                |              |
|    ep_len_mean          | 25.4         |
|    ep_rew_mean          | 29.9         |
| time/                   |              |
|    fps                  | 642          |
|    iterations           | 154          |
|    time_elapsed         | 1963         |
|    total_timesteps      | 1261568      |
| train/                  |              |
|    approx_kl            | 0.0063473396 |
|    clip_fraction        | 0.0485       |
|    clip_range           | 0.2          |
|    entropy_loss         | -1.09        |
|    explained_variance   | 0.17         |
|    learning_rate        | 7e-05        |
|    loss                 | 0.283        |
|    n_updates            | 612          |
|    policy_gradient_loss | -0.00568     |
|    value_loss           | 0.491        |
------------------------------------------
------------------------------------------
| episode/                |              |
|    lines_cleared_mean   | 6.2          |
|    perfect_clears_mean  | 0            |
|    pieces_placed_mean   | 27.8         |
| rollout/                |              |
|    ep_len_mean          | 27.8         |
|    ep_rew_mean          | 35.6         |
| time/                   |              |
|    fps                  | 642          |
|    iterations           | 155          |
|    time_elapsed         | 1976         |
|    total_timesteps      | 1269760      |
| train/                  |              |
|    approx_kl            | 0.0073548025 |
|    clip_fraction        | 0.0606       |
|    clip_range           | 0.2          |
|    entropy_loss         | -1.07        |
|    explained_variance   | 0.249        |
|    learning_rate        | 7e-05        |
|    loss                 | 0.278        |
|    n_updates            | 616          |
|    policy_gradient_loss | -0.00661     |
|    value_loss           | 0.421        |
------------------------------------------
------------------------------------------
| episode/                |              |
|    lines_cleared_mean   | 5.73         |
|    perfect_clears_mean  | 0            |
|    pieces_placed_mean   | 26.3         |
| rollout/                |              |
|    ep_len_mean          | 26.1         |
|    ep_rew_mean          | 31.4         |
| time/                   |              |
|    fps                  | 642          |
|    iterations           | 156          |
|    time_elapsed         | 1989         |
|    total_timesteps      | 1277952      |
| train/                  |              |
|    approx_kl            | 0.0057420447 |
|    clip_fraction        | 0.0403       |
|    clip_range           | 0.2          |
|    entropy_loss         | -1.06        |
|    explained_variance   | 0.229        |
|    learning_rate        | 7e-05        |
|    loss                 | 0.26         |
|    n_updates            | 620          |
|    policy_gradient_loss | -0.0047      |
|    value_loss           | 0.443        |
------------------------------------------
-----------------------------------------
| episode/                |             |
|    lines_cleared_mean   | 6.5         |
|    perfect_clears_mean  | 0           |
|    pieces_placed_mean   | 28.3        |
| rollout/                |             |
|    ep_len_mean          | 26.6        |
|    ep_rew_mean          | 32.9        |
| time/                   |             |
|    fps                  | 642         |
|    iterations           | 157         |
|    time_elapsed         | 2002        |
|    total_timesteps      | 1286144     |
| train/                  |             |
|    approx_kl            | 0.007044466 |
|    clip_fraction        | 0.0561      |
|    clip_range           | 0.2         |
|    entropy_loss         | -1.08       |
|    explained_variance   | 0.21        |
|    learning_rate        | 7e-05       |
|    loss                 | 0.243       |
|    n_updates            | 624         |
|    policy_gradient_loss | -0.00654    |
|    value_loss           | 0.427       |
-----------------------------------------
-----------------------------------------
| episode/                |             |
|    lines_cleared_mean   | 4.1         |
|    perfect_clears_mean  | 0           |
|    pieces_placed_mean   | 23          |
| rollout/                |             |
|    ep_len_mean          | 25.5        |
|    ep_rew_mean          | 30.3        |
| time/                   |             |
|    fps                  | 642         |
|    iterations           | 158         |
|    time_elapsed         | 2015        |
|    total_timesteps      | 1294336     |
| train/                  |             |
|    approx_kl            | 0.006418304 |
|    clip_fraction        | 0.0563      |
|    clip_range           | 0.2         |
|    entropy_loss         | -1.05       |
|    explained_variance   | 0.206       |
|    learning_rate        | 7e-05       |
|    loss                 | 0.298       |
|    n_updates            | 628         |
|    policy_gradient_loss | -0.00584    |
|    value_loss           | 0.44        |
-----------------------------------------
------------------------------------------
| episode/                |              |
|    lines_cleared_mean   | 5.2          |
|    perfect_clears_mean  | 0            |
|    pieces_placed_mean   | 25.6         |
| rollout/                |              |
|    ep_len_mean          | 27.1         |
|    ep_rew_mean          | 33.6         |
| time/                   |              |
|    fps                  | 642          |
|    iterations           | 159          |
|    time_elapsed         | 2028         |
|    total_timesteps      | 1302528      |
| train/                  |              |
|    approx_kl            | 0.0059461435 |
|    clip_fraction        | 0.0483       |
|    clip_range           | 0.2          |
|    entropy_loss         | -1.06        |
|    explained_variance   | 0.174        |
|    learning_rate        | 7e-05        |
|    loss                 | 0.257        |
|    n_updates            | 632          |
|    policy_gradient_loss | -0.0051      |
|    value_loss           | 0.457        |
------------------------------------------
------------------------------------------
| episode/                |              |
|    lines_cleared_mean   | 3            |
|    perfect_clears_mean  | 0            |
|    pieces_placed_mean   | 19.6         |
| rollout/                |              |
|    ep_len_mean          | 26           |
|    ep_rew_mean          | 31.5         |
| time/                   |              |
|    fps                  | 642          |
|    iterations           | 160          |
|    time_elapsed         | 2040         |
|    total_timesteps      | 1310720      |
| train/                  |              |
|    approx_kl            | 0.0053203665 |
|    clip_fraction        | 0.0422       |
|    clip_range           | 0.2          |
|    entropy_loss         | -1.05        |
|    explained_variance   | 0.186        |
|    learning_rate        | 7e-05        |
|    loss                 | 0.27         |
|    n_updates            | 636          |
|    policy_gradient_loss | -0.00449     |
|    value_loss           | 0.454        |
------------------------------------------
-----------------------------------------
| episode/                |             |
|    lines_cleared_mean   | 5.7         |
|    perfect_clears_mean  | 0           |
|    pieces_placed_mean   | 26.2        |
| rollout/                |             |
|    ep_len_mean          | 26          |
|    ep_rew_mean          | 31.5        |
| time/                   |             |
|    fps                  | 642         |
|    iterations           | 161         |
|    time_elapsed         | 2053        |
|    total_timesteps      | 1318912     |
| train/                  |             |
|    approx_kl            | 0.005879184 |
|    clip_fraction        | 0.0493      |
|    clip_range           | 0.2         |
|    entropy_loss         | -1.06       |
|    explained_variance   | 0.21        |
|    learning_rate        | 7e-05       |
|    loss                 | 0.358       |
|    n_updates            | 640         |
|    policy_gradient_loss | -0.00575    |
|    value_loss           | 0.524       |
-----------------------------------------
-----------------------------------------
| episode/                |             |
|    lines_cleared_mean   | 7.8         |
|    perfect_clears_mean  | 0           |
|    pieces_placed_mean   | 30.9        |
| rollout/                |             |
|    ep_len_mean          | 24.3        |
|    ep_rew_mean          | 28.4        |
| time/                   |             |
|    fps                  | 642         |
|    iterations           | 162         |
|    time_elapsed         | 2066        |
|    total_timesteps      | 1327104     |
| train/                  |             |
|    approx_kl            | 0.005928357 |
|    clip_fraction        | 0.0477      |
|    clip_range           | 0.2         |
|    entropy_loss         | -1.07       |
|    explained_variance   | 0.194       |
|    learning_rate        | 7e-05       |
|    loss                 | 0.226       |
|    n_updates            | 644         |
|    policy_gradient_loss | -0.00559    |
|    value_loss           | 0.443       |
-----------------------------------------
------------------------------------------
| episode/                |              |
|    lines_cleared_mean   | 3.5          |
|    perfect_clears_mean  | 0            |
|    pieces_placed_mean   | 20.8         |
| rollout/                |              |
|    ep_len_mean          | 25.6         |
|    ep_rew_mean          | 30.5         |
| time/                   |              |
|    fps                  | 642          |
|    iterations           | 163          |
|    time_elapsed         | 2079         |
|    total_timesteps      | 1335296      |
| train/                  |              |
|    approx_kl            | 0.0046934905 |
|    clip_fraction        | 0.0294       |
|    clip_range           | 0.2          |
|    entropy_loss         | -1.06        |
|    explained_variance   | 0.137        |
|    learning_rate        | 7e-05        |
|    loss                 | 0.25         |
|    n_updates            | 648          |
|    policy_gradient_loss | -0.00372     |
|    value_loss           | 0.458        |
------------------------------------------
------------------------------------------
| episode/                |              |
|    lines_cleared_mean   | 4.9          |
|    perfect_clears_mean  | 0            |
|    pieces_placed_mean   | 23.7         |
| rollout/                |              |
|    ep_len_mean          | 27.7         |
|    ep_rew_mean          | 35.2         |
| time/                   |              |
|    fps                  | 642          |
|    iterations           | 164          |
|    time_elapsed         | 2092         |
|    total_timesteps      | 1343488      |
| train/                  |              |
|    approx_kl            | 0.0058803256 |
|    clip_fraction        | 0.0559       |
|    clip_range           | 0.2          |
|    entropy_loss         | -1.07        |
|    explained_variance   | 0.137        |
|    learning_rate        | 7e-05        |
|    loss                 | 0.302        |
|    n_updates            | 652          |
|    policy_gradient_loss | -0.0048      |
|    value_loss           | 0.409        |
------------------------------------------
-----------------------------------------
| episode/                |             |
|    lines_cleared_mean   | 5.27        |
|    perfect_clears_mean  | 0           |
|    pieces_placed_mean   | 25.2        |
| rollout/                |             |
|    ep_len_mean          | 28          |
|    ep_rew_mean          | 35.8        |
| time/                   |             |
|    fps                  | 642         |
|    iterations           | 165         |
|    time_elapsed         | 2105        |
|    total_timesteps      | 1351680     |
| train/                  |             |
|    approx_kl            | 0.006121468 |
|    clip_fraction        | 0.0538      |
|    clip_range           | 0.2         |
|    entropy_loss         | -1.03       |
|    explained_variance   | 0.23        |
|    learning_rate        | 7e-05       |
|    loss                 | 0.281       |
|    n_updates            | 656         |
|    policy_gradient_loss | -0.00541    |
|    value_loss           | 0.439       |
-----------------------------------------
------------------------------------------
| episode/                |              |
|    lines_cleared_mean   | 9.8          |
|    perfect_clears_mean  | 0            |
|    pieces_placed_mean   | 34.7         |
| rollout/                |              |
|    ep_len_mean          | 29           |
|    ep_rew_mean          | 38.5         |
| time/                   |              |
|    fps                  | 642          |
|    iterations           | 166          |
|    time_elapsed         | 2117         |
|    total_timesteps      | 1359872      |
| train/                  |              |
|    approx_kl            | 0.0057700756 |
|    clip_fraction        | 0.0505       |
|    clip_range           | 0.2          |
|    entropy_loss         | -1.02        |
|    explained_variance   | 0.237        |
|    learning_rate        | 7e-05        |
|    loss                 | 0.259        |
|    n_updates            | 660          |
|    policy_gradient_loss | -0.00507     |
|    value_loss           | 0.415        |
------------------------------------------
------------------------------------------
| episode/                |              |
|    lines_cleared_mean   | 7.2          |
|    perfect_clears_mean  | 0            |
|    pieces_placed_mean   | 30.1         |
| rollout/                |              |
|    ep_len_mean          | 25.8         |
|    ep_rew_mean          | 31           |
| time/                   |              |
|    fps                  | 642          |
|    iterations           | 167          |
|    time_elapsed         | 2130         |
|    total_timesteps      | 1368064      |
| train/                  |              |
|    approx_kl            | 0.0052499473 |
|    clip_fraction        | 0.0385       |
|    clip_range           | 0.2          |
|    entropy_loss         | -1.02        |
|    explained_variance   | 0.161        |
|    learning_rate        | 7e-05        |
|    loss                 | 0.248        |
|    n_updates            | 664          |
|    policy_gradient_loss | -0.00488     |
|    value_loss           | 0.472        |
------------------------------------------
-----------------------------------------
| episode/                |             |
|    lines_cleared_mean   | 6.2         |
|    perfect_clears_mean  | 0           |
|    pieces_placed_mean   | 28.1        |
| rollout/                |             |
|    ep_len_mean          | 24.6        |
|    ep_rew_mean          | 28.2        |
| time/                   |             |
|    fps                  | 642         |
|    iterations           | 168         |
|    time_elapsed         | 2143        |
|    total_timesteps      | 1376256     |
| train/                  |             |
|    approx_kl            | 0.005370505 |
|    clip_fraction        | 0.0422      |
|    clip_range           | 0.2         |
|    entropy_loss         | -1.01       |
|    explained_variance   | 0.195       |
|    learning_rate        | 7e-05       |
|    loss                 | 0.253       |
|    n_updates            | 668         |
|    policy_gradient_loss | -0.00504    |
|    value_loss           | 0.467       |
-----------------------------------------
------------------------------------------
| episode/                |              |
|    lines_cleared_mean   | 8.36         |
|    perfect_clears_mean  | 0            |
|    pieces_placed_mean   | 32.4         |
| rollout/                |              |
|    ep_len_mean          | 28.5         |
|    ep_rew_mean          | 36.8         |
| time/                   |              |
|    fps                  | 642          |
|    iterations           | 169          |
|    time_elapsed         | 2156         |
|    total_timesteps      | 1384448      |
| train/                  |              |
|    approx_kl            | 0.0052255187 |
|    clip_fraction        | 0.0371       |
|    clip_range           | 0.2          |
|    entropy_loss         | -1.02        |
|    explained_variance   | 0.166        |
|    learning_rate        | 7e-05        |
|    loss                 | 0.249        |
|    n_updates            | 672          |
|    policy_gradient_loss | -0.00466     |
|    value_loss           | 0.41         |
------------------------------------------
------------------------------------------
| episode/                |              |
|    lines_cleared_mean   | 5.5          |
|    perfect_clears_mean  | 0            |
|    pieces_placed_mean   | 26           |
| rollout/                |              |
|    ep_len_mean          | 26.8         |
|    ep_rew_mean          | 33.2         |
| time/                   |              |
|    fps                  | 642          |
|    iterations           | 170          |
|    time_elapsed         | 2169         |
|    total_timesteps      | 1392640      |
| train/                  |              |
|    approx_kl            | 0.0067963433 |
|    clip_fraction        | 0.0522       |
|    clip_range           | 0.2          |
|    entropy_loss         | -1.01        |
|    explained_variance   | 0.18         |
|    learning_rate        | 7e-05        |
|    loss                 | 0.216        |
|    n_updates            | 676          |
|    policy_gradient_loss | -0.0058      |
|    value_loss           | 0.403        |
------------------------------------------
-----------------------------------------
| episode/                |             |
|    lines_cleared_mean   | 4.4         |
|    perfect_clears_mean  | 0           |
|    pieces_placed_mean   | 22.6        |
| rollout/                |             |
|    ep_len_mean          | 25.9        |
|    ep_rew_mean          | 31          |
| time/                   |             |
|    fps                  | 642         |
|    iterations           | 171         |
|    time_elapsed         | 2181        |
|    total_timesteps      | 1400832     |
| train/                  |             |
|    approx_kl            | 0.005823032 |
|    clip_fraction        | 0.0474      |
|    clip_range           | 0.2         |
|    entropy_loss         | -1          |
|    explained_variance   | 0.173       |
|    learning_rate        | 7e-05       |
|    loss                 | 0.226       |
|    n_updates            | 680         |
|    policy_gradient_loss | -0.00567    |
|    value_loss           | 0.42        |
-----------------------------------------
----------------------------------------
| episode/                |            |
|    lines_cleared_mean   | 6.5        |
|    perfect_clears_mean  | 0          |
|    pieces_placed_mean   | 27.6       |
| rollout/                |            |
|    ep_len_mean          | 25.1       |
|    ep_rew_mean          | 29.7       |
| time/                   |            |
|    fps                  | 642        |
|    iterations           | 172        |
|    time_elapsed         | 2194       |
|    total_timesteps      | 1409024    |
| train/                  |            |
|    approx_kl            | 0.00659409 |
|    clip_fraction        | 0.0533     |
|    clip_range           | 0.2        |
|    entropy_loss         | -1         |
|    explained_variance   | 0.194      |
|    learning_rate        | 7e-05      |
|    loss                 | 0.229      |
|    n_updates            | 684        |
|    policy_gradient_loss | -0.00617   |
|    value_loss           | 0.417      |
----------------------------------------
----------------------------------------
| episode/                |            |
|    lines_cleared_mean   | 6.27       |
|    perfect_clears_mean  | 0          |
|    pieces_placed_mean   | 26.9       |
| rollout/                |            |
|    ep_len_mean          | 25.3       |
|    ep_rew_mean          | 30.1       |
| time/                   |            |
|    fps                  | 641        |
|    iterations           | 173        |
|    time_elapsed         | 2207       |
|    total_timesteps      | 1417216    |
| train/                  |            |
|    approx_kl            | 0.00554112 |
|    clip_fraction        | 0.044      |
|    clip_range           | 0.2        |
|    entropy_loss         | -0.998     |
|    explained_variance   | 0.172      |
|    learning_rate        | 7e-05      |
|    loss                 | 0.263      |
|    n_updates            | 688        |
|    policy_gradient_loss | -0.00509   |
|    value_loss           | 0.393      |
----------------------------------------
------------------------------------------
| episode/                |              |
|    lines_cleared_mean   | 3.7          |
|    perfect_clears_mean  | 0            |
|    pieces_placed_mean   | 21.7         |
| rollout/                |              |
|    ep_len_mean          | 26.3         |
|    ep_rew_mean          | 32           |
| time/                   |              |
|    fps                  | 641          |
|    iterations           | 174          |
|    time_elapsed         | 2220         |
|    total_timesteps      | 1425408      |
| train/                  |              |
|    approx_kl            | 0.0061382577 |
|    clip_fraction        | 0.0516       |
|    clip_range           | 0.2          |
|    entropy_loss         | -1.01        |
|    explained_variance   | 0.164        |
|    learning_rate        | 7e-05        |
|    loss                 | 0.204        |
|    n_updates            | 692          |
|    policy_gradient_loss | -0.00568     |
|    value_loss           | 0.396        |
------------------------------------------
-----------------------------------------
| episode/                |             |
|    lines_cleared_mean   | 4.73        |
|    perfect_clears_mean  | 0           |
|    pieces_placed_mean   | 23.6        |
| rollout/                |             |
|    ep_len_mean          | 26.9        |
|    ep_rew_mean          | 34          |
| time/                   |             |
|    fps                  | 641         |
|    iterations           | 175         |
|    time_elapsed         | 2233        |
|    total_timesteps      | 1433600     |
| train/                  |             |
|    approx_kl            | 0.005908295 |
|    clip_fraction        | 0.0529      |
|    clip_range           | 0.2         |
|    entropy_loss         | -1.03       |
|    explained_variance   | 0.193       |
|    learning_rate        | 7e-05       |
|    loss                 | 0.257       |
|    n_updates            | 696         |
|    policy_gradient_loss | -0.00639    |
|    value_loss           | 0.411       |
-----------------------------------------
------------------------------------------
| episode/                |              |
|    lines_cleared_mean   | 4            |
|    perfect_clears_mean  | 0            |
|    pieces_placed_mean   | 23           |
| rollout/                |              |
|    ep_len_mean          | 25.7         |
|    ep_rew_mean          | 30.3         |
| time/                   |              |
|    fps                  | 641          |
|    iterations           | 176          |
|    time_elapsed         | 2246         |
|    total_timesteps      | 1441792      |
| train/                  |              |
|    approx_kl            | 0.0054046996 |
|    clip_fraction        | 0.0394       |
|    clip_range           | 0.2          |
|    entropy_loss         | -1.02        |
|    explained_variance   | 0.198        |
|    learning_rate        | 7e-05        |
|    loss                 | 0.177        |
|    n_updates            | 700          |
|    policy_gradient_loss | -0.00458     |
|    value_loss           | 0.424        |
------------------------------------------
-----------------------------------------
| episode/                |             |
|    lines_cleared_mean   | 5.6         |
|    perfect_clears_mean  | 0           |
|    pieces_placed_mean   | 25.9        |
| rollout/                |             |
|    ep_len_mean          | 25.4        |
|    ep_rew_mean          | 30.6        |
| time/                   |             |
|    fps                  | 641         |
|    iterations           | 177         |
|    time_elapsed         | 2258        |
|    total_timesteps      | 1449984     |
| train/                  |             |
|    approx_kl            | 0.006431471 |
|    clip_fraction        | 0.0466      |
|    clip_range           | 0.2         |
|    entropy_loss         | -1.03       |
|    explained_variance   | 0.178       |
|    learning_rate        | 7e-05       |
|    loss                 | 0.243       |
|    n_updates            | 704         |
|    policy_gradient_loss | -0.00524    |
|    value_loss           | 0.411       |
-----------------------------------------
------------------------------------------
| episode/                |              |
|    lines_cleared_mean   | 5.4          |
|    perfect_clears_mean  | 0            |
|    pieces_placed_mean   | 25.2         |
| rollout/                |              |
|    ep_len_mean          | 25           |
|    ep_rew_mean          | 29.4         |
| time/                   |              |
|    fps                  | 641          |
|    iterations           | 178          |
|    time_elapsed         | 2271         |
|    total_timesteps      | 1458176      |
| train/                  |              |
|    approx_kl            | 0.0057217735 |
|    clip_fraction        | 0.0432       |
|    clip_range           | 0.2          |
|    entropy_loss         | -1.01        |
|    explained_variance   | 0.127        |
|    learning_rate        | 7e-05        |
|    loss                 | 0.215        |
|    n_updates            | 708          |
|    policy_gradient_loss | -0.00488     |
|    value_loss           | 0.423        |
------------------------------------------
------------------------------------------
| episode/                |              |
|    lines_cleared_mean   | 5.27         |
|    perfect_clears_mean  | 0            |
|    pieces_placed_mean   | 25.2         |
| rollout/                |              |
|    ep_len_mean          | 23.4         |
|    ep_rew_mean          | 26           |
| time/                   |              |
|    fps                  | 641          |
|    iterations           | 179          |
|    time_elapsed         | 2284         |
|    total_timesteps      | 1466368      |
| train/                  |              |
|    approx_kl            | 0.0057762368 |
|    clip_fraction        | 0.0471       |
|    clip_range           | 0.2          |
|    entropy_loss         | -1.01        |
|    explained_variance   | 0.116        |
|    learning_rate        | 7e-05        |
|    loss                 | 0.213        |
|    n_updates            | 712          |
|    policy_gradient_loss | -0.00546     |
|    value_loss           | 0.4          |
------------------------------------------
-----------------------------------------
| episode/                |             |
|    lines_cleared_mean   | 6.1         |
|    perfect_clears_mean  | 0           |
|    pieces_placed_mean   | 27.9        |
| rollout/                |             |
|    ep_len_mean          | 27.8        |
|    ep_rew_mean          | 35.5        |
| time/                   |             |
|    fps                  | 641         |
|    iterations           | 180         |
|    time_elapsed         | 2297        |
|    total_timesteps      | 1474560     |
| train/                  |             |
|    approx_kl            | 0.005850913 |
|    clip_fraction        | 0.0422      |
|    clip_range           | 0.2         |
|    entropy_loss         | -1.02       |
|    explained_variance   | 0.174       |
|    learning_rate        | 7e-05       |
|    loss                 | 0.263       |
|    n_updates            | 716         |
|    policy_gradient_loss | -0.00533    |
|    value_loss           | 0.402       |
-----------------------------------------
------------------------------------------
| episode/                |              |
|    lines_cleared_mean   | 6.7          |
|    perfect_clears_mean  | 0            |
|    pieces_placed_mean   | 28.1         |
| rollout/                |              |
|    ep_len_mean          | 26.3         |
|    ep_rew_mean          | 32.2         |
| time/                   |              |
|    fps                  | 641          |
|    iterations           | 181          |
|    time_elapsed         | 2310         |
|    total_timesteps      | 1482752      |
| train/                  |              |
|    approx_kl            | 0.0057085287 |
|    clip_fraction        | 0.0443       |
|    clip_range           | 0.2          |
|    entropy_loss         | -1           |
|    explained_variance   | 0.169        |
|    learning_rate        | 7e-05        |
|    loss                 | 0.229        |
|    n_updates            | 720          |
|    policy_gradient_loss | -0.00562     |
|    value_loss           | 0.427        |
------------------------------------------
------------------------------------------
| episode/                |              |
|    lines_cleared_mean   | 5.27         |
|    perfect_clears_mean  | 0            |
|    pieces_placed_mean   | 25.5         |
| rollout/                |              |
|    ep_len_mean          | 26.6         |
|    ep_rew_mean          | 32.9         |
| time/                   |              |
|    fps                  | 641          |
|    iterations           | 182          |
|    time_elapsed         | 2323         |
|    total_timesteps      | 1490944      |
| train/                  |              |
|    approx_kl            | 0.0056335675 |
|    clip_fraction        | 0.0442       |
|    clip_range           | 0.2          |
|    entropy_loss         | -0.997       |
|    explained_variance   | 0.18         |
|    learning_rate        | 7e-05        |
|    loss                 | 0.198        |
|    n_updates            | 724          |
|    policy_gradient_loss | -0.00458     |
|    value_loss           | 0.38         |
------------------------------------------
------------------------------------------
| episode/                |              |
|    lines_cleared_mean   | 5.5          |
|    perfect_clears_mean  | 0            |
|    pieces_placed_mean   | 26.5         |
| rollout/                |              |
|    ep_len_mean          | 27           |
|    ep_rew_mean          | 34.1         |
| time/                   |              |
|    fps                  | 641          |
|    iterations           | 183          |
|    time_elapsed         | 2335         |
|    total_timesteps      | 1499136      |
| train/                  |              |
|    approx_kl            | 0.0061720647 |
|    clip_fraction        | 0.0482       |
|    clip_range           | 0.2          |
|    entropy_loss         | -0.961       |
|    explained_variance   | 0.137        |
|    learning_rate        | 7e-05        |
|    loss                 | 0.265        |
|    n_updates            | 728          |
|    policy_gradient_loss | -0.00545     |
|    value_loss           | 0.419        |
------------------------------------------
------------------------------------------
| episode/                |              |
|    lines_cleared_mean   | 3.9          |
|    perfect_clears_mean  | 0            |
|    pieces_placed_mean   | 22.1         |
| rollout/                |              |
|    ep_len_mean          | 25.7         |
|    ep_rew_mean          | 31.6         |
| time/                   |              |
|    fps                  | 641          |
|    iterations           | 184          |
|    time_elapsed         | 2348         |
|    total_timesteps      | 1507328      |
| train/                  |              |
|    approx_kl            | 0.0052928906 |
|    clip_fraction        | 0.0441       |
|    clip_range           | 0.2          |
|    entropy_loss         | -0.961       |
|    explained_variance   | 0.188        |
|    learning_rate        | 7e-05        |
|    loss                 | 0.251        |
|    n_updates            | 732          |
|    policy_gradient_loss | -0.00499     |
|    value_loss           | 0.449        |
------------------------------------------
-----------------------------------------
| episode/                |             |
|    lines_cleared_mean   | 6.2         |
|    perfect_clears_mean  | 0           |
|    pieces_placed_mean   | 28.1        |
| rollout/                |             |
|    ep_len_mean          | 27.6        |
|    ep_rew_mean          | 34.9        |
| time/                   |             |
|    fps                  | 641         |
|    iterations           | 185         |
|    time_elapsed         | 2361        |
|    total_timesteps      | 1515520     |
| train/                  |             |
|    approx_kl            | 0.005644325 |
|    clip_fraction        | 0.0461      |
|    clip_range           | 0.2         |
|    entropy_loss         | -0.972      |
|    explained_variance   | 0.218       |
|    learning_rate        | 7e-05       |
|    loss                 | 0.181       |
|    n_updates            | 736         |
|    policy_gradient_loss | -0.0047     |
|    value_loss           | 0.376       |
-----------------------------------------
------------------------------------------
| episode/                |              |
|    lines_cleared_mean   | 7.25         |
|    perfect_clears_mean  | 0            |
|    pieces_placed_mean   | 30.1         |
| rollout/                |              |
|    ep_len_mean          | 26.7         |
|    ep_rew_mean          | 33.2         |
| time/                   |              |
|    fps                  | 641          |
|    iterations           | 186          |
|    time_elapsed         | 2374         |
|    total_timesteps      | 1523712      |
| train/                  |              |
|    approx_kl            | 0.0058218427 |
|    clip_fraction        | 0.0396       |
|    clip_range           | 0.2          |
|    entropy_loss         | -0.955       |
|    explained_variance   | 0.159        |
|    learning_rate        | 7e-05        |
|    loss                 | 0.278        |
|    n_updates            | 740          |
|    policy_gradient_loss | -0.00498     |
|    value_loss           | 0.432        |
------------------------------------------
-----------------------------------------
| episode/                |             |
|    lines_cleared_mean   | 5.9         |
|    perfect_clears_mean  | 0           |
|    pieces_placed_mean   | 26.2        |
| rollout/                |             |
|    ep_len_mean          | 26          |
|    ep_rew_mean          | 32.1        |
| time/                   |             |
|    fps                  | 641         |
|    iterations           | 187         |
|    time_elapsed         | 2387        |
|    total_timesteps      | 1531904     |
| train/                  |             |
|    approx_kl            | 0.005366426 |
|    clip_fraction        | 0.0429      |
|    clip_range           | 0.2         |
|    entropy_loss         | -0.972      |
|    explained_variance   | 0.186       |
|    learning_rate        | 7e-05       |
|    loss                 | 0.204       |
|    n_updates            | 744         |
|    policy_gradient_loss | -0.00455    |
|    value_loss           | 0.369       |
-----------------------------------------
-----------------------------------------
| episode/                |             |
|    lines_cleared_mean   | 6.4         |
|    perfect_clears_mean  | 0           |
|    pieces_placed_mean   | 28          |
| rollout/                |             |
|    ep_len_mean          | 27.5        |
|    ep_rew_mean          | 35          |
| time/                   |             |
|    fps                  | 641         |
|    iterations           | 188         |
|    time_elapsed         | 2399        |
|    total_timesteps      | 1540096     |
| train/                  |             |
|    approx_kl            | 0.005814636 |
|    clip_fraction        | 0.0458      |
|    clip_range           | 0.2         |
|    entropy_loss         | -0.971      |
|    explained_variance   | 0.163       |
|    learning_rate        | 7e-05       |
|    loss                 | 0.226       |
|    n_updates            | 748         |
|    policy_gradient_loss | -0.00524    |
|    value_loss           | 0.381       |
-----------------------------------------
-----------------------------------------
| episode/                |             |
|    lines_cleared_mean   | 3.9         |
|    perfect_clears_mean  | 0           |
|    pieces_placed_mean   | 22.8        |
| rollout/                |             |
|    ep_len_mean          | 26.6        |
|    ep_rew_mean          | 33.1        |
| time/                   |             |
|    fps                  | 641         |
|    iterations           | 189         |
|    time_elapsed         | 2412        |
|    total_timesteps      | 1548288     |
| train/                  |             |
|    approx_kl            | 0.005535434 |
|    clip_fraction        | 0.0456      |
|    clip_range           | 0.2         |
|    entropy_loss         | -0.934      |
|    explained_variance   | 0.216       |
|    learning_rate        | 7e-05       |
|    loss                 | 0.192       |
|    n_updates            | 752         |
|    policy_gradient_loss | -0.00511    |
|    value_loss           | 0.365       |
-----------------------------------------
------------------------------------------
| episode/                |              |
|    lines_cleared_mean   | 6.7          |
|    perfect_clears_mean  | 0            |
|    pieces_placed_mean   | 29.6         |
| rollout/                |              |
|    ep_len_mean          | 26.1         |
|    ep_rew_mean          | 31.3         |
| time/                   |              |
|    fps                  | 641          |
|    iterations           | 190          |
|    time_elapsed         | 2425         |
|    total_timesteps      | 1556480      |
| train/                  |              |
|    approx_kl            | 0.0055838535 |
|    clip_fraction        | 0.0497       |
|    clip_range           | 0.2          |
|    entropy_loss         | -0.924       |
|    explained_variance   | 0.225        |
|    learning_rate        | 7e-05        |
|    loss                 | 0.225        |
|    n_updates            | 756          |
|    policy_gradient_loss | -0.00458     |
|    value_loss           | 0.379        |
------------------------------------------
-----------------------------------------
| episode/                |             |
|    lines_cleared_mean   | 5.7         |
|    perfect_clears_mean  | 0           |
|    pieces_placed_mean   | 25.6        |
| rollout/                |             |
|    ep_len_mean          | 26.6        |
|    ep_rew_mean          | 33.4        |
| time/                   |             |
|    fps                  | 641         |
|    iterations           | 191         |
|    time_elapsed         | 2438        |
|    total_timesteps      | 1564672     |
| train/                  |             |
|    approx_kl            | 0.005441853 |
|    clip_fraction        | 0.0507      |
|    clip_range           | 0.2         |
|    entropy_loss         | -0.924      |
|    explained_variance   | 0.226       |
|    learning_rate        | 7e-05       |
|    loss                 | 0.227       |
|    n_updates            | 760         |
|    policy_gradient_loss | -0.00529    |
|    value_loss           | 0.403       |
-----------------------------------------
------------------------------------------
| episode/                |              |
|    lines_cleared_mean   | 4.73         |
|    perfect_clears_mean  | 0            |
|    pieces_placed_mean   | 23.3         |
| rollout/                |              |
|    ep_len_mean          | 24.4         |
|    ep_rew_mean          | 27.9         |
| time/                   |              |
|    fps                  | 641          |
|    iterations           | 192          |
|    time_elapsed         | 2451         |
|    total_timesteps      | 1572864      |
| train/                  |              |
|    approx_kl            | 0.0055271396 |
|    clip_fraction        | 0.0461       |
|    clip_range           | 0.2          |
|    entropy_loss         | -0.936       |
|    explained_variance   | 0.211        |
|    learning_rate        | 7e-05        |
|    loss                 | 0.268        |
|    n_updates            | 764          |
|    policy_gradient_loss | -0.00545     |
|    value_loss           | 0.399        |
------------------------------------------
-----------------------------------------
| episode/                |             |
|    lines_cleared_mean   | 10.3        |
|    perfect_clears_mean  | 0           |
|    pieces_placed_mean   | 37.2        |
| rollout/                |             |
|    ep_len_mean          | 26.9        |
|    ep_rew_mean          | 33.4        |
| time/                   |             |
|    fps                  | 641         |
|    iterations           | 193         |
|    time_elapsed         | 2463        |
|    total_timesteps      | 1581056     |
| train/                  |             |
|    approx_kl            | 0.005283614 |
|    clip_fraction        | 0.0503      |
|    clip_range           | 0.2         |
|    entropy_loss         | -0.947      |
|    explained_variance   | 0.238       |
|    learning_rate        | 7e-05       |
|    loss                 | 0.213       |
|    n_updates            | 768         |
|    policy_gradient_loss | -0.00522    |
|    value_loss           | 0.353       |
-----------------------------------------
------------------------------------------
| episode/                |              |
|    lines_cleared_mean   | 5.3          |
|    perfect_clears_mean  | 0            |
|    pieces_placed_mean   | 25.2         |
| rollout/                |              |
|    ep_len_mean          | 26.5         |
|    ep_rew_mean          | 32.9         |
| time/                   |              |
|    fps                  | 641          |
|    iterations           | 194          |
|    time_elapsed         | 2476         |
|    total_timesteps      | 1589248      |
| train/                  |              |
|    approx_kl            | 0.0059382673 |
|    clip_fraction        | 0.0469       |
|    clip_range           | 0.2          |
|    entropy_loss         | -0.949       |
|    explained_variance   | 0.147        |
|    learning_rate        | 7e-05        |
|    loss                 | 0.295        |
|    n_updates            | 772          |
|    policy_gradient_loss | -0.005       |
|    value_loss           | 0.415        |
------------------------------------------
-----------------------------------------
| episode/                |             |
|    lines_cleared_mean   | 4.7         |
|    perfect_clears_mean  | 0           |
|    pieces_placed_mean   | 24.1        |
| rollout/                |             |
|    ep_len_mean          | 25.4        |
|    ep_rew_mean          | 30          |
| time/                   |             |
|    fps                  | 641         |
|    iterations           | 195         |
|    time_elapsed         | 2489        |
|    total_timesteps      | 1597440     |
| train/                  |             |
|    approx_kl            | 0.005943298 |
|    clip_fraction        | 0.0504      |
|    clip_range           | 0.2         |
|    entropy_loss         | -0.954      |
|    explained_variance   | 0.204       |
|    learning_rate        | 7e-05       |
|    loss                 | 0.246       |
|    n_updates            | 776         |
|    policy_gradient_loss | -0.00628    |
|    value_loss           | 0.39        |
-----------------------------------------
------------------------------------------
| episode/                |              |
|    lines_cleared_mean   | 5.25         |
|    perfect_clears_mean  | 0            |
|    pieces_placed_mean   | 25.6         |
| rollout/                |              |
|    ep_len_mean          | 25           |
|    ep_rew_mean          | 29.4         |
| time/                   |              |
|    fps                  | 641          |
|    iterations           | 196          |
|    time_elapsed         | 2502         |
|    total_timesteps      | 1605632      |
| train/                  |              |
|    approx_kl            | 0.0054175025 |
|    clip_fraction        | 0.0452       |
|    clip_range           | 0.2          |
|    entropy_loss         | -0.957       |
|    explained_variance   | 0.186        |
|    learning_rate        | 7e-05        |
|    loss                 | 0.232        |
|    n_updates            | 780          |
|    policy_gradient_loss | -0.00515     |
|    value_loss           | 0.376        |
------------------------------------------
------------------------------------------
| episode/                |              |
|    lines_cleared_mean   | 5.91         |
|    perfect_clears_mean  | 0            |
|    pieces_placed_mean   | 26.4         |
| rollout/                |              |
|    ep_len_mean          | 27           |
|    ep_rew_mean          | 33.9         |
| time/                   |              |
|    fps                  | 641          |
|    iterations           | 197          |
|    time_elapsed         | 2514         |
|    total_timesteps      | 1613824      |
| train/                  |              |
|    approx_kl            | 0.0056925146 |
|    clip_fraction        | 0.048        |
|    clip_range           | 0.2          |
|    entropy_loss         | -0.968       |
|    explained_variance   | 0.172        |
|    learning_rate        | 7e-05        |
|    loss                 | 0.253        |
|    n_updates            | 784          |
|    policy_gradient_loss | -0.0048      |
|    value_loss           | 0.399        |
------------------------------------------
-----------------------------------------
| episode/                |             |
|    lines_cleared_mean   | 7           |
|    perfect_clears_mean  | 0           |
|    pieces_placed_mean   | 28.6        |
| rollout/                |             |
|    ep_len_mean          | 26.6        |
|    ep_rew_mean          | 33.4        |
| time/                   |             |
|    fps                  | 641         |
|    iterations           | 198         |
|    time_elapsed         | 2527        |
|    total_timesteps      | 1622016     |
| train/                  |             |
|    approx_kl            | 0.006405781 |
|    clip_fraction        | 0.0526      |
|    clip_range           | 0.2         |
|    entropy_loss         | -0.965      |
|    explained_variance   | 0.23        |
|    learning_rate        | 7e-05       |
|    loss                 | 0.179       |
|    n_updates            | 788         |
|    policy_gradient_loss | -0.00606    |
|    value_loss           | 0.354       |
-----------------------------------------
-----------------------------------------
| episode/                |             |
|    lines_cleared_mean   | 3.5         |
|    perfect_clears_mean  | 0           |
|    pieces_placed_mean   | 21          |
| rollout/                |             |
|    ep_len_mean          | 25          |
|    ep_rew_mean          | 29.6        |
| time/                   |             |
|    fps                  | 641         |
|    iterations           | 199         |
|    time_elapsed         | 2540        |
|    total_timesteps      | 1630208     |
| train/                  |             |
|    approx_kl            | 0.005820292 |
|    clip_fraction        | 0.0461      |
|    clip_range           | 0.2         |
|    entropy_loss         | -0.948      |
|    explained_variance   | 0.235       |
|    learning_rate        | 7e-05       |
|    loss                 | 0.175       |
|    n_updates            | 792         |
|    policy_gradient_loss | -0.00515    |
|    value_loss           | 0.339       |
-----------------------------------------
-----------------------------------------
| episode/                |             |
|    lines_cleared_mean   | 5.6         |
|    perfect_clears_mean  | 0           |
|    pieces_placed_mean   | 25          |
| rollout/                |             |
|    ep_len_mean          | 26.7        |
|    ep_rew_mean          | 33.6        |
| time/                   |             |
|    fps                  | 641         |
|    iterations           | 200         |
|    time_elapsed         | 2553        |
|    total_timesteps      | 1638400     |
| train/                  |             |
|    approx_kl            | 0.005990492 |
|    clip_fraction        | 0.05        |
|    clip_range           | 0.2         |
|    entropy_loss         | -0.961      |
|    explained_variance   | 0.21        |
|    learning_rate        | 7e-05       |
|    loss                 | 0.216       |
|    n_updates            | 796         |
|    policy_gradient_loss | -0.00532    |
|    value_loss           | 0.331       |
-----------------------------------------
------------------------------------------
| episode/                |              |
|    lines_cleared_mean   | 4.9          |
|    perfect_clears_mean  | 0            |
|    pieces_placed_mean   | 25.2         |
| rollout/                |              |
|    ep_len_mean          | 27.7         |
|    ep_rew_mean          | 34.5         |
| time/                   |              |
|    fps                  | 641          |
|    iterations           | 201          |
|    time_elapsed         | 2565         |
|    total_timesteps      | 1646592      |
| train/                  |              |
|    approx_kl            | 0.0066120527 |
|    clip_fraction        | 0.0547       |
|    clip_range           | 0.2          |
|    entropy_loss         | -0.939       |
|    explained_variance   | 0.27         |
|    learning_rate        | 7e-05        |
|    loss                 | 0.159        |
|    n_updates            | 800          |
|    policy_gradient_loss | -0.00667     |
|    value_loss           | 0.292        |
------------------------------------------
------------------------------------------
| episode/                |              |
|    lines_cleared_mean   | 6.4          |
|    perfect_clears_mean  | 0            |
|    pieces_placed_mean   | 27.2         |
| rollout/                |              |
|    ep_len_mean          | 25           |
|    ep_rew_mean          | 29.4         |
| time/                   |              |
|    fps                  | 641          |
|    iterations           | 202          |
|    time_elapsed         | 2578         |
|    total_timesteps      | 1654784      |
| train/                  |              |
|    approx_kl            | 0.0059350664 |
|    clip_fraction        | 0.04         |
|    clip_range           | 0.2          |
|    entropy_loss         | -0.93        |
|    explained_variance   | 0.244        |
|    learning_rate        | 7e-05        |
|    loss                 | 0.231        |
|    n_updates            | 804          |
|    policy_gradient_loss | -0.00607     |
|    value_loss           | 0.368        |
------------------------------------------
------------------------------------------
| episode/                |              |
|    lines_cleared_mean   | 7.4          |
|    perfect_clears_mean  | 0            |
|    pieces_placed_mean   | 30.1         |
| rollout/                |              |
|    ep_len_mean          | 27.5         |
|    ep_rew_mean          | 35.5         |
| time/                   |              |
|    fps                  | 641          |
|    iterations           | 203          |
|    time_elapsed         | 2591         |
|    total_timesteps      | 1662976      |
| train/                  |              |
|    approx_kl            | 0.0054460997 |
|    clip_fraction        | 0.0401       |
|    clip_range           | 0.2          |
|    entropy_loss         | -0.937       |
|    explained_variance   | 0.235        |
|    learning_rate        | 7e-05        |
|    loss                 | 0.166        |
|    n_updates            | 808          |
|    policy_gradient_loss | -0.00524     |
|    value_loss           | 0.341        |
------------------------------------------
-----------------------------------------
| episode/                |             |
|    lines_cleared_mean   | 4.5         |
|    perfect_clears_mean  | 0           |
|    pieces_placed_mean   | 23.7        |
| rollout/                |             |
|    ep_len_mean          | 26.2        |
|    ep_rew_mean          | 31.9        |
| time/                   |             |
|    fps                  | 641         |
|    iterations           | 204         |
|    time_elapsed         | 2604        |
|    total_timesteps      | 1671168     |
| train/                  |             |
|    approx_kl            | 0.005542172 |
|    clip_fraction        | 0.0446      |
|    clip_range           | 0.2         |
|    entropy_loss         | -0.921      |
|    explained_variance   | 0.265       |
|    learning_rate        | 7e-05       |
|    loss                 | 0.19        |
|    n_updates            | 812         |
|    policy_gradient_loss | -0.0047     |
|    value_loss           | 0.328       |
-----------------------------------------
------------------------------------------
| episode/                |              |
|    lines_cleared_mean   | 4.6          |
|    perfect_clears_mean  | 0            |
|    pieces_placed_mean   | 23.3         |
| rollout/                |              |
|    ep_len_mean          | 27.6         |
|    ep_rew_mean          | 35           |
| time/                   |              |
|    fps                  | 641          |
|    iterations           | 205          |
|    time_elapsed         | 2616         |
|    total_timesteps      | 1679360      |
| train/                  |              |
|    approx_kl            | 0.0059868963 |
|    clip_fraction        | 0.0493       |
|    clip_range           | 0.2          |
|    entropy_loss         | -0.928       |
|    explained_variance   | 0.272        |
|    learning_rate        | 7e-05        |
|    loss                 | 0.183        |
|    n_updates            | 816          |
|    policy_gradient_loss | -0.0057      |
|    value_loss           | 0.335        |
------------------------------------------
------------------------------------------
| episode/                |              |
|    lines_cleared_mean   | 5.18         |
|    perfect_clears_mean  | 0            |
|    pieces_placed_mean   | 25           |
| rollout/                |              |
|    ep_len_mean          | 27.2         |
|    ep_rew_mean          | 34.6         |
| time/                   |              |
|    fps                  | 641          |
|    iterations           | 206          |
|    time_elapsed         | 2629         |
|    total_timesteps      | 1687552      |
| train/                  |              |
|    approx_kl            | 0.0054963334 |
|    clip_fraction        | 0.0496       |
|    clip_range           | 0.2          |
|    entropy_loss         | -0.923       |
|    explained_variance   | 0.258        |
|    learning_rate        | 7e-05        |
|    loss                 | 0.177        |
|    n_updates            | 820          |
|    policy_gradient_loss | -0.00626     |
|    value_loss           | 0.334        |
------------------------------------------
-----------------------------------------
| episode/                |             |
|    lines_cleared_mean   | 7           |
|    perfect_clears_mean  | 0           |
|    pieces_placed_mean   | 29.2        |
| rollout/                |             |
|    ep_len_mean          | 25.9        |
|    ep_rew_mean          | 31.6        |
| time/                   |             |
|    fps                  | 641         |
|    iterations           | 207         |
|    time_elapsed         | 2642        |
|    total_timesteps      | 1695744     |
| train/                  |             |
|    approx_kl            | 0.006018888 |
|    clip_fraction        | 0.0531      |
|    clip_range           | 0.2         |
|    entropy_loss         | -0.895      |
|    explained_variance   | 0.223       |
|    learning_rate        | 7e-05       |
|    loss                 | 0.156       |
|    n_updates            | 824         |
|    policy_gradient_loss | -0.00598    |
|    value_loss           | 0.357       |
-----------------------------------------
------------------------------------------
| episode/                |              |
|    lines_cleared_mean   | 8.7          |
|    perfect_clears_mean  | 0            |
|    pieces_placed_mean   | 32.6         |
| rollout/                |              |
|    ep_len_mean          | 28.6         |
|    ep_rew_mean          | 37.1         |
| time/                   |              |
|    fps                  | 641          |
|    iterations           | 208          |
|    time_elapsed         | 2654         |
|    total_timesteps      | 1703936      |
| train/                  |              |
|    approx_kl            | 0.0047109164 |
|    clip_fraction        | 0.0386       |
|    clip_range           | 0.2          |
|    entropy_loss         | -0.902       |
|    explained_variance   | 0.19         |
|    learning_rate        | 7e-05        |
|    loss                 | 0.186        |
|    n_updates            | 828          |
|    policy_gradient_loss | -0.00396     |
|    value_loss           | 0.37         |
------------------------------------------
-----------------------------------------
| episode/                |             |
|    lines_cleared_mean   | 5.7         |
|    perfect_clears_mean  | 0           |
|    pieces_placed_mean   | 26.2        |
| rollout/                |             |
|    ep_len_mean          | 26.4        |
|    ep_rew_mean          | 32.7        |
| time/                   |             |
|    fps                  | 641         |
|    iterations           | 209         |
|    time_elapsed         | 2667        |
|    total_timesteps      | 1712128     |
| train/                  |             |
|    approx_kl            | 0.005229363 |
|    clip_fraction        | 0.0429      |
|    clip_range           | 0.2         |
|    entropy_loss         | -0.876      |
|    explained_variance   | 0.202       |
|    learning_rate        | 7e-05       |
|    loss                 | 0.188       |
|    n_updates            | 832         |
|    policy_gradient_loss | -0.00496    |
|    value_loss           | 0.362       |
-----------------------------------------
------------------------------------------
| episode/                |              |
|    lines_cleared_mean   | 6.4          |
|    perfect_clears_mean  | 0            |
|    pieces_placed_mean   | 26.8         |
| rollout/                |              |
|    ep_len_mean          | 28.1         |
|    ep_rew_mean          | 36.7         |
| time/                   |              |
|    fps                  | 641          |
|    iterations           | 210          |
|    time_elapsed         | 2680         |
|    total_timesteps      | 1720320      |
| train/                  |              |
|    approx_kl            | 0.0052966084 |
|    clip_fraction        | 0.0459       |
|    clip_range           | 0.2          |
|    entropy_loss         | -0.876       |
|    explained_variance   | 0.239        |
|    learning_rate        | 7e-05        |
|    loss                 | 0.199        |
|    n_updates            | 836          |
|    policy_gradient_loss | -0.00497     |
|    value_loss           | 0.352        |
------------------------------------------
------------------------------------------
| episode/                |              |
|    lines_cleared_mean   | 4.7          |
|    perfect_clears_mean  | 0            |
|    pieces_placed_mean   | 24.1         |
| rollout/                |              |
|    ep_len_mean          | 27.1         |
|    ep_rew_mean          | 34           |
| time/                   |              |
|    fps                  | 641          |
|    iterations           | 211          |
|    time_elapsed         | 2693         |
|    total_timesteps      | 1728512      |
| train/                  |              |
|    approx_kl            | 0.0049147876 |
|    clip_fraction        | 0.0414       |
|    clip_range           | 0.2          |
|    entropy_loss         | -0.868       |
|    explained_variance   | 0.118        |
|    learning_rate        | 7e-05        |
|    loss                 | 0.252        |
|    n_updates            | 840          |
|    policy_gradient_loss | -0.00487     |
|    value_loss           | 0.402        |
------------------------------------------
-----------------------------------------
| episode/                |             |
|    lines_cleared_mean   | 7.9         |
|    perfect_clears_mean  | 0           |
|    pieces_placed_mean   | 31.1        |
| rollout/                |             |
|    ep_len_mean          | 28.3        |
|    ep_rew_mean          | 37.1        |
| time/                   |             |
|    fps                  | 641         |
|    iterations           | 212         |
|    time_elapsed         | 2705        |
|    total_timesteps      | 1736704     |
| train/                  |             |
|    approx_kl            | 0.004511582 |
|    clip_fraction        | 0.0309      |
|    clip_range           | 0.2         |
|    entropy_loss         | -0.871      |
|    explained_variance   | 0.183       |
|    learning_rate        | 7e-05       |
|    loss                 | 0.185       |
|    n_updates            | 844         |
|    policy_gradient_loss | -0.00356    |
|    value_loss           | 0.369       |
-----------------------------------------
-----------------------------------------
| episode/                |             |
|    lines_cleared_mean   | 5           |
|    perfect_clears_mean  | 0           |
|    pieces_placed_mean   | 24.5        |
| rollout/                |             |
|    ep_len_mean          | 27.3        |
|    ep_rew_mean          | 34.2        |
| time/                   |             |
|    fps                  | 641         |
|    iterations           | 213         |
|    time_elapsed         | 2718        |
|    total_timesteps      | 1744896     |
| train/                  |             |
|    approx_kl            | 0.005130068 |
|    clip_fraction        | 0.0411      |
|    clip_range           | 0.2         |
|    entropy_loss         | -0.857      |
|    explained_variance   | 0.192       |
|    learning_rate        | 7e-05       |
|    loss                 | 0.197       |
|    n_updates            | 848         |
|    policy_gradient_loss | -0.0051     |
|    value_loss           | 0.395       |
-----------------------------------------
------------------------------------------
| episode/                |              |
|    lines_cleared_mean   | 7.8          |
|    perfect_clears_mean  | 0            |
|    pieces_placed_mean   | 31.2         |
| rollout/                |              |
|    ep_len_mean          | 27.4         |
|    ep_rew_mean          | 34.9         |
| time/                   |              |
|    fps                  | 641          |
|    iterations           | 214          |
|    time_elapsed         | 2731         |
|    total_timesteps      | 1753088      |
| train/                  |              |
|    approx_kl            | 0.0053867484 |
|    clip_fraction        | 0.0439       |
|    clip_range           | 0.2          |
|    entropy_loss         | -0.878       |
|    explained_variance   | 0.26         |
|    learning_rate        | 7e-05        |
|    loss                 | 0.191        |
|    n_updates            | 852          |
|    policy_gradient_loss | -0.00603     |
|    value_loss           | 0.368        |
------------------------------------------
------------------------------------------
| episode/                |              |
|    lines_cleared_mean   | 7.1          |
|    perfect_clears_mean  | 0            |
|    pieces_placed_mean   | 29.6         |
| rollout/                |              |
|    ep_len_mean          | 26.6         |
|    ep_rew_mean          | 32.4         |
| time/                   |              |
|    fps                  | 641          |
|    iterations           | 215          |
|    time_elapsed         | 2744         |
|    total_timesteps      | 1761280      |
| train/                  |              |
|    approx_kl            | 0.0055607213 |
|    clip_fraction        | 0.0469       |
|    clip_range           | 0.2          |
|    entropy_loss         | -0.871       |
|    explained_variance   | 0.249        |
|    learning_rate        | 7e-05        |
|    loss                 | 0.219        |
|    n_updates            | 856          |
|    policy_gradient_loss | -0.00592     |
|    value_loss           | 0.358        |
------------------------------------------
------------------------------------------
| episode/                |              |
|    lines_cleared_mean   | 6.7          |
|    perfect_clears_mean  | 0            |
|    pieces_placed_mean   | 28.8         |
| rollout/                |              |
|    ep_len_mean          | 27.5         |
|    ep_rew_mean          | 34.8         |
| time/                   |              |
|    fps                  | 641          |
|    iterations           | 216          |
|    time_elapsed         | 2756         |
|    total_timesteps      | 1769472      |
| train/                  |              |
|    approx_kl            | 0.0051401183 |
|    clip_fraction        | 0.0443       |
|    clip_range           | 0.2          |
|    entropy_loss         | -0.864       |
|    explained_variance   | 0.243        |
|    learning_rate        | 7e-05        |
|    loss                 | 0.265        |
|    n_updates            | 860          |
|    policy_gradient_loss | -0.00477     |
|    value_loss           | 0.373        |
------------------------------------------
------------------------------------------
| episode/                |              |
|    lines_cleared_mean   | 4.82         |
|    perfect_clears_mean  | 0            |
|    pieces_placed_mean   | 25.1         |
| rollout/                |              |
|    ep_len_mean          | 28.3         |
|    ep_rew_mean          | 36.8         |
| time/                   |              |
|    fps                  | 641          |
|    iterations           | 217          |
|    time_elapsed         | 2769         |
|    total_timesteps      | 1777664      |
| train/                  |              |
|    approx_kl            | 0.0057597384 |
|    clip_fraction        | 0.0509       |
|    clip_range           | 0.2          |
|    entropy_loss         | -0.879       |
|    explained_variance   | 0.235        |
|    learning_rate        | 7e-05        |
|    loss                 | 0.199        |
|    n_updates            | 864          |
|    policy_gradient_loss | -0.00581     |
|    value_loss           | 0.336        |
------------------------------------------
------------------------------------------
| episode/                |              |
|    lines_cleared_mean   | 5.3          |
|    perfect_clears_mean  | 0            |
|    pieces_placed_mean   | 24.1         |
| rollout/                |              |
|    ep_len_mean          | 26.6         |
|    ep_rew_mean          | 33.3         |
| time/                   |              |
|    fps                  | 641          |
|    iterations           | 218          |
|    time_elapsed         | 2782         |
|    total_timesteps      | 1785856      |
| train/                  |              |
|    approx_kl            | 0.0060230438 |
|    clip_fraction        | 0.0482       |
|    clip_range           | 0.2          |
|    entropy_loss         | -0.893       |
|    explained_variance   | 0.23         |
|    learning_rate        | 7e-05        |
|    loss                 | 0.207        |
|    n_updates            | 868          |
|    policy_gradient_loss | -0.0055      |
|    value_loss           | 0.361        |
------------------------------------------
-----------------------------------------
| episode/                |             |
|    lines_cleared_mean   | 6.4         |
|    perfect_clears_mean  | 0           |
|    pieces_placed_mean   | 27.6        |
| rollout/                |             |
|    ep_len_mean          | 28.4        |
|    ep_rew_mean          | 37.1        |
| time/                   |             |
|    fps                  | 641         |
|    iterations           | 219         |
|    time_elapsed         | 2795        |
|    total_timesteps      | 1794048     |
| train/                  |             |
|    approx_kl            | 0.005710746 |
|    clip_fraction        | 0.0492      |
|    clip_range           | 0.2         |
|    entropy_loss         | -0.884      |
|    explained_variance   | 0.218       |
|    learning_rate        | 7e-05       |
|    loss                 | 0.207       |
|    n_updates            | 872         |
|    policy_gradient_loss | -0.00532    |
|    value_loss           | 0.39        |
-----------------------------------------
------------------------------------------
| episode/                |              |
|    lines_cleared_mean   | 5.6          |
|    perfect_clears_mean  | 0            |
|    pieces_placed_mean   | 25.9         |
| rollout/                |              |
|    ep_len_mean          | 27.8         |
|    ep_rew_mean          | 35.7         |
| time/                   |              |
|    fps                  | 641          |
|    iterations           | 220          |
|    time_elapsed         | 2807         |
|    total_timesteps      | 1802240      |
| train/                  |              |
|    approx_kl            | 0.0053622285 |
|    clip_fraction        | 0.0445       |
|    clip_range           | 0.2          |
|    entropy_loss         | -0.877       |
|    explained_variance   | 0.155        |
|    learning_rate        | 7e-05        |
|    loss                 | 0.192        |
|    n_updates            | 876          |
|    policy_gradient_loss | -0.00478     |
|    value_loss           | 0.372        |
------------------------------------------
-----------------------------------------
| episode/                |             |
|    lines_cleared_mean   | 4.3         |
|    perfect_clears_mean  | 0           |
|    pieces_placed_mean   | 24.1        |
| rollout/                |             |
|    ep_len_mean          | 27          |
|    ep_rew_mean          | 33.8        |
| time/                   |             |
|    fps                  | 641         |
|    iterations           | 221         |
|    time_elapsed         | 2820        |
|    total_timesteps      | 1810432     |
| train/                  |             |
|    approx_kl            | 0.005801511 |
|    clip_fraction        | 0.0458      |
|    clip_range           | 0.2         |
|    entropy_loss         | -0.912      |
|    explained_variance   | 0.241       |
|    learning_rate        | 7e-05       |
|    loss                 | 0.194       |
|    n_updates            | 880         |
|    policy_gradient_loss | -0.00557    |
|    value_loss           | 0.364       |
-----------------------------------------
------------------------------------------
| episode/                |              |
|    lines_cleared_mean   | 5.5          |
|    perfect_clears_mean  | 0            |
|    pieces_placed_mean   | 26.5         |
| rollout/                |              |
|    ep_len_mean          | 27.3         |
|    ep_rew_mean          | 34.8         |
| time/                   |              |
|    fps                  | 641          |
|    iterations           | 222          |
|    time_elapsed         | 2833         |
|    total_timesteps      | 1818624      |
| train/                  |              |
|    approx_kl            | 0.0056173364 |
|    clip_fraction        | 0.0421       |
|    clip_range           | 0.2          |
|    entropy_loss         | -0.869       |
|    explained_variance   | 0.185        |
|    learning_rate        | 7e-05        |
|    loss                 | 0.239        |
|    n_updates            | 884          |
|    policy_gradient_loss | -0.00535     |
|    value_loss           | 0.39         |
------------------------------------------
-----------------------------------------
| episode/                |             |
|    lines_cleared_mean   | 6.27        |
|    perfect_clears_mean  | 0           |
|    pieces_placed_mean   | 27.9        |
| rollout/                |             |
|    ep_len_mean          | 27.2        |
|    ep_rew_mean          | 34          |
| time/                   |             |
|    fps                  | 641         |
|    iterations           | 223         |
|    time_elapsed         | 2846        |
|    total_timesteps      | 1826816     |
| train/                  |             |
|    approx_kl            | 0.004926363 |
|    clip_fraction        | 0.0369      |
|    clip_range           | 0.2         |
|    entropy_loss         | -0.881      |
|    explained_variance   | 0.196       |
|    learning_rate        | 7e-05       |
|    loss                 | 0.229       |
|    n_updates            | 888         |
|    policy_gradient_loss | -0.00542    |
|    value_loss           | 0.385       |
-----------------------------------------
------------------------------------------
| episode/                |              |
|    lines_cleared_mean   | 7.6          |
|    perfect_clears_mean  | 0            |
|    pieces_placed_mean   | 30.7         |
| rollout/                |              |
|    ep_len_mean          | 26.8         |
|    ep_rew_mean          | 33.8         |
| time/                   |              |
|    fps                  | 641          |
|    iterations           | 224          |
|    time_elapsed         | 2858         |
|    total_timesteps      | 1835008      |
| train/                  |              |
|    approx_kl            | 0.0057699867 |
|    clip_fraction        | 0.049        |
|    clip_range           | 0.2          |
|    entropy_loss         | -0.878       |
|    explained_variance   | 0.227        |
|    learning_rate        | 7e-05        |
|    loss                 | 0.206        |
|    n_updates            | 892          |
|    policy_gradient_loss | -0.00596     |
|    value_loss           | 0.365        |
------------------------------------------
------------------------------------------
| episode/                |              |
|    lines_cleared_mean   | 7.4          |
|    perfect_clears_mean  | 0            |
|    pieces_placed_mean   | 30.1         |
| rollout/                |              |
|    ep_len_mean          | 29.3         |
|    ep_rew_mean          | 39.3         |
| time/                   |              |
|    fps                  | 641          |
|    iterations           | 225          |
|    time_elapsed         | 2871         |
|    total_timesteps      | 1843200      |
| train/                  |              |
|    approx_kl            | 0.0053754793 |
|    clip_fraction        | 0.0425       |
|    clip_range           | 0.2          |
|    entropy_loss         | -0.878       |
|    explained_variance   | 0.151        |
|    learning_rate        | 7e-05        |
|    loss                 | 0.203        |
|    n_updates            | 896          |
|    policy_gradient_loss | -0.00426     |
|    value_loss           | 0.396        |
------------------------------------------
------------------------------------------
| episode/                |              |
|    lines_cleared_mean   | 4.6          |
|    perfect_clears_mean  | 0            |
|    pieces_placed_mean   | 22.8         |
| rollout/                |              |
|    ep_len_mean          | 27.4         |
|    ep_rew_mean          | 34.6         |
| time/                   |              |
|    fps                  | 641          |
|    iterations           | 226          |
|    time_elapsed         | 2884         |
|    total_timesteps      | 1851392      |
| train/                  |              |
|    approx_kl            | 0.0063975747 |
|    clip_fraction        | 0.0442       |
|    clip_range           | 0.2          |
|    entropy_loss         | -0.879       |
|    explained_variance   | 0.192        |
|    learning_rate        | 7e-05        |
|    loss                 | 0.211        |
|    n_updates            | 900          |
|    policy_gradient_loss | -0.00466     |
|    value_loss           | 0.391        |
------------------------------------------
------------------------------------------
| episode/                |              |
|    lines_cleared_mean   | 7.09         |
|    perfect_clears_mean  | 0            |
|    pieces_placed_mean   | 29.3         |
| rollout/                |              |
|    ep_len_mean          | 26.9         |
|    ep_rew_mean          | 33.6         |
| time/                   |              |
|    fps                  | 641          |
|    iterations           | 227          |
|    time_elapsed         | 2896         |
|    total_timesteps      | 1859584      |
| train/                  |              |
|    approx_kl            | 0.0052773464 |
|    clip_fraction        | 0.0423       |
|    clip_range           | 0.2          |
|    entropy_loss         | -0.875       |
|    explained_variance   | 0.253        |
|    learning_rate        | 7e-05        |
|    loss                 | 0.183        |
|    n_updates            | 904          |
|    policy_gradient_loss | -0.00549     |
|    value_loss           | 0.381        |
------------------------------------------
---------------------------------------
| episode/                |           |
|    lines_cleared_mean   | 6.3       |
|    perfect_clears_mean  | 0         |
|    pieces_placed_mean   | 27.6      |
| rollout/                |           |
|    ep_len_mean          | 31        |
|    ep_rew_mean          | 42.9      |
| time/                   |           |
|    fps                  | 641       |
|    iterations           | 228       |
|    time_elapsed         | 2909      |
|    total_timesteps      | 1867776   |
| train/                  |           |
|    approx_kl            | 0.0044468 |
|    clip_fraction        | 0.0413    |
|    clip_range           | 0.2       |
|    entropy_loss         | -0.86     |
|    explained_variance   | 0.279     |
|    learning_rate        | 7e-05     |
|    loss                 | 0.22      |
|    n_updates            | 908       |
|    policy_gradient_loss | -0.00364  |
|    value_loss           | 0.346     |
---------------------------------------
------------------------------------------
| episode/                |              |
|    lines_cleared_mean   | 7            |
|    perfect_clears_mean  | 0            |
|    pieces_placed_mean   | 29.2         |
| rollout/                |              |
|    ep_len_mean          | 26.6         |
|    ep_rew_mean          | 32.5         |
| time/                   |              |
|    fps                  | 641          |
|    iterations           | 229          |
|    time_elapsed         | 2922         |
|    total_timesteps      | 1875968      |
| train/                  |              |
|    approx_kl            | 0.0051447973 |
|    clip_fraction        | 0.0359       |
|    clip_range           | 0.2          |
|    entropy_loss         | -0.836       |
|    explained_variance   | 0.147        |
|    learning_rate        | 7e-05        |
|    loss                 | 0.234        |
|    n_updates            | 912          |
|    policy_gradient_loss | -0.00442     |
|    value_loss           | 0.39         |
------------------------------------------
------------------------------------------
| episode/                |              |
|    lines_cleared_mean   | 7.8          |
|    perfect_clears_mean  | 0            |
|    pieces_placed_mean   | 30.5         |
| rollout/                |              |
|    ep_len_mean          | 29.1         |
|    ep_rew_mean          | 38.9         |
| time/                   |              |
|    fps                  | 642          |
|    iterations           | 230          |
|    time_elapsed         | 2934         |
|    total_timesteps      | 1884160      |
| train/                  |              |
|    approx_kl            | 0.0054189563 |
|    clip_fraction        | 0.0467       |
|    clip_range           | 0.2          |
|    entropy_loss         | -0.858       |
|    explained_variance   | 0.243        |
|    learning_rate        | 7e-05        |
|    loss                 | 0.181        |
|    n_updates            | 916          |
|    policy_gradient_loss | -0.00582     |
|    value_loss           | 0.348        |
------------------------------------------
------------------------------------------
| episode/                |              |
|    lines_cleared_mean   | 4.5          |
|    perfect_clears_mean  | 0            |
|    pieces_placed_mean   | 22.9         |
| rollout/                |              |
|    ep_len_mean          | 27.4         |
|    ep_rew_mean          | 35.1         |
| time/                   |              |
|    fps                  | 642          |
|    iterations           | 231          |
|    time_elapsed         | 2947         |
|    total_timesteps      | 1892352      |
| train/                  |              |
|    approx_kl            | 0.0055097532 |
|    clip_fraction        | 0.0424       |
|    clip_range           | 0.2          |
|    entropy_loss         | -0.836       |
|    explained_variance   | 0.259        |
|    learning_rate        | 7e-05        |
|    loss                 | 0.18         |
|    n_updates            | 920          |
|    policy_gradient_loss | -0.00519     |
|    value_loss           | 0.332        |
------------------------------------------
------------------------------------------
| episode/                |              |
|    lines_cleared_mean   | 7.6          |
|    perfect_clears_mean  | 0            |
|    pieces_placed_mean   | 31.7         |
| rollout/                |              |
|    ep_len_mean          | 28.9         |
|    ep_rew_mean          | 38           |
| time/                   |              |
|    fps                  | 641          |
|    iterations           | 232          |
|    time_elapsed         | 2960         |
|    total_timesteps      | 1900544      |
| train/                  |              |
|    approx_kl            | 0.0058848206 |
|    clip_fraction        | 0.0539       |
|    clip_range           | 0.2          |
|    entropy_loss         | -0.856       |
|    explained_variance   | 0.282        |
|    learning_rate        | 7e-05        |
|    loss                 | 0.163        |
|    n_updates            | 924          |
|    policy_gradient_loss | -0.00615     |
|    value_loss           | 0.314        |
------------------------------------------
------------------------------------------
| episode/                |              |
|    lines_cleared_mean   | 5.73         |
|    perfect_clears_mean  | 0            |
|    pieces_placed_mean   | 26.1         |
| rollout/                |              |
|    ep_len_mean          | 26.2         |
|    ep_rew_mean          | 32.1         |
| time/                   |              |
|    fps                  | 641          |
|    iterations           | 233          |
|    time_elapsed         | 2973         |
|    total_timesteps      | 1908736      |
| train/                  |              |
|    approx_kl            | 0.0050123287 |
|    clip_fraction        | 0.041        |
|    clip_range           | 0.2          |
|    entropy_loss         | -0.839       |
|    explained_variance   | 0.249        |
|    learning_rate        | 7e-05        |
|    loss                 | 0.148        |
|    n_updates            | 928          |
|    policy_gradient_loss | -0.00434     |
|    value_loss           | 0.332        |
------------------------------------------
-----------------------------------------
| episode/                |             |
|    lines_cleared_mean   | 5           |
|    perfect_clears_mean  | 0           |
|    pieces_placed_mean   | 24          |
| rollout/                |             |
|    ep_len_mean          | 25.6        |
|    ep_rew_mean          | 31.1        |
| time/                   |             |
|    fps                  | 641         |
|    iterations           | 234         |
|    time_elapsed         | 2985        |
|    total_timesteps      | 1916928     |
| train/                  |             |
|    approx_kl            | 0.005039371 |
|    clip_fraction        | 0.0416      |
|    clip_range           | 0.2         |
|    entropy_loss         | -0.84       |
|    explained_variance   | 0.192       |
|    learning_rate        | 7e-05       |
|    loss                 | 0.2         |
|    n_updates            | 932         |
|    policy_gradient_loss | -0.00507    |
|    value_loss           | 0.335       |
-----------------------------------------
------------------------------------------
| episode/                |              |
|    lines_cleared_mean   | 6            |
|    perfect_clears_mean  | 0            |
|    pieces_placed_mean   | 26.9         |
| rollout/                |              |
|    ep_len_mean          | 28.3         |
|    ep_rew_mean          | 36.4         |
| time/                   |              |
|    fps                  | 641          |
|    iterations           | 235          |
|    time_elapsed         | 2998         |
|    total_timesteps      | 1925120      |
| train/                  |              |
|    approx_kl            | 0.0055668093 |
|    clip_fraction        | 0.0371       |
|    clip_range           | 0.2          |
|    entropy_loss         | -0.856       |
|    explained_variance   | 0.216        |
|    learning_rate        | 7e-05        |
|    loss                 | 0.183        |
|    n_updates            | 936          |
|    policy_gradient_loss | -0.00482     |
|    value_loss           | 0.331        |
------------------------------------------
------------------------------------------
| episode/                |              |
|    lines_cleared_mean   | 7.1          |
|    perfect_clears_mean  | 0            |
|    pieces_placed_mean   | 29.9         |
| rollout/                |              |
|    ep_len_mean          | 27.3         |
|    ep_rew_mean          | 34           |
| time/                   |              |
|    fps                  | 641          |
|    iterations           | 236          |
|    time_elapsed         | 3011         |
|    total_timesteps      | 1933312      |
| train/                  |              |
|    approx_kl            | 0.0057214545 |
|    clip_fraction        | 0.0463       |
|    clip_range           | 0.2          |
|    entropy_loss         | -0.851       |
|    explained_variance   | 0.243        |
|    learning_rate        | 7e-05        |
|    loss                 | 0.176        |
|    n_updates            | 940          |
|    policy_gradient_loss | -0.00558     |
|    value_loss           | 0.312        |
------------------------------------------
----------------------------------------
| episode/                |            |
|    lines_cleared_mean   | 7.2        |
|    perfect_clears_mean  | 0          |
|    pieces_placed_mean   | 30.2       |
| rollout/                |            |
|    ep_len_mean          | 27.7       |
|    ep_rew_mean          | 35.3       |
| time/                   |            |
|    fps                  | 641        |
|    iterations           | 237        |
|    time_elapsed         | 3024       |
|    total_timesteps      | 1941504    |
| train/                  |            |
|    approx_kl            | 0.00501097 |
|    clip_fraction        | 0.0368     |
|    clip_range           | 0.2        |
|    entropy_loss         | -0.844     |
|    explained_variance   | 0.188      |
|    learning_rate        | 7e-05      |
|    loss                 | 0.168      |
|    n_updates            | 944        |
|    policy_gradient_loss | -0.00488   |
|    value_loss           | 0.334      |
----------------------------------------
------------------------------------------
| episode/                |              |
|    lines_cleared_mean   | 5.9          |
|    perfect_clears_mean  | 0            |
|    pieces_placed_mean   | 27.4         |
| rollout/                |              |
|    ep_len_mean          | 27.3         |
|    ep_rew_mean          | 34.3         |
| time/                   |              |
|    fps                  | 641          |
|    iterations           | 238          |
|    time_elapsed         | 3036         |
|    total_timesteps      | 1949696      |
| train/                  |              |
|    approx_kl            | 0.0048879613 |
|    clip_fraction        | 0.0432       |
|    clip_range           | 0.2          |
|    entropy_loss         | -0.832       |
|    explained_variance   | 0.204        |
|    learning_rate        | 7e-05        |
|    loss                 | 0.147        |
|    n_updates            | 948          |
|    policy_gradient_loss | -0.00428     |
|    value_loss           | 0.338        |
------------------------------------------
------------------------------------------
| episode/                |              |
|    lines_cleared_mean   | 7.9          |
|    perfect_clears_mean  | 0            |
|    pieces_placed_mean   | 30.3         |
| rollout/                |              |
|    ep_len_mean          | 27.1         |
|    ep_rew_mean          | 34.4         |
| time/                   |              |
|    fps                  | 642          |
|    iterations           | 239          |
|    time_elapsed         | 3049         |
|    total_timesteps      | 1957888      |
| train/                  |              |
|    approx_kl            | 0.0049775457 |
|    clip_fraction        | 0.0406       |
|    clip_range           | 0.2          |
|    entropy_loss         | -0.837       |
|    explained_variance   | 0.184        |
|    learning_rate        | 7e-05        |
|    loss                 | 0.188        |
|    n_updates            | 952          |
|    policy_gradient_loss | -0.00513     |
|    value_loss           | 0.383        |
------------------------------------------
-----------------------------------------
| episode/                |             |
|    lines_cleared_mean   | 7.91        |
|    perfect_clears_mean  | 0           |
|    pieces_placed_mean   | 31.9        |
| rollout/                |             |
|    ep_len_mean          | 26.8        |
|    ep_rew_mean          | 33.3        |
| time/                   |             |
|    fps                  | 642         |
|    iterations           | 240         |
|    time_elapsed         | 3062        |
|    total_timesteps      | 1966080     |
| train/                  |             |
|    approx_kl            | 0.005027634 |
|    clip_fraction        | 0.0378      |
|    clip_range           | 0.2         |
|    entropy_loss         | -0.825      |
|    explained_variance   | 0.219       |
|    learning_rate        | 7e-05       |
|    loss                 | 0.193       |
|    n_updates            | 956         |
|    policy_gradient_loss | -0.00396    |
|    value_loss           | 0.364       |
-----------------------------------------
------------------------------------------
| episode/                |              |
|    lines_cleared_mean   | 3.6          |
|    perfect_clears_mean  | 0            |
|    pieces_placed_mean   | 22.7         |
| rollout/                |              |
|    ep_len_mean          | 28.1         |
|    ep_rew_mean          | 35.8         |
| time/                   |              |
|    fps                  | 641          |
|    iterations           | 241          |
|    time_elapsed         | 3075         |
|    total_timesteps      | 1974272      |
| train/                  |              |
|    approx_kl            | 0.0053886604 |
|    clip_fraction        | 0.042        |
|    clip_range           | 0.2          |
|    entropy_loss         | -0.847       |
|    explained_variance   | 0.238        |
|    learning_rate        | 7e-05        |
|    loss                 | 0.23         |
|    n_updates            | 960          |
|    policy_gradient_loss | -0.00555     |
|    value_loss           | 0.343        |
------------------------------------------
-----------------------------------------
| episode/                |             |
|    lines_cleared_mean   | 9.83        |
|    perfect_clears_mean  | 0           |
|    pieces_placed_mean   | 36.5        |
| rollout/                |             |
|    ep_len_mean          | 29.8        |
|    ep_rew_mean          | 40.4        |
| time/                   |             |
|    fps                  | 642         |
|    iterations           | 242         |
|    time_elapsed         | 3087        |
|    total_timesteps      | 1982464     |
| train/                  |             |
|    approx_kl            | 0.005254723 |
|    clip_fraction        | 0.0417      |
|    clip_range           | 0.2         |
|    entropy_loss         | -0.819      |
|    explained_variance   | 0.21        |
|    learning_rate        | 7e-05       |
|    loss                 | 0.233       |
|    n_updates            | 964         |
|    policy_gradient_loss | -0.00498    |
|    value_loss           | 0.357       |
-----------------------------------------
------------------------------------------
| episode/                |              |
|    lines_cleared_mean   | 8.7          |
|    perfect_clears_mean  | 0            |
|    pieces_placed_mean   | 33.3         |
| rollout/                |              |
|    ep_len_mean          | 29.1         |
|    ep_rew_mean          | 38.6         |
| time/                   |              |
|    fps                  | 642          |
|    iterations           | 243          |
|    time_elapsed         | 3100         |
|    total_timesteps      | 1990656      |
| train/                  |              |
|    approx_kl            | 0.0050362716 |
|    clip_fraction        | 0.0407       |
|    clip_range           | 0.2          |
|    entropy_loss         | -0.819       |
|    explained_variance   | 0.225        |
|    learning_rate        | 7e-05        |
|    loss                 | 0.211        |
|    n_updates            | 968          |
|    policy_gradient_loss | -0.00459     |
|    value_loss           | 0.345        |
------------------------------------------
------------------------------------------
| episode/                |              |
|    lines_cleared_mean   | 5.8          |
|    perfect_clears_mean  | 0            |
|    pieces_placed_mean   | 27           |
| rollout/                |              |
|    ep_len_mean          | 28.1         |
|    ep_rew_mean          | 36.3         |
| time/                   |              |
|    fps                  | 642          |
|    iterations           | 244          |
|    time_elapsed         | 3113         |
|    total_timesteps      | 1998848      |
| train/                  |              |
|    approx_kl            | 0.0050655073 |
|    clip_fraction        | 0.0428       |
|    clip_range           | 0.2          |
|    entropy_loss         | -0.82        |
|    explained_variance   | 0.245        |
|    learning_rate        | 7e-05        |
|    loss                 | 0.205        |
|    n_updates            | 972          |
|    policy_gradient_loss | -0.0054      |
|    value_loss           | 0.364        |
------------------------------------------
------------------------------------------
| episode/                |              |
|    lines_cleared_mean   | 4.8          |
|    perfect_clears_mean  | 0            |
|    pieces_placed_mean   | 24           |
| rollout/                |              |
|    ep_len_mean          | 28.4         |
|    ep_rew_mean          | 37.4         |
| time/                   |              |
|    fps                  | 642          |
|    iterations           | 245          |
|    time_elapsed         | 3126         |
|    total_timesteps      | 2007040      |
| train/                  |              |
|    approx_kl            | 0.0052374257 |
|    clip_fraction        | 0.0385       |
|    clip_range           | 0.2          |
|    entropy_loss         | -0.834       |
|    explained_variance   | 0.251        |
|    learning_rate        | 7e-05        |
|    loss                 | 0.239        |
|    n_updates            | 976          |
|    policy_gradient_loss | -0.00464     |
|    value_loss           | 0.355        |
------------------------------------------
------------------------------------------
| episode/                |              |
|    lines_cleared_mean   | 6            |
|    perfect_clears_mean  | 0            |
|    pieces_placed_mean   | 27.3         |
| rollout/                |              |
|    ep_len_mean          | 27.7         |
|    ep_rew_mean          | 35.1         |
| time/                   |              |
|    fps                  | 642          |
|    iterations           | 246          |
|    time_elapsed         | 3138         |
|    total_timesteps      | 2015232      |
| train/                  |              |
|    approx_kl            | 0.0068767136 |
|    clip_fraction        | 0.0492       |
|    clip_range           | 0.2          |
|    entropy_loss         | -0.836       |
|    explained_variance   | 0.233        |
|    learning_rate        | 7e-05        |
|    loss                 | 0.209        |
|    n_updates            | 980          |
|    policy_gradient_loss | -0.00656     |
|    value_loss           | 0.365        |
------------------------------------------
-----------------------------------------
| episode/                |             |
|    lines_cleared_mean   | 6           |
|    perfect_clears_mean  | 0           |
|    pieces_placed_mean   | 27.8        |
| rollout/                |             |
|    ep_len_mean          | 29.6        |
|    ep_rew_mean          | 39.2        |
| time/                   |             |
|    fps                  | 642         |
|    iterations           | 247         |
|    time_elapsed         | 3151        |
|    total_timesteps      | 2023424     |
| train/                  |             |
|    approx_kl            | 0.004764368 |
|    clip_fraction        | 0.0381      |
|    clip_range           | 0.2         |
|    entropy_loss         | -0.817      |
|    explained_variance   | 0.305       |
|    learning_rate        | 7e-05       |
|    loss                 | 0.242       |
|    n_updates            | 984         |
|    policy_gradient_loss | -0.00491    |
|    value_loss           | 0.344       |
-----------------------------------------
------------------------------------------
| episode/                |              |
|    lines_cleared_mean   | 9.3          |
|    perfect_clears_mean  | 0            |
|    pieces_placed_mean   | 35.1         |
| rollout/                |              |
|    ep_len_mean          | 28.2         |
|    ep_rew_mean          | 37.1         |
| time/                   |              |
|    fps                  | 642          |
|    iterations           | 248          |
|    time_elapsed         | 3164         |
|    total_timesteps      | 2031616      |
| train/                  |              |
|    approx_kl            | 0.0048739444 |
|    clip_fraction        | 0.0333       |
|    clip_range           | 0.2          |
|    entropy_loss         | -0.79        |
|    explained_variance   | 0.286        |
|    learning_rate        | 7e-05        |
|    loss                 | 0.208        |
|    n_updates            | 988          |
|    policy_gradient_loss | -0.0043      |
|    value_loss           | 0.337        |
------------------------------------------
------------------------------------------
| episode/                |              |
|    lines_cleared_mean   | 6.6          |
|    perfect_clears_mean  | 0            |
|    pieces_placed_mean   | 28.9         |
| rollout/                |              |
|    ep_len_mean          | 27.1         |
|    ep_rew_mean          | 34.2         |
| time/                   |              |
|    fps                  | 642          |
|    iterations           | 249          |
|    time_elapsed         | 3177         |
|    total_timesteps      | 2039808      |
| train/                  |              |
|    approx_kl            | 0.0057938043 |
|    clip_fraction        | 0.0464       |
|    clip_range           | 0.2          |
|    entropy_loss         | -0.804       |
|    explained_variance   | 0.299        |
|    learning_rate        | 7e-05        |
|    loss                 | 0.156        |
|    n_updates            | 992          |
|    policy_gradient_loss | -0.00567     |
|    value_loss           | 0.322        |
------------------------------------------
-----------------------------------------
| episode/                |             |
|    lines_cleared_mean   | 6.27        |
|    perfect_clears_mean  | 0           |
|    pieces_placed_mean   | 27.5        |
| rollout/                |             |
|    ep_len_mean          | 30.8        |
|    ep_rew_mean          | 42.6        |
| time/                   |             |
|    fps                  | 642         |
|    iterations           | 250         |
|    time_elapsed         | 3189        |
|    total_timesteps      | 2048000     |
| train/                  |             |
|    approx_kl            | 0.005400828 |
|    clip_fraction        | 0.0499      |
|    clip_range           | 0.2         |
|    entropy_loss         | -0.813      |
|    explained_variance   | 0.281       |
|    learning_rate        | 7e-05       |
|    loss                 | 0.179       |
|    n_updates            | 996         |
|    policy_gradient_loss | -0.00573    |
|    value_loss           | 0.317       |
-----------------------------------------
------------------------------------------
| episode/                |              |
|    lines_cleared_mean   | 6.3          |
|    perfect_clears_mean  | 0            |
|    pieces_placed_mean   | 27           |
| rollout/                |              |
|    ep_len_mean          | 28.1         |
|    ep_rew_mean          | 36.1         |
| time/                   |              |
|    fps                  | 642          |
|    iterations           | 251          |
|    time_elapsed         | 3202         |
|    total_timesteps      | 2056192      |
| train/                  |              |
|    approx_kl            | 0.0055596144 |
|    clip_fraction        | 0.0511       |
|    clip_range           | 0.2          |
|    entropy_loss         | -0.79        |
|    explained_variance   | 0.235        |
|    learning_rate        | 7e-05        |
|    loss                 | 0.202        |
|    n_updates            | 1000         |
|    policy_gradient_loss | -0.0057      |
|    value_loss           | 0.336        |
------------------------------------------
------------------------------------------
| episode/                |              |
|    lines_cleared_mean   | 7.2          |
|    perfect_clears_mean  | 0            |
|    pieces_placed_mean   | 29.2         |
| rollout/                |              |
|    ep_len_mean          | 27.6         |
|    ep_rew_mean          | 35.5         |
| time/                   |              |
|    fps                  | 642          |
|    iterations           | 252          |
|    time_elapsed         | 3215         |
|    total_timesteps      | 2064384      |
| train/                  |              |
|    approx_kl            | 0.0053624134 |
|    clip_fraction        | 0.041        |
|    clip_range           | 0.2          |
|    entropy_loss         | -0.796       |
|    explained_variance   | 0.206        |
|    learning_rate        | 7e-05        |
|    loss                 | 0.195        |
|    n_updates            | 1004         |
|    policy_gradient_loss | -0.00545     |
|    value_loss           | 0.336        |
------------------------------------------
-----------------------------------------
| episode/                |             |
|    lines_cleared_mean   | 4.45        |
|    perfect_clears_mean  | 0           |
|    pieces_placed_mean   | 23.5        |
| rollout/                |             |
|    ep_len_mean          | 27.1        |
|    ep_rew_mean          | 33.8        |
| time/                   |             |
|    fps                  | 642         |
|    iterations           | 253         |
|    time_elapsed         | 3227        |
|    total_timesteps      | 2072576     |
| train/                  |             |
|    approx_kl            | 0.006043433 |
|    clip_fraction        | 0.0448      |
|    clip_range           | 0.2         |
|    entropy_loss         | -0.803      |
|    explained_variance   | 0.246       |
|    learning_rate        | 7e-05       |
|    loss                 | 0.191       |
|    n_updates            | 1008        |
|    policy_gradient_loss | -0.00551    |
|    value_loss           | 0.354       |
-----------------------------------------
------------------------------------------
| episode/                |              |
|    lines_cleared_mean   | 8.3          |
|    perfect_clears_mean  | 0            |
|    pieces_placed_mean   | 31.3         |
| rollout/                |              |
|    ep_len_mean          | 27.8         |
|    ep_rew_mean          | 35.9         |
| time/                   |              |
|    fps                  | 642          |
|    iterations           | 254          |
|    time_elapsed         | 3240         |
|    total_timesteps      | 2080768      |
| train/                  |              |
|    approx_kl            | 0.0053459434 |
|    clip_fraction        | 0.0396       |
|    clip_range           | 0.2          |
|    entropy_loss         | -0.804       |
|    explained_variance   | 0.177        |
|    learning_rate        | 7e-05        |
|    loss                 | 0.226        |
|    n_updates            | 1012         |
|    policy_gradient_loss | -0.0048      |
|    value_loss           | 0.364        |
------------------------------------------
------------------------------------------
| episode/                |              |
|    lines_cleared_mean   | 5.36         |
|    perfect_clears_mean  | 0            |
|    pieces_placed_mean   | 25.4         |
| rollout/                |              |
|    ep_len_mean          | 28.1         |
|    ep_rew_mean          | 36.2         |
| time/                   |              |
|    fps                  | 642          |
|    iterations           | 255          |
|    time_elapsed         | 3253         |
|    total_timesteps      | 2088960      |
| train/                  |              |
|    approx_kl            | 0.0056718113 |
|    clip_fraction        | 0.0448       |
|    clip_range           | 0.2          |
|    entropy_loss         | -0.813       |
|    explained_variance   | 0.268        |
|    learning_rate        | 7e-05        |
|    loss                 | 0.135        |
|    n_updates            | 1016         |
|    policy_gradient_loss | -0.00508     |
|    value_loss           | 0.315        |
------------------------------------------
------------------------------------------
| episode/                |              |
|    lines_cleared_mean   | 7.09         |
|    perfect_clears_mean  | 0            |
|    pieces_placed_mean   | 29.3         |
| rollout/                |              |
|    ep_len_mean          | 28.6         |
|    ep_rew_mean          | 37.9         |
| time/                   |              |
|    fps                  | 642          |
|    iterations           | 256          |
|    time_elapsed         | 3265         |
|    total_timesteps      | 2097152      |
| train/                  |              |
|    approx_kl            | 0.0050338157 |
|    clip_fraction        | 0.0349       |
|    clip_range           | 0.2          |
|    entropy_loss         | -0.792       |
|    explained_variance   | 0.231        |
|    learning_rate        | 7e-05        |
|    loss                 | 0.193        |
|    n_updates            | 1020         |
|    policy_gradient_loss | -0.00506     |
|    value_loss           | 0.339        |
------------------------------------------
-----------------------------------------
| episode/                |             |
|    lines_cleared_mean   | 5.7         |
|    perfect_clears_mean  | 0           |
|    pieces_placed_mean   | 27.1        |
| rollout/                |             |
|    ep_len_mean          | 25.8        |
|    ep_rew_mean          | 31.4        |
| time/                   |             |
|    fps                  | 642         |
|    iterations           | 257         |
|    time_elapsed         | 3278        |
|    total_timesteps      | 2105344     |
| train/                  |             |
|    approx_kl            | 0.005368001 |
|    clip_fraction        | 0.0385      |
|    clip_range           | 0.2         |
|    entropy_loss         | -0.788      |
|    explained_variance   | 0.25        |
|    learning_rate        | 7e-05       |
|    loss                 | 0.188       |
|    n_updates            | 1024        |
|    policy_gradient_loss | -0.005      |
|    value_loss           | 0.342       |
-----------------------------------------
------------------------------------------
| episode/                |              |
|    lines_cleared_mean   | 5.08         |
|    perfect_clears_mean  | 0            |
|    pieces_placed_mean   | 25           |
| rollout/                |              |
|    ep_len_mean          | 26.6         |
|    ep_rew_mean          | 32.6         |
| time/                   |              |
|    fps                  | 642          |
|    iterations           | 258          |
|    time_elapsed         | 3291         |
|    total_timesteps      | 2113536      |
| train/                  |              |
|    approx_kl            | 0.0050831847 |
|    clip_fraction        | 0.0439       |
|    clip_range           | 0.2          |
|    entropy_loss         | -0.806       |
|    explained_variance   | 0.259        |
|    learning_rate        | 7e-05        |
|    loss                 | 0.222        |
|    n_updates            | 1028         |
|    policy_gradient_loss | -0.0056      |
|    value_loss           | 0.329        |
------------------------------------------
------------------------------------------
| episode/                |              |
|    lines_cleared_mean   | 5.9          |
|    perfect_clears_mean  | 0            |
|    pieces_placed_mean   | 27.3         |
| rollout/                |              |
|    ep_len_mean          | 28.1         |
|    ep_rew_mean          | 36.5         |
| time/                   |              |
|    fps                  | 642          |
|    iterations           | 259          |
|    time_elapsed         | 3303         |
|    total_timesteps      | 2121728      |
| train/                  |              |
|    approx_kl            | 0.0051934905 |
|    clip_fraction        | 0.0421       |
|    clip_range           | 0.2          |
|    entropy_loss         | -0.809       |
|    explained_variance   | 0.303        |
|    learning_rate        | 7e-05        |
|    loss                 | 0.203        |
|    n_updates            | 1032         |
|    policy_gradient_loss | -0.00501     |
|    value_loss           | 0.318        |
------------------------------------------
------------------------------------------
| episode/                |              |
|    lines_cleared_mean   | 5.7          |
|    perfect_clears_mean  | 0            |
|    pieces_placed_mean   | 26           |
| rollout/                |              |
|    ep_len_mean          | 28.4         |
|    ep_rew_mean          | 37.3         |
| time/                   |              |
|    fps                  | 642          |
|    iterations           | 260          |
|    time_elapsed         | 3316         |
|    total_timesteps      | 2129920      |
| train/                  |              |
|    approx_kl            | 0.0055087777 |
|    clip_fraction        | 0.0468       |
|    clip_range           | 0.2          |
|    entropy_loss         | -0.808       |
|    explained_variance   | 0.314        |
|    learning_rate        | 7e-05        |
|    loss                 | 0.179        |
|    n_updates            | 1036         |
|    policy_gradient_loss | -0.0052      |
|    value_loss           | 0.298        |
------------------------------------------
-----------------------------------------
| episode/                |             |
|    lines_cleared_mean   | 5.82        |
|    perfect_clears_mean  | 0           |
|    pieces_placed_mean   | 26.5        |
| rollout/                |             |
|    ep_len_mean          | 28.6        |
|    ep_rew_mean          | 37.4        |
| time/                   |             |
|    fps                  | 642         |
|    iterations           | 261         |
|    time_elapsed         | 3329        |
|    total_timesteps      | 2138112     |
| train/                  |             |
|    approx_kl            | 0.004909478 |
|    clip_fraction        | 0.0382      |
|    clip_range           | 0.2         |
|    entropy_loss         | -0.786      |
|    explained_variance   | 0.276       |
|    learning_rate        | 7e-05       |
|    loss                 | 0.191       |
|    n_updates            | 1040        |
|    policy_gradient_loss | -0.00445    |
|    value_loss           | 0.329       |
-----------------------------------------
-----------------------------------------
| episode/                |             |
|    lines_cleared_mean   | 6.55        |
|    perfect_clears_mean  | 0           |
|    pieces_placed_mean   | 28.4        |
| rollout/                |             |
|    ep_len_mean          | 28.2        |
|    ep_rew_mean          | 36.5        |
| time/                   |             |
|    fps                  | 642         |
|    iterations           | 262         |
|    time_elapsed         | 3342        |
|    total_timesteps      | 2146304     |
| train/                  |             |
|    approx_kl            | 0.006234105 |
|    clip_fraction        | 0.0509      |
|    clip_range           | 0.2         |
|    entropy_loss         | -0.774      |
|    explained_variance   | 0.259       |
|    learning_rate        | 7e-05       |
|    loss                 | 0.219       |
|    n_updates            | 1044        |
|    policy_gradient_loss | -0.00594    |
|    value_loss           | 0.34        |
-----------------------------------------
------------------------------------------
| episode/                |              |
|    lines_cleared_mean   | 7.1          |
|    perfect_clears_mean  | 0            |
|    pieces_placed_mean   | 30.1         |
| rollout/                |              |
|    ep_len_mean          | 28.7         |
|    ep_rew_mean          | 37.4         |
| time/                   |              |
|    fps                  | 642          |
|    iterations           | 263          |
|    time_elapsed         | 3354         |
|    total_timesteps      | 2154496      |
| train/                  |              |
|    approx_kl            | 0.0062221983 |
|    clip_fraction        | 0.052        |
|    clip_range           | 0.2          |
|    entropy_loss         | -0.763       |
|    explained_variance   | 0.248        |
|    learning_rate        | 7e-05        |
|    loss                 | 0.211        |
|    n_updates            | 1048         |
|    policy_gradient_loss | -0.00624     |
|    value_loss           | 0.342        |
------------------------------------------
-----------------------------------------
| episode/                |             |
|    lines_cleared_mean   | 6.08        |
|    perfect_clears_mean  | 0           |
|    pieces_placed_mean   | 26.4        |
| rollout/                |             |
|    ep_len_mean          | 27.3        |
|    ep_rew_mean          | 34.6        |
| time/                   |             |
|    fps                  | 642         |
|    iterations           | 264         |
|    time_elapsed         | 3367        |
|    total_timesteps      | 2162688     |
| train/                  |             |
|    approx_kl            | 0.006124909 |
|    clip_fraction        | 0.0447      |
|    clip_range           | 0.2         |
|    entropy_loss         | -0.759      |
|    explained_variance   | 0.232       |
|    learning_rate        | 7e-05       |
|    loss                 | 0.235       |
|    n_updates            | 1052        |
|    policy_gradient_loss | -0.00591    |
|    value_loss           | 0.38        |
-----------------------------------------
-----------------------------------------
| episode/                |             |
|    lines_cleared_mean   | 6.2         |
|    perfect_clears_mean  | 0           |
|    pieces_placed_mean   | 26.3        |
| rollout/                |             |
|    ep_len_mean          | 28.1        |
|    ep_rew_mean          | 36.8        |
| time/                   |             |
|    fps                  | 642         |
|    iterations           | 265         |
|    time_elapsed         | 3380        |
|    total_timesteps      | 2170880     |
| train/                  |             |
|    approx_kl            | 0.005408263 |
|    clip_fraction        | 0.0381      |
|    clip_range           | 0.2         |
|    entropy_loss         | -0.79       |
|    explained_variance   | 0.233       |
|    learning_rate        | 7e-05       |
|    loss                 | 0.196       |
|    n_updates            | 1056        |
|    policy_gradient_loss | -0.00508    |
|    value_loss           | 0.347       |
-----------------------------------------
----------------------------------------
| episode/                |            |
|    lines_cleared_mean   | 6.91       |
|    perfect_clears_mean  | 0          |
|    pieces_placed_mean   | 28.7       |
| rollout/                |            |
|    ep_len_mean          | 27.8       |
|    ep_rew_mean          | 35.8       |
| time/                   |            |
|    fps                  | 642        |
|    iterations           | 266        |
|    time_elapsed         | 3392       |
|    total_timesteps      | 2179072    |
| train/                  |            |
|    approx_kl            | 0.00570406 |
|    clip_fraction        | 0.0466     |
|    clip_range           | 0.2        |
|    entropy_loss         | -0.749     |
|    explained_variance   | 0.289      |
|    learning_rate        | 7e-05      |
|    loss                 | 0.19       |
|    n_updates            | 1060       |
|    policy_gradient_loss | -0.00635   |
|    value_loss           | 0.316      |
----------------------------------------
-----------------------------------------
| episode/                |             |
|    lines_cleared_mean   | 6.1         |
|    perfect_clears_mean  | 0           |
|    pieces_placed_mean   | 26.3        |
| rollout/                |             |
|    ep_len_mean          | 27.2        |
|    ep_rew_mean          | 34.3        |
| time/                   |             |
|    fps                  | 642         |
|    iterations           | 267         |
|    time_elapsed         | 3405        |
|    total_timesteps      | 2187264     |
| train/                  |             |
|    approx_kl            | 0.005618017 |
|    clip_fraction        | 0.0464      |
|    clip_range           | 0.2         |
|    entropy_loss         | -0.762      |
|    explained_variance   | 0.234       |
|    learning_rate        | 7e-05       |
|    loss                 | 0.177       |
|    n_updates            | 1064        |
|    policy_gradient_loss | -0.00562    |
|    value_loss           | 0.332       |
-----------------------------------------
------------------------------------------
| episode/                |              |
|    lines_cleared_mean   | 6.83         |
|    perfect_clears_mean  | 0            |
|    pieces_placed_mean   | 29           |
| rollout/                |              |
|    ep_len_mean          | 28.8         |
|    ep_rew_mean          | 38.1         |
| time/                   |              |
|    fps                  | 642          |
|    iterations           | 268          |
|    time_elapsed         | 3418         |
|    total_timesteps      | 2195456      |
| train/                  |              |
|    approx_kl            | 0.0056722676 |
|    clip_fraction        | 0.0467       |
|    clip_range           | 0.2          |
|    entropy_loss         | -0.736       |
|    explained_variance   | 0.331        |
|    learning_rate        | 7e-05        |
|    loss                 | 0.174        |
|    n_updates            | 1068         |
|    policy_gradient_loss | -0.00518     |
|    value_loss           | 0.312        |
------------------------------------------
------------------------------------------
| episode/                |              |
|    lines_cleared_mean   | 8.6          |
|    perfect_clears_mean  | 0            |
|    pieces_placed_mean   | 32.1         |
| rollout/                |              |
|    ep_len_mean          | 28.4         |
|    ep_rew_mean          | 37.4         |
| time/                   |              |
|    fps                  | 642          |
|    iterations           | 269          |
|    time_elapsed         | 3431         |
|    total_timesteps      | 2203648      |
| train/                  |              |
|    approx_kl            | 0.0045266068 |
|    clip_fraction        | 0.0362       |
|    clip_range           | 0.2          |
|    entropy_loss         | -0.732       |
|    explained_variance   | 0.259        |
|    learning_rate        | 7e-05        |
|    loss                 | 0.169        |
|    n_updates            | 1072         |
|    policy_gradient_loss | -0.00499     |
|    value_loss           | 0.36         |
------------------------------------------
-----------------------------------------
| episode/                |             |
|    lines_cleared_mean   | 7.5         |
|    perfect_clears_mean  | 0           |
|    pieces_placed_mean   | 29.8        |
| rollout/                |             |
|    ep_len_mean          | 27.7        |
|    ep_rew_mean          | 35.5        |
| time/                   |             |
|    fps                  | 642         |
|    iterations           | 270         |
|    time_elapsed         | 3443        |
|    total_timesteps      | 2211840     |
| train/                  |             |
|    approx_kl            | 0.004829594 |
|    clip_fraction        | 0.0344      |
|    clip_range           | 0.2         |
|    entropy_loss         | -0.759      |
|    explained_variance   | 0.238       |
|    learning_rate        | 7e-05       |
|    loss                 | 0.211       |
|    n_updates            | 1076        |
|    policy_gradient_loss | -0.00475    |
|    value_loss           | 0.359       |
-----------------------------------------
-----------------------------------------
| episode/                |             |
|    lines_cleared_mean   | 5.2         |
|    perfect_clears_mean  | 0           |
|    pieces_placed_mean   | 24.9        |
| rollout/                |             |
|    ep_len_mean          | 25.9        |
|    ep_rew_mean          | 31.6        |
| time/                   |             |
|    fps                  | 642         |
|    iterations           | 271         |
|    time_elapsed         | 3456        |
|    total_timesteps      | 2220032     |
| train/                  |             |
|    approx_kl            | 0.004932979 |
|    clip_fraction        | 0.0399      |
|    clip_range           | 0.2         |
|    entropy_loss         | -0.749      |
|    explained_variance   | 0.207       |
|    learning_rate        | 7e-05       |
|    loss                 | 0.172       |
|    n_updates            | 1080        |
|    policy_gradient_loss | -0.00523    |
|    value_loss           | 0.337       |
-----------------------------------------
-----------------------------------------
| episode/                |             |
|    lines_cleared_mean   | 8.7         |
|    perfect_clears_mean  | 0           |
|    pieces_placed_mean   | 33          |
| rollout/                |             |
|    ep_len_mean          | 29.1        |
|    ep_rew_mean          | 38.3        |
| time/                   |             |
|    fps                  | 642         |
|    iterations           | 272         |
|    time_elapsed         | 3469        |
|    total_timesteps      | 2228224     |
| train/                  |             |
|    approx_kl            | 0.004918635 |
|    clip_fraction        | 0.0327      |
|    clip_range           | 0.2         |
|    entropy_loss         | -0.734      |
|    explained_variance   | 0.243       |
|    learning_rate        | 7e-05       |
|    loss                 | 0.191       |
|    n_updates            | 1084        |
|    policy_gradient_loss | -0.00484    |
|    value_loss           | 0.325       |
-----------------------------------------
------------------------------------------
| episode/                |              |
|    lines_cleared_mean   | 7.45         |
|    perfect_clears_mean  | 0            |
|    pieces_placed_mean   | 30.6         |
| rollout/                |              |
|    ep_len_mean          | 29.3         |
|    ep_rew_mean          | 39.3         |
| time/                   |              |
|    fps                  | 642          |
|    iterations           | 273          |
|    time_elapsed         | 3481         |
|    total_timesteps      | 2236416      |
| train/                  |              |
|    approx_kl            | 0.0048964405 |
|    clip_fraction        | 0.0359       |
|    clip_range           | 0.2          |
|    entropy_loss         | -0.721       |
|    explained_variance   | 0.289        |
|    learning_rate        | 7e-05        |
|    loss                 | 0.179        |
|    n_updates            | 1088         |
|    policy_gradient_loss | -0.00536     |
|    value_loss           | 0.329        |
------------------------------------------
------------------------------------------
| episode/                |              |
|    lines_cleared_mean   | 5.6          |
|    perfect_clears_mean  | 0            |
|    pieces_placed_mean   | 25.1         |
| rollout/                |              |
|    ep_len_mean          | 28.2         |
|    ep_rew_mean          | 36.7         |
| time/                   |              |
|    fps                  | 642          |
|    iterations           | 274          |
|    time_elapsed         | 3494         |
|    total_timesteps      | 2244608      |
| train/                  |              |
|    approx_kl            | 0.0062817433 |
|    clip_fraction        | 0.0474       |
|    clip_range           | 0.2          |
|    entropy_loss         | -0.73        |
|    explained_variance   | 0.264        |
|    learning_rate        | 7e-05        |
|    loss                 | 0.217        |
|    n_updates            | 1092         |
|    policy_gradient_loss | -0.00577     |
|    value_loss           | 0.329        |
------------------------------------------
-----------------------------------------
| episode/                |             |
|    lines_cleared_mean   | 8           |
|    perfect_clears_mean  | 0           |
|    pieces_placed_mean   | 31.3        |
| rollout/                |             |
|    ep_len_mean          | 29.3        |
|    ep_rew_mean          | 39.6        |
| time/                   |             |
|    fps                  | 642         |
|    iterations           | 275         |
|    time_elapsed         | 3507        |
|    total_timesteps      | 2252800     |
| train/                  |             |
|    approx_kl            | 0.004815903 |
|    clip_fraction        | 0.0373      |
|    clip_range           | 0.2         |
|    entropy_loss         | -0.717      |
|    explained_variance   | 0.275       |
|    learning_rate        | 7e-05       |
|    loss                 | 0.191       |
|    n_updates            | 1096        |
|    policy_gradient_loss | -0.0049     |
|    value_loss           | 0.327       |
-----------------------------------------
------------------------------------------
| episode/                |              |
|    lines_cleared_mean   | 5.5          |
|    perfect_clears_mean  | 0            |
|    pieces_placed_mean   | 25.7         |
| rollout/                |              |
|    ep_len_mean          | 27.7         |
|    ep_rew_mean          | 35.6         |
| time/                   |              |
|    fps                  | 642          |
|    iterations           | 276          |
|    time_elapsed         | 3519         |
|    total_timesteps      | 2260992      |
| train/                  |              |
|    approx_kl            | 0.0056043216 |
|    clip_fraction        | 0.0405       |
|    clip_range           | 0.2          |
|    entropy_loss         | -0.734       |
|    explained_variance   | 0.221        |
|    learning_rate        | 7e-05        |
|    loss                 | 0.151        |
|    n_updates            | 1100         |
|    policy_gradient_loss | -0.00445     |
|    value_loss           | 0.31         |
------------------------------------------
-----------------------------------------
| episode/                |             |
|    lines_cleared_mean   | 6.46        |
|    perfect_clears_mean  | 0           |
|    pieces_placed_mean   | 27.5        |
| rollout/                |             |
|    ep_len_mean          | 26.8        |
|    ep_rew_mean          | 33.6        |
| time/                   |             |
|    fps                  | 642         |
|    iterations           | 277         |
|    time_elapsed         | 3532        |
|    total_timesteps      | 2269184     |
| train/                  |             |
|    approx_kl            | 0.006002398 |
|    clip_fraction        | 0.0419      |
|    clip_range           | 0.2         |
|    entropy_loss         | -0.72       |
|    explained_variance   | 0.28        |
|    learning_rate        | 7e-05       |
|    loss                 | 0.207       |
|    n_updates            | 1104        |
|    policy_gradient_loss | -0.00527    |
|    value_loss           | 0.336       |
-----------------------------------------
------------------------------------------
| episode/                |              |
|    lines_cleared_mean   | 5.2          |
|    perfect_clears_mean  | 0            |
|    pieces_placed_mean   | 25.4         |
| rollout/                |              |
|    ep_len_mean          | 27.9         |
|    ep_rew_mean          | 36.4         |
| time/                   |              |
|    fps                  | 642          |
|    iterations           | 278          |
|    time_elapsed         | 3545         |
|    total_timesteps      | 2277376      |
| train/                  |              |
|    approx_kl            | 0.0054460214 |
|    clip_fraction        | 0.0383       |
|    clip_range           | 0.2          |
|    entropy_loss         | -0.721       |
|    explained_variance   | 0.232        |
|    learning_rate        | 7e-05        |
|    loss                 | 0.232        |
|    n_updates            | 1108         |
|    policy_gradient_loss | -0.00517     |
|    value_loss           | 0.35         |
------------------------------------------
-----------------------------------------
| episode/                |             |
|    lines_cleared_mean   | 8.2         |
|    perfect_clears_mean  | 0           |
|    pieces_placed_mean   | 32.3        |
| rollout/                |             |
|    ep_len_mean          | 28.4        |
|    ep_rew_mean          | 37.3        |
| time/                   |             |
|    fps                  | 642         |
|    iterations           | 279         |
|    time_elapsed         | 3557        |
|    total_timesteps      | 2285568     |
| train/                  |             |
|    approx_kl            | 0.005819379 |
|    clip_fraction        | 0.0407      |
|    clip_range           | 0.2         |
|    entropy_loss         | -0.753      |
|    explained_variance   | 0.264       |
|    learning_rate        | 7e-05       |
|    loss                 | 0.195       |
|    n_updates            | 1112        |
|    policy_gradient_loss | -0.00526    |
|    value_loss           | 0.341       |
-----------------------------------------
-----------------------------------------
| episode/                |             |
|    lines_cleared_mean   | 5.4         |
|    perfect_clears_mean  | 0           |
|    pieces_placed_mean   | 24.8        |
| rollout/                |             |
|    ep_len_mean          | 27.9        |
|    ep_rew_mean          | 35.8        |
| time/                   |             |
|    fps                  | 642         |
|    iterations           | 280         |
|    time_elapsed         | 3570        |
|    total_timesteps      | 2293760     |
| train/                  |             |
|    approx_kl            | 0.005944087 |
|    clip_fraction        | 0.0417      |
|    clip_range           | 0.2         |
|    entropy_loss         | -0.742      |
|    explained_variance   | 0.252       |
|    learning_rate        | 7e-05       |
|    loss                 | 0.228       |
|    n_updates            | 1116        |
|    policy_gradient_loss | -0.00456    |
|    value_loss           | 0.34        |
-----------------------------------------
-----------------------------------------
| episode/                |             |
|    lines_cleared_mean   | 6.7         |
|    perfect_clears_mean  | 0           |
|    pieces_placed_mean   | 29          |
| rollout/                |             |
|    ep_len_mean          | 26.8        |
|    ep_rew_mean          | 33.2        |
| time/                   |             |
|    fps                  | 642         |
|    iterations           | 281         |
|    time_elapsed         | 3583        |
|    total_timesteps      | 2301952     |
| train/                  |             |
|    approx_kl            | 0.005697838 |
|    clip_fraction        | 0.0423      |
|    clip_range           | 0.2         |
|    entropy_loss         | -0.739      |
|    explained_variance   | 0.266       |
|    learning_rate        | 7e-05       |
|    loss                 | 0.201       |
|    n_updates            | 1120        |
|    policy_gradient_loss | -0.00439    |
|    value_loss           | 0.355       |
-----------------------------------------
-----------------------------------------
| episode/                |             |
|    lines_cleared_mean   | 7.09        |
|    perfect_clears_mean  | 0           |
|    pieces_placed_mean   | 29.9        |
| rollout/                |             |
|    ep_len_mean          | 27.7        |
|    ep_rew_mean          | 35.5        |
| time/                   |             |
|    fps                  | 642         |
|    iterations           | 282         |
|    time_elapsed         | 3595        |
|    total_timesteps      | 2310144     |
| train/                  |             |
|    approx_kl            | 0.005372568 |
|    clip_fraction        | 0.0417      |
|    clip_range           | 0.2         |
|    entropy_loss         | -0.741      |
|    explained_variance   | 0.307       |
|    learning_rate        | 7e-05       |
|    loss                 | 0.214       |
|    n_updates            | 1124        |
|    policy_gradient_loss | -0.00452    |
|    value_loss           | 0.333       |
-----------------------------------------
------------------------------------------
| episode/                |              |
|    lines_cleared_mean   | 8.1          |
|    perfect_clears_mean  | 0            |
|    pieces_placed_mean   | 31.9         |
| rollout/                |              |
|    ep_len_mean          | 29.2         |
|    ep_rew_mean          | 39.1         |
| time/                   |              |
|    fps                  | 642          |
|    iterations           | 283          |
|    time_elapsed         | 3608         |
|    total_timesteps      | 2318336      |
| train/                  |              |
|    approx_kl            | 0.0050377753 |
|    clip_fraction        | 0.0413       |
|    clip_range           | 0.2          |
|    entropy_loss         | -0.736       |
|    explained_variance   | 0.309        |
|    learning_rate        | 7e-05        |
|    loss                 | 0.264        |
|    n_updates            | 1128         |
|    policy_gradient_loss | -0.00681     |
|    value_loss           | 0.378        |
------------------------------------------
------------------------------------------
| episode/                |              |
|    lines_cleared_mean   | 6.8          |
|    perfect_clears_mean  | 0            |
|    pieces_placed_mean   | 28.2         |
| rollout/                |              |
|    ep_len_mean          | 28.2         |
|    ep_rew_mean          | 36.6         |
| time/                   |              |
|    fps                  | 642          |
|    iterations           | 284          |
|    time_elapsed         | 3621         |
|    total_timesteps      | 2326528      |
| train/                  |              |
|    approx_kl            | 0.0055307266 |
|    clip_fraction        | 0.0424       |
|    clip_range           | 0.2          |
|    entropy_loss         | -0.743       |
|    explained_variance   | 0.298        |
|    learning_rate        | 7e-05        |
|    loss                 | 0.218        |
|    n_updates            | 1132         |
|    policy_gradient_loss | -0.00583     |
|    value_loss           | 0.346        |
------------------------------------------
------------------------------------------
| episode/                |              |
|    lines_cleared_mean   | 8.4          |
|    perfect_clears_mean  | 0            |
|    pieces_placed_mean   | 33.3         |
| rollout/                |              |
|    ep_len_mean          | 28.3         |
|    ep_rew_mean          | 36.5         |
| time/                   |              |
|    fps                  | 642          |
|    iterations           | 285          |
|    time_elapsed         | 3633         |
|    total_timesteps      | 2334720      |
| train/                  |              |
|    approx_kl            | 0.0052536083 |
|    clip_fraction        | 0.044        |
|    clip_range           | 0.2          |
|    entropy_loss         | -0.726       |
|    explained_variance   | 0.273        |
|    learning_rate        | 7e-05        |
|    loss                 | 0.189        |
|    n_updates            | 1136         |
|    policy_gradient_loss | -0.00472     |
|    value_loss           | 0.323        |
------------------------------------------
------------------------------------------
| episode/                |              |
|    lines_cleared_mean   | 6.1          |
|    perfect_clears_mean  | 0            |
|    pieces_placed_mean   | 26.5         |
| rollout/                |              |
|    ep_len_mean          | 26.2         |
|    ep_rew_mean          | 32.2         |
| time/                   |              |
|    fps                  | 642          |
|    iterations           | 286          |
|    time_elapsed         | 3646         |
|    total_timesteps      | 2342912      |
| train/                  |              |
|    approx_kl            | 0.0054737176 |
|    clip_fraction        | 0.036        |
|    clip_range           | 0.2          |
|    entropy_loss         | -0.708       |
|    explained_variance   | 0.303        |
|    learning_rate        | 7e-05        |
|    loss                 | 0.171        |
|    n_updates            | 1140         |
|    policy_gradient_loss | -0.00467     |
|    value_loss           | 0.319        |
------------------------------------------
------------------------------------------
| episode/                |              |
|    lines_cleared_mean   | 6.6          |
|    perfect_clears_mean  | 0            |
|    pieces_placed_mean   | 29.2         |
| rollout/                |              |
|    ep_len_mean          | 27.3         |
|    ep_rew_mean          | 34.1         |
| time/                   |              |
|    fps                  | 642          |
|    iterations           | 287          |
|    time_elapsed         | 3659         |
|    total_timesteps      | 2351104      |
| train/                  |              |
|    approx_kl            | 0.0058899573 |
|    clip_fraction        | 0.0493       |
|    clip_range           | 0.2          |
|    entropy_loss         | -0.715       |
|    explained_variance   | 0.318        |
|    learning_rate        | 7e-05        |
|    loss                 | 0.182        |
|    n_updates            | 1144         |
|    policy_gradient_loss | -0.00621     |
|    value_loss           | 0.304        |
------------------------------------------
-----------------------------------------
| episode/                |             |
|    lines_cleared_mean   | 7.6         |
|    perfect_clears_mean  | 0           |
|    pieces_placed_mean   | 30.2        |
| rollout/                |             |
|    ep_len_mean          | 28.8        |
|    ep_rew_mean          | 38          |
| time/                   |             |
|    fps                  | 642         |
|    iterations           | 288         |
|    time_elapsed         | 3672        |
|    total_timesteps      | 2359296     |
| train/                  |             |
|    approx_kl            | 0.006462684 |
|    clip_fraction        | 0.0475      |
|    clip_range           | 0.2         |
|    entropy_loss         | -0.729      |
|    explained_variance   | 0.246       |
|    learning_rate        | 7e-05       |
|    loss                 | 0.154       |
|    n_updates            | 1148        |
|    policy_gradient_loss | -0.00577    |
|    value_loss           | 0.284       |
-----------------------------------------
----------------------------------------
| episode/                |            |
|    lines_cleared_mean   | 8.5        |
|    perfect_clears_mean  | 0.1        |
|    pieces_placed_mean   | 32.4       |
| rollout/                |            |
|    ep_len_mean          | 30.4       |
|    ep_rew_mean          | 41.9       |
| time/                   |            |
|    fps                  | 642        |
|    iterations           | 289        |
|    time_elapsed         | 3684       |
|    total_timesteps      | 2367488    |
| train/                  |            |
|    approx_kl            | 0.00547474 |
|    clip_fraction        | 0.0475     |
|    clip_range           | 0.2        |
|    entropy_loss         | -0.683     |
|    explained_variance   | 0.244      |
|    learning_rate        | 7e-05      |
|    loss                 | 0.192      |
|    n_updates            | 1152       |
|    policy_gradient_loss | -0.00554   |
|    value_loss           | 0.299      |
----------------------------------------
-----------------------------------------
| episode/                |             |
|    lines_cleared_mean   | 6.5         |
|    perfect_clears_mean  | 0           |
|    pieces_placed_mean   | 28.2        |
| rollout/                |             |
|    ep_len_mean          | 29.8        |
|    ep_rew_mean          | 40.2        |
| time/                   |             |
|    fps                  | 642         |
|    iterations           | 290         |
|    time_elapsed         | 3697        |
|    total_timesteps      | 2375680     |
| train/                  |             |
|    approx_kl            | 0.006602958 |
|    clip_fraction        | 0.0514      |
|    clip_range           | 0.2         |
|    entropy_loss         | -0.718      |
|    explained_variance   | 0.31        |
|    learning_rate        | 7e-05       |
|    loss                 | 0.185       |
|    n_updates            | 1156        |
|    policy_gradient_loss | -0.00604    |
|    value_loss           | 0.326       |
-----------------------------------------
------------------------------------------
| episode/                |              |
|    lines_cleared_mean   | 5.8          |
|    perfect_clears_mean  | 0            |
|    pieces_placed_mean   | 27.7         |
| rollout/                |              |
|    ep_len_mean          | 28.3         |
|    ep_rew_mean          | 36.3         |
| time/                   |              |
|    fps                  | 642          |
|    iterations           | 291          |
|    time_elapsed         | 3710         |
|    total_timesteps      | 2383872      |
| train/                  |              |
|    approx_kl            | 0.0060392735 |
|    clip_fraction        | 0.0467       |
|    clip_range           | 0.2          |
|    entropy_loss         | -0.714       |
|    explained_variance   | 0.303        |
|    learning_rate        | 7e-05        |
|    loss                 | 0.23         |
|    n_updates            | 1160         |
|    policy_gradient_loss | -0.00516     |
|    value_loss           | 0.322        |
------------------------------------------
------------------------------------------
| episode/                |              |
|    lines_cleared_mean   | 6.7          |
|    perfect_clears_mean  | 0            |
|    pieces_placed_mean   | 28           |
| rollout/                |              |
|    ep_len_mean          | 27.6         |
|    ep_rew_mean          | 35.6         |
| time/                   |              |
|    fps                  | 642          |
|    iterations           | 292          |
|    time_elapsed         | 3723         |
|    total_timesteps      | 2392064      |
| train/                  |              |
|    approx_kl            | 0.0051069926 |
|    clip_fraction        | 0.0368       |
|    clip_range           | 0.2          |
|    entropy_loss         | -0.734       |
|    explained_variance   | 0.285        |
|    learning_rate        | 7e-05        |
|    loss                 | 0.221        |
|    n_updates            | 1164         |
|    policy_gradient_loss | -0.00458     |
|    value_loss           | 0.315        |
------------------------------------------
-----------------------------------------
| episode/                |             |
|    lines_cleared_mean   | 9.91        |
|    perfect_clears_mean  | 0           |
|    pieces_placed_mean   | 35.5        |
| rollout/                |             |
|    ep_len_mean          | 27.8        |
|    ep_rew_mean          | 35.7        |
| time/                   |             |
|    fps                  | 642         |
|    iterations           | 293         |
|    time_elapsed         | 3735        |
|    total_timesteps      | 2400256     |
| train/                  |             |
|    approx_kl            | 0.005265579 |
|    clip_fraction        | 0.0364      |
|    clip_range           | 0.2         |
|    entropy_loss         | -0.709      |
|    explained_variance   | 0.207       |
|    learning_rate        | 7e-05       |
|    loss                 | 0.196       |
|    n_updates            | 1168        |
|    policy_gradient_loss | -0.00422    |
|    value_loss           | 0.332       |
-----------------------------------------
------------------------------------------
| episode/                |              |
|    lines_cleared_mean   | 4.1          |
|    perfect_clears_mean  | 0            |
|    pieces_placed_mean   | 21.7         |
| rollout/                |              |
|    ep_len_mean          | 28.7         |
|    ep_rew_mean          | 37.9         |
| time/                   |              |
|    fps                  | 642          |
|    iterations           | 294          |
|    time_elapsed         | 3748         |
|    total_timesteps      | 2408448      |
| train/                  |              |
|    approx_kl            | 0.0054410454 |
|    clip_fraction        | 0.0343       |
|    clip_range           | 0.2          |
|    entropy_loss         | -0.701       |
|    explained_variance   | 0.264        |
|    learning_rate        | 7e-05        |
|    loss                 | 0.198        |
|    n_updates            | 1172         |
|    policy_gradient_loss | -0.00451     |
|    value_loss           | 0.348        |
------------------------------------------
-----------------------------------------
| episode/                |             |
|    lines_cleared_mean   | 6.7         |
|    perfect_clears_mean  | 0           |
|    pieces_placed_mean   | 28.8        |
| rollout/                |             |
|    ep_len_mean          | 28.3        |
|    ep_rew_mean          | 37          |
| time/                   |             |
|    fps                  | 642         |
|    iterations           | 295         |
|    time_elapsed         | 3761        |
|    total_timesteps      | 2416640     |
| train/                  |             |
|    approx_kl            | 0.004445841 |
|    clip_fraction        | 0.0294      |
|    clip_range           | 0.2         |
|    entropy_loss         | -0.675      |
|    explained_variance   | 0.301       |
|    learning_rate        | 7e-05       |
|    loss                 | 0.198       |
|    n_updates            | 1176        |
|    policy_gradient_loss | -0.00488    |
|    value_loss           | 0.345       |
-----------------------------------------
------------------------------------------
| episode/                |              |
|    lines_cleared_mean   | 6.33         |
|    perfect_clears_mean  | 0            |
|    pieces_placed_mean   | 28.2         |
| rollout/                |              |
|    ep_len_mean          | 29           |
|    ep_rew_mean          | 37.9         |
| time/                   |              |
|    fps                  | 642          |
|    iterations           | 296          |
|    time_elapsed         | 3774         |
|    total_timesteps      | 2424832      |
| train/                  |              |
|    approx_kl            | 0.0050975764 |
|    clip_fraction        | 0.0381       |
|    clip_range           | 0.2          |
|    entropy_loss         | -0.679       |
|    explained_variance   | 0.296        |
|    learning_rate        | 7e-05        |
|    loss                 | 0.194        |
|    n_updates            | 1180         |
|    policy_gradient_loss | -0.00527     |
|    value_loss           | 0.347        |
------------------------------------------
------------------------------------------
| episode/                |              |
|    lines_cleared_mean   | 5            |
|    perfect_clears_mean  | 0            |
|    pieces_placed_mean   | 24           |
| rollout/                |              |
|    ep_len_mean          | 28.3         |
|    ep_rew_mean          | 36.4         |
| time/                   |              |
|    fps                  | 642          |
|    iterations           | 297          |
|    time_elapsed         | 3787         |
|    total_timesteps      | 2433024      |
| train/                  |              |
|    approx_kl            | 0.0055157654 |
|    clip_fraction        | 0.0365       |
|    clip_range           | 0.2          |
|    entropy_loss         | -0.672       |
|    explained_variance   | 0.303        |
|    learning_rate        | 7e-05        |
|    loss                 | 0.2          |
|    n_updates            | 1184         |
|    policy_gradient_loss | -0.00499     |
|    value_loss           | 0.327        |
------------------------------------------
-----------------------------------------
| episode/                |             |
|    lines_cleared_mean   | 6.7         |
|    perfect_clears_mean  | 0           |
|    pieces_placed_mean   | 28.6        |
| rollout/                |             |
|    ep_len_mean          | 29          |
|    ep_rew_mean          | 38.2        |
| time/                   |             |
|    fps                  | 642         |
|    iterations           | 298         |
|    time_elapsed         | 3799        |
|    total_timesteps      | 2441216     |
| train/                  |             |
|    approx_kl            | 0.005340534 |
|    clip_fraction        | 0.041       |
|    clip_range           | 0.2         |
|    entropy_loss         | -0.677      |
|    explained_variance   | 0.314       |
|    learning_rate        | 7e-05       |
|    loss                 | 0.196       |
|    n_updates            | 1188        |
|    policy_gradient_loss | -0.0059     |
|    value_loss           | 0.325       |
-----------------------------------------
-----------------------------------------
| episode/                |             |
|    lines_cleared_mean   | 7.3         |
|    perfect_clears_mean  | 0           |
|    pieces_placed_mean   | 30.2        |
| rollout/                |             |
|    ep_len_mean          | 29          |
|    ep_rew_mean          | 38.4        |
| time/                   |             |
|    fps                  | 642         |
|    iterations           | 299         |
|    time_elapsed         | 3812        |
|    total_timesteps      | 2449408     |
| train/                  |             |
|    approx_kl            | 0.005747164 |
|    clip_fraction        | 0.0426      |
|    clip_range           | 0.2         |
|    entropy_loss         | -0.696      |
|    explained_variance   | 0.294       |
|    learning_rate        | 7e-05       |
|    loss                 | 0.223       |
|    n_updates            | 1192        |
|    policy_gradient_loss | -0.00573    |
|    value_loss           | 0.339       |
-----------------------------------------
----------------------------------------
| episode/                |            |
|    lines_cleared_mean   | 8.4        |
|    perfect_clears_mean  | 0          |
|    pieces_placed_mean   | 32.5       |
| rollout/                |            |
|    ep_len_mean          | 27.5       |
|    ep_rew_mean          | 34.8       |
| time/                   |            |
|    fps                  | 642        |
|    iterations           | 300        |
|    time_elapsed         | 3825       |
|    total_timesteps      | 2457600    |
| train/                  |            |
|    approx_kl            | 0.00539444 |
|    clip_fraction        | 0.039      |
|    clip_range           | 0.2        |
|    entropy_loss         | -0.681     |
|    explained_variance   | 0.217      |
|    learning_rate        | 7e-05      |
|    loss                 | 0.212      |
|    n_updates            | 1196       |
|    policy_gradient_loss | -0.00429   |
|    value_loss           | 0.335      |
----------------------------------------
----------------------------------------
| episode/                |            |
|    lines_cleared_mean   | 6.73       |
|    perfect_clears_mean  | 0          |
|    pieces_placed_mean   | 27.9       |
| rollout/                |            |
|    ep_len_mean          | 28.9       |
|    ep_rew_mean          | 37.8       |
| time/                   |            |
|    fps                  | 642        |
|    iterations           | 301        |
|    time_elapsed         | 3838       |
|    total_timesteps      | 2465792    |
| train/                  |            |
|    approx_kl            | 0.00571182 |
|    clip_fraction        | 0.0427     |
|    clip_range           | 0.2        |
|    entropy_loss         | -0.682     |
|    explained_variance   | 0.28       |
|    learning_rate        | 7e-05      |
|    loss                 | 0.206      |
|    n_updates            | 1200       |
|    policy_gradient_loss | -0.00556   |
|    value_loss           | 0.333      |
----------------------------------------
------------------------------------------
| episode/                |              |
|    lines_cleared_mean   | 6.7          |
|    perfect_clears_mean  | 0            |
|    pieces_placed_mean   | 29.3         |
| rollout/                |              |
|    ep_len_mean          | 26.5         |
|    ep_rew_mean          | 32.6         |
| time/                   |              |
|    fps                  | 642          |
|    iterations           | 302          |
|    time_elapsed         | 3851         |
|    total_timesteps      | 2473984      |
| train/                  |              |
|    approx_kl            | 0.0058320407 |
|    clip_fraction        | 0.0415       |
|    clip_range           | 0.2          |
|    entropy_loss         | -0.715       |
|    explained_variance   | 0.295        |
|    learning_rate        | 7e-05        |
|    loss                 | 0.212        |
|    n_updates            | 1204         |
|    policy_gradient_loss | -0.00505     |
|    value_loss           | 0.337        |
------------------------------------------
-----------------------------------------
| episode/                |             |
|    lines_cleared_mean   | 4           |
|    perfect_clears_mean  | 0           |
|    pieces_placed_mean   | 22.9        |
| rollout/                |             |
|    ep_len_mean          | 27.5        |
|    ep_rew_mean          | 35.1        |
| time/                   |             |
|    fps                  | 642         |
|    iterations           | 303         |
|    time_elapsed         | 3863        |
|    total_timesteps      | 2482176     |
| train/                  |             |
|    approx_kl            | 0.005733339 |
|    clip_fraction        | 0.0423      |
|    clip_range           | 0.2         |
|    entropy_loss         | -0.727      |
|    explained_variance   | 0.282       |
|    learning_rate        | 7e-05       |
|    loss                 | 0.189       |
|    n_updates            | 1208        |
|    policy_gradient_loss | -0.00572    |
|    value_loss           | 0.312       |
-----------------------------------------
------------------------------------------
| episode/                |              |
|    lines_cleared_mean   | 8.2          |
|    perfect_clears_mean  | 0            |
|    pieces_placed_mean   | 32.2         |
| rollout/                |              |
|    ep_len_mean          | 30.2         |
|    ep_rew_mean          | 41.2         |
| time/                   |              |
|    fps                  | 642          |
|    iterations           | 304          |
|    time_elapsed         | 3876         |
|    total_timesteps      | 2490368      |
| train/                  |              |
|    approx_kl            | 0.0061350698 |
|    clip_fraction        | 0.045        |
|    clip_range           | 0.2          |
|    entropy_loss         | -0.709       |
|    explained_variance   | 0.252        |
|    learning_rate        | 7e-05        |
|    loss                 | 0.187        |
|    n_updates            | 1212         |
|    policy_gradient_loss | -0.00623     |
|    value_loss           | 0.309        |
------------------------------------------
-----------------------------------------
| episode/                |             |
|    lines_cleared_mean   | 8           |
|    perfect_clears_mean  | 0           |
|    pieces_placed_mean   | 31.6        |
| rollout/                |             |
|    ep_len_mean          | 28.1        |
|    ep_rew_mean          | 36.5        |
| time/                   |             |
|    fps                  | 642         |
|    iterations           | 305         |
|    time_elapsed         | 3889        |
|    total_timesteps      | 2498560     |
| train/                  |             |
|    approx_kl            | 0.005001719 |
|    clip_fraction        | 0.0356      |
|    clip_range           | 0.2         |
|    entropy_loss         | -0.684      |
|    explained_variance   | 0.262       |
|    learning_rate        | 7e-05       |
|    loss                 | 0.2         |
|    n_updates            | 1216        |
|    policy_gradient_loss | -0.00445    |
|    value_loss           | 0.323       |
-----------------------------------------
-----------------------------------------
| episode/                |             |
|    lines_cleared_mean   | 7.18        |
|    perfect_clears_mean  | 0           |
|    pieces_placed_mean   | 29.8        |
| rollout/                |             |
|    ep_len_mean          | 30.9        |
|    ep_rew_mean          | 42.5        |
| time/                   |             |
|    fps                  | 642         |
|    iterations           | 306         |
|    time_elapsed         | 3902        |
|    total_timesteps      | 2506752     |
| train/                  |             |
|    approx_kl            | 0.004184615 |
|    clip_fraction        | 0.0287      |
|    clip_range           | 0.2         |
|    entropy_loss         | -0.705      |
|    explained_variance   | 0.19        |
|    learning_rate        | 7e-05       |
|    loss                 | 0.251       |
|    n_updates            | 1220        |
|    policy_gradient_loss | -0.0047     |
|    value_loss           | 0.372       |
-----------------------------------------
------------------------------------------
| episode/                |              |
|    lines_cleared_mean   | 8.3          |
|    perfect_clears_mean  | 0            |
|    pieces_placed_mean   | 31.9         |
| rollout/                |              |
|    ep_len_mean          | 29.8         |
|    ep_rew_mean          | 40.5         |
| time/                   |              |
|    fps                  | 642          |
|    iterations           | 307          |
|    time_elapsed         | 3914         |
|    total_timesteps      | 2514944      |
| train/                  |              |
|    approx_kl            | 0.0053595435 |
|    clip_fraction        | 0.0383       |
|    clip_range           | 0.2          |
|    entropy_loss         | -0.668       |
|    explained_variance   | 0.232        |
|    learning_rate        | 7e-05        |
|    loss                 | 0.196        |
|    n_updates            | 1224         |
|    policy_gradient_loss | -0.00428     |
|    value_loss           | 0.37         |
------------------------------------------
-----------------------------------------
| episode/                |             |
|    lines_cleared_mean   | 5.73        |
|    perfect_clears_mean  | 0           |
|    pieces_placed_mean   | 25.8        |
| rollout/                |             |
|    ep_len_mean          | 29.1        |
|    ep_rew_mean          | 38.2        |
| time/                   |             |
|    fps                  | 642         |
|    iterations           | 308         |
|    time_elapsed         | 3927        |
|    total_timesteps      | 2523136     |
| train/                  |             |
|    approx_kl            | 0.005829584 |
|    clip_fraction        | 0.044       |
|    clip_range           | 0.2         |
|    entropy_loss         | -0.672      |
|    explained_variance   | 0.253       |
|    learning_rate        | 7e-05       |
|    loss                 | 0.187       |
|    n_updates            | 1228        |
|    policy_gradient_loss | -0.00476    |
|    value_loss           | 0.355       |
-----------------------------------------
------------------------------------------
| episode/                |              |
|    lines_cleared_mean   | 9.8          |
|    perfect_clears_mean  | 0            |
|    pieces_placed_mean   | 35.3         |
| rollout/                |              |
|    ep_len_mean          | 28.9         |
|    ep_rew_mean          | 39.2         |
| time/                   |              |
|    fps                  | 642          |
|    iterations           | 309          |
|    time_elapsed         | 3940         |
|    total_timesteps      | 2531328      |
| train/                  |              |
|    approx_kl            | 0.0052366992 |
|    clip_fraction        | 0.0414       |
|    clip_range           | 0.2          |
|    entropy_loss         | -0.671       |
|    explained_variance   | 0.2          |
|    learning_rate        | 7e-05        |
|    loss                 | 0.215        |
|    n_updates            | 1232         |
|    policy_gradient_loss | -0.00518     |
|    value_loss           | 0.361        |
------------------------------------------
-----------------------------------------
| episode/                |             |
|    lines_cleared_mean   | 4.8         |
|    perfect_clears_mean  | 0           |
|    pieces_placed_mean   | 24.3        |
| rollout/                |             |
|    ep_len_mean          | 30          |
|    ep_rew_mean          | 40.4        |
| time/                   |             |
|    fps                  | 642         |
|    iterations           | 310         |
|    time_elapsed         | 3953        |
|    total_timesteps      | 2539520     |
| train/                  |             |
|    approx_kl            | 0.005629499 |
|    clip_fraction        | 0.04        |
|    clip_range           | 0.2         |
|    entropy_loss         | -0.69       |
|    explained_variance   | 0.279       |
|    learning_rate        | 7e-05       |
|    loss                 | 0.174       |
|    n_updates            | 1236        |
|    policy_gradient_loss | -0.00547    |
|    value_loss           | 0.325       |
-----------------------------------------
-----------------------------------------
| episode/                |             |
|    lines_cleared_mean   | 8.36        |
|    perfect_clears_mean  | 0           |
|    pieces_placed_mean   | 32.9        |
| rollout/                |             |
|    ep_len_mean          | 30.1        |
|    ep_rew_mean          | 39.9        |
| time/                   |             |
|    fps                  | 642         |
|    iterations           | 311         |
|    time_elapsed         | 3965        |
|    total_timesteps      | 2547712     |
| train/                  |             |
|    approx_kl            | 0.005150565 |
|    clip_fraction        | 0.0378      |
|    clip_range           | 0.2         |
|    entropy_loss         | -0.646      |
|    explained_variance   | 0.255       |
|    learning_rate        | 7e-05       |
|    loss                 | 0.235       |
|    n_updates            | 1240        |
|    policy_gradient_loss | -0.0048     |
|    value_loss           | 0.37        |
-----------------------------------------
------------------------------------------
| episode/                |              |
|    lines_cleared_mean   | 6.1          |
|    perfect_clears_mean  | 0            |
|    pieces_placed_mean   | 26.4         |
| rollout/                |              |
|    ep_len_mean          | 28.6         |
|    ep_rew_mean          | 37.8         |
| time/                   |              |
|    fps                  | 642          |
|    iterations           | 312          |
|    time_elapsed         | 3978         |
|    total_timesteps      | 2555904      |
| train/                  |              |
|    approx_kl            | 0.0055829436 |
|    clip_fraction        | 0.0375       |
|    clip_range           | 0.2          |
|    entropy_loss         | -0.651       |
|    explained_variance   | 0.299        |
|    learning_rate        | 7e-05        |
|    loss                 | 0.214        |
|    n_updates            | 1244         |
|    policy_gradient_loss | -0.00445     |
|    value_loss           | 0.33         |
------------------------------------------
------------------------------------------
| episode/                |              |
|    lines_cleared_mean   | 8.2          |
|    perfect_clears_mean  | 0            |
|    pieces_placed_mean   | 32.9         |
| rollout/                |              |
|    ep_len_mean          | 28.9         |
|    ep_rew_mean          | 38.2         |
| time/                   |              |
|    fps                  | 642          |
|    iterations           | 313          |
|    time_elapsed         | 3991         |
|    total_timesteps      | 2564096      |
| train/                  |              |
|    approx_kl            | 0.0048082713 |
|    clip_fraction        | 0.0315       |
|    clip_range           | 0.2          |
|    entropy_loss         | -0.647       |
|    explained_variance   | 0.299        |
|    learning_rate        | 7e-05        |
|    loss                 | 0.26         |
|    n_updates            | 1248         |
|    policy_gradient_loss | -0.0043      |
|    value_loss           | 0.352        |
------------------------------------------
------------------------------------------
| episode/                |              |
|    lines_cleared_mean   | 4            |
|    perfect_clears_mean  | 0            |
|    pieces_placed_mean   | 22.9         |
| rollout/                |              |
|    ep_len_mean          | 29           |
|    ep_rew_mean          | 38.5         |
| time/                   |              |
|    fps                  | 642          |
|    iterations           | 314          |
|    time_elapsed         | 4004         |
|    total_timesteps      | 2572288      |
| train/                  |              |
|    approx_kl            | 0.0049542477 |
|    clip_fraction        | 0.0399       |
|    clip_range           | 0.2          |
|    entropy_loss         | -0.622       |
|    explained_variance   | 0.262        |
|    learning_rate        | 7e-05        |
|    loss                 | 0.209        |
|    n_updates            | 1252         |
|    policy_gradient_loss | -0.0053      |
|    value_loss           | 0.355        |
------------------------------------------
-----------------------------------------
| episode/                |             |
|    lines_cleared_mean   | 6.67        |
|    perfect_clears_mean  | 0           |
|    pieces_placed_mean   | 28.4        |
| rollout/                |             |
|    ep_len_mean          | 31.9        |
|    ep_rew_mean          | 44.5        |
| time/                   |             |
|    fps                  | 642         |
|    iterations           | 315         |
|    time_elapsed         | 4017        |
|    total_timesteps      | 2580480     |
| train/                  |             |
|    approx_kl            | 0.005150959 |
|    clip_fraction        | 0.0352      |
|    clip_range           | 0.2         |
|    entropy_loss         | -0.622      |
|    explained_variance   | 0.307       |
|    learning_rate        | 7e-05       |
|    loss                 | 0.221       |
|    n_updates            | 1256        |
|    policy_gradient_loss | -0.00607    |
|    value_loss           | 0.331       |
-----------------------------------------
------------------------------------------
| episode/                |              |
|    lines_cleared_mean   | 8.6          |
|    perfect_clears_mean  | 0            |
|    pieces_placed_mean   | 32.6         |
| rollout/                |              |
|    ep_len_mean          | 29.6         |
|    ep_rew_mean          | 39.4         |
| time/                   |              |
|    fps                  | 642          |
|    iterations           | 316          |
|    time_elapsed         | 4029         |
|    total_timesteps      | 2588672      |
| train/                  |              |
|    approx_kl            | 0.0045754686 |
|    clip_fraction        | 0.0327       |
|    clip_range           | 0.2          |
|    entropy_loss         | -0.639       |
|    explained_variance   | 0.269        |
|    learning_rate        | 7e-05        |
|    loss                 | 0.289        |
|    n_updates            | 1260         |
|    policy_gradient_loss | -0.00483     |
|    value_loss           | 0.388        |
------------------------------------------
-----------------------------------------
| episode/                |             |
|    lines_cleared_mean   | 4           |
|    perfect_clears_mean  | 0           |
|    pieces_placed_mean   | 21.9        |
| rollout/                |             |
|    ep_len_mean          | 28.4        |
|    ep_rew_mean          | 37.2        |
| time/                   |             |
|    fps                  | 642         |
|    iterations           | 317         |
|    time_elapsed         | 4042        |
|    total_timesteps      | 2596864     |
| train/                  |             |
|    approx_kl            | 0.005230204 |
|    clip_fraction        | 0.0357      |
|    clip_range           | 0.2         |
|    entropy_loss         | -0.637      |
|    explained_variance   | 0.243       |
|    learning_rate        | 7e-05       |
|    loss                 | 0.219       |
|    n_updates            | 1264        |
|    policy_gradient_loss | -0.00505    |
|    value_loss           | 0.363       |
-----------------------------------------
------------------------------------------
| episode/                |              |
|    lines_cleared_mean   | 4.91         |
|    perfect_clears_mean  | 0            |
|    pieces_placed_mean   | 24.3         |
| rollout/                |              |
|    ep_len_mean          | 30.2         |
|    ep_rew_mean          | 40.7         |
| time/                   |              |
|    fps                  | 642          |
|    iterations           | 318          |
|    time_elapsed         | 4055         |
|    total_timesteps      | 2605056      |
| train/                  |              |
|    approx_kl            | 0.0048337397 |
|    clip_fraction        | 0.0408       |
|    clip_range           | 0.2          |
|    entropy_loss         | -0.636       |
|    explained_variance   | 0.329        |
|    learning_rate        | 7e-05        |
|    loss                 | 0.23         |
|    n_updates            | 1268         |
|    policy_gradient_loss | -0.00575     |
|    value_loss           | 0.315        |
------------------------------------------
-----------------------------------------
| episode/                |             |
|    lines_cleared_mean   | 5.7         |
|    perfect_clears_mean  | 0           |
|    pieces_placed_mean   | 26.6        |
| rollout/                |             |
|    ep_len_mean          | 28.1        |
|    ep_rew_mean          | 35.3        |
| time/                   |             |
|    fps                  | 642         |
|    iterations           | 319         |
|    time_elapsed         | 4068        |
|    total_timesteps      | 2613248     |
| train/                  |             |
|    approx_kl            | 0.004359265 |
|    clip_fraction        | 0.0331      |
|    clip_range           | 0.2         |
|    entropy_loss         | -0.625      |
|    explained_variance   | 0.265       |
|    learning_rate        | 7e-05       |
|    loss                 | 0.212       |
|    n_updates            | 1272        |
|    policy_gradient_loss | -0.00435    |
|    value_loss           | 0.336       |
-----------------------------------------
------------------------------------------
| episode/                |              |
|    lines_cleared_mean   | 7            |
|    perfect_clears_mean  | 0            |
|    pieces_placed_mean   | 29.5         |
| rollout/                |              |
|    ep_len_mean          | 28.6         |
|    ep_rew_mean          | 37.2         |
| time/                   |              |
|    fps                  | 642          |
|    iterations           | 320          |
|    time_elapsed         | 4080         |
|    total_timesteps      | 2621440      |
| train/                  |              |
|    approx_kl            | 0.0046501737 |
|    clip_fraction        | 0.0384       |
|    clip_range           | 0.2          |
|    entropy_loss         | -0.625       |
|    explained_variance   | 0.26         |
|    learning_rate        | 7e-05        |
|    loss                 | 0.246        |
|    n_updates            | 1276         |
|    policy_gradient_loss | -0.00488     |
|    value_loss           | 0.342        |
------------------------------------------
-----------------------------------------
| episode/                |             |
|    lines_cleared_mean   | 4.6         |
|    perfect_clears_mean  | 0           |
|    pieces_placed_mean   | 24.1        |
| rollout/                |             |
|    ep_len_mean          | 28.8        |
|    ep_rew_mean          | 37.8        |
| time/                   |             |
|    fps                  | 642         |
|    iterations           | 321         |
|    time_elapsed         | 4093        |
|    total_timesteps      | 2629632     |
| train/                  |             |
|    approx_kl            | 0.005160987 |
|    clip_fraction        | 0.0429      |
|    clip_range           | 0.2         |
|    entropy_loss         | -0.633      |
|    explained_variance   | 0.32        |
|    learning_rate        | 7e-05       |
|    loss                 | 0.195       |
|    n_updates            | 1280        |
|    policy_gradient_loss | -0.00509    |
|    value_loss           | 0.312       |
-----------------------------------------
-----------------------------------------
| episode/                |             |
|    lines_cleared_mean   | 7.4         |
|    perfect_clears_mean  | 0           |
|    pieces_placed_mean   | 31          |
| rollout/                |             |
|    ep_len_mean          | 30.7        |
|    ep_rew_mean          | 42.3        |
| time/                   |             |
|    fps                  | 642         |
|    iterations           | 322         |
|    time_elapsed         | 4106        |
|    total_timesteps      | 2637824     |
| train/                  |             |
|    approx_kl            | 0.005124249 |
|    clip_fraction        | 0.0399      |
|    clip_range           | 0.2         |
|    entropy_loss         | -0.62       |
|    explained_variance   | 0.256       |
|    learning_rate        | 7e-05       |
|    loss                 | 0.218       |
|    n_updates            | 1284        |
|    policy_gradient_loss | -0.00545    |
|    value_loss           | 0.364       |
-----------------------------------------
-----------------------------------------
| episode/                |             |
|    lines_cleared_mean   | 8.8         |
|    perfect_clears_mean  | 0           |
|    pieces_placed_mean   | 33.2        |
| rollout/                |             |
|    ep_len_mean          | 31          |
|    ep_rew_mean          | 42.8        |
| time/                   |             |
|    fps                  | 642         |
|    iterations           | 323         |
|    time_elapsed         | 4119        |
|    total_timesteps      | 2646016     |
| train/                  |             |
|    approx_kl            | 0.005371374 |
|    clip_fraction        | 0.0389      |
|    clip_range           | 0.2         |
|    entropy_loss         | -0.628      |
|    explained_variance   | 0.331       |
|    learning_rate        | 7e-05       |
|    loss                 | 0.168       |
|    n_updates            | 1288        |
|    policy_gradient_loss | -0.00473    |
|    value_loss           | 0.303       |
-----------------------------------------
------------------------------------------
| episode/                |              |
|    lines_cleared_mean   | 7.6          |
|    perfect_clears_mean  | 0            |
|    pieces_placed_mean   | 30.4         |
| rollout/                |              |
|    ep_len_mean          | 29.4         |
|    ep_rew_mean          | 39.1         |
| time/                   |              |
|    fps                  | 642          |
|    iterations           | 324          |
|    time_elapsed         | 4131         |
|    total_timesteps      | 2654208      |
| train/                  |              |
|    approx_kl            | 0.0051040985 |
|    clip_fraction        | 0.0376       |
|    clip_range           | 0.2          |
|    entropy_loss         | -0.618       |
|    explained_variance   | 0.252        |
|    learning_rate        | 7e-05        |
|    loss                 | 0.24         |
|    n_updates            | 1292         |
|    policy_gradient_loss | -0.00546     |
|    value_loss           | 0.359        |
------------------------------------------
------------------------------------------
| episode/                |              |
|    lines_cleared_mean   | 7.9          |
|    perfect_clears_mean  | 0            |
|    pieces_placed_mean   | 31.8         |
| rollout/                |              |
|    ep_len_mean          | 27.6         |
|    ep_rew_mean          | 35.3         |
| time/                   |              |
|    fps                  | 642          |
|    iterations           | 325          |
|    time_elapsed         | 4144         |
|    total_timesteps      | 2662400      |
| train/                  |              |
|    approx_kl            | 0.0051943953 |
|    clip_fraction        | 0.0352       |
|    clip_range           | 0.2          |
|    entropy_loss         | -0.622       |
|    explained_variance   | 0.287        |
|    learning_rate        | 7e-05        |
|    loss                 | 0.205        |
|    n_updates            | 1296         |
|    policy_gradient_loss | -0.00436     |
|    value_loss           | 0.322        |
------------------------------------------
------------------------------------------
| episode/                |              |
|    lines_cleared_mean   | 7.18         |
|    perfect_clears_mean  | 0            |
|    pieces_placed_mean   | 30.6         |
| rollout/                |              |
|    ep_len_mean          | 29.5         |
|    ep_rew_mean          | 38.8         |
| time/                   |              |
|    fps                  | 642          |
|    iterations           | 326          |
|    time_elapsed         | 4157         |
|    total_timesteps      | 2670592      |
| train/                  |              |
|    approx_kl            | 0.0058103153 |
|    clip_fraction        | 0.043        |
|    clip_range           | 0.2          |
|    entropy_loss         | -0.637       |
|    explained_variance   | 0.287        |
|    learning_rate        | 7e-05        |
|    loss                 | 0.217        |
|    n_updates            | 1300         |
|    policy_gradient_loss | -0.00624     |
|    value_loss           | 0.328        |
------------------------------------------
-----------------------------------------
| episode/                |             |
|    lines_cleared_mean   | 6.7         |
|    perfect_clears_mean  | 0           |
|    pieces_placed_mean   | 29.1        |
| rollout/                |             |
|    ep_len_mean          | 29.3        |
|    ep_rew_mean          | 38.4        |
| time/                   |             |
|    fps                  | 642         |
|    iterations           | 327         |
|    time_elapsed         | 4169        |
|    total_timesteps      | 2678784     |
| train/                  |             |
|    approx_kl            | 0.005696278 |
|    clip_fraction        | 0.0412      |
|    clip_range           | 0.2         |
|    entropy_loss         | -0.656      |
|    explained_variance   | 0.252       |
|    learning_rate        | 7e-05       |
|    loss                 | 0.182       |
|    n_updates            | 1304        |
|    policy_gradient_loss | -0.00406    |
|    value_loss           | 0.319       |
-----------------------------------------
-----------------------------------------
| episode/                |             |
|    lines_cleared_mean   | 6.4         |
|    perfect_clears_mean  | 0           |
|    pieces_placed_mean   | 26.1        |
| rollout/                |             |
|    ep_len_mean          | 27.5        |
|    ep_rew_mean          | 35.6        |
| time/                   |             |
|    fps                  | 642         |
|    iterations           | 328         |
|    time_elapsed         | 4182        |
|    total_timesteps      | 2686976     |
| train/                  |             |
|    approx_kl            | 0.004968466 |
|    clip_fraction        | 0.0381      |
|    clip_range           | 0.2         |
|    entropy_loss         | -0.623      |
|    explained_variance   | 0.286       |
|    learning_rate        | 7e-05       |
|    loss                 | 0.219       |
|    n_updates            | 1308        |
|    policy_gradient_loss | -0.00505    |
|    value_loss           | 0.349       |
-----------------------------------------
-----------------------------------------
| episode/                |             |
|    lines_cleared_mean   | 8.1         |
|    perfect_clears_mean  | 0           |
|    pieces_placed_mean   | 31.6        |
| rollout/                |             |
|    ep_len_mean          | 29.2        |
|    ep_rew_mean          | 38.7        |
| time/                   |             |
|    fps                  | 642         |
|    iterations           | 329         |
|    time_elapsed         | 4195        |
|    total_timesteps      | 2695168     |
| train/                  |             |
|    approx_kl            | 0.005414488 |
|    clip_fraction        | 0.0432      |
|    clip_range           | 0.2         |
|    entropy_loss         | -0.641      |
|    explained_variance   | 0.334       |
|    learning_rate        | 7e-05       |
|    loss                 | 0.167       |
|    n_updates            | 1312        |
|    policy_gradient_loss | -0.00564    |
|    value_loss           | 0.301       |
-----------------------------------------
-----------------------------------------
| episode/                |             |
|    lines_cleared_mean   | 7.1         |
|    perfect_clears_mean  | 0           |
|    pieces_placed_mean   | 29.6        |
| rollout/                |             |
|    ep_len_mean          | 28.7        |
|    ep_rew_mean          | 38.4        |
| time/                   |             |
|    fps                  | 642         |
|    iterations           | 330         |
|    time_elapsed         | 4208        |
|    total_timesteps      | 2703360     |
| train/                  |             |
|    approx_kl            | 0.004961852 |
|    clip_fraction        | 0.0378      |
|    clip_range           | 0.2         |
|    entropy_loss         | -0.628      |
|    explained_variance   | 0.29        |
|    learning_rate        | 7e-05       |
|    loss                 | 0.216       |
|    n_updates            | 1316        |
|    policy_gradient_loss | -0.00476    |
|    value_loss           | 0.317       |
-----------------------------------------
----------------------------------------
| episode/                |            |
|    lines_cleared_mean   | 7.5        |
|    perfect_clears_mean  | 0          |
|    pieces_placed_mean   | 30.3       |
| rollout/                |            |
|    ep_len_mean          | 29.2       |
|    ep_rew_mean          | 39.4       |
| time/                   |            |
|    fps                  | 642        |
|    iterations           | 331        |
|    time_elapsed         | 4220       |
|    total_timesteps      | 2711552    |
| train/                  |            |
|    approx_kl            | 0.00891213 |
|    clip_fraction        | 0.0399     |
|    clip_range           | 0.2        |
|    entropy_loss         | -0.635     |
|    explained_variance   | 0.354      |
|    learning_rate        | 7e-05      |
|    loss                 | 0.202      |
|    n_updates            | 1320       |
|    policy_gradient_loss | -0.00573   |
|    value_loss           | 0.312      |
----------------------------------------
------------------------------------------
| episode/                |              |
|    lines_cleared_mean   | 8.36         |
|    perfect_clears_mean  | 0            |
|    pieces_placed_mean   | 32.5         |
| rollout/                |              |
|    ep_len_mean          | 29.6         |
|    ep_rew_mean          | 39.7         |
| time/                   |              |
|    fps                  | 642          |
|    iterations           | 332          |
|    time_elapsed         | 4233         |
|    total_timesteps      | 2719744      |
| train/                  |              |
|    approx_kl            | 0.0049595544 |
|    clip_fraction        | 0.0341       |
|    clip_range           | 0.2          |
|    entropy_loss         | -0.62        |
|    explained_variance   | 0.287        |
|    learning_rate        | 7e-05        |
|    loss                 | 0.195        |
|    n_updates            | 1324         |
|    policy_gradient_loss | -0.00443     |
|    value_loss           | 0.322        |
------------------------------------------
------------------------------------------
| episode/                |              |
|    lines_cleared_mean   | 6.6          |
|    perfect_clears_mean  | 0            |
|    pieces_placed_mean   | 27.4         |
| rollout/                |              |
|    ep_len_mean          | 26.4         |
|    ep_rew_mean          | 32.7         |
| time/                   |              |
|    fps                  | 642          |
|    iterations           | 333          |
|    time_elapsed         | 4246         |
|    total_timesteps      | 2727936      |
| train/                  |              |
|    approx_kl            | 0.0051396308 |
|    clip_fraction        | 0.0373       |
|    clip_range           | 0.2          |
|    entropy_loss         | -0.612       |
|    explained_variance   | 0.347        |
|    learning_rate        | 7e-05        |
|    loss                 | 0.193        |
|    n_updates            | 1328         |
|    policy_gradient_loss | -0.00452     |
|    value_loss           | 0.308        |
------------------------------------------
-----------------------------------------
| episode/                |             |
|    lines_cleared_mean   | 6.09        |
|    perfect_clears_mean  | 0           |
|    pieces_placed_mean   | 26.5        |
| rollout/                |             |
|    ep_len_mean          | 30.7        |
|    ep_rew_mean          | 42.1        |
| time/                   |             |
|    fps                  | 642         |
|    iterations           | 334         |
|    time_elapsed         | 4259        |
|    total_timesteps      | 2736128     |
| train/                  |             |
|    approx_kl            | 0.004208038 |
|    clip_fraction        | 0.0314      |
|    clip_range           | 0.2         |
|    entropy_loss         | -0.628      |
|    explained_variance   | 0.293       |
|    learning_rate        | 7e-05       |
|    loss                 | 0.201       |
|    n_updates            | 1332        |
|    policy_gradient_loss | -0.0041     |
|    value_loss           | 0.323       |
-----------------------------------------
------------------------------------------
| episode/                |              |
|    lines_cleared_mean   | 6.1          |
|    perfect_clears_mean  | 0            |
|    pieces_placed_mean   | 26.7         |
| rollout/                |              |
|    ep_len_mean          | 28.6         |
|    ep_rew_mean          | 37.5         |
| time/                   |              |
|    fps                  | 642          |
|    iterations           | 335          |
|    time_elapsed         | 4272         |
|    total_timesteps      | 2744320      |
| train/                  |              |
|    approx_kl            | 0.0051285466 |
|    clip_fraction        | 0.0356       |
|    clip_range           | 0.2          |
|    entropy_loss         | -0.619       |
|    explained_variance   | 0.27         |
|    learning_rate        | 7e-05        |
|    loss                 | 0.213        |
|    n_updates            | 1336         |
|    policy_gradient_loss | -0.00448     |
|    value_loss           | 0.331        |
------------------------------------------
------------------------------------------
| episode/                |              |
|    lines_cleared_mean   | 7.6          |
|    perfect_clears_mean  | 0            |
|    pieces_placed_mean   | 30.6         |
| rollout/                |              |
|    ep_len_mean          | 28.4         |
|    ep_rew_mean          | 37.1         |
| time/                   |              |
|    fps                  | 642          |
|    iterations           | 336          |
|    time_elapsed         | 4284         |
|    total_timesteps      | 2752512      |
| train/                  |              |
|    approx_kl            | 0.0049054474 |
|    clip_fraction        | 0.0375       |
|    clip_range           | 0.2          |
|    entropy_loss         | -0.619       |
|    explained_variance   | 0.255        |
|    learning_rate        | 7e-05        |
|    loss                 | 0.18         |
|    n_updates            | 1340         |
|    policy_gradient_loss | -0.00481     |
|    value_loss           | 0.308        |
------------------------------------------
-----------------------------------------
| episode/                |             |
|    lines_cleared_mean   | 7.6         |
|    perfect_clears_mean  | 0           |
|    pieces_placed_mean   | 30          |
| rollout/                |             |
|    ep_len_mean          | 27.1        |
|    ep_rew_mean          | 33.9        |
| time/                   |             |
|    fps                  | 642         |
|    iterations           | 337         |
|    time_elapsed         | 4297        |
|    total_timesteps      | 2760704     |
| train/                  |             |
|    approx_kl            | 0.004543091 |
|    clip_fraction        | 0.0316      |
|    clip_range           | 0.2         |
|    entropy_loss         | -0.635      |
|    explained_variance   | 0.324       |
|    learning_rate        | 7e-05       |
|    loss                 | 0.167       |
|    n_updates            | 1344        |
|    policy_gradient_loss | -0.00473    |
|    value_loss           | 0.298       |
-----------------------------------------
-----------------------------------------
| episode/                |             |
|    lines_cleared_mean   | 5.5         |
|    perfect_clears_mean  | 0           |
|    pieces_placed_mean   | 25.7        |
| rollout/                |             |
|    ep_len_mean          | 28.7        |
|    ep_rew_mean          | 37.2        |
| time/                   |             |
|    fps                  | 642         |
|    iterations           | 338         |
|    time_elapsed         | 4310        |
|    total_timesteps      | 2768896     |
| train/                  |             |
|    approx_kl            | 0.005408033 |
|    clip_fraction        | 0.036       |
|    clip_range           | 0.2         |
|    entropy_loss         | -0.637      |
|    explained_variance   | 0.275       |
|    learning_rate        | 7e-05       |
|    loss                 | 0.167       |
|    n_updates            | 1348        |
|    policy_gradient_loss | -0.0056     |
|    value_loss           | 0.313       |
-----------------------------------------
------------------------------------------
| episode/                |              |
|    lines_cleared_mean   | 7.8          |
|    perfect_clears_mean  | 0            |
|    pieces_placed_mean   | 30.6         |
| rollout/                |              |
|    ep_len_mean          | 31.4         |
|    ep_rew_mean          | 43.8         |
| time/                   |              |
|    fps                  | 642          |
|    iterations           | 339          |
|    time_elapsed         | 4322         |
|    total_timesteps      | 2777088      |
| train/                  |              |
|    approx_kl            | 0.0073979264 |
|    clip_fraction        | 0.0379       |
|    clip_range           | 0.2          |
|    entropy_loss         | -0.631       |
|    explained_variance   | 0.29         |
|    learning_rate        | 7e-05        |
|    loss                 | 0.22         |
|    n_updates            | 1352         |
|    policy_gradient_loss | -0.00485     |
|    value_loss           | 0.31         |
------------------------------------------
-----------------------------------------
| episode/                |             |
|    lines_cleared_mean   | 7.6         |
|    perfect_clears_mean  | 0           |
|    pieces_placed_mean   | 29.8        |
| rollout/                |             |
|    ep_len_mean          | 29.2        |
|    ep_rew_mean          | 39.1        |
| time/                   |             |
|    fps                  | 642         |
|    iterations           | 340         |
|    time_elapsed         | 4335        |
|    total_timesteps      | 2785280     |
| train/                  |             |
|    approx_kl            | 0.005255321 |
|    clip_fraction        | 0.0364      |
|    clip_range           | 0.2         |
|    entropy_loss         | -0.601      |
|    explained_variance   | 0.319       |
|    learning_rate        | 7e-05       |
|    loss                 | 0.151       |
|    n_updates            | 1356        |
|    policy_gradient_loss | -0.00466    |
|    value_loss           | 0.292       |
-----------------------------------------
-----------------------------------------
| episode/                |             |
|    lines_cleared_mean   | 8.6         |
|    perfect_clears_mean  | 0           |
|    pieces_placed_mean   | 31.5        |
| rollout/                |             |
|    ep_len_mean          | 28.1        |
|    ep_rew_mean          | 36.8        |
| time/                   |             |
|    fps                  | 642         |
|    iterations           | 341         |
|    time_elapsed         | 4348        |
|    total_timesteps      | 2793472     |
| train/                  |             |
|    approx_kl            | 0.005856931 |
|    clip_fraction        | 0.0361      |
|    clip_range           | 0.2         |
|    entropy_loss         | -0.622      |
|    explained_variance   | 0.222       |
|    learning_rate        | 7e-05       |
|    loss                 | 0.195       |
|    n_updates            | 1360        |
|    policy_gradient_loss | -0.00534    |
|    value_loss           | 0.335       |
-----------------------------------------
------------------------------------------
| episode/                |              |
|    lines_cleared_mean   | 6.7          |
|    perfect_clears_mean  | 0            |
|    pieces_placed_mean   | 28.2         |
| rollout/                |              |
|    ep_len_mean          | 28.1         |
|    ep_rew_mean          | 36.3         |
| time/                   |              |
|    fps                  | 642          |
|    iterations           | 342          |
|    time_elapsed         | 4361         |
|    total_timesteps      | 2801664      |
| train/                  |              |
|    approx_kl            | 0.0052102227 |
|    clip_fraction        | 0.0352       |
|    clip_range           | 0.2          |
|    entropy_loss         | -0.637       |
|    explained_variance   | 0.284        |
|    learning_rate        | 7e-05        |
|    loss                 | 0.183        |
|    n_updates            | 1364         |
|    policy_gradient_loss | -0.00486     |
|    value_loss           | 0.314        |
------------------------------------------
------------------------------------------
| episode/                |              |
|    lines_cleared_mean   | 5.6          |
|    perfect_clears_mean  | 0            |
|    pieces_placed_mean   | 25.2         |
| rollout/                |              |
|    ep_len_mean          | 28.3         |
|    ep_rew_mean          | 37.1         |
| time/                   |              |
|    fps                  | 642          |
|    iterations           | 343          |
|    time_elapsed         | 4374         |
|    total_timesteps      | 2809856      |
| train/                  |              |
|    approx_kl            | 0.0054164967 |
|    clip_fraction        | 0.041        |
|    clip_range           | 0.2          |
|    entropy_loss         | -0.607       |
|    explained_variance   | 0.298        |
|    learning_rate        | 7e-05        |
|    loss                 | 0.195        |
|    n_updates            | 1368         |
|    policy_gradient_loss | -0.00535     |
|    value_loss           | 0.317        |
------------------------------------------
-----------------------------------------
| episode/                |             |
|    lines_cleared_mean   | 6.2         |
|    perfect_clears_mean  | 0           |
|    pieces_placed_mean   | 27.1        |
| rollout/                |             |
|    ep_len_mean          | 29.5        |
|    ep_rew_mean          | 39.6        |
| time/                   |             |
|    fps                  | 642         |
|    iterations           | 344         |
|    time_elapsed         | 4386        |
|    total_timesteps      | 2818048     |
| train/                  |             |
|    approx_kl            | 0.005334161 |
|    clip_fraction        | 0.0394      |
|    clip_range           | 0.2         |
|    entropy_loss         | -0.602      |
|    explained_variance   | 0.269       |
|    learning_rate        | 7e-05       |
|    loss                 | 0.166       |
|    n_updates            | 1372        |
|    policy_gradient_loss | -0.00519    |
|    value_loss           | 0.302       |
-----------------------------------------
------------------------------------------
| episode/                |              |
|    lines_cleared_mean   | 8.4          |
|    perfect_clears_mean  | 0            |
|    pieces_placed_mean   | 34.1         |
| rollout/                |              |
|    ep_len_mean          | 30.8         |
|    ep_rew_mean          | 41.6         |
| time/                   |              |
|    fps                  | 642          |
|    iterations           | 345          |
|    time_elapsed         | 4399         |
|    total_timesteps      | 2826240      |
| train/                  |              |
|    approx_kl            | 0.0044057835 |
|    clip_fraction        | 0.0324       |
|    clip_range           | 0.2          |
|    entropy_loss         | -0.596       |
|    explained_variance   | 0.3          |
|    learning_rate        | 7e-05        |
|    loss                 | 0.189        |
|    n_updates            | 1376         |
|    policy_gradient_loss | -0.00455     |
|    value_loss           | 0.314        |
------------------------------------------
----------------------------------------
| episode/                |            |
|    lines_cleared_mean   | 7.8        |
|    perfect_clears_mean  | 0          |
|    pieces_placed_mean   | 31.5       |
| rollout/                |            |
|    ep_len_mean          | 30.3       |
|    ep_rew_mean          | 41.8       |
| time/                   |            |
|    fps                  | 642        |
|    iterations           | 346        |
|    time_elapsed         | 4412       |
|    total_timesteps      | 2834432    |
| train/                  |            |
|    approx_kl            | 0.00465753 |
|    clip_fraction        | 0.0334     |
|    clip_range           | 0.2        |
|    entropy_loss         | -0.584     |
|    explained_variance   | 0.253      |
|    learning_rate        | 7e-05      |
|    loss                 | 0.2        |
|    n_updates            | 1380       |
|    policy_gradient_loss | -0.00465   |
|    value_loss           | 0.34       |
----------------------------------------
-----------------------------------------
| episode/                |             |
|    lines_cleared_mean   | 6.2         |
|    perfect_clears_mean  | 0           |
|    pieces_placed_mean   | 27.2        |
| rollout/                |             |
|    ep_len_mean          | 30.6        |
|    ep_rew_mean          | 42.1        |
| time/                   |             |
|    fps                  | 642         |
|    iterations           | 347         |
|    time_elapsed         | 4424        |
|    total_timesteps      | 2842624     |
| train/                  |             |
|    approx_kl            | 0.005495657 |
|    clip_fraction        | 0.0357      |
|    clip_range           | 0.2         |
|    entropy_loss         | -0.583      |
|    explained_variance   | 0.281       |
|    learning_rate        | 7e-05       |
|    loss                 | 0.172       |
|    n_updates            | 1384        |
|    policy_gradient_loss | -0.0057     |
|    value_loss           | 0.337       |
-----------------------------------------
------------------------------------------
| episode/                |              |
|    lines_cleared_mean   | 7            |
|    perfect_clears_mean  | 0            |
|    pieces_placed_mean   | 27.8         |
| rollout/                |              |
|    ep_len_mean          | 27.6         |
|    ep_rew_mean          | 35.8         |
| time/                   |              |
|    fps                  | 642          |
|    iterations           | 348          |
|    time_elapsed         | 4437         |
|    total_timesteps      | 2850816      |
| train/                  |              |
|    approx_kl            | 0.0049549625 |
|    clip_fraction        | 0.0346       |
|    clip_range           | 0.2          |
|    entropy_loss         | -0.584       |
|    explained_variance   | 0.246        |
|    learning_rate        | 7e-05        |
|    loss                 | 0.243        |
|    n_updates            | 1388         |
|    policy_gradient_loss | -0.00431     |
|    value_loss           | 0.345        |
------------------------------------------
-----------------------------------------
| episode/                |             |
|    lines_cleared_mean   | 5.2         |
|    perfect_clears_mean  | 0           |
|    pieces_placed_mean   | 25.3        |
| rollout/                |             |
|    ep_len_mean          | 28.7        |
|    ep_rew_mean          | 37.4        |
| time/                   |             |
|    fps                  | 642         |
|    iterations           | 349         |
|    time_elapsed         | 4450        |
|    total_timesteps      | 2859008     |
| train/                  |             |
|    approx_kl            | 0.004954337 |
|    clip_fraction        | 0.0292      |
|    clip_range           | 0.2         |
|    entropy_loss         | -0.583      |
|    explained_variance   | 0.33        |
|    learning_rate        | 7e-05       |
|    loss                 | 0.22        |
|    n_updates            | 1392        |
|    policy_gradient_loss | -0.00461    |
|    value_loss           | 0.345       |
-----------------------------------------
-----------------------------------------
| episode/                |             |
|    lines_cleared_mean   | 7.3         |
|    perfect_clears_mean  | 0           |
|    pieces_placed_mean   | 30          |
| rollout/                |             |
|    ep_len_mean          | 32.7        |
|    ep_rew_mean          | 46.4        |
| time/                   |             |
|    fps                  | 642         |
|    iterations           | 350         |
|    time_elapsed         | 4463        |
|    total_timesteps      | 2867200     |
| train/                  |             |
|    approx_kl            | 0.005216912 |
|    clip_fraction        | 0.0387      |
|    clip_range           | 0.2         |
|    entropy_loss         | -0.6        |
|    explained_variance   | 0.32        |
|    learning_rate        | 7e-05       |
|    loss                 | 0.195       |
|    n_updates            | 1396        |
|    policy_gradient_loss | -0.00522    |
|    value_loss           | 0.332       |
-----------------------------------------
------------------------------------------
| episode/                |              |
|    lines_cleared_mean   | 7.4          |
|    perfect_clears_mean  | 0            |
|    pieces_placed_mean   | 30.1         |
| rollout/                |              |
|    ep_len_mean          | 28.7         |
|    ep_rew_mean          | 37.5         |
| time/                   |              |
|    fps                  | 642          |
|    iterations           | 351          |
|    time_elapsed         | 4475         |
|    total_timesteps      | 2875392      |
| train/                  |              |
|    approx_kl            | 0.0045034457 |
|    clip_fraction        | 0.0286       |
|    clip_range           | 0.2          |
|    entropy_loss         | -0.572       |
|    explained_variance   | 0.297        |
|    learning_rate        | 7e-05        |
|    loss                 | 0.272        |
|    n_updates            | 1400         |
|    policy_gradient_loss | -0.00477     |
|    value_loss           | 0.381        |
------------------------------------------
------------------------------------------
| episode/                |              |
|    lines_cleared_mean   | 9.45         |
|    perfect_clears_mean  | 0            |
|    pieces_placed_mean   | 34.4         |
| rollout/                |              |
|    ep_len_mean          | 27.9         |
|    ep_rew_mean          | 36.2         |
| time/                   |              |
|    fps                  | 642          |
|    iterations           | 352          |
|    time_elapsed         | 4488         |
|    total_timesteps      | 2883584      |
| train/                  |              |
|    approx_kl            | 0.0054347045 |
|    clip_fraction        | 0.0415       |
|    clip_range           | 0.2          |
|    entropy_loss         | -0.603       |
|    explained_variance   | 0.243        |
|    learning_rate        | 7e-05        |
|    loss                 | 0.24         |
|    n_updates            | 1404         |
|    policy_gradient_loss | -0.00537     |
|    value_loss           | 0.389        |
------------------------------------------
------------------------------------------
| episode/                |              |
|    lines_cleared_mean   | 4.8          |
|    perfect_clears_mean  | 0            |
|    pieces_placed_mean   | 23.5         |
| rollout/                |              |
|    ep_len_mean          | 28.7         |
|    ep_rew_mean          | 38           |
| time/                   |              |
|    fps                  | 642          |
|    iterations           | 353          |
|    time_elapsed         | 4501         |
|    total_timesteps      | 2891776      |
| train/                  |              |
|    approx_kl            | 0.0059741847 |
|    clip_fraction        | 0.038        |
|    clip_range           | 0.2          |
|    entropy_loss         | -0.582       |
|    explained_variance   | 0.299        |
|    learning_rate        | 7e-05        |
|    loss                 | 0.218        |
|    n_updates            | 1408         |
|    policy_gradient_loss | -0.00423     |
|    value_loss           | 0.322        |
------------------------------------------
------------------------------------------
| episode/                |              |
|    lines_cleared_mean   | 7.09         |
|    perfect_clears_mean  | 0            |
|    pieces_placed_mean   | 30           |
| rollout/                |              |
|    ep_len_mean          | 29.8         |
|    ep_rew_mean          | 39.9         |
| time/                   |              |
|    fps                  | 642          |
|    iterations           | 354          |
|    time_elapsed         | 4513         |
|    total_timesteps      | 2899968      |
| train/                  |              |
|    approx_kl            | 0.0063058883 |
|    clip_fraction        | 0.0359       |
|    clip_range           | 0.2          |
|    entropy_loss         | -0.591       |
|    explained_variance   | 0.345        |
|    learning_rate        | 7e-05        |
|    loss                 | 0.191        |
|    n_updates            | 1412         |
|    policy_gradient_loss | -0.00531     |
|    value_loss           | 0.285        |
------------------------------------------
-----------------------------------------
| episode/                |             |
|    lines_cleared_mean   | 9.5         |
|    perfect_clears_mean  | 0           |
|    pieces_placed_mean   | 37          |
| rollout/                |             |
|    ep_len_mean          | 31.4        |
|    ep_rew_mean          | 43.5        |
| time/                   |             |
|    fps                  | 642         |
|    iterations           | 355         |
|    time_elapsed         | 4526        |
|    total_timesteps      | 2908160     |
| train/                  |             |
|    approx_kl            | 0.007856727 |
|    clip_fraction        | 0.0422      |
|    clip_range           | 0.2         |
|    entropy_loss         | -0.581      |
|    explained_variance   | 0.327       |
|    learning_rate        | 7e-05       |
|    loss                 | 0.212       |
|    n_updates            | 1416        |
|    policy_gradient_loss | -0.00466    |
|    value_loss           | 0.321       |
-----------------------------------------
-----------------------------------------
| episode/                |             |
|    lines_cleared_mean   | 8.2         |
|    perfect_clears_mean  | 0           |
|    pieces_placed_mean   | 32.1        |
| rollout/                |             |
|    ep_len_mean          | 31.4        |
|    ep_rew_mean          | 44.1        |
| time/                   |             |
|    fps                  | 642         |
|    iterations           | 356         |
|    time_elapsed         | 4539        |
|    total_timesteps      | 2916352     |
| train/                  |             |
|    approx_kl            | 0.006942933 |
|    clip_fraction        | 0.0444      |
|    clip_range           | 0.2         |
|    entropy_loss         | -0.56       |
|    explained_variance   | 0.342       |
|    learning_rate        | 7e-05       |
|    loss                 | 0.162       |
|    n_updates            | 1420        |
|    policy_gradient_loss | -0.00583    |
|    value_loss           | 0.298       |
-----------------------------------------
-----------------------------------------
| episode/                |             |
|    lines_cleared_mean   | 4.5         |
|    perfect_clears_mean  | 0           |
|    pieces_placed_mean   | 23.7        |
| rollout/                |             |
|    ep_len_mean          | 30.5        |
|    ep_rew_mean          | 41.6        |
| time/                   |             |
|    fps                  | 642         |
|    iterations           | 357         |
|    time_elapsed         | 4552        |
|    total_timesteps      | 2924544     |
| train/                  |             |
|    approx_kl            | 0.006246656 |
|    clip_fraction        | 0.046       |
|    clip_range           | 0.2         |
|    entropy_loss         | -0.56       |
|    explained_variance   | 0.264       |
|    learning_rate        | 7e-05       |
|    loss                 | 0.181       |
|    n_updates            | 1424        |
|    policy_gradient_loss | -0.00537    |
|    value_loss           | 0.326       |
-----------------------------------------
-----------------------------------------
| episode/                |             |
|    lines_cleared_mean   | 7           |
|    perfect_clears_mean  | 0           |
|    pieces_placed_mean   | 29.1        |
| rollout/                |             |
|    ep_len_mean          | 28.4        |
|    ep_rew_mean          | 37          |
| time/                   |             |
|    fps                  | 642         |
|    iterations           | 358         |
|    time_elapsed         | 4565        |
|    total_timesteps      | 2932736     |
| train/                  |             |
|    approx_kl            | 0.006890158 |
|    clip_fraction        | 0.0407      |
|    clip_range           | 0.2         |
|    entropy_loss         | -0.575      |
|    explained_variance   | 0.317       |
|    learning_rate        | 7e-05       |
|    loss                 | 0.244       |
|    n_updates            | 1428        |
|    policy_gradient_loss | -0.00556    |
|    value_loss           | 0.353       |
-----------------------------------------
----------------------------------------
| episode/                |            |
|    lines_cleared_mean   | 5.6        |
|    perfect_clears_mean  | 0          |
|    pieces_placed_mean   | 26.1       |
| rollout/                |            |
|    ep_len_mean          | 29         |
|    ep_rew_mean          | 38.1       |
| time/                   |            |
|    fps                  | 642        |
|    iterations           | 359        |
|    time_elapsed         | 4577       |
|    total_timesteps      | 2940928    |
| train/                  |            |
|    approx_kl            | 0.00877448 |
|    clip_fraction        | 0.0415     |
|    clip_range           | 0.2        |
|    entropy_loss         | -0.582     |
|    explained_variance   | 0.323      |
|    learning_rate        | 7e-05      |
|    loss                 | 0.184      |
|    n_updates            | 1432       |
|    policy_gradient_loss | -0.00597   |
|    value_loss           | 0.305      |
----------------------------------------
------------------------------------------
| episode/                |              |
|    lines_cleared_mean   | 7.2          |
|    perfect_clears_mean  | 0            |
|    pieces_placed_mean   | 29.6         |
| rollout/                |              |
|    ep_len_mean          | 30.9         |
|    ep_rew_mean          | 42.8         |
| time/                   |              |
|    fps                  | 642          |
|    iterations           | 360          |
|    time_elapsed         | 4590         |
|    total_timesteps      | 2949120      |
| train/                  |              |
|    approx_kl            | 0.0055619148 |
|    clip_fraction        | 0.0365       |
|    clip_range           | 0.2          |
|    entropy_loss         | -0.573       |
|    explained_variance   | 0.298        |
|    learning_rate        | 7e-05        |
|    loss                 | 0.221        |
|    n_updates            | 1436         |
|    policy_gradient_loss | -0.00397     |
|    value_loss           | 0.313        |
------------------------------------------
------------------------------------------
| episode/                |              |
|    lines_cleared_mean   | 7.73         |
|    perfect_clears_mean  | 0            |
|    pieces_placed_mean   | 30.9         |
| rollout/                |              |
|    ep_len_mean          | 29.3         |
|    ep_rew_mean          | 38.9         |
| time/                   |              |
|    fps                  | 642          |
|    iterations           | 361          |
|    time_elapsed         | 4603         |
|    total_timesteps      | 2957312      |
| train/                  |              |
|    approx_kl            | 0.0063482923 |
|    clip_fraction        | 0.0413       |
|    clip_range           | 0.2          |
|    entropy_loss         | -0.559       |
|    explained_variance   | 0.32         |
|    learning_rate        | 7e-05        |
|    loss                 | 0.202        |
|    n_updates            | 1440         |
|    policy_gradient_loss | -0.00582     |
|    value_loss           | 0.311        |
------------------------------------------
-----------------------------------------
| episode/                |             |
|    lines_cleared_mean   | 7.9         |
|    perfect_clears_mean  | 0           |
|    pieces_placed_mean   | 31.4        |
| rollout/                |             |
|    ep_len_mean          | 28.5        |
|    ep_rew_mean          | 36.9        |
| time/                   |             |
|    fps                  | 642         |
|    iterations           | 362         |
|    time_elapsed         | 4615        |
|    total_timesteps      | 2965504     |
| train/                  |             |
|    approx_kl            | 0.005319926 |
|    clip_fraction        | 0.0366      |
|    clip_range           | 0.2         |
|    entropy_loss         | -0.562      |
|    explained_variance   | 0.327       |
|    learning_rate        | 7e-05       |
|    loss                 | 0.19        |
|    n_updates            | 1444        |
|    policy_gradient_loss | -0.00559    |
|    value_loss           | 0.31        |
-----------------------------------------
-----------------------------------------
| episode/                |             |
|    lines_cleared_mean   | 6.5         |
|    perfect_clears_mean  | 0           |
|    pieces_placed_mean   | 27.9        |
| rollout/                |             |
|    ep_len_mean          | 29.6        |
|    ep_rew_mean          | 39.5        |
| time/                   |             |
|    fps                  | 642         |
|    iterations           | 363         |
|    time_elapsed         | 4628        |
|    total_timesteps      | 2973696     |
| train/                  |             |
|    approx_kl            | 0.006373231 |
|    clip_fraction        | 0.0361      |
|    clip_range           | 0.2         |
|    entropy_loss         | -0.576      |
|    explained_variance   | 0.323       |
|    learning_rate        | 7e-05       |
|    loss                 | 0.188       |
|    n_updates            | 1448        |
|    policy_gradient_loss | -0.00522    |
|    value_loss           | 0.303       |
-----------------------------------------
------------------------------------------
| episode/                |              |
|    lines_cleared_mean   | 7.4          |
|    perfect_clears_mean  | 0            |
|    pieces_placed_mean   | 30.1         |
| rollout/                |              |
|    ep_len_mean          | 29.7         |
|    ep_rew_mean          | 39.7         |
| time/                   |              |
|    fps                  | 642          |
|    iterations           | 364          |
|    time_elapsed         | 4641         |
|    total_timesteps      | 2981888      |
| train/                  |              |
|    approx_kl            | 0.0055168807 |
|    clip_fraction        | 0.0386       |
|    clip_range           | 0.2          |
|    entropy_loss         | -0.586       |
|    explained_variance   | 0.267        |
|    learning_rate        | 7e-05        |
|    loss                 | 0.233        |
|    n_updates            | 1452         |
|    policy_gradient_loss | -0.00574     |
|    value_loss           | 0.332        |
------------------------------------------
-----------------------------------------
| episode/                |             |
|    lines_cleared_mean   | 6.5         |
|    perfect_clears_mean  | 0           |
|    pieces_placed_mean   | 27.8        |
| rollout/                |             |
|    ep_len_mean          | 28.9        |
|    ep_rew_mean          | 38.1        |
| time/                   |             |
|    fps                  | 642         |
|    iterations           | 365         |
|    time_elapsed         | 4653        |
|    total_timesteps      | 2990080     |
| train/                  |             |
|    approx_kl            | 0.006202122 |
|    clip_fraction        | 0.0347      |
|    clip_range           | 0.2         |
|    entropy_loss         | -0.584      |
|    explained_variance   | 0.276       |
|    learning_rate        | 7e-05       |
|    loss                 | 0.213       |
|    n_updates            | 1456        |
|    policy_gradient_loss | -0.00444    |
|    value_loss           | 0.338       |
-----------------------------------------
------------------------------------------
| episode/                |              |
|    lines_cleared_mean   | 7.75         |
|    perfect_clears_mean  | 0            |
|    pieces_placed_mean   | 30.8         |
| rollout/                |              |
|    ep_len_mean          | 28.9         |
|    ep_rew_mean          | 38.7         |
| time/                   |              |
|    fps                  | 642          |
|    iterations           | 366          |
|    time_elapsed         | 4666         |
|    total_timesteps      | 2998272      |
| train/                  |              |
|    approx_kl            | 0.0041421438 |
|    clip_fraction        | 0.028        |
|    clip_range           | 0.2          |
|    entropy_loss         | -0.564       |
|    explained_variance   | 0.26         |
|    learning_rate        | 7e-05        |
|    loss                 | 0.196        |
|    n_updates            | 1460         |
|    policy_gradient_loss | -0.00442     |
|    value_loss           | 0.338        |
------------------------------------------
-----------------------------------------
| episode/                |             |
|    lines_cleared_mean   | 8.6         |
|    perfect_clears_mean  | 0           |
|    pieces_placed_mean   | 34          |
| rollout/                |             |
|    ep_len_mean          | 29.2        |
|    ep_rew_mean          | 38.3        |
| time/                   |             |
|    fps                  | 642         |
|    iterations           | 367         |
|    time_elapsed         | 4679        |
|    total_timesteps      | 3006464     |
| train/                  |             |
|    approx_kl            | 0.007889918 |
|    clip_fraction        | 0.0434      |
|    clip_range           | 0.2         |
|    entropy_loss         | -0.582      |
|    explained_variance   | 0.344       |
|    learning_rate        | 7e-05       |
|    loss                 | 0.219       |
|    n_updates            | 1464        |
|    policy_gradient_loss | -0.00494    |
|    value_loss           | 0.294       |
-----------------------------------------
------------------------------------------
| episode/                |              |
|    lines_cleared_mean   | 5.2          |
|    perfect_clears_mean  | 0            |
|    pieces_placed_mean   | 25.6         |
| rollout/                |              |
|    ep_len_mean          | 29.2         |
|    ep_rew_mean          | 38.4         |
| time/                   |              |
|    fps                  | 642          |
|    iterations           | 368          |
|    time_elapsed         | 4692         |
|    total_timesteps      | 3014656      |
| train/                  |              |
|    approx_kl            | 0.0073622474 |
|    clip_fraction        | 0.0404       |
|    clip_range           | 0.2          |
|    entropy_loss         | -0.593       |
|    explained_variance   | 0.358        |
|    learning_rate        | 7e-05        |
|    loss                 | 0.231        |
|    n_updates            | 1468         |
|    policy_gradient_loss | -0.00441     |
|    value_loss           | 0.311        |
------------------------------------------
-----------------------------------------
| episode/                |             |
|    lines_cleared_mean   | 3.91        |
|    perfect_clears_mean  | 0           |
|    pieces_placed_mean   | 21.8        |
| rollout/                |             |
|    ep_len_mean          | 29.7        |
|    ep_rew_mean          | 39.8        |
| time/                   |             |
|    fps                  | 642         |
|    iterations           | 369         |
|    time_elapsed         | 4704        |
|    total_timesteps      | 3022848     |
| train/                  |             |
|    approx_kl            | 0.004976832 |
|    clip_fraction        | 0.0385      |
|    clip_range           | 0.2         |
|    entropy_loss         | -0.574      |
|    explained_variance   | 0.309       |
|    learning_rate        | 7e-05       |
|    loss                 | 0.216       |
|    n_updates            | 1472        |
|    policy_gradient_loss | -0.00582    |
|    value_loss           | 0.328       |
-----------------------------------------
-----------------------------------------
| episode/                |             |
|    lines_cleared_mean   | 7           |
|    perfect_clears_mean  | 0           |
|    pieces_placed_mean   | 27.7        |
| rollout/                |             |
|    ep_len_mean          | 29          |
|    ep_rew_mean          | 39.1        |
| time/                   |             |
|    fps                  | 642         |
|    iterations           | 370         |
|    time_elapsed         | 4717        |
|    total_timesteps      | 3031040     |
| train/                  |             |
|    approx_kl            | 0.004933843 |
|    clip_fraction        | 0.0305      |
|    clip_range           | 0.2         |
|    entropy_loss         | -0.566      |
|    explained_variance   | 0.24        |
|    learning_rate        | 7e-05       |
|    loss                 | 0.206       |
|    n_updates            | 1476        |
|    policy_gradient_loss | -0.00428    |
|    value_loss           | 0.356       |
-----------------------------------------
------------------------------------------
| episode/                |              |
|    lines_cleared_mean   | 6.1          |
|    perfect_clears_mean  | 0            |
|    pieces_placed_mean   | 27.5         |
| rollout/                |              |
|    ep_len_mean          | 27.9         |
|    ep_rew_mean          | 36.3         |
| time/                   |              |
|    fps                  | 642          |
|    iterations           | 371          |
|    time_elapsed         | 4730         |
|    total_timesteps      | 3039232      |
| train/                  |              |
|    approx_kl            | 0.0054952474 |
|    clip_fraction        | 0.0357       |
|    clip_range           | 0.2          |
|    entropy_loss         | -0.553       |
|    explained_variance   | 0.24         |
|    learning_rate        | 7e-05        |
|    loss                 | 0.182        |
|    n_updates            | 1480         |
|    policy_gradient_loss | -0.00476     |
|    value_loss           | 0.329        |
------------------------------------------
-----------------------------------------
| episode/                |             |
|    lines_cleared_mean   | 7.6         |
|    perfect_clears_mean  | 0           |
|    pieces_placed_mean   | 31.7        |
| rollout/                |             |
|    ep_len_mean          | 30.2        |
|    ep_rew_mean          | 40.7        |
| time/                   |             |
|    fps                  | 642         |
|    iterations           | 372         |
|    time_elapsed         | 4743        |
|    total_timesteps      | 3047424     |
| train/                  |             |
|    approx_kl            | 0.006307304 |
|    clip_fraction        | 0.042       |
|    clip_range           | 0.2         |
|    entropy_loss         | -0.56       |
|    explained_variance   | 0.311       |
|    learning_rate        | 7e-05       |
|    loss                 | 0.19        |
|    n_updates            | 1484        |
|    policy_gradient_loss | -0.00558    |
|    value_loss           | 0.306       |
-----------------------------------------
-----------------------------------------
| episode/                |             |
|    lines_cleared_mean   | 5.91        |
|    perfect_clears_mean  | 0           |
|    pieces_placed_mean   | 27.6        |
| rollout/                |             |
|    ep_len_mean          | 29.5        |
|    ep_rew_mean          | 39.6        |
| time/                   |             |
|    fps                  | 642         |
|    iterations           | 373         |
|    time_elapsed         | 4755        |
|    total_timesteps      | 3055616     |
| train/                  |             |
|    approx_kl            | 0.004939393 |
|    clip_fraction        | 0.0306      |
|    clip_range           | 0.2         |
|    entropy_loss         | -0.554      |
|    explained_variance   | 0.325       |
|    learning_rate        | 7e-05       |
|    loss                 | 0.22        |
|    n_updates            | 1488        |
|    policy_gradient_loss | -0.00427    |
|    value_loss           | 0.31        |
-----------------------------------------
------------------------------------------
| episode/                |              |
|    lines_cleared_mean   | 5.8          |
|    perfect_clears_mean  | 0            |
|    pieces_placed_mean   | 26.7         |
| rollout/                |              |
|    ep_len_mean          | 29           |
|    ep_rew_mean          | 38.4         |
| time/                   |              |
|    fps                  | 642          |
|    iterations           | 374          |
|    time_elapsed         | 4768         |
|    total_timesteps      | 3063808      |
| train/                  |              |
|    approx_kl            | 0.0053256922 |
|    clip_fraction        | 0.0375       |
|    clip_range           | 0.2          |
|    entropy_loss         | -0.555       |
|    explained_variance   | 0.313        |
|    learning_rate        | 7e-05        |
|    loss                 | 0.209        |
|    n_updates            | 1492         |
|    policy_gradient_loss | -0.00606     |
|    value_loss           | 0.329        |
------------------------------------------
------------------------------------------
| episode/                |              |
|    lines_cleared_mean   | 6.64         |
|    perfect_clears_mean  | 0            |
|    pieces_placed_mean   | 28           |
| rollout/                |              |
|    ep_len_mean          | 30.9         |
|    ep_rew_mean          | 42.9         |
| time/                   |              |
|    fps                  | 642          |
|    iterations           | 375          |
|    time_elapsed         | 4781         |
|    total_timesteps      | 3072000      |
| train/                  |              |
|    approx_kl            | 0.0048669707 |
|    clip_fraction        | 0.0359       |
|    clip_range           | 0.2          |
|    entropy_loss         | -0.549       |
|    explained_variance   | 0.327        |
|    learning_rate        | 7e-05        |
|    loss                 | 0.213        |
|    n_updates            | 1496         |
|    policy_gradient_loss | -0.00522     |
|    value_loss           | 0.338        |
------------------------------------------
------------------------------------------
| episode/                |              |
|    lines_cleared_mean   | 5.73         |
|    perfect_clears_mean  | 0            |
|    pieces_placed_mean   | 25.2         |
| rollout/                |              |
|    ep_len_mean          | 28.8         |
|    ep_rew_mean          | 37.8         |
| time/                   |              |
|    fps                  | 642          |
|    iterations           | 376          |
|    time_elapsed         | 4793         |
|    total_timesteps      | 3080192      |
| train/                  |              |
|    approx_kl            | 0.0045626704 |
|    clip_fraction        | 0.0311       |
|    clip_range           | 0.2          |
|    entropy_loss         | -0.517       |
|    explained_variance   | 0.266        |
|    learning_rate        | 7e-05        |
|    loss                 | 0.193        |
|    n_updates            | 1500         |
|    policy_gradient_loss | -0.00467     |
|    value_loss           | 0.322        |
------------------------------------------
-----------------------------------------
| episode/                |             |
|    lines_cleared_mean   | 6.73        |
|    perfect_clears_mean  | 0           |
|    pieces_placed_mean   | 28.2        |
| rollout/                |             |
|    ep_len_mean          | 30.6        |
|    ep_rew_mean          | 42          |
| time/                   |             |
|    fps                  | 642         |
|    iterations           | 377         |
|    time_elapsed         | 4806        |
|    total_timesteps      | 3088384     |
| train/                  |             |
|    approx_kl            | 0.004780747 |
|    clip_fraction        | 0.0347      |
|    clip_range           | 0.2         |
|    entropy_loss         | -0.533      |
|    explained_variance   | 0.315       |
|    learning_rate        | 7e-05       |
|    loss                 | 0.161       |
|    n_updates            | 1504        |
|    policy_gradient_loss | -0.00455    |
|    value_loss           | 0.309       |
-----------------------------------------
-----------------------------------------
| episode/                |             |
|    lines_cleared_mean   | 7.8         |
|    perfect_clears_mean  | 0           |
|    pieces_placed_mean   | 30.3        |
| rollout/                |             |
|    ep_len_mean          | 30.3        |
|    ep_rew_mean          | 40.9        |
| time/                   |             |
|    fps                  | 642         |
|    iterations           | 378         |
|    time_elapsed         | 4819        |
|    total_timesteps      | 3096576     |
| train/                  |             |
|    approx_kl            | 0.004961538 |
|    clip_fraction        | 0.0419      |
|    clip_range           | 0.2         |
|    entropy_loss         | -0.533      |
|    explained_variance   | 0.288       |
|    learning_rate        | 7e-05       |
|    loss                 | 0.242       |
|    n_updates            | 1508        |
|    policy_gradient_loss | -0.00521    |
|    value_loss           | 0.312       |
-----------------------------------------
------------------------------------------
| episode/                |              |
|    lines_cleared_mean   | 5.7          |
|    perfect_clears_mean  | 0            |
|    pieces_placed_mean   | 26.6         |
| rollout/                |              |
|    ep_len_mean          | 28.1         |
|    ep_rew_mean          | 35.5         |
| time/                   |              |
|    fps                  | 642          |
|    iterations           | 379          |
|    time_elapsed         | 4832         |
|    total_timesteps      | 3104768      |
| train/                  |              |
|    approx_kl            | 0.0047705886 |
|    clip_fraction        | 0.0315       |
|    clip_range           | 0.2          |
|    entropy_loss         | -0.535       |
|    explained_variance   | 0.26         |
|    learning_rate        | 7e-05        |
|    loss                 | 0.201        |
|    n_updates            | 1512         |
|    policy_gradient_loss | -0.00474     |
|    value_loss           | 0.305        |
------------------------------------------
-----------------------------------------
| episode/                |             |
|    lines_cleared_mean   | 4.9         |
|    perfect_clears_mean  | 0           |
|    pieces_placed_mean   | 23.8        |
| rollout/                |             |
|    ep_len_mean          | 29.9        |
|    ep_rew_mean          | 40.7        |
| time/                   |             |
|    fps                  | 642         |
|    iterations           | 380         |
|    time_elapsed         | 4844        |
|    total_timesteps      | 3112960     |
| train/                  |             |
|    approx_kl            | 0.005143281 |
|    clip_fraction        | 0.0324      |
|    clip_range           | 0.2         |
|    entropy_loss         | -0.529      |
|    explained_variance   | 0.296       |
|    learning_rate        | 7e-05       |
|    loss                 | 0.187       |
|    n_updates            | 1516        |
|    policy_gradient_loss | -0.00477    |
|    value_loss           | 0.324       |
-----------------------------------------
-----------------------------------------
| episode/                |             |
|    lines_cleared_mean   | 7.64        |
|    perfect_clears_mean  | 0           |
|    pieces_placed_mean   | 29.9        |
| rollout/                |             |
|    ep_len_mean          | 31.2        |
|    ep_rew_mean          | 43.2        |
| time/                   |             |
|    fps                  | 642         |
|    iterations           | 381         |
|    time_elapsed         | 4857        |
|    total_timesteps      | 3121152     |
| train/                  |             |
|    approx_kl            | 0.005083871 |
|    clip_fraction        | 0.0338      |
|    clip_range           | 0.2         |
|    entropy_loss         | -0.53       |
|    explained_variance   | 0.314       |
|    learning_rate        | 7e-05       |
|    loss                 | 0.181       |
|    n_updates            | 1520        |
|    policy_gradient_loss | -0.00475    |
|    value_loss           | 0.31        |
-----------------------------------------
-----------------------------------------
| episode/                |             |
|    lines_cleared_mean   | 7.9         |
|    perfect_clears_mean  | 0           |
|    pieces_placed_mean   | 32.1        |
| rollout/                |             |
|    ep_len_mean          | 28.9        |
|    ep_rew_mean          | 37.9        |
| time/                   |             |
|    fps                  | 642         |
|    iterations           | 382         |
|    time_elapsed         | 4870        |
|    total_timesteps      | 3129344     |
| train/                  |             |
|    approx_kl            | 0.004846925 |
|    clip_fraction        | 0.0304      |
|    clip_range           | 0.2         |
|    entropy_loss         | -0.525      |
|    explained_variance   | 0.293       |
|    learning_rate        | 7e-05       |
|    loss                 | 0.183       |
|    n_updates            | 1524        |
|    policy_gradient_loss | -0.00415    |
|    value_loss           | 0.305       |
-----------------------------------------
-----------------------------------------
| episode/                |             |
|    lines_cleared_mean   | 6           |
|    perfect_clears_mean  | 0           |
|    pieces_placed_mean   | 26.2        |
| rollout/                |             |
|    ep_len_mean          | 27.9        |
|    ep_rew_mean          | 35.8        |
| time/                   |             |
|    fps                  | 642         |
|    iterations           | 383         |
|    time_elapsed         | 4883        |
|    total_timesteps      | 3137536     |
| train/                  |             |
|    approx_kl            | 0.006696871 |
|    clip_fraction        | 0.0399      |
|    clip_range           | 0.2         |
|    entropy_loss         | -0.543      |
|    explained_variance   | 0.378       |
|    learning_rate        | 7e-05       |
|    loss                 | 0.152       |
|    n_updates            | 1528        |
|    policy_gradient_loss | -0.00475    |
|    value_loss           | 0.28        |
-----------------------------------------
-----------------------------------------
| episode/                |             |
|    lines_cleared_mean   | 6.6         |
|    perfect_clears_mean  | 0           |
|    pieces_placed_mean   | 27.7        |
| rollout/                |             |
|    ep_len_mean          | 28          |
|    ep_rew_mean          | 36.4        |
| time/                   |             |
|    fps                  | 642         |
|    iterations           | 384         |
|    time_elapsed         | 4896        |
|    total_timesteps      | 3145728     |
| train/                  |             |
|    approx_kl            | 0.006265211 |
|    clip_fraction        | 0.0336      |
|    clip_range           | 0.2         |
|    entropy_loss         | -0.541      |
|    explained_variance   | 0.3         |
|    learning_rate        | 7e-05       |
|    loss                 | 0.189       |
|    n_updates            | 1532        |
|    policy_gradient_loss | -0.00492    |
|    value_loss           | 0.3         |
-----------------------------------------
------------------------------------------
| episode/                |              |
|    lines_cleared_mean   | 6.2          |
|    perfect_clears_mean  | 0            |
|    pieces_placed_mean   | 27.2         |
| rollout/                |              |
|    ep_len_mean          | 28.6         |
|    ep_rew_mean          | 37.6         |
| time/                   |              |
|    fps                  | 642          |
|    iterations           | 385          |
|    time_elapsed         | 4909         |
|    total_timesteps      | 3153920      |
| train/                  |              |
|    approx_kl            | 0.0056962455 |
|    clip_fraction        | 0.0299       |
|    clip_range           | 0.2          |
|    entropy_loss         | -0.539       |
|    explained_variance   | 0.306        |
|    learning_rate        | 7e-05        |
|    loss                 | 0.182        |
|    n_updates            | 1536         |
|    policy_gradient_loss | -0.00468     |
|    value_loss           | 0.322        |
------------------------------------------
------------------------------------------
| episode/                |              |
|    lines_cleared_mean   | 6            |
|    perfect_clears_mean  | 0            |
|    pieces_placed_mean   | 27.1         |
| rollout/                |              |
|    ep_len_mean          | 28.6         |
|    ep_rew_mean          | 38           |
| time/                   |              |
|    fps                  | 642          |
|    iterations           | 386          |
|    time_elapsed         | 4921         |
|    total_timesteps      | 3162112      |
| train/                  |              |
|    approx_kl            | 0.0056735277 |
|    clip_fraction        | 0.0281       |
|    clip_range           | 0.2          |
|    entropy_loss         | -0.521       |
|    explained_variance   | 0.281        |
|    learning_rate        | 7e-05        |
|    loss                 | 0.157        |
|    n_updates            | 1540         |
|    policy_gradient_loss | -0.00437     |
|    value_loss           | 0.32         |
------------------------------------------
-----------------------------------------
| episode/                |             |
|    lines_cleared_mean   | 8.7         |
|    perfect_clears_mean  | 0           |
|    pieces_placed_mean   | 32.9        |
| rollout/                |             |
|    ep_len_mean          | 30.5        |
|    ep_rew_mean          | 42.1        |
| time/                   |             |
|    fps                  | 642         |
|    iterations           | 387         |
|    time_elapsed         | 4934        |
|    total_timesteps      | 3170304     |
| train/                  |             |
|    approx_kl            | 0.005601093 |
|    clip_fraction        | 0.0401      |
|    clip_range           | 0.2         |
|    entropy_loss         | -0.528      |
|    explained_variance   | 0.311       |
|    learning_rate        | 7e-05       |
|    loss                 | 0.168       |
|    n_updates            | 1544        |
|    policy_gradient_loss | -0.00512    |
|    value_loss           | 0.281       |
-----------------------------------------
-----------------------------------------
| episode/                |             |
|    lines_cleared_mean   | 7.8         |
|    perfect_clears_mean  | 0           |
|    pieces_placed_mean   | 31.6        |
| rollout/                |             |
|    ep_len_mean          | 30.5        |
|    ep_rew_mean          | 41.8        |
| time/                   |             |
|    fps                  | 642         |
|    iterations           | 388         |
|    time_elapsed         | 4947        |
|    total_timesteps      | 3178496     |
| train/                  |             |
|    approx_kl            | 0.004516867 |
|    clip_fraction        | 0.03        |
|    clip_range           | 0.2         |
|    entropy_loss         | -0.512      |
|    explained_variance   | 0.308       |
|    learning_rate        | 7e-05       |
|    loss                 | 0.178       |
|    n_updates            | 1548        |
|    policy_gradient_loss | -0.00447    |
|    value_loss           | 0.299       |
-----------------------------------------
------------------------------------------
| episode/                |              |
|    lines_cleared_mean   | 5.4          |
|    perfect_clears_mean  | 0            |
|    pieces_placed_mean   | 25.8         |
| rollout/                |              |
|    ep_len_mean          | 31.2         |
|    ep_rew_mean          | 43.1         |
| time/                   |              |
|    fps                  | 642          |
|    iterations           | 389          |
|    time_elapsed         | 4959         |
|    total_timesteps      | 3186688      |
| train/                  |              |
|    approx_kl            | 0.0055221887 |
|    clip_fraction        | 0.0359       |
|    clip_range           | 0.2          |
|    entropy_loss         | -0.537       |
|    explained_variance   | 0.31         |
|    learning_rate        | 7e-05        |
|    loss                 | 0.171        |
|    n_updates            | 1552         |
|    policy_gradient_loss | -0.00593     |
|    value_loss           | 0.284        |
------------------------------------------
-----------------------------------------
| episode/                |             |
|    lines_cleared_mean   | 7.45        |
|    perfect_clears_mean  | 0           |
|    pieces_placed_mean   | 30.2        |
| rollout/                |             |
|    ep_len_mean          | 29.8        |
|    ep_rew_mean          | 40.6        |
| time/                   |             |
|    fps                  | 642         |
|    iterations           | 390         |
|    time_elapsed         | 4972        |
|    total_timesteps      | 3194880     |
| train/                  |             |
|    approx_kl            | 0.006009774 |
|    clip_fraction        | 0.0361      |
|    clip_range           | 0.2         |
|    entropy_loss         | -0.545      |
|    explained_variance   | 0.289       |
|    learning_rate        | 7e-05       |
|    loss                 | 0.188       |
|    n_updates            | 1556        |
|    policy_gradient_loss | -0.00417    |
|    value_loss           | 0.327       |
-----------------------------------------
-----------------------------------------
| episode/                |             |
|    lines_cleared_mean   | 7.8         |
|    perfect_clears_mean  | 0           |
|    pieces_placed_mean   | 30.5        |
| rollout/                |             |
|    ep_len_mean          | 31.2        |
|    ep_rew_mean          | 43.3        |
| time/                   |             |
|    fps                  | 642         |
|    iterations           | 391         |
|    time_elapsed         | 4985        |
|    total_timesteps      | 3203072     |
| train/                  |             |
|    approx_kl            | 0.007683567 |
|    clip_fraction        | 0.0437      |
|    clip_range           | 0.2         |
|    entropy_loss         | -0.54       |
|    explained_variance   | 0.337       |
|    learning_rate        | 7e-05       |
|    loss                 | 0.182       |
|    n_updates            | 1560        |
|    policy_gradient_loss | -0.00469    |
|    value_loss           | 0.269       |
-----------------------------------------
------------------------------------------
| episode/                |              |
|    lines_cleared_mean   | 6.5          |
|    perfect_clears_mean  | 0            |
|    pieces_placed_mean   | 28           |
| rollout/                |              |
|    ep_len_mean          | 29.2         |
|    ep_rew_mean          | 38.5         |
| time/                   |              |
|    fps                  | 642          |
|    iterations           | 392          |
|    time_elapsed         | 4997         |
|    total_timesteps      | 3211264      |
| train/                  |              |
|    approx_kl            | 0.0066107763 |
|    clip_fraction        | 0.0409       |
|    clip_range           | 0.2          |
|    entropy_loss         | -0.546       |
|    explained_variance   | 0.274        |
|    learning_rate        | 7e-05        |
|    loss                 | 0.141        |
|    n_updates            | 1564         |
|    policy_gradient_loss | -0.00529     |
|    value_loss           | 0.295        |
------------------------------------------
-----------------------------------------
| episode/                |             |
|    lines_cleared_mean   | 9           |
|    perfect_clears_mean  | 0           |
|    pieces_placed_mean   | 34.1        |
| rollout/                |             |
|    ep_len_mean          | 29.7        |
|    ep_rew_mean          | 40.1        |
| time/                   |             |
|    fps                  | 642         |
|    iterations           | 393         |
|    time_elapsed         | 5010        |
|    total_timesteps      | 3219456     |
| train/                  |             |
|    approx_kl            | 0.006438637 |
|    clip_fraction        | 0.0341      |
|    clip_range           | 0.2         |
|    entropy_loss         | -0.53       |
|    explained_variance   | 0.22        |
|    learning_rate        | 7e-05       |
|    loss                 | 0.224       |
|    n_updates            | 1568        |
|    policy_gradient_loss | -0.00458    |
|    value_loss           | 0.338       |
-----------------------------------------
------------------------------------------
| episode/                |              |
|    lines_cleared_mean   | 7.6          |
|    perfect_clears_mean  | 0            |
|    pieces_placed_mean   | 31.4         |
| rollout/                |              |
|    ep_len_mean          | 29.9         |
|    ep_rew_mean          | 40.4         |
| time/                   |              |
|    fps                  | 642          |
|    iterations           | 394          |
|    time_elapsed         | 5023         |
|    total_timesteps      | 3227648      |
| train/                  |              |
|    approx_kl            | 0.0076514212 |
|    clip_fraction        | 0.0403       |
|    clip_range           | 0.2          |
|    entropy_loss         | -0.55        |
|    explained_variance   | 0.299        |
|    learning_rate        | 7e-05        |
|    loss                 | 0.177        |
|    n_updates            | 1572         |
|    policy_gradient_loss | -0.00401     |
|    value_loss           | 0.317        |
------------------------------------------
-----------------------------------------
| episode/                |             |
|    lines_cleared_mean   | 5.8         |
|    perfect_clears_mean  | 0           |
|    pieces_placed_mean   | 26.7        |
| rollout/                |             |
|    ep_len_mean          | 29.1        |
|    ep_rew_mean          | 38.5        |
| time/                   |             |
|    fps                  | 642         |
|    iterations           | 395         |
|    time_elapsed         | 5036        |
|    total_timesteps      | 3235840     |
| train/                  |             |
|    approx_kl            | 0.007025597 |
|    clip_fraction        | 0.0453      |
|    clip_range           | 0.2         |
|    entropy_loss         | -0.499      |
|    explained_variance   | 0.324       |
|    learning_rate        | 7e-05       |
|    loss                 | 0.201       |
|    n_updates            | 1576        |
|    policy_gradient_loss | -0.00558    |
|    value_loss           | 0.326       |
-----------------------------------------
----------------------------------------
| episode/                |            |
|    lines_cleared_mean   | 4.9        |
|    perfect_clears_mean  | 0          |
|    pieces_placed_mean   | 24.7       |
| rollout/                |            |
|    ep_len_mean          | 28.3       |
|    ep_rew_mean          | 37.3       |
| time/                   |            |
|    fps                  | 642        |
|    iterations           | 396        |
|    time_elapsed         | 5048       |
|    total_timesteps      | 3244032    |
| train/                  |            |
|    approx_kl            | 0.00580558 |
|    clip_fraction        | 0.0388     |
|    clip_range           | 0.2        |
|    entropy_loss         | -0.537     |
|    explained_variance   | 0.308      |
|    learning_rate        | 7e-05      |
|    loss                 | 0.219      |
|    n_updates            | 1580       |
|    policy_gradient_loss | -0.00547   |
|    value_loss           | 0.338      |
----------------------------------------
-----------------------------------------
| episode/                |             |
|    lines_cleared_mean   | 9.1         |
|    perfect_clears_mean  | 0           |
|    pieces_placed_mean   | 34.5        |
| rollout/                |             |
|    ep_len_mean          | 31.2        |
|    ep_rew_mean          | 42.7        |
| time/                   |             |
|    fps                  | 642         |
|    iterations           | 397         |
|    time_elapsed         | 5061        |
|    total_timesteps      | 3252224     |
| train/                  |             |
|    approx_kl            | 0.006587349 |
|    clip_fraction        | 0.034       |
|    clip_range           | 0.2         |
|    entropy_loss         | -0.529      |
|    explained_variance   | 0.261       |
|    learning_rate        | 7e-05       |
|    loss                 | 0.197       |
|    n_updates            | 1584        |
|    policy_gradient_loss | -0.00543    |
|    value_loss           | 0.327       |
-----------------------------------------
-----------------------------------------
| episode/                |             |
|    lines_cleared_mean   | 4.55        |
|    perfect_clears_mean  | 0           |
|    pieces_placed_mean   | 23.6        |
| rollout/                |             |
|    ep_len_mean          | 29.1        |
|    ep_rew_mean          | 38.2        |
| time/                   |             |
|    fps                  | 642         |
|    iterations           | 398         |
|    time_elapsed         | 5074        |
|    total_timesteps      | 3260416     |
| train/                  |             |
|    approx_kl            | 0.008330547 |
|    clip_fraction        | 0.0355      |
|    clip_range           | 0.2         |
|    entropy_loss         | -0.529      |
|    explained_variance   | 0.353       |
|    learning_rate        | 7e-05       |
|    loss                 | 0.19        |
|    n_updates            | 1588        |
|    policy_gradient_loss | -0.00459    |
|    value_loss           | 0.307       |
-----------------------------------------
-----------------------------------------
| episode/                |             |
|    lines_cleared_mean   | 6           |
|    perfect_clears_mean  | 0           |
|    pieces_placed_mean   | 26.8        |
| rollout/                |             |
|    ep_len_mean          | 30.3        |
|    ep_rew_mean          | 41.4        |
| time/                   |             |
|    fps                  | 642         |
|    iterations           | 399         |
|    time_elapsed         | 5086        |
|    total_timesteps      | 3268608     |
| train/                  |             |
|    approx_kl            | 0.006011948 |
|    clip_fraction        | 0.0315      |
|    clip_range           | 0.2         |
|    entropy_loss         | -0.529      |
|    explained_variance   | 0.325       |
|    learning_rate        | 7e-05       |
|    loss                 | 0.175       |
|    n_updates            | 1592        |
|    policy_gradient_loss | -0.00482    |
|    value_loss           | 0.315       |
-----------------------------------------
------------------------------------------
| episode/                |              |
|    lines_cleared_mean   | 9            |
|    perfect_clears_mean  | 0            |
|    pieces_placed_mean   | 33.9         |
| rollout/                |              |
|    ep_len_mean          | 28           |
|    ep_rew_mean          | 36.6         |
| time/                   |              |
|    fps                  | 642          |
|    iterations           | 400          |
|    time_elapsed         | 5099         |
|    total_timesteps      | 3276800      |
| train/                  |              |
|    approx_kl            | 0.0052919947 |
|    clip_fraction        | 0.0316       |
|    clip_range           | 0.2          |
|    entropy_loss         | -0.532       |
|    explained_variance   | 0.296        |
|    learning_rate        | 7e-05        |
|    loss                 | 0.203        |
|    n_updates            | 1596         |
|    policy_gradient_loss | -0.00503     |
|    value_loss           | 0.323        |
------------------------------------------
-----------------------------------------
| episode/                |             |
|    lines_cleared_mean   | 7           |
|    perfect_clears_mean  | 0           |
|    pieces_placed_mean   | 29.6        |
| rollout/                |             |
|    ep_len_mean          | 28.6        |
|    ep_rew_mean          | 37.5        |
| time/                   |             |
|    fps                  | 642         |
|    iterations           | 401         |
|    time_elapsed         | 5112        |
|    total_timesteps      | 3284992     |
| train/                  |             |
|    approx_kl            | 0.008406609 |
|    clip_fraction        | 0.039       |
|    clip_range           | 0.2         |
|    entropy_loss         | -0.543      |
|    explained_variance   | 0.29        |
|    learning_rate        | 7e-05       |
|    loss                 | 0.194       |
|    n_updates            | 1600        |
|    policy_gradient_loss | -0.00519    |
|    value_loss           | 0.315       |
-----------------------------------------
-----------------------------------------
| episode/                |             |
|    lines_cleared_mean   | 7.64        |
|    perfect_clears_mean  | 0           |
|    pieces_placed_mean   | 30.7        |
| rollout/                |             |
|    ep_len_mean          | 29.5        |
|    ep_rew_mean          | 39.3        |
| time/                   |             |
|    fps                  | 642         |
|    iterations           | 402         |
|    time_elapsed         | 5125        |
|    total_timesteps      | 3293184     |
| train/                  |             |
|    approx_kl            | 0.009201621 |
|    clip_fraction        | 0.0399      |
|    clip_range           | 0.2         |
|    entropy_loss         | -0.538      |
|    explained_variance   | 0.319       |
|    learning_rate        | 7e-05       |
|    loss                 | 0.179       |
|    n_updates            | 1604        |
|    policy_gradient_loss | -0.00573    |
|    value_loss           | 0.292       |
-----------------------------------------
------------------------------------------
| episode/                |              |
|    lines_cleared_mean   | 4.5          |
|    perfect_clears_mean  | 0            |
|    pieces_placed_mean   | 22.8         |
| rollout/                |              |
|    ep_len_mean          | 28.1         |
|    ep_rew_mean          | 36.5         |
| time/                   |              |
|    fps                  | 642          |
|    iterations           | 403          |
|    time_elapsed         | 5137         |
|    total_timesteps      | 3301376      |
| train/                  |              |
|    approx_kl            | 0.0073202625 |
|    clip_fraction        | 0.0385       |
|    clip_range           | 0.2          |
|    entropy_loss         | -0.534       |
|    explained_variance   | 0.326        |
|    learning_rate        | 7e-05        |
|    loss                 | 0.189        |
|    n_updates            | 1608         |
|    policy_gradient_loss | -0.00518     |
|    value_loss           | 0.294        |
------------------------------------------
-----------------------------------------
| episode/                |             |
|    lines_cleared_mean   | 5.3         |
|    perfect_clears_mean  | 0           |
|    pieces_placed_mean   | 25.5        |
| rollout/                |             |
|    ep_len_mean          | 30.1        |
|    ep_rew_mean          | 40.5        |
| time/                   |             |
|    fps                  | 642         |
|    iterations           | 404         |
|    time_elapsed         | 5150        |
|    total_timesteps      | 3309568     |
| train/                  |             |
|    approx_kl            | 0.009044811 |
|    clip_fraction        | 0.0374      |
|    clip_range           | 0.2         |
|    entropy_loss         | -0.523      |
|    explained_variance   | 0.318       |
|    learning_rate        | 7e-05       |
|    loss                 | 0.186       |
|    n_updates            | 1612        |
|    policy_gradient_loss | -0.00492    |
|    value_loss           | 0.327       |
-----------------------------------------
-----------------------------------------
| episode/                |             |
|    lines_cleared_mean   | 7.7         |
|    perfect_clears_mean  | 0           |
|    pieces_placed_mean   | 29.6        |
| rollout/                |             |
|    ep_len_mean          | 28.1        |
|    ep_rew_mean          | 36.6        |
| time/                   |             |
|    fps                  | 642         |
|    iterations           | 405         |
|    time_elapsed         | 5163        |
|    total_timesteps      | 3317760     |
| train/                  |             |
|    approx_kl            | 0.008066103 |
|    clip_fraction        | 0.0387      |
|    clip_range           | 0.2         |
|    entropy_loss         | -0.528      |
|    explained_variance   | 0.251       |
|    learning_rate        | 7e-05       |
|    loss                 | 0.208       |
|    n_updates            | 1616        |
|    policy_gradient_loss | -0.0055     |
|    value_loss           | 0.316       |
-----------------------------------------
-----------------------------------------
| episode/                |             |
|    lines_cleared_mean   | 8.4         |
|    perfect_clears_mean  | 0           |
|    pieces_placed_mean   | 32.1        |
| rollout/                |             |
|    ep_len_mean          | 29.4        |
|    ep_rew_mean          | 40          |
| time/                   |             |
|    fps                  | 642         |
|    iterations           | 406         |
|    time_elapsed         | 5175        |
|    total_timesteps      | 3325952     |
| train/                  |             |
|    approx_kl            | 0.008253688 |
|    clip_fraction        | 0.0402      |
|    clip_range           | 0.2         |
|    entropy_loss         | -0.525      |
|    explained_variance   | 0.253       |
|    learning_rate        | 7e-05       |
|    loss                 | 0.211       |
|    n_updates            | 1620        |
|    policy_gradient_loss | -0.00474    |
|    value_loss           | 0.327       |
-----------------------------------------
-----------------------------------------
| episode/                |             |
|    lines_cleared_mean   | 7.6         |
|    perfect_clears_mean  | 0           |
|    pieces_placed_mean   | 31          |
| rollout/                |             |
|    ep_len_mean          | 27.9        |
|    ep_rew_mean          | 35.8        |
| time/                   |             |
|    fps                  | 642         |
|    iterations           | 407         |
|    time_elapsed         | 5188        |
|    total_timesteps      | 3334144     |
| train/                  |             |
|    approx_kl            | 0.010985768 |
|    clip_fraction        | 0.0475      |
|    clip_range           | 0.2         |
|    entropy_loss         | -0.564      |
|    explained_variance   | 0.325       |
|    learning_rate        | 7e-05       |
|    loss                 | 0.156       |
|    n_updates            | 1624        |
|    policy_gradient_loss | -0.00546    |
|    value_loss           | 0.289       |
-----------------------------------------
-----------------------------------------
| episode/                |             |
|    lines_cleared_mean   | 6.3         |
|    perfect_clears_mean  | 0           |
|    pieces_placed_mean   | 27.3        |
| rollout/                |             |
|    ep_len_mean          | 30          |
|    ep_rew_mean          | 40.4        |
| time/                   |             |
|    fps                  | 642         |
|    iterations           | 408         |
|    time_elapsed         | 5201        |
|    total_timesteps      | 3342336     |
| train/                  |             |
|    approx_kl            | 0.011097718 |
|    clip_fraction        | 0.0481      |
|    clip_range           | 0.2         |
|    entropy_loss         | -0.555      |
|    explained_variance   | 0.32        |
|    learning_rate        | 7e-05       |
|    loss                 | 0.14        |
|    n_updates            | 1628        |
|    policy_gradient_loss | -0.00613    |
|    value_loss           | 0.294       |
-----------------------------------------
-----------------------------------------
| episode/                |             |
|    lines_cleared_mean   | 6.9         |
|    perfect_clears_mean  | 0           |
|    pieces_placed_mean   | 28.6        |
| rollout/                |             |
|    ep_len_mean          | 27.4        |
|    ep_rew_mean          | 35.4        |
| time/                   |             |
|    fps                  | 642         |
|    iterations           | 409         |
|    time_elapsed         | 5214        |
|    total_timesteps      | 3350528     |
| train/                  |             |
|    approx_kl            | 0.011381872 |
|    clip_fraction        | 0.0526      |
|    clip_range           | 0.2         |
|    entropy_loss         | -0.56       |
|    explained_variance   | 0.261       |
|    learning_rate        | 7e-05       |
|    loss                 | 0.165       |
|    n_updates            | 1632        |
|    policy_gradient_loss | -0.00666    |
|    value_loss           | 0.302       |
-----------------------------------------
-----------------------------------------
| episode/                |             |
|    lines_cleared_mean   | 8.55        |
|    perfect_clears_mean  | 0           |
|    pieces_placed_mean   | 34.2        |
| rollout/                |             |
|    ep_len_mean          | 30.1        |
|    ep_rew_mean          | 40.9        |
| time/                   |             |
|    fps                  | 642         |
|    iterations           | 410         |
|    time_elapsed         | 5226        |
|    total_timesteps      | 3358720     |
| train/                  |             |
|    approx_kl            | 0.014159811 |
|    clip_fraction        | 0.0475      |
|    clip_range           | 0.2         |
|    entropy_loss         | -0.583      |
|    explained_variance   | 0.273       |
|    learning_rate        | 7e-05       |
|    loss                 | 0.179       |
|    n_updates            | 1636        |
|    policy_gradient_loss | -0.00594    |
|    value_loss           | 0.292       |
-----------------------------------------
-----------------------------------------
| episode/                |             |
|    lines_cleared_mean   | 5.73        |
|    perfect_clears_mean  | 0           |
|    pieces_placed_mean   | 26.1        |
| rollout/                |             |
|    ep_len_mean          | 27.6        |
|    ep_rew_mean          | 35.2        |
| time/                   |             |
|    fps                  | 642         |
|    iterations           | 411         |
|    time_elapsed         | 5239        |
|    total_timesteps      | 3366912     |
| train/                  |             |
|    approx_kl            | 0.015256533 |
|    clip_fraction        | 0.0565      |
|    clip_range           | 0.2         |
|    entropy_loss         | -0.602      |
|    explained_variance   | 0.285       |
|    learning_rate        | 7e-05       |
|    loss                 | 0.179       |
|    n_updates            | 1640        |
|    policy_gradient_loss | -0.00598    |
|    value_loss           | 0.315       |
-----------------------------------------
-----------------------------------------
| episode/                |             |
|    lines_cleared_mean   | 8.91        |
|    perfect_clears_mean  | 0           |
|    pieces_placed_mean   | 35.2        |
| rollout/                |             |
|    ep_len_mean          | 27.7        |
|    ep_rew_mean          | 34.9        |
| time/                   |             |
|    fps                  | 642         |
|    iterations           | 412         |
|    time_elapsed         | 5252        |
|    total_timesteps      | 3375104     |
| train/                  |             |
|    approx_kl            | 0.022172775 |
|    clip_fraction        | 0.059       |
|    clip_range           | 0.2         |
|    entropy_loss         | -0.621      |
|    explained_variance   | 0.313       |
|    learning_rate        | 7e-05       |
|    loss                 | 0.184       |
|    n_updates            | 1644        |
|    policy_gradient_loss | -0.0063     |
|    value_loss           | 0.307       |
-----------------------------------------
-----------------------------------------
| episode/                |             |
|    lines_cleared_mean   | 4.1         |
|    perfect_clears_mean  | 0           |
|    pieces_placed_mean   | 22.6        |
| rollout/                |             |
|    ep_len_mean          | 27.6        |
|    ep_rew_mean          | 34.8        |
| time/                   |             |
|    fps                  | 642         |
|    iterations           | 413         |
|    time_elapsed         | 5264        |
|    total_timesteps      | 3383296     |
| train/                  |             |
|    approx_kl            | 0.013931613 |
|    clip_fraction        | 0.0548      |
|    clip_range           | 0.2         |
|    entropy_loss         | -0.61       |
|    explained_variance   | 0.325       |
|    learning_rate        | 7e-05       |
|    loss                 | 0.218       |
|    n_updates            | 1648        |
|    policy_gradient_loss | -0.00769    |
|    value_loss           | 0.318       |
-----------------------------------------
------------------------------------------
| episode/                |              |
|    lines_cleared_mean   | 7            |
|    perfect_clears_mean  | 0            |
|    pieces_placed_mean   | 29.9         |
| rollout/                |              |
|    ep_len_mean          | 27.7         |
|    ep_rew_mean          | 35.6         |
| time/                   |              |
|    fps                  | 642          |
|    iterations           | 414          |
|    time_elapsed         | 5277         |
|    total_timesteps      | 3391488      |
| train/                  |              |
|    approx_kl            | 0.0146219395 |
|    clip_fraction        | 0.0506       |
|    clip_range           | 0.2          |
|    entropy_loss         | -0.648       |
|    explained_variance   | 0.289        |
|    learning_rate        | 7e-05        |
|    loss                 | 0.205        |
|    n_updates            | 1652         |
|    policy_gradient_loss | -0.00662     |
|    value_loss           | 0.327        |
------------------------------------------
-----------------------------------------
| episode/                |             |
|    lines_cleared_mean   | 5           |
|    perfect_clears_mean  | 0           |
|    pieces_placed_mean   | 23.1        |
| rollout/                |             |
|    ep_len_mean          | 28.2        |
|    ep_rew_mean          | 36.7        |
| time/                   |             |
|    fps                  | 642         |
|    iterations           | 415         |
|    time_elapsed         | 5290        |
|    total_timesteps      | 3399680     |
| train/                  |             |
|    approx_kl            | 0.016270721 |
|    clip_fraction        | 0.0605      |
|    clip_range           | 0.2         |
|    entropy_loss         | -0.668      |
|    explained_variance   | 0.267       |
|    learning_rate        | 7e-05       |
|    loss                 | 0.21        |
|    n_updates            | 1656        |
|    policy_gradient_loss | -0.00818    |
|    value_loss           | 0.33        |
-----------------------------------------
-----------------------------------------
| episode/                |             |
|    lines_cleared_mean   | 5.5         |
|    perfect_clears_mean  | 0           |
|    pieces_placed_mean   | 25.8        |
| rollout/                |             |
|    ep_len_mean          | 27.8        |
|    ep_rew_mean          | 35.4        |
| time/                   |             |
|    fps                  | 642         |
|    iterations           | 416         |
|    time_elapsed         | 5303        |
|    total_timesteps      | 3407872     |
| train/                  |             |
|    approx_kl            | 0.016954437 |
|    clip_fraction        | 0.06        |
|    clip_range           | 0.2         |
|    entropy_loss         | -0.671      |
|    explained_variance   | 0.256       |
|    learning_rate        | 7e-05       |
|    loss                 | 0.164       |
|    n_updates            | 1660        |
|    policy_gradient_loss | -0.00829    |
|    value_loss           | 0.304       |
-----------------------------------------
----------------------------------------
| episode/                |            |
|    lines_cleared_mean   | 9.5        |
|    perfect_clears_mean  | 0          |
|    pieces_placed_mean   | 34.9       |
| rollout/                |            |
|    ep_len_mean          | 27.9       |
|    ep_rew_mean          | 36.2       |
| time/                   |            |
|    fps                  | 642        |
|    iterations           | 417        |
|    time_elapsed         | 5315       |
|    total_timesteps      | 3416064    |
| train/                  |            |
|    approx_kl            | 0.01640901 |
|    clip_fraction        | 0.0599     |
|    clip_range           | 0.2        |
|    entropy_loss         | -0.649     |
|    explained_variance   | 0.3        |
|    learning_rate        | 7e-05      |
|    loss                 | 0.19       |
|    n_updates            | 1664       |
|    policy_gradient_loss | -0.00691   |
|    value_loss           | 0.323      |
----------------------------------------
-----------------------------------------
| episode/                |             |
|    lines_cleared_mean   | 7.7         |
|    perfect_clears_mean  | 0           |
|    pieces_placed_mean   | 31.4        |
| rollout/                |             |
|    ep_len_mean          | 30          |
|    ep_rew_mean          | 41          |
| time/                   |             |
|    fps                  | 642         |
|    iterations           | 418         |
|    time_elapsed         | 5328        |
|    total_timesteps      | 3424256     |
| train/                  |             |
|    approx_kl            | 0.019167261 |
|    clip_fraction        | 0.0728      |
|    clip_range           | 0.2         |
|    entropy_loss         | -0.674      |
|    explained_variance   | 0.338       |
|    learning_rate        | 7e-05       |
|    loss                 | 0.202       |
|    n_updates            | 1668        |
|    policy_gradient_loss | -0.0095     |
|    value_loss           | 0.299       |
-----------------------------------------
-----------------------------------------
| episode/                |             |
|    lines_cleared_mean   | 8.9         |
|    perfect_clears_mean  | 0           |
|    pieces_placed_mean   | 33.1        |
| rollout/                |             |
|    ep_len_mean          | 29.2        |
|    ep_rew_mean          | 38.6        |
| time/                   |             |
|    fps                  | 642         |
|    iterations           | 419         |
|    time_elapsed         | 5341        |
|    total_timesteps      | 3432448     |
| train/                  |             |
|    approx_kl            | 0.014094926 |
|    clip_fraction        | 0.0595      |
|    clip_range           | 0.2         |
|    entropy_loss         | -0.61       |
|    explained_variance   | 0.327       |
|    learning_rate        | 7e-05       |
|    loss                 | 0.188       |
|    n_updates            | 1672        |
|    policy_gradient_loss | -0.00704    |
|    value_loss           | 0.307       |
-----------------------------------------
-----------------------------------------
| episode/                |             |
|    lines_cleared_mean   | 5.27        |
|    perfect_clears_mean  | 0           |
|    pieces_placed_mean   | 25.1        |
| rollout/                |             |
|    ep_len_mean          | 29.1        |
|    ep_rew_mean          | 38          |
| time/                   |             |
|    fps                  | 642         |
|    iterations           | 420         |
|    time_elapsed         | 5353        |
|    total_timesteps      | 3440640     |
| train/                  |             |
|    approx_kl            | 0.014810806 |
|    clip_fraction        | 0.0592      |
|    clip_range           | 0.2         |
|    entropy_loss         | -0.626      |
|    explained_variance   | 0.283       |
|    learning_rate        | 7e-05       |
|    loss                 | 0.167       |
|    n_updates            | 1676        |
|    policy_gradient_loss | -0.00668    |
|    value_loss           | 0.31        |
-----------------------------------------
-----------------------------------------
| episode/                |             |
|    lines_cleared_mean   | 5.8         |
|    perfect_clears_mean  | 0           |
|    pieces_placed_mean   | 26.6        |
| rollout/                |             |
|    ep_len_mean          | 27          |
|    ep_rew_mean          | 34.7        |
| time/                   |             |
|    fps                  | 642         |
|    iterations           | 421         |
|    time_elapsed         | 5366        |
|    total_timesteps      | 3448832     |
| train/                  |             |
|    approx_kl            | 0.012069061 |
|    clip_fraction        | 0.0613      |
|    clip_range           | 0.2         |
|    entropy_loss         | -0.647      |
|    explained_variance   | 0.292       |
|    learning_rate        | 7e-05       |
|    loss                 | 0.208       |
|    n_updates            | 1680        |
|    policy_gradient_loss | -0.00855    |
|    value_loss           | 0.321       |
-----------------------------------------
-----------------------------------------
| episode/                |             |
|    lines_cleared_mean   | 3.7         |
|    perfect_clears_mean  | 0           |
|    pieces_placed_mean   | 21.4        |
| rollout/                |             |
|    ep_len_mean          | 28.9        |
|    ep_rew_mean          | 38          |
| time/                   |             |
|    fps                  | 642         |
|    iterations           | 422         |
|    time_elapsed         | 5379        |
|    total_timesteps      | 3457024     |
| train/                  |             |
|    approx_kl            | 0.015133962 |
|    clip_fraction        | 0.0574      |
|    clip_range           | 0.2         |
|    entropy_loss         | -0.653      |
|    explained_variance   | 0.236       |
|    learning_rate        | 7e-05       |
|    loss                 | 0.208       |
|    n_updates            | 1684        |
|    policy_gradient_loss | -0.00726    |
|    value_loss           | 0.338       |
-----------------------------------------
-----------------------------------------
| episode/                |             |
|    lines_cleared_mean   | 7           |
|    perfect_clears_mean  | 0           |
|    pieces_placed_mean   | 29.2        |
| rollout/                |             |
|    ep_len_mean          | 29.1        |
|    ep_rew_mean          | 38.5        |
| time/                   |             |
|    fps                  | 642         |
|    iterations           | 423         |
|    time_elapsed         | 5392        |
|    total_timesteps      | 3465216     |
| train/                  |             |
|    approx_kl            | 0.010897761 |
|    clip_fraction        | 0.0527      |
|    clip_range           | 0.2         |
|    entropy_loss         | -0.612      |
|    explained_variance   | 0.333       |
|    learning_rate        | 7e-05       |
|    loss                 | 0.167       |
|    n_updates            | 1688        |
|    policy_gradient_loss | -0.00682    |
|    value_loss           | 0.283       |
-----------------------------------------
-----------------------------------------
| episode/                |             |
|    lines_cleared_mean   | 6.1         |
|    perfect_clears_mean  | 0           |
|    pieces_placed_mean   | 26          |
| rollout/                |             |
|    ep_len_mean          | 27.6        |
|    ep_rew_mean          | 34.9        |
| time/                   |             |
|    fps                  | 642         |
|    iterations           | 424         |
|    time_elapsed         | 5404        |
|    total_timesteps      | 3473408     |
| train/                  |             |
|    approx_kl            | 0.011833182 |
|    clip_fraction        | 0.0547      |
|    clip_range           | 0.2         |
|    entropy_loss         | -0.637      |
|    explained_variance   | 0.255       |
|    learning_rate        | 7e-05       |
|    loss                 | 0.221       |
|    n_updates            | 1692        |
|    policy_gradient_loss | -0.00719    |
|    value_loss           | 0.332       |
-----------------------------------------
-----------------------------------------
| episode/                |             |
|    lines_cleared_mean   | 4.7         |
|    perfect_clears_mean  | 0           |
|    pieces_placed_mean   | 23.3        |
| rollout/                |             |
|    ep_len_mean          | 28.4        |
|    ep_rew_mean          | 37.4        |
| time/                   |             |
|    fps                  | 642         |
|    iterations           | 425         |
|    time_elapsed         | 5417        |
|    total_timesteps      | 3481600     |
| train/                  |             |
|    approx_kl            | 0.013618942 |
|    clip_fraction        | 0.0517      |
|    clip_range           | 0.2         |
|    entropy_loss         | -0.65       |
|    explained_variance   | 0.213       |
|    learning_rate        | 7e-05       |
|    loss                 | 0.239       |
|    n_updates            | 1696        |
|    policy_gradient_loss | -0.00772    |
|    value_loss           | 0.352       |
-----------------------------------------
-----------------------------------------
| episode/                |             |
|    lines_cleared_mean   | 7.45        |
|    perfect_clears_mean  | 0           |
|    pieces_placed_mean   | 30.5        |
| rollout/                |             |
|    ep_len_mean          | 27.3        |
|    ep_rew_mean          | 34.8        |
| time/                   |             |
|    fps                  | 642         |
|    iterations           | 426         |
|    time_elapsed         | 5430        |
|    total_timesteps      | 3489792     |
| train/                  |             |
|    approx_kl            | 0.017554924 |
|    clip_fraction        | 0.0664      |
|    clip_range           | 0.2         |
|    entropy_loss         | -0.686      |
|    explained_variance   | 0.206       |
|    learning_rate        | 7e-05       |
|    loss                 | 0.3         |
|    n_updates            | 1700        |
|    policy_gradient_loss | -0.00836    |
|    value_loss           | 0.359       |
-----------------------------------------
-----------------------------------------
| episode/                |             |
|    lines_cleared_mean   | 5.2         |
|    perfect_clears_mean  | 0           |
|    pieces_placed_mean   | 25.5        |
| rollout/                |             |
|    ep_len_mean          | 28.1        |
|    ep_rew_mean          | 36.5        |
| time/                   |             |
|    fps                  | 642         |
|    iterations           | 427         |
|    time_elapsed         | 5443        |
|    total_timesteps      | 3497984     |
| train/                  |             |
|    approx_kl            | 0.014926236 |
|    clip_fraction        | 0.0578      |
|    clip_range           | 0.2         |
|    entropy_loss         | -0.687      |
|    explained_variance   | 0.14        |
|    learning_rate        | 7e-05       |
|    loss                 | 0.205       |
|    n_updates            | 1704        |
|    policy_gradient_loss | -0.00772    |
|    value_loss           | 0.363       |
-----------------------------------------
-----------------------------------------
| episode/                |             |
|    lines_cleared_mean   | 5.4         |
|    perfect_clears_mean  | 0           |
|    pieces_placed_mean   | 24.6        |
| rollout/                |             |
|    ep_len_mean          | 26.6        |
|    ep_rew_mean          | 32.8        |
| time/                   |             |
|    fps                  | 642         |
|    iterations           | 428         |
|    time_elapsed         | 5455        |
|    total_timesteps      | 3506176     |
| train/                  |             |
|    approx_kl            | 0.013972895 |
|    clip_fraction        | 0.0629      |
|    clip_range           | 0.2         |
|    entropy_loss         | -0.662      |
|    explained_variance   | 0.256       |
|    learning_rate        | 7e-05       |
|    loss                 | 0.203       |
|    n_updates            | 1708        |
|    policy_gradient_loss | -0.00754    |
|    value_loss           | 0.313       |
-----------------------------------------
-----------------------------------------
| episode/                |             |
|    lines_cleared_mean   | 6.82        |
|    perfect_clears_mean  | 0           |
|    pieces_placed_mean   | 28.8        |
| rollout/                |             |
|    ep_len_mean          | 28.7        |
|    ep_rew_mean          | 37.9        |
| time/                   |             |
|    fps                  | 642         |
|    iterations           | 429         |
|    time_elapsed         | 5468        |
|    total_timesteps      | 3514368     |
| train/                  |             |
|    approx_kl            | 0.015039184 |
|    clip_fraction        | 0.066       |
|    clip_range           | 0.2         |
|    entropy_loss         | -0.682      |
|    explained_variance   | 0.3         |
|    learning_rate        | 7e-05       |
|    loss                 | 0.197       |
|    n_updates            | 1712        |
|    policy_gradient_loss | -0.00781    |
|    value_loss           | 0.309       |
-----------------------------------------
-----------------------------------------
| episode/                |             |
|    lines_cleared_mean   | 4.64        |
|    perfect_clears_mean  | 0           |
|    pieces_placed_mean   | 24.1        |
| rollout/                |             |
|    ep_len_mean          | 27.2        |
|    ep_rew_mean          | 34.8        |
| time/                   |             |
|    fps                  | 642         |
|    iterations           | 430         |
|    time_elapsed         | 5481        |
|    total_timesteps      | 3522560     |
| train/                  |             |
|    approx_kl            | 0.020544942 |
|    clip_fraction        | 0.0795      |
|    clip_range           | 0.2         |
|    entropy_loss         | -0.686      |
|    explained_variance   | 0.204       |
|    learning_rate        | 7e-05       |
|    loss                 | 0.169       |
|    n_updates            | 1716        |
|    policy_gradient_loss | -0.00908    |
|    value_loss           | 0.325       |
-----------------------------------------
-----------------------------------------
| episode/                |             |
|    lines_cleared_mean   | 4.82        |
|    perfect_clears_mean  | 0           |
|    pieces_placed_mean   | 24.4        |
| rollout/                |             |
|    ep_len_mean          | 26.7        |
|    ep_rew_mean          | 33          |
| time/                   |             |
|    fps                  | 642         |
|    iterations           | 431         |
|    time_elapsed         | 5494        |
|    total_timesteps      | 3530752     |
| train/                  |             |
|    approx_kl            | 0.011442748 |
|    clip_fraction        | 0.0624      |
|    clip_range           | 0.2         |
|    entropy_loss         | -0.697      |
|    explained_variance   | 0.313       |
|    learning_rate        | 7e-05       |
|    loss                 | 0.211       |
|    n_updates            | 1720        |
|    policy_gradient_loss | -0.00916    |
|    value_loss           | 0.299       |
-----------------------------------------
-----------------------------------------
| episode/                |             |
|    lines_cleared_mean   | 5.08        |
|    perfect_clears_mean  | 0           |
|    pieces_placed_mean   | 25.6        |
| rollout/                |             |
|    ep_len_mean          | 26.6        |
|    ep_rew_mean          | 32.6        |
| time/                   |             |
|    fps                  | 642         |
|    iterations           | 432         |
|    time_elapsed         | 5506        |
|    total_timesteps      | 3538944     |
| train/                  |             |
|    approx_kl            | 0.014333488 |
|    clip_fraction        | 0.0667      |
|    clip_range           | 0.2         |
|    entropy_loss         | -0.697      |
|    explained_variance   | 0.293       |
|    learning_rate        | 7e-05       |
|    loss                 | 0.21        |
|    n_updates            | 1724        |
|    policy_gradient_loss | -0.00781    |
|    value_loss           | 0.303       |
-----------------------------------------
-----------------------------------------
| episode/                |             |
|    lines_cleared_mean   | 4.9         |
|    perfect_clears_mean  | 0           |
|    pieces_placed_mean   | 25          |
| rollout/                |             |
|    ep_len_mean          | 28.7        |
|    ep_rew_mean          | 37.9        |
| time/                   |             |
|    fps                  | 642         |
|    iterations           | 433         |
|    time_elapsed         | 5519        |
|    total_timesteps      | 3547136     |
| train/                  |             |
|    approx_kl            | 0.014468086 |
|    clip_fraction        | 0.0697      |
|    clip_range           | 0.2         |
|    entropy_loss         | -0.721      |
|    explained_variance   | 0.275       |
|    learning_rate        | 7e-05       |
|    loss                 | 0.167       |
|    n_updates            | 1728        |
|    policy_gradient_loss | -0.00977    |
|    value_loss           | 0.283       |
-----------------------------------------
----------------------------------------
| episode/                |            |
|    lines_cleared_mean   | 5.7        |
|    perfect_clears_mean  | 0          |
|    pieces_placed_mean   | 26.2       |
| rollout/                |            |
|    ep_len_mean          | 26.5       |
|    ep_rew_mean          | 32.6       |
| time/                   |            |
|    fps                  | 642        |
|    iterations           | 434        |
|    time_elapsed         | 5532       |
|    total_timesteps      | 3555328    |
| train/                  |            |
|    approx_kl            | 0.01385933 |
|    clip_fraction        | 0.0638     |
|    clip_range           | 0.2        |
|    entropy_loss         | -0.684     |
|    explained_variance   | 0.22       |
|    learning_rate        | 7e-05      |
|    loss                 | 0.24       |
|    n_updates            | 1732       |
|    policy_gradient_loss | -0.00863   |
|    value_loss           | 0.322      |
----------------------------------------
----------------------------------------
| episode/                |            |
|    lines_cleared_mean   | 6.2        |
|    perfect_clears_mean  | 0          |
|    pieces_placed_mean   | 27.1       |
| rollout/                |            |
|    ep_len_mean          | 27         |
|    ep_rew_mean          | 33.6       |
| time/                   |            |
|    fps                  | 642        |
|    iterations           | 435        |
|    time_elapsed         | 5545       |
|    total_timesteps      | 3563520    |
| train/                  |            |
|    approx_kl            | 0.01578101 |
|    clip_fraction        | 0.0714     |
|    clip_range           | 0.2        |
|    entropy_loss         | -0.752     |
|    explained_variance   | 0.248      |
|    learning_rate        | 7e-05      |
|    loss                 | 0.235      |
|    n_updates            | 1736       |
|    policy_gradient_loss | -0.0102    |
|    value_loss           | 0.305      |
----------------------------------------
-----------------------------------------
| episode/                |             |
|    lines_cleared_mean   | 6.09        |
|    perfect_clears_mean  | 0           |
|    pieces_placed_mean   | 27          |
| rollout/                |             |
|    ep_len_mean          | 29.1        |
|    ep_rew_mean          | 39.1        |
| time/                   |             |
|    fps                  | 642         |
|    iterations           | 436         |
|    time_elapsed         | 5557        |
|    total_timesteps      | 3571712     |
| train/                  |             |
|    approx_kl            | 0.011537441 |
|    clip_fraction        | 0.0589      |
|    clip_range           | 0.2         |
|    entropy_loss         | -0.7        |
|    explained_variance   | 0.254       |
|    learning_rate        | 7e-05       |
|    loss                 | 0.212       |
|    n_updates            | 1740        |
|    policy_gradient_loss | -0.0093     |
|    value_loss           | 0.295       |
-----------------------------------------
-----------------------------------------
| episode/                |             |
|    lines_cleared_mean   | 6.1         |
|    perfect_clears_mean  | 0           |
|    pieces_placed_mean   | 26.7        |
| rollout/                |             |
|    ep_len_mean          | 26.3        |
|    ep_rew_mean          | 32.4        |
| time/                   |             |
|    fps                  | 642         |
|    iterations           | 437         |
|    time_elapsed         | 5570        |
|    total_timesteps      | 3579904     |
| train/                  |             |
|    approx_kl            | 0.013449955 |
|    clip_fraction        | 0.0607      |
|    clip_range           | 0.2         |
|    entropy_loss         | -0.678      |
|    explained_variance   | 0.198       |
|    learning_rate        | 7e-05       |
|    loss                 | 0.193       |
|    n_updates            | 1744        |
|    policy_gradient_loss | -0.0089     |
|    value_loss           | 0.358       |
-----------------------------------------
----------------------------------------
| episode/                |            |
|    lines_cleared_mean   | 6.8        |
|    perfect_clears_mean  | 0          |
|    pieces_placed_mean   | 27.5       |
| rollout/                |            |
|    ep_len_mean          | 26.4       |
|    ep_rew_mean          | 32.7       |
| time/                   |            |
|    fps                  | 642        |
|    iterations           | 438        |
|    time_elapsed         | 5583       |
|    total_timesteps      | 3588096    |
| train/                  |            |
|    approx_kl            | 0.01509566 |
|    clip_fraction        | 0.0628     |
|    clip_range           | 0.2        |
|    entropy_loss         | -0.706     |
|    explained_variance   | 0.242      |
|    learning_rate        | 7e-05      |
|    loss                 | 0.164      |
|    n_updates            | 1748       |
|    policy_gradient_loss | -0.00895   |
|    value_loss           | 0.305      |
----------------------------------------
-----------------------------------------
| episode/                |             |
|    lines_cleared_mean   | 13.2        |
|    perfect_clears_mean  | 0           |
|    pieces_placed_mean   | 43.2        |
| rollout/                |             |
|    ep_len_mean          | 28.9        |
|    ep_rew_mean          | 38.1        |
| time/                   |             |
|    fps                  | 642         |
|    iterations           | 439         |
|    time_elapsed         | 5596        |
|    total_timesteps      | 3596288     |
| train/                  |             |
|    approx_kl            | 0.015082764 |
|    clip_fraction        | 0.0685      |
|    clip_range           | 0.2         |
|    entropy_loss         | -0.714      |
|    explained_variance   | 0.353       |
|    learning_rate        | 7e-05       |
|    loss                 | 0.186       |
|    n_updates            | 1752        |
|    policy_gradient_loss | -0.00882    |
|    value_loss           | 0.257       |
-----------------------------------------
-----------------------------------------
| episode/                |             |
|    lines_cleared_mean   | 5.3         |
|    perfect_clears_mean  | 0           |
|    pieces_placed_mean   | 25.1        |
| rollout/                |             |
|    ep_len_mean          | 25.9        |
|    ep_rew_mean          | 31.8        |
| time/                   |             |
|    fps                  | 642         |
|    iterations           | 440         |
|    time_elapsed         | 5608        |
|    total_timesteps      | 3604480     |
| train/                  |             |
|    approx_kl            | 0.017774524 |
|    clip_fraction        | 0.0657      |
|    clip_range           | 0.2         |
|    entropy_loss         | -0.697      |
|    explained_variance   | 0.238       |
|    learning_rate        | 7e-05       |
|    loss                 | 0.187       |
|    n_updates            | 1756        |
|    policy_gradient_loss | -0.00874    |
|    value_loss           | 0.309       |
-----------------------------------------
-----------------------------------------
| episode/                |             |
|    lines_cleared_mean   | 6.6         |
|    perfect_clears_mean  | 0           |
|    pieces_placed_mean   | 27.9        |
| rollout/                |             |
|    ep_len_mean          | 26.4        |
|    ep_rew_mean          | 32.4        |
| time/                   |             |
|    fps                  | 642         |
|    iterations           | 441         |
|    time_elapsed         | 5621        |
|    total_timesteps      | 3612672     |
| train/                  |             |
|    approx_kl            | 0.016719464 |
|    clip_fraction        | 0.0702      |
|    clip_range           | 0.2         |
|    entropy_loss         | -0.733      |
|    explained_variance   | 0.234       |
|    learning_rate        | 7e-05       |
|    loss                 | 0.189       |
|    n_updates            | 1760        |
|    policy_gradient_loss | -0.00877    |
|    value_loss           | 0.304       |
-----------------------------------------
-----------------------------------------
| episode/                |             |
|    lines_cleared_mean   | 4.91        |
|    perfect_clears_mean  | 0           |
|    pieces_placed_mean   | 24          |
| rollout/                |             |
|    ep_len_mean          | 26.2        |
|    ep_rew_mean          | 32.5        |
| time/                   |             |
|    fps                  | 642         |
|    iterations           | 442         |
|    time_elapsed         | 5634        |
|    total_timesteps      | 3620864     |
| train/                  |             |
|    approx_kl            | 0.013043953 |
|    clip_fraction        | 0.0709      |
|    clip_range           | 0.2         |
|    entropy_loss         | -0.765      |
|    explained_variance   | 0.253       |
|    learning_rate        | 7e-05       |
|    loss                 | 0.193       |
|    n_updates            | 1764        |
|    policy_gradient_loss | -0.00833    |
|    value_loss           | 0.297       |
-----------------------------------------
-----------------------------------------
| episode/                |             |
|    lines_cleared_mean   | 5           |
|    perfect_clears_mean  | 0           |
|    pieces_placed_mean   | 24.9        |
| rollout/                |             |
|    ep_len_mean          | 27.1        |
|    ep_rew_mean          | 34.1        |
| time/                   |             |
|    fps                  | 642         |
|    iterations           | 443         |
|    time_elapsed         | 5647        |
|    total_timesteps      | 3629056     |
| train/                  |             |
|    approx_kl            | 0.016141366 |
|    clip_fraction        | 0.0762      |
|    clip_range           | 0.2         |
|    entropy_loss         | -0.793      |
|    explained_variance   | 0.21        |
|    learning_rate        | 7e-05       |
|    loss                 | 0.213       |
|    n_updates            | 1768        |
|    policy_gradient_loss | -0.0122     |
|    value_loss           | 0.31        |
-----------------------------------------
----------------------------------------
| episode/                |            |
|    lines_cleared_mean   | 4.8        |
|    perfect_clears_mean  | 0          |
|    pieces_placed_mean   | 23.9       |
| rollout/                |            |
|    ep_len_mean          | 26.8       |
|    ep_rew_mean          | 33.2       |
| time/                   |            |
|    fps                  | 642        |
|    iterations           | 444        |
|    time_elapsed         | 5659       |
|    total_timesteps      | 3637248    |
| train/                  |            |
|    approx_kl            | 0.01407047 |
|    clip_fraction        | 0.0723     |
|    clip_range           | 0.2        |
|    entropy_loss         | -0.779     |
|    explained_variance   | 0.275      |
|    learning_rate        | 7e-05      |
|    loss                 | 0.178      |
|    n_updates            | 1772       |
|    policy_gradient_loss | -0.00959   |
|    value_loss           | 0.307      |
----------------------------------------
----------------------------------------
| episode/                |            |
|    lines_cleared_mean   | 4.8        |
|    perfect_clears_mean  | 0          |
|    pieces_placed_mean   | 24.1       |
| rollout/                |            |
|    ep_len_mean          | 27.1       |
|    ep_rew_mean          | 34.3       |
| time/                   |            |
|    fps                  | 642        |
|    iterations           | 445        |
|    time_elapsed         | 5672       |
|    total_timesteps      | 3645440    |
| train/                  |            |
|    approx_kl            | 0.01703459 |
|    clip_fraction        | 0.0807     |
|    clip_range           | 0.2        |
|    entropy_loss         | -0.802     |
|    explained_variance   | 0.247      |
|    learning_rate        | 7e-05      |
|    loss                 | 0.136      |
|    n_updates            | 1776       |
|    policy_gradient_loss | -0.0121    |
|    value_loss           | 0.295      |
----------------------------------------
------------------------------------------
| episode/                |              |
|    lines_cleared_mean   | 7.2          |
|    perfect_clears_mean  | 0            |
|    pieces_placed_mean   | 30.9         |
| rollout/                |              |
|    ep_len_mean          | 25.7         |
|    ep_rew_mean          | 30.4         |
| time/                   |              |
|    fps                  | 642          |
|    iterations           | 446          |
|    time_elapsed         | 5685         |
|    total_timesteps      | 3653632      |
| train/                  |              |
|    approx_kl            | 0.0155432355 |
|    clip_fraction        | 0.0775       |
|    clip_range           | 0.2          |
|    entropy_loss         | -0.804       |
|    explained_variance   | 0.19         |
|    learning_rate        | 7e-05        |
|    loss                 | 0.171        |
|    n_updates            | 1780         |
|    policy_gradient_loss | -0.00972     |
|    value_loss           | 0.31         |
------------------------------------------
-----------------------------------------
| episode/                |             |
|    lines_cleared_mean   | 4.17        |
|    perfect_clears_mean  | 0           |
|    pieces_placed_mean   | 22.2        |
| rollout/                |             |
|    ep_len_mean          | 24.8        |
|    ep_rew_mean          | 29          |
| time/                   |             |
|    fps                  | 642         |
|    iterations           | 447         |
|    time_elapsed         | 5698        |
|    total_timesteps      | 3661824     |
| train/                  |             |
|    approx_kl            | 0.017824668 |
|    clip_fraction        | 0.0829      |
|    clip_range           | 0.2         |
|    entropy_loss         | -0.834      |
|    explained_variance   | 0.209       |
|    learning_rate        | 7e-05       |
|    loss                 | 0.162       |
|    n_updates            | 1784        |
|    policy_gradient_loss | -0.00891    |
|    value_loss           | 0.291       |
-----------------------------------------
----------------------------------------
| episode/                |            |
|    lines_cleared_mean   | 8.09       |
|    perfect_clears_mean  | 0          |
|    pieces_placed_mean   | 32.3       |
| rollout/                |            |
|    ep_len_mean          | 26.2       |
|    ep_rew_mean          | 32.3       |
| time/                   |            |
|    fps                  | 642        |
|    iterations           | 448        |
|    time_elapsed         | 5710       |
|    total_timesteps      | 3670016    |
| train/                  |            |
|    approx_kl            | 0.01732992 |
|    clip_fraction        | 0.079      |
|    clip_range           | 0.2        |
|    entropy_loss         | -0.822     |
|    explained_variance   | 0.281      |
|    learning_rate        | 7e-05      |
|    loss                 | 0.157      |
|    n_updates            | 1788       |
|    policy_gradient_loss | -0.0115    |
|    value_loss           | 0.289      |
----------------------------------------
-----------------------------------------
| episode/                |             |
|    lines_cleared_mean   | 7.1         |
|    perfect_clears_mean  | 0           |
|    pieces_placed_mean   | 29.9        |
| rollout/                |             |
|    ep_len_mean          | 26.8        |
|    ep_rew_mean          | 33.2        |
| time/                   |             |
|    fps                  | 642         |
|    iterations           | 449         |
|    time_elapsed         | 5723        |
|    total_timesteps      | 3678208     |
| train/                  |             |
|    approx_kl            | 0.016050944 |
|    clip_fraction        | 0.0833      |
|    clip_range           | 0.2         |
|    entropy_loss         | -0.851      |
|    explained_variance   | 0.264       |
|    learning_rate        | 7e-05       |
|    loss                 | 0.167       |
|    n_updates            | 1792        |
|    policy_gradient_loss | -0.0104     |
|    value_loss           | 0.294       |
-----------------------------------------
-----------------------------------------
| episode/                |             |
|    lines_cleared_mean   | 6.6         |
|    perfect_clears_mean  | 0           |
|    pieces_placed_mean   | 28.4        |
| rollout/                |             |
|    ep_len_mean          | 26.2        |
|    ep_rew_mean          | 32.1        |
| time/                   |             |
|    fps                  | 642         |
|    iterations           | 450         |
|    time_elapsed         | 5736        |
|    total_timesteps      | 3686400     |
| train/                  |             |
|    approx_kl            | 0.017516518 |
|    clip_fraction        | 0.0911      |
|    clip_range           | 0.2         |
|    entropy_loss         | -0.87       |
|    explained_variance   | 0.271       |
|    learning_rate        | 7e-05       |
|    loss                 | 0.189       |
|    n_updates            | 1796        |
|    policy_gradient_loss | -0.0101     |
|    value_loss           | 0.288       |
-----------------------------------------
-----------------------------------------
| episode/                |             |
|    lines_cleared_mean   | 9           |
|    perfect_clears_mean  | 0           |
|    pieces_placed_mean   | 33.4        |
| rollout/                |             |
|    ep_len_mean          | 27.1        |
|    ep_rew_mean          | 34.1        |
| time/                   |             |
|    fps                  | 642         |
|    iterations           | 451         |
|    time_elapsed         | 5749        |
|    total_timesteps      | 3694592     |
| train/                  |             |
|    approx_kl            | 0.013273602 |
|    clip_fraction        | 0.0763      |
|    clip_range           | 0.2         |
|    entropy_loss         | -0.845      |
|    explained_variance   | 0.263       |
|    learning_rate        | 7e-05       |
|    loss                 | 0.229       |
|    n_updates            | 1800        |
|    policy_gradient_loss | -0.013      |
|    value_loss           | 0.301       |
-----------------------------------------
-----------------------------------------
| episode/                |             |
|    lines_cleared_mean   | 6.4         |
|    perfect_clears_mean  | 0           |
|    pieces_placed_mean   | 27.3        |
| rollout/                |             |
|    ep_len_mean          | 25.8        |
|    ep_rew_mean          | 31.2        |
| time/                   |             |
|    fps                  | 642         |
|    iterations           | 452         |
|    time_elapsed         | 5761        |
|    total_timesteps      | 3702784     |
| train/                  |             |
|    approx_kl            | 0.016312774 |
|    clip_fraction        | 0.088       |
|    clip_range           | 0.2         |
|    entropy_loss         | -0.855      |
|    explained_variance   | 0.228       |
|    learning_rate        | 7e-05       |
|    loss                 | 0.154       |
|    n_updates            | 1804        |
|    policy_gradient_loss | -0.0128     |
|    value_loss           | 0.289       |
-----------------------------------------
-----------------------------------------
| episode/                |             |
|    lines_cleared_mean   | 4.7         |
|    perfect_clears_mean  | 0           |
|    pieces_placed_mean   | 24.6        |
| rollout/                |             |
|    ep_len_mean          | 27.2        |
|    ep_rew_mean          | 34.3        |
| time/                   |             |
|    fps                  | 642         |
|    iterations           | 453         |
|    time_elapsed         | 5774        |
|    total_timesteps      | 3710976     |
| train/                  |             |
|    approx_kl            | 0.022311155 |
|    clip_fraction        | 0.0809      |
|    clip_range           | 0.2         |
|    entropy_loss         | -0.787      |
|    explained_variance   | 0.194       |
|    learning_rate        | 7e-05       |
|    loss                 | 0.2         |
|    n_updates            | 1808        |
|    policy_gradient_loss | -0.0109     |
|    value_loss           | 0.322       |
-----------------------------------------
-----------------------------------------
| episode/                |             |
|    lines_cleared_mean   | 9.9         |
|    perfect_clears_mean  | 0           |
|    pieces_placed_mean   | 34.8        |
| rollout/                |             |
|    ep_len_mean          | 27          |
|    ep_rew_mean          | 34.4        |
| time/                   |             |
|    fps                  | 642         |
|    iterations           | 454         |
|    time_elapsed         | 5787        |
|    total_timesteps      | 3719168     |
| train/                  |             |
|    approx_kl            | 0.015823277 |
|    clip_fraction        | 0.0828      |
|    clip_range           | 0.2         |
|    entropy_loss         | -0.839      |
|    explained_variance   | 0.291       |
|    learning_rate        | 7e-05       |
|    loss                 | 0.193       |
|    n_updates            | 1812        |
|    policy_gradient_loss | -0.0114     |
|    value_loss           | 0.298       |
-----------------------------------------
-----------------------------------------
| episode/                |             |
|    lines_cleared_mean   | 4.18        |
|    perfect_clears_mean  | 0           |
|    pieces_placed_mean   | 22.8        |
| rollout/                |             |
|    ep_len_mean          | 25.3        |
|    ep_rew_mean          | 30.4        |
| time/                   |             |
|    fps                  | 642         |
|    iterations           | 455         |
|    time_elapsed         | 5800        |
|    total_timesteps      | 3727360     |
| train/                  |             |
|    approx_kl            | 0.015128181 |
|    clip_fraction        | 0.0791      |
|    clip_range           | 0.2         |
|    entropy_loss         | -0.804      |
|    explained_variance   | 0.212       |
|    learning_rate        | 7e-05       |
|    loss                 | 0.189       |
|    n_updates            | 1816        |
|    policy_gradient_loss | -0.0103     |
|    value_loss           | 0.321       |
-----------------------------------------
-----------------------------------------
| episode/                |             |
|    lines_cleared_mean   | 4.5         |
|    perfect_clears_mean  | 0           |
|    pieces_placed_mean   | 22.3        |
| rollout/                |             |
|    ep_len_mean          | 25.2        |
|    ep_rew_mean          | 30.7        |
| time/                   |             |
|    fps                  | 642         |
|    iterations           | 456         |
|    time_elapsed         | 5812        |
|    total_timesteps      | 3735552     |
| train/                  |             |
|    approx_kl            | 0.016435664 |
|    clip_fraction        | 0.0836      |
|    clip_range           | 0.2         |
|    entropy_loss         | -0.854      |
|    explained_variance   | 0.282       |
|    learning_rate        | 7e-05       |
|    loss                 | 0.162       |
|    n_updates            | 1820        |
|    policy_gradient_loss | -0.0111     |
|    value_loss           | 0.282       |
-----------------------------------------
-----------------------------------------
| episode/                |             |
|    lines_cleared_mean   | 5.25        |
|    perfect_clears_mean  | 0           |
|    pieces_placed_mean   | 25.3        |
| rollout/                |             |
|    ep_len_mean          | 26          |
|    ep_rew_mean          | 31.4        |
| time/                   |             |
|    fps                  | 642         |
|    iterations           | 457         |
|    time_elapsed         | 5825        |
|    total_timesteps      | 3743744     |
| train/                  |             |
|    approx_kl            | 0.016687248 |
|    clip_fraction        | 0.0901      |
|    clip_range           | 0.2         |
|    entropy_loss         | -0.821      |
|    explained_variance   | 0.234       |
|    learning_rate        | 7e-05       |
|    loss                 | 0.198       |
|    n_updates            | 1824        |
|    policy_gradient_loss | -0.012      |
|    value_loss           | 0.295       |
-----------------------------------------
-----------------------------------------
| episode/                |             |
|    lines_cleared_mean   | 5.5         |
|    perfect_clears_mean  | 0           |
|    pieces_placed_mean   | 26.3        |
| rollout/                |             |
|    ep_len_mean          | 26.6        |
|    ep_rew_mean          | 32.6        |
| time/                   |             |
|    fps                  | 642         |
|    iterations           | 458         |
|    time_elapsed         | 5838        |
|    total_timesteps      | 3751936     |
| train/                  |             |
|    approx_kl            | 0.018489514 |
|    clip_fraction        | 0.0782      |
|    clip_range           | 0.2         |
|    entropy_loss         | -0.818      |
|    explained_variance   | 0.322       |
|    learning_rate        | 7e-05       |
|    loss                 | 0.157       |
|    n_updates            | 1828        |
|    policy_gradient_loss | -0.0119     |
|    value_loss           | 0.266       |
-----------------------------------------
-----------------------------------------
| episode/                |             |
|    lines_cleared_mean   | 6.5         |
|    perfect_clears_mean  | 0           |
|    pieces_placed_mean   | 27.8        |
| rollout/                |             |
|    ep_len_mean          | 26.9        |
|    ep_rew_mean          | 34          |
| time/                   |             |
|    fps                  | 642         |
|    iterations           | 459         |
|    time_elapsed         | 5851        |
|    total_timesteps      | 3760128     |
| train/                  |             |
|    approx_kl            | 0.019772632 |
|    clip_fraction        | 0.0831      |
|    clip_range           | 0.2         |
|    entropy_loss         | -0.841      |
|    explained_variance   | 0.235       |
|    learning_rate        | 7e-05       |
|    loss                 | 0.172       |
|    n_updates            | 1832        |
|    policy_gradient_loss | -0.0101     |
|    value_loss           | 0.298       |
-----------------------------------------
-----------------------------------------
| episode/                |             |
|    lines_cleared_mean   | 5.6         |
|    perfect_clears_mean  | 0           |
|    pieces_placed_mean   | 25.4        |
| rollout/                |             |
|    ep_len_mean          | 26          |
|    ep_rew_mean          | 31.5        |
| time/                   |             |
|    fps                  | 642         |
|    iterations           | 460         |
|    time_elapsed         | 5863        |
|    total_timesteps      | 3768320     |
| train/                  |             |
|    approx_kl            | 0.016797971 |
|    clip_fraction        | 0.0782      |
|    clip_range           | 0.2         |
|    entropy_loss         | -0.823      |
|    explained_variance   | 0.21        |
|    learning_rate        | 7e-05       |
|    loss                 | 0.185       |
|    n_updates            | 1836        |
|    policy_gradient_loss | -0.0106     |
|    value_loss           | 0.304       |
-----------------------------------------
-----------------------------------------
| episode/                |             |
|    lines_cleared_mean   | 7.8         |
|    perfect_clears_mean  | 0           |
|    pieces_placed_mean   | 30.9        |
| rollout/                |             |
|    ep_len_mean          | 27.5        |
|    ep_rew_mean          | 35.8        |
| time/                   |             |
|    fps                  | 642         |
|    iterations           | 461         |
|    time_elapsed         | 5876        |
|    total_timesteps      | 3776512     |
| train/                  |             |
|    approx_kl            | 0.015312241 |
|    clip_fraction        | 0.0787      |
|    clip_range           | 0.2         |
|    entropy_loss         | -0.816      |
|    explained_variance   | 0.118       |
|    learning_rate        | 7e-05       |
|    loss                 | 0.225       |
|    n_updates            | 1840        |
|    policy_gradient_loss | -0.0111     |
|    value_loss           | 0.351       |
-----------------------------------------
-----------------------------------------
| episode/                |             |
|    lines_cleared_mean   | 7.4         |
|    perfect_clears_mean  | 0           |
|    pieces_placed_mean   | 29.8        |
| rollout/                |             |
|    ep_len_mean          | 26.5        |
|    ep_rew_mean          | 33          |
| time/                   |             |
|    fps                  | 642         |
|    iterations           | 462         |
|    time_elapsed         | 5889        |
|    total_timesteps      | 3784704     |
| train/                  |             |
|    approx_kl            | 0.019033618 |
|    clip_fraction        | 0.0857      |
|    clip_range           | 0.2         |
|    entropy_loss         | -0.816      |
|    explained_variance   | 0.284       |
|    learning_rate        | 7e-05       |
|    loss                 | 0.21        |
|    n_updates            | 1844        |
|    policy_gradient_loss | -0.0114     |
|    value_loss           | 0.314       |
-----------------------------------------
----------------------------------------
| episode/                |            |
|    lines_cleared_mean   | 5.27       |
|    perfect_clears_mean  | 0          |
|    pieces_placed_mean   | 25.2       |
| rollout/                |            |
|    ep_len_mean          | 27.4       |
|    ep_rew_mean          | 34.7       |
| time/                   |            |
|    fps                  | 642        |
|    iterations           | 463        |
|    time_elapsed         | 5902       |
|    total_timesteps      | 3792896    |
| train/                  |            |
|    approx_kl            | 0.01813981 |
|    clip_fraction        | 0.0844     |
|    clip_range           | 0.2        |
|    entropy_loss         | -0.804     |
|    explained_variance   | 0.275      |
|    learning_rate        | 7e-05      |
|    loss                 | 0.201      |
|    n_updates            | 1848       |
|    policy_gradient_loss | -0.0121    |
|    value_loss           | 0.318      |
----------------------------------------
-----------------------------------------
| episode/                |             |
|    lines_cleared_mean   | 6.36        |
|    perfect_clears_mean  | 0           |
|    pieces_placed_mean   | 27.5        |
| rollout/                |             |
|    ep_len_mean          | 24.9        |
|    ep_rew_mean          | 29          |
| time/                   |             |
|    fps                  | 642         |
|    iterations           | 464         |
|    time_elapsed         | 5915        |
|    total_timesteps      | 3801088     |
| train/                  |             |
|    approx_kl            | 0.016241048 |
|    clip_fraction        | 0.0917      |
|    clip_range           | 0.2         |
|    entropy_loss         | -0.859      |
|    explained_variance   | 0.22        |
|    learning_rate        | 7e-05       |
|    loss                 | 0.186       |
|    n_updates            | 1852        |
|    policy_gradient_loss | -0.0105     |
|    value_loss           | 0.328       |
-----------------------------------------
-----------------------------------------
| episode/                |             |
|    lines_cleared_mean   | 3.3         |
|    perfect_clears_mean  | 0           |
|    pieces_placed_mean   | 19.7        |
| rollout/                |             |
|    ep_len_mean          | 25.4        |
|    ep_rew_mean          | 30.3        |
| time/                   |             |
|    fps                  | 642         |
|    iterations           | 465         |
|    time_elapsed         | 5927        |
|    total_timesteps      | 3809280     |
| train/                  |             |
|    approx_kl            | 0.013034446 |
|    clip_fraction        | 0.0912      |
|    clip_range           | 0.2         |
|    entropy_loss         | -0.827      |
|    explained_variance   | 0.241       |
|    learning_rate        | 7e-05       |
|    loss                 | 0.189       |
|    n_updates            | 1856        |
|    policy_gradient_loss | -0.0107     |
|    value_loss           | 0.303       |
-----------------------------------------
-----------------------------------------
| episode/                |             |
|    lines_cleared_mean   | 5           |
|    perfect_clears_mean  | 0           |
|    pieces_placed_mean   | 24.4        |
| rollout/                |             |
|    ep_len_mean          | 25.6        |
|    ep_rew_mean          | 30.7        |
| time/                   |             |
|    fps                  | 642         |
|    iterations           | 466         |
|    time_elapsed         | 5940        |
|    total_timesteps      | 3817472     |
| train/                  |             |
|    approx_kl            | 0.017486852 |
|    clip_fraction        | 0.0833      |
|    clip_range           | 0.2         |
|    entropy_loss         | -0.831      |
|    explained_variance   | 0.225       |
|    learning_rate        | 7e-05       |
|    loss                 | 0.179       |
|    n_updates            | 1860        |
|    policy_gradient_loss | -0.0115     |
|    value_loss           | 0.289       |
-----------------------------------------
-----------------------------------------
| episode/                |             |
|    lines_cleared_mean   | 4.18        |
|    perfect_clears_mean  | 0           |
|    pieces_placed_mean   | 22.5        |
| rollout/                |             |
|    ep_len_mean          | 24.9        |
|    ep_rew_mean          | 28.9        |
| time/                   |             |
|    fps                  | 642         |
|    iterations           | 467         |
|    time_elapsed         | 5953        |
|    total_timesteps      | 3825664     |
| train/                  |             |
|    approx_kl            | 0.015323065 |
|    clip_fraction        | 0.0907      |
|    clip_range           | 0.2         |
|    entropy_loss         | -0.813      |
|    explained_variance   | 0.236       |
|    learning_rate        | 7e-05       |
|    loss                 | 0.184       |
|    n_updates            | 1864        |
|    policy_gradient_loss | -0.0116     |
|    value_loss           | 0.3         |
-----------------------------------------
-----------------------------------------
| episode/                |             |
|    lines_cleared_mean   | 5           |
|    perfect_clears_mean  | 0           |
|    pieces_placed_mean   | 23.1        |
| rollout/                |             |
|    ep_len_mean          | 27.2        |
|    ep_rew_mean          | 34.5        |
| time/                   |             |
|    fps                  | 642         |
|    iterations           | 468         |
|    time_elapsed         | 5966        |
|    total_timesteps      | 3833856     |
| train/                  |             |
|    approx_kl            | 0.018528596 |
|    clip_fraction        | 0.0846      |
|    clip_range           | 0.2         |
|    entropy_loss         | -0.851      |
|    explained_variance   | 0.273       |
|    learning_rate        | 7e-05       |
|    loss                 | 0.183       |
|    n_updates            | 1868        |
|    policy_gradient_loss | -0.0132     |
|    value_loss           | 0.293       |
-----------------------------------------
----------------------------------------
| episode/                |            |
|    lines_cleared_mean   | 6.9        |
|    perfect_clears_mean  | 0          |
|    pieces_placed_mean   | 29.6       |
| rollout/                |            |
|    ep_len_mean          | 29.4       |
|    ep_rew_mean          | 39         |
| time/                   |            |
|    fps                  | 642        |
|    iterations           | 469        |
|    time_elapsed         | 5978       |
|    total_timesteps      | 3842048    |
| train/                  |            |
|    approx_kl            | 0.01621359 |
|    clip_fraction        | 0.0783     |
|    clip_range           | 0.2        |
|    entropy_loss         | -0.817     |
|    explained_variance   | 0.258      |
|    learning_rate        | 7e-05      |
|    loss                 | 0.2        |
|    n_updates            | 1872       |
|    policy_gradient_loss | -0.013     |
|    value_loss           | 0.323      |
----------------------------------------
-----------------------------------------
| episode/                |             |
|    lines_cleared_mean   | 4.4         |
|    perfect_clears_mean  | 0           |
|    pieces_placed_mean   | 24.5        |
| rollout/                |             |
|    ep_len_mean          | 25.4        |
|    ep_rew_mean          | 30.4        |
| time/                   |             |
|    fps                  | 642         |
|    iterations           | 470         |
|    time_elapsed         | 5991        |
|    total_timesteps      | 3850240     |
| train/                  |             |
|    approx_kl            | 0.016626252 |
|    clip_fraction        | 0.0847      |
|    clip_range           | 0.2         |
|    entropy_loss         | -0.792      |
|    explained_variance   | 0.251       |
|    learning_rate        | 7e-05       |
|    loss                 | 0.196       |
|    n_updates            | 1876        |
|    policy_gradient_loss | -0.0111     |
|    value_loss           | 0.328       |
-----------------------------------------
-----------------------------------------
| episode/                |             |
|    lines_cleared_mean   | 7.55        |
|    perfect_clears_mean  | 0           |
|    pieces_placed_mean   | 30.9        |
| rollout/                |             |
|    ep_len_mean          | 26.3        |
|    ep_rew_mean          | 32.1        |
| time/                   |             |
|    fps                  | 642         |
|    iterations           | 471         |
|    time_elapsed         | 6004        |
|    total_timesteps      | 3858432     |
| train/                  |             |
|    approx_kl            | 0.015373932 |
|    clip_fraction        | 0.0845      |
|    clip_range           | 0.2         |
|    entropy_loss         | -0.845      |
|    explained_variance   | 0.264       |
|    learning_rate        | 7e-05       |
|    loss                 | 0.168       |
|    n_updates            | 1880        |
|    policy_gradient_loss | -0.0125     |
|    value_loss           | 0.289       |
-----------------------------------------
-----------------------------------------
| episode/                |             |
|    lines_cleared_mean   | 3.3         |
|    perfect_clears_mean  | 0           |
|    pieces_placed_mean   | 19.7        |
| rollout/                |             |
|    ep_len_mean          | 24.1        |
|    ep_rew_mean          | 27.5        |
| time/                   |             |
|    fps                  | 642         |
|    iterations           | 472         |
|    time_elapsed         | 6017        |
|    total_timesteps      | 3866624     |
| train/                  |             |
|    approx_kl            | 0.015255386 |
|    clip_fraction        | 0.0881      |
|    clip_range           | 0.2         |
|    entropy_loss         | -0.822      |
|    explained_variance   | 0.24        |
|    learning_rate        | 7e-05       |
|    loss                 | 0.182       |
|    n_updates            | 1884        |
|    policy_gradient_loss | -0.0114     |
|    value_loss           | 0.291       |
-----------------------------------------
-----------------------------------------
| episode/                |             |
|    lines_cleared_mean   | 6.1         |
|    perfect_clears_mean  | 0           |
|    pieces_placed_mean   | 26.7        |
| rollout/                |             |
|    ep_len_mean          | 24.7        |
|    ep_rew_mean          | 29.2        |
| time/                   |             |
|    fps                  | 642         |
|    iterations           | 473         |
|    time_elapsed         | 6030        |
|    total_timesteps      | 3874816     |
| train/                  |             |
|    approx_kl            | 0.018563733 |
|    clip_fraction        | 0.0821      |
|    clip_range           | 0.2         |
|    entropy_loss         | -0.83       |
|    explained_variance   | 0.168       |
|    learning_rate        | 7e-05       |
|    loss                 | 0.235       |
|    n_updates            | 1888        |
|    policy_gradient_loss | -0.0113     |
|    value_loss           | 0.326       |
-----------------------------------------
-----------------------------------------
| episode/                |             |
|    lines_cleared_mean   | 8.3         |
|    perfect_clears_mean  | 0           |
|    pieces_placed_mean   | 32.2        |
| rollout/                |             |
|    ep_len_mean          | 26.6        |
|    ep_rew_mean          | 33.3        |
| time/                   |             |
|    fps                  | 642         |
|    iterations           | 474         |
|    time_elapsed         | 6042        |
|    total_timesteps      | 3883008     |
| train/                  |             |
|    approx_kl            | 0.019880787 |
|    clip_fraction        | 0.0932      |
|    clip_range           | 0.2         |
|    entropy_loss         | -0.884      |
|    explained_variance   | 0.226       |
|    learning_rate        | 7e-05       |
|    loss                 | 0.203       |
|    n_updates            | 1892        |
|    policy_gradient_loss | -0.0113     |
|    value_loss           | 0.329       |
-----------------------------------------
-----------------------------------------
| episode/                |             |
|    lines_cleared_mean   | 4.8         |
|    perfect_clears_mean  | 0           |
|    pieces_placed_mean   | 23.8        |
| rollout/                |             |
|    ep_len_mean          | 26.9        |
|    ep_rew_mean          | 34          |
| time/                   |             |
|    fps                  | 642         |
|    iterations           | 475         |
|    time_elapsed         | 6055        |
|    total_timesteps      | 3891200     |
| train/                  |             |
|    approx_kl            | 0.017382326 |
|    clip_fraction        | 0.0916      |
|    clip_range           | 0.2         |
|    entropy_loss         | -0.895      |
|    explained_variance   | 0.21        |
|    learning_rate        | 7e-05       |
|    loss                 | 0.185       |
|    n_updates            | 1896        |
|    policy_gradient_loss | -0.0116     |
|    value_loss           | 0.311       |
-----------------------------------------
-----------------------------------------
| episode/                |             |
|    lines_cleared_mean   | 7.09        |
|    perfect_clears_mean  | 0           |
|    pieces_placed_mean   | 30.4        |
| rollout/                |             |
|    ep_len_mean          | 25.1        |
|    ep_rew_mean          | 29.6        |
| time/                   |             |
|    fps                  | 642         |
|    iterations           | 476         |
|    time_elapsed         | 6068        |
|    total_timesteps      | 3899392     |
| train/                  |             |
|    approx_kl            | 0.019969262 |
|    clip_fraction        | 0.0909      |
|    clip_range           | 0.2         |
|    entropy_loss         | -0.858      |
|    explained_variance   | 0.185       |
|    learning_rate        | 7e-05       |
|    loss                 | 0.185       |
|    n_updates            | 1900        |
|    policy_gradient_loss | -0.0123     |
|    value_loss           | 0.321       |
-----------------------------------------
----------------------------------------
| episode/                |            |
|    lines_cleared_mean   | 5.08       |
|    perfect_clears_mean  | 0          |
|    pieces_placed_mean   | 25         |
| rollout/                |            |
|    ep_len_mean          | 26         |
|    ep_rew_mean          | 31.5       |
| time/                   |            |
|    fps                  | 642        |
|    iterations           | 477        |
|    time_elapsed         | 6081       |
|    total_timesteps      | 3907584    |
| train/                  |            |
|    approx_kl            | 0.01975245 |
|    clip_fraction        | 0.098      |
|    clip_range           | 0.2        |
|    entropy_loss         | -0.878     |
|    explained_variance   | 0.207      |
|    learning_rate        | 7e-05      |
|    loss                 | 0.172      |
|    n_updates            | 1904       |
|    policy_gradient_loss | -0.0124    |
|    value_loss           | 0.328      |
----------------------------------------
-----------------------------------------
| episode/                |             |
|    lines_cleared_mean   | 4.1         |
|    perfect_clears_mean  | 0           |
|    pieces_placed_mean   | 21.9        |
| rollout/                |             |
|    ep_len_mean          | 25.4        |
|    ep_rew_mean          | 30.1        |
| time/                   |             |
|    fps                  | 642         |
|    iterations           | 478         |
|    time_elapsed         | 6093        |
|    total_timesteps      | 3915776     |
| train/                  |             |
|    approx_kl            | 0.019842064 |
|    clip_fraction        | 0.0992      |
|    clip_range           | 0.2         |
|    entropy_loss         | -0.894      |
|    explained_variance   | 0.253       |
|    learning_rate        | 7e-05       |
|    loss                 | 0.16        |
|    n_updates            | 1908        |
|    policy_gradient_loss | -0.0142     |
|    value_loss           | 0.299       |
-----------------------------------------
-----------------------------------------
| episode/                |             |
|    lines_cleared_mean   | 5.82        |
|    perfect_clears_mean  | 0           |
|    pieces_placed_mean   | 25.9        |
| rollout/                |             |
|    ep_len_mean          | 24.9        |
|    ep_rew_mean          | 29.8        |
| time/                   |             |
|    fps                  | 642         |
|    iterations           | 479         |
|    time_elapsed         | 6106        |
|    total_timesteps      | 3923968     |
| train/                  |             |
|    approx_kl            | 0.019316077 |
|    clip_fraction        | 0.0915      |
|    clip_range           | 0.2         |
|    entropy_loss         | -0.873      |
|    explained_variance   | 0.205       |
|    learning_rate        | 7e-05       |
|    loss                 | 0.187       |
|    n_updates            | 1912        |
|    policy_gradient_loss | -0.0107     |
|    value_loss           | 0.321       |
-----------------------------------------
-----------------------------------------
| episode/                |             |
|    lines_cleared_mean   | 2.5         |
|    perfect_clears_mean  | 0           |
|    pieces_placed_mean   | 18          |
| rollout/                |             |
|    ep_len_mean          | 23.3        |
|    ep_rew_mean          | 25.6        |
| time/                   |             |
|    fps                  | 642         |
|    iterations           | 480         |
|    time_elapsed         | 6119        |
|    total_timesteps      | 3932160     |
| train/                  |             |
|    approx_kl            | 0.021099158 |
|    clip_fraction        | 0.0995      |
|    clip_range           | 0.2         |
|    entropy_loss         | -0.848      |
|    explained_variance   | 0.268       |
|    learning_rate        | 7e-05       |
|    loss                 | 0.184       |
|    n_updates            | 1916        |
|    policy_gradient_loss | -0.0123     |
|    value_loss           | 0.285       |
-----------------------------------------
-----------------------------------------
| episode/                |             |
|    lines_cleared_mean   | 4.6         |
|    perfect_clears_mean  | 0           |
|    pieces_placed_mean   | 23.3        |
| rollout/                |             |
|    ep_len_mean          | 26          |
|    ep_rew_mean          | 31.3        |
| time/                   |             |
|    fps                  | 642         |
|    iterations           | 481         |
|    time_elapsed         | 6132        |
|    total_timesteps      | 3940352     |
| train/                  |             |
|    approx_kl            | 0.017654588 |
|    clip_fraction        | 0.0892      |
|    clip_range           | 0.2         |
|    entropy_loss         | -0.849      |
|    explained_variance   | 0.273       |
|    learning_rate        | 7e-05       |
|    loss                 | 0.207       |
|    n_updates            | 1920        |
|    policy_gradient_loss | -0.0142     |
|    value_loss           | 0.264       |
-----------------------------------------
-----------------------------------------
| episode/                |             |
|    lines_cleared_mean   | 6.4         |
|    perfect_clears_mean  | 0           |
|    pieces_placed_mean   | 27.9        |
| rollout/                |             |
|    ep_len_mean          | 23.8        |
|    ep_rew_mean          | 26.3        |
| time/                   |             |
|    fps                  | 642         |
|    iterations           | 482         |
|    time_elapsed         | 6145        |
|    total_timesteps      | 3948544     |
| train/                  |             |
|    approx_kl            | 0.023794204 |
|    clip_fraction        | 0.0998      |
|    clip_range           | 0.2         |
|    entropy_loss         | -0.866      |
|    explained_variance   | 0.234       |
|    learning_rate        | 7e-05       |
|    loss                 | 0.196       |
|    n_updates            | 1924        |
|    policy_gradient_loss | -0.0127     |
|    value_loss           | 0.292       |
-----------------------------------------
-----------------------------------------
| episode/                |             |
|    lines_cleared_mean   | 8.3         |
|    perfect_clears_mean  | 0           |
|    pieces_placed_mean   | 33.4        |
| rollout/                |             |
|    ep_len_mean          | 26.1        |
|    ep_rew_mean          | 31.4        |
| time/                   |             |
|    fps                  | 642         |
|    iterations           | 483         |
|    time_elapsed         | 6157        |
|    total_timesteps      | 3956736     |
| train/                  |             |
|    approx_kl            | 0.022355376 |
|    clip_fraction        | 0.1         |
|    clip_range           | 0.2         |
|    entropy_loss         | -0.903      |
|    explained_variance   | 0.187       |
|    learning_rate        | 7e-05       |
|    loss                 | 0.173       |
|    n_updates            | 1928        |
|    policy_gradient_loss | -0.0116     |
|    value_loss           | 0.293       |
-----------------------------------------
-----------------------------------------
| episode/                |             |
|    lines_cleared_mean   | 4.75        |
|    perfect_clears_mean  | 0           |
|    pieces_placed_mean   | 23.6        |
| rollout/                |             |
|    ep_len_mean          | 24.4        |
|    ep_rew_mean          | 28.4        |
| time/                   |             |
|    fps                  | 642         |
|    iterations           | 484         |
|    time_elapsed         | 6170        |
|    total_timesteps      | 3964928     |
| train/                  |             |
|    approx_kl            | 0.023394901 |
|    clip_fraction        | 0.0921      |
|    clip_range           | 0.2         |
|    entropy_loss         | -0.852      |
|    explained_variance   | 0.219       |
|    learning_rate        | 7e-05       |
|    loss                 | 0.154       |
|    n_updates            | 1932        |
|    policy_gradient_loss | -0.0121     |
|    value_loss           | 0.278       |
-----------------------------------------
-----------------------------------------
| episode/                |             |
|    lines_cleared_mean   | 4.8         |
|    perfect_clears_mean  | 0           |
|    pieces_placed_mean   | 23.4        |
| rollout/                |             |
|    ep_len_mean          | 25.4        |
|    ep_rew_mean          | 30.6        |
| time/                   |             |
|    fps                  | 642         |
|    iterations           | 485         |
|    time_elapsed         | 6183        |
|    total_timesteps      | 3973120     |
| train/                  |             |
|    approx_kl            | 0.023332812 |
|    clip_fraction        | 0.0932      |
|    clip_range           | 0.2         |
|    entropy_loss         | -0.832      |
|    explained_variance   | 0.18        |
|    learning_rate        | 7e-05       |
|    loss                 | 0.185       |
|    n_updates            | 1936        |
|    policy_gradient_loss | -0.0107     |
|    value_loss           | 0.305       |
-----------------------------------------
-----------------------------------------
| episode/                |             |
|    lines_cleared_mean   | 5.91        |
|    perfect_clears_mean  | 0           |
|    pieces_placed_mean   | 27.4        |
| rollout/                |             |
|    ep_len_mean          | 26.5        |
|    ep_rew_mean          | 32.8        |
| time/                   |             |
|    fps                  | 642         |
|    iterations           | 486         |
|    time_elapsed         | 6196        |
|    total_timesteps      | 3981312     |
| train/                  |             |
|    approx_kl            | 0.025264956 |
|    clip_fraction        | 0.0959      |
|    clip_range           | 0.2         |
|    entropy_loss         | -0.849      |
|    explained_variance   | 0.197       |
|    learning_rate        | 7e-05       |
|    loss                 | 0.213       |
|    n_updates            | 1940        |
|    policy_gradient_loss | -0.0113     |
|    value_loss           | 0.3         |
-----------------------------------------
----------------------------------------
| episode/                |            |
|    lines_cleared_mean   | 6.82       |
|    perfect_clears_mean  | 0          |
|    pieces_placed_mean   | 28.5       |
| rollout/                |            |
|    ep_len_mean          | 24.3       |
|    ep_rew_mean          | 27.9       |
| time/                   |            |
|    fps                  | 642        |
|    iterations           | 487        |
|    time_elapsed         | 6208       |
|    total_timesteps      | 3989504    |
| train/                  |            |
|    approx_kl            | 0.01872384 |
|    clip_fraction        | 0.0933     |
|    clip_range           | 0.2        |
|    entropy_loss         | -0.827     |
|    explained_variance   | 0.141      |
|    learning_rate        | 7e-05      |
|    loss                 | 0.21       |
|    n_updates            | 1944       |
|    policy_gradient_loss | -0.012     |
|    value_loss           | 0.318      |
----------------------------------------
-----------------------------------------
| episode/                |             |
|    lines_cleared_mean   | 4.8         |
|    perfect_clears_mean  | 0           |
|    pieces_placed_mean   | 23.8        |
| rollout/                |             |
|    ep_len_mean          | 23          |
|    ep_rew_mean          | 24.8        |
| time/                   |             |
|    fps                  | 642         |
|    iterations           | 488         |
|    time_elapsed         | 6221        |
|    total_timesteps      | 3997696     |
| train/                  |             |
|    approx_kl            | 0.020008389 |
|    clip_fraction        | 0.0879      |
|    clip_range           | 0.2         |
|    entropy_loss         | -0.872      |
|    explained_variance   | 0.165       |
|    learning_rate        | 7e-05       |
|    loss                 | 0.182       |
|    n_updates            | 1948        |
|    policy_gradient_loss | -0.0124     |
|    value_loss           | 0.294       |
-----------------------------------------
----------------------------------------
| episode/                |            |
|    lines_cleared_mean   | 5.15       |
|    perfect_clears_mean  | 0          |
|    pieces_placed_mean   | 24.7       |
| rollout/                |            |
|    ep_len_mean          | 24.7       |
|    ep_rew_mean          | 28.8       |
| time/                   |            |
|    fps                  | 642        |
|    iterations           | 489        |
|    time_elapsed         | 6234       |
|    total_timesteps      | 4005888    |
| train/                  |            |
|    approx_kl            | 0.02156303 |
|    clip_fraction        | 0.107      |
|    clip_range           | 0.2        |
|    entropy_loss         | -0.89      |
|    explained_variance   | 0.194      |
|    learning_rate        | 7e-05      |
|    loss                 | 0.167      |
|    n_updates            | 1952       |
|    policy_gradient_loss | -0.0141    |
|    value_loss           | 0.274      |
----------------------------------------
-----------------------------------------
| episode/                |             |
|    lines_cleared_mean   | 3.6         |
|    perfect_clears_mean  | 0           |
|    pieces_placed_mean   | 19.8        |
| rollout/                |             |
|    ep_len_mean          | 23.8        |
|    ep_rew_mean          | 27.4        |
| time/                   |             |
|    fps                  | 642         |
|    iterations           | 490         |
|    time_elapsed         | 6247        |
|    total_timesteps      | 4014080     |
| train/                  |             |
|    approx_kl            | 0.024070907 |
|    clip_fraction        | 0.106       |
|    clip_range           | 0.2         |
|    entropy_loss         | -0.888      |
|    explained_variance   | 0.251       |
|    learning_rate        | 7e-05       |
|    loss                 | 0.165       |
|    n_updates            | 1956        |
|    policy_gradient_loss | -0.013      |
|    value_loss           | 0.272       |
-----------------------------------------
---------------------------------------
| episode/                |           |
|    lines_cleared_mean   | 5.3       |
|    perfect_clears_mean  | 0         |
|    pieces_placed_mean   | 23.9      |
| rollout/                |           |
|    ep_len_mean          | 23.9      |
|    ep_rew_mean          | 27.2      |
| time/                   |           |
|    fps                  | 642       |
|    iterations           | 491       |
|    time_elapsed         | 6260      |
|    total_timesteps      | 4022272   |
| train/                  |           |
|    approx_kl            | 0.0228036 |
|    clip_fraction        | 0.109     |
|    clip_range           | 0.2       |
|    entropy_loss         | -0.873    |
|    explained_variance   | 0.286     |
|    learning_rate        | 7e-05     |
|    loss                 | 0.149     |
|    n_updates            | 1960      |
|    policy_gradient_loss | -0.0139   |
|    value_loss           | 0.28      |
---------------------------------------
-----------------------------------------
| episode/                |             |
|    lines_cleared_mean   | 5.7         |
|    perfect_clears_mean  | 0           |
|    pieces_placed_mean   | 27.2        |
| rollout/                |             |
|    ep_len_mean          | 24.2        |
|    ep_rew_mean          | 27.7        |
| time/                   |             |
|    fps                  | 642         |
|    iterations           | 492         |
|    time_elapsed         | 6272        |
|    total_timesteps      | 4030464     |
| train/                  |             |
|    approx_kl            | 0.019866694 |
|    clip_fraction        | 0.109       |
|    clip_range           | 0.2         |
|    entropy_loss         | -0.871      |
|    explained_variance   | 0.216       |
|    learning_rate        | 7e-05       |
|    loss                 | 0.212       |
|    n_updates            | 1964        |
|    policy_gradient_loss | -0.0125     |
|    value_loss           | 0.292       |
-----------------------------------------
-----------------------------------------
| episode/                |             |
|    lines_cleared_mean   | 4.5         |
|    perfect_clears_mean  | 0           |
|    pieces_placed_mean   | 24          |
| rollout/                |             |
|    ep_len_mean          | 23          |
|    ep_rew_mean          | 24.7        |
| time/                   |             |
|    fps                  | 642         |
|    iterations           | 493         |
|    time_elapsed         | 6285        |
|    total_timesteps      | 4038656     |
| train/                  |             |
|    approx_kl            | 0.022756685 |
|    clip_fraction        | 0.105       |
|    clip_range           | 0.2         |
|    entropy_loss         | -0.933      |
|    explained_variance   | 0.184       |
|    learning_rate        | 7e-05       |
|    loss                 | 0.188       |
|    n_updates            | 1968        |
|    policy_gradient_loss | -0.0129     |
|    value_loss           | 0.3         |
-----------------------------------------
-----------------------------------------
| episode/                |             |
|    lines_cleared_mean   | 4.9         |
|    perfect_clears_mean  | 0           |
|    pieces_placed_mean   | 23          |
| rollout/                |             |
|    ep_len_mean          | 23.2        |
|    ep_rew_mean          | 25.8        |
| time/                   |             |
|    fps                  | 642         |
|    iterations           | 494         |
|    time_elapsed         | 6298        |
|    total_timesteps      | 4046848     |
| train/                  |             |
|    approx_kl            | 0.019803695 |
|    clip_fraction        | 0.1         |
|    clip_range           | 0.2         |
|    entropy_loss         | -0.89       |
|    explained_variance   | 0.205       |
|    learning_rate        | 7e-05       |
|    loss                 | 0.197       |
|    n_updates            | 1972        |
|    policy_gradient_loss | -0.0128     |
|    value_loss           | 0.288       |
-----------------------------------------
----------------------------------------
| episode/                |            |
|    lines_cleared_mean   | 4.6        |
|    perfect_clears_mean  | 0          |
|    pieces_placed_mean   | 22         |
| rollout/                |            |
|    ep_len_mean          | 23.9       |
|    ep_rew_mean          | 27.1       |
| time/                   |            |
|    fps                  | 642        |
|    iterations           | 495        |
|    time_elapsed         | 6310       |
|    total_timesteps      | 4055040    |
| train/                  |            |
|    approx_kl            | 0.02515464 |
|    clip_fraction        | 0.102      |
|    clip_range           | 0.2        |
|    entropy_loss         | -0.866     |
|    explained_variance   | 0.152      |
|    learning_rate        | 7e-05      |
|    loss                 | 0.187      |
|    n_updates            | 1976       |
|    policy_gradient_loss | -0.0121    |
|    value_loss           | 0.315      |
----------------------------------------
----------------------------------------
| episode/                |            |
|    lines_cleared_mean   | 6.1        |
|    perfect_clears_mean  | 0          |
|    pieces_placed_mean   | 27.2       |
| rollout/                |            |
|    ep_len_mean          | 24.6       |
|    ep_rew_mean          | 28.6       |
| time/                   |            |
|    fps                  | 642        |
|    iterations           | 496        |
|    time_elapsed         | 6323       |
|    total_timesteps      | 4063232    |
| train/                  |            |
|    approx_kl            | 0.02047559 |
|    clip_fraction        | 0.11       |
|    clip_range           | 0.2        |
|    entropy_loss         | -0.845     |
|    explained_variance   | 0.183      |
|    learning_rate        | 7e-05      |
|    loss                 | 0.181      |
|    n_updates            | 1980       |
|    policy_gradient_loss | -0.0114    |
|    value_loss           | 0.305      |
----------------------------------------
-----------------------------------------
| episode/                |             |
|    lines_cleared_mean   | 4.1         |
|    perfect_clears_mean  | 0           |
|    pieces_placed_mean   | 21.9        |
| rollout/                |             |
|    ep_len_mean          | 23.9        |
|    ep_rew_mean          | 26.7        |
| time/                   |             |
|    fps                  | 642         |
|    iterations           | 497         |
|    time_elapsed         | 6336        |
|    total_timesteps      | 4071424     |
| train/                  |             |
|    approx_kl            | 0.025408734 |
|    clip_fraction        | 0.0951      |
|    clip_range           | 0.2         |
|    entropy_loss         | -0.849      |
|    explained_variance   | 0.241       |
|    learning_rate        | 7e-05       |
|    loss                 | 0.167       |
|    n_updates            | 1984        |
|    policy_gradient_loss | -0.0141     |
|    value_loss           | 0.279       |
-----------------------------------------
-----------------------------------------
| episode/                |             |
|    lines_cleared_mean   | 4.1         |
|    perfect_clears_mean  | 0           |
|    pieces_placed_mean   | 22.4        |
| rollout/                |             |
|    ep_len_mean          | 26.3        |
|    ep_rew_mean          | 32.6        |
| time/                   |             |
|    fps                  | 642         |
|    iterations           | 498         |
|    time_elapsed         | 6349        |
|    total_timesteps      | 4079616     |
| train/                  |             |
|    approx_kl            | 0.025731988 |
|    clip_fraction        | 0.0969      |
|    clip_range           | 0.2         |
|    entropy_loss         | -0.839      |
|    explained_variance   | 0.21        |
|    learning_rate        | 7e-05       |
|    loss                 | 0.183       |
|    n_updates            | 1988        |
|    policy_gradient_loss | -0.0129     |
|    value_loss           | 0.302       |
-----------------------------------------
-----------------------------------------
| episode/                |             |
|    lines_cleared_mean   | 3.2         |
|    perfect_clears_mean  | 0           |
|    pieces_placed_mean   | 20.3        |
| rollout/                |             |
|    ep_len_mean          | 23.7        |
|    ep_rew_mean          | 26          |
| time/                   |             |
|    fps                  | 642         |
|    iterations           | 499         |
|    time_elapsed         | 6362        |
|    total_timesteps      | 4087808     |
| train/                  |             |
|    approx_kl            | 0.022734687 |
|    clip_fraction        | 0.103       |
|    clip_range           | 0.2         |
|    entropy_loss         | -0.845      |
|    explained_variance   | 0.147       |
|    learning_rate        | 7e-05       |
|    loss                 | 0.202       |
|    n_updates            | 1992        |
|    policy_gradient_loss | -0.012      |
|    value_loss           | 0.325       |
-----------------------------------------
-----------------------------------------
| episode/                |             |
|    lines_cleared_mean   | 6.36        |
|    perfect_clears_mean  | 0           |
|    pieces_placed_mean   | 27.8        |
| rollout/                |             |
|    ep_len_mean          | 25.9        |
|    ep_rew_mean          | 31.4        |
| time/                   |             |
|    fps                  | 642         |
|    iterations           | 500         |
|    time_elapsed         | 6374        |
|    total_timesteps      | 4096000     |
| train/                  |             |
|    approx_kl            | 0.023851447 |
|    clip_fraction        | 0.108       |
|    clip_range           | 0.2         |
|    entropy_loss         | -0.852      |
|    explained_variance   | 0.227       |
|    learning_rate        | 7e-05       |
|    loss                 | 0.186       |
|    n_updates            | 1996        |
|    policy_gradient_loss | -0.0122     |
|    value_loss           | 0.283       |
-----------------------------------------
-----------------------------------------
| episode/                |             |
|    lines_cleared_mean   | 5.45        |
|    perfect_clears_mean  | 0           |
|    pieces_placed_mean   | 25.6        |
| rollout/                |             |
|    ep_len_mean          | 23.9        |
|    ep_rew_mean          | 26.8        |
| time/                   |             |
|    fps                  | 642         |
|    iterations           | 501         |
|    time_elapsed         | 6387        |
|    total_timesteps      | 4104192     |
| train/                  |             |
|    approx_kl            | 0.025762767 |
|    clip_fraction        | 0.103       |
|    clip_range           | 0.2         |
|    entropy_loss         | -0.823      |
|    explained_variance   | 0.212       |
|    learning_rate        | 7e-05       |
|    loss                 | 0.186       |
|    n_updates            | 2000        |
|    policy_gradient_loss | -0.0118     |
|    value_loss           | 0.299       |
-----------------------------------------
-----------------------------------------
| episode/                |             |
|    lines_cleared_mean   | 6.4         |
|    perfect_clears_mean  | 0           |
|    pieces_placed_mean   | 27.2        |
| rollout/                |             |
|    ep_len_mean          | 24.6        |
|    ep_rew_mean          | 29.5        |
| time/                   |             |
|    fps                  | 642         |
|    iterations           | 502         |
|    time_elapsed         | 6400        |
|    total_timesteps      | 4112384     |
| train/                  |             |
|    approx_kl            | 0.022855626 |
|    clip_fraction        | 0.105       |
|    clip_range           | 0.2         |
|    entropy_loss         | -0.852      |
|    explained_variance   | 0.261       |
|    learning_rate        | 7e-05       |
|    loss                 | 0.197       |
|    n_updates            | 2004        |
|    policy_gradient_loss | -0.0137     |
|    value_loss           | 0.284       |
-----------------------------------------
-----------------------------------------
| episode/                |             |
|    lines_cleared_mean   | 6.7         |
|    perfect_clears_mean  | 0           |
|    pieces_placed_mean   | 29.7        |
| rollout/                |             |
|    ep_len_mean          | 25.4        |
|    ep_rew_mean          | 30.5        |
| time/                   |             |
|    fps                  | 642         |
|    iterations           | 503         |
|    time_elapsed         | 6413        |
|    total_timesteps      | 4120576     |
| train/                  |             |
|    approx_kl            | 0.021104082 |
|    clip_fraction        | 0.0998      |
|    clip_range           | 0.2         |
|    entropy_loss         | -0.826      |
|    explained_variance   | 0.164       |
|    learning_rate        | 7e-05       |
|    loss                 | 0.249       |
|    n_updates            | 2008        |
|    policy_gradient_loss | -0.012      |
|    value_loss           | 0.316       |
-----------------------------------------
---------------------------------------
| episode/                |           |
|    lines_cleared_mean   | 7.23      |
|    perfect_clears_mean  | 0         |
|    pieces_placed_mean   | 30.2      |
| rollout/                |           |
|    ep_len_mean          | 24.7      |
|    ep_rew_mean          | 28.5      |
| time/                   |           |
|    fps                  | 642       |
|    iterations           | 504       |
|    time_elapsed         | 6425      |
|    total_timesteps      | 4128768   |
| train/                  |           |
|    approx_kl            | 0.0222168 |
|    clip_fraction        | 0.102     |
|    clip_range           | 0.2       |
|    entropy_loss         | -0.795    |
|    explained_variance   | 0.217     |
|    learning_rate        | 7e-05     |
|    loss                 | 0.219     |
|    n_updates            | 2012      |
|    policy_gradient_loss | -0.00909  |
|    value_loss           | 0.33      |
---------------------------------------
-----------------------------------------
| episode/                |             |
|    lines_cleared_mean   | 6.5         |
|    perfect_clears_mean  | 0           |
|    pieces_placed_mean   | 27.8        |
| rollout/                |             |
|    ep_len_mean          | 25.3        |
|    ep_rew_mean          | 30          |
| time/                   |             |
|    fps                  | 642         |
|    iterations           | 505         |
|    time_elapsed         | 6438        |
|    total_timesteps      | 4136960     |
| train/                  |             |
|    approx_kl            | 0.020672485 |
|    clip_fraction        | 0.101       |
|    clip_range           | 0.2         |
|    entropy_loss         | -0.809      |
|    explained_variance   | 0.21        |
|    learning_rate        | 7e-05       |
|    loss                 | 0.208       |
|    n_updates            | 2016        |
|    policy_gradient_loss | -0.013      |
|    value_loss           | 0.304       |
-----------------------------------------
-----------------------------------------
| episode/                |             |
|    lines_cleared_mean   | 6.73        |
|    perfect_clears_mean  | 0           |
|    pieces_placed_mean   | 29.1        |
| rollout/                |             |
|    ep_len_mean          | 23.6        |
|    ep_rew_mean          | 25.7        |
| time/                   |             |
|    fps                  | 642         |
|    iterations           | 506         |
|    time_elapsed         | 6451        |
|    total_timesteps      | 4145152     |
| train/                  |             |
|    approx_kl            | 0.023555169 |
|    clip_fraction        | 0.0996      |
|    clip_range           | 0.2         |
|    entropy_loss         | -0.79       |
|    explained_variance   | 0.221       |
|    learning_rate        | 7e-05       |
|    loss                 | 0.186       |
|    n_updates            | 2020        |
|    policy_gradient_loss | -0.0117     |
|    value_loss           | 0.308       |
-----------------------------------------
-----------------------------------------
| episode/                |             |
|    lines_cleared_mean   | 6.8         |
|    perfect_clears_mean  | 0           |
|    pieces_placed_mean   | 28.8        |
| rollout/                |             |
|    ep_len_mean          | 24.7        |
|    ep_rew_mean          | 29          |
| time/                   |             |
|    fps                  | 642         |
|    iterations           | 507         |
|    time_elapsed         | 6464        |
|    total_timesteps      | 4153344     |
| train/                  |             |
|    approx_kl            | 0.024121456 |
|    clip_fraction        | 0.101       |
|    clip_range           | 0.2         |
|    entropy_loss         | -0.785      |
|    explained_variance   | 0.211       |
|    learning_rate        | 7e-05       |
|    loss                 | 0.186       |
|    n_updates            | 2024        |
|    policy_gradient_loss | -0.0122     |
|    value_loss           | 0.287       |
-----------------------------------------
-----------------------------------------
| episode/                |             |
|    lines_cleared_mean   | 3.7         |
|    perfect_clears_mean  | 0           |
|    pieces_placed_mean   | 21.1        |
| rollout/                |             |
|    ep_len_mean          | 24.2        |
|    ep_rew_mean          | 27.9        |
| time/                   |             |
|    fps                  | 642         |
|    iterations           | 508         |
|    time_elapsed         | 6476        |
|    total_timesteps      | 4161536     |
| train/                  |             |
|    approx_kl            | 0.030084973 |
|    clip_fraction        | 0.115       |
|    clip_range           | 0.2         |
|    entropy_loss         | -0.803      |
|    explained_variance   | 0.145       |
|    learning_rate        | 7e-05       |
|    loss                 | 0.163       |
|    n_updates            | 2028        |
|    policy_gradient_loss | -0.0139     |
|    value_loss           | 0.308       |
-----------------------------------------
-----------------------------------------
| episode/                |             |
|    lines_cleared_mean   | 3.8         |
|    perfect_clears_mean  | 0           |
|    pieces_placed_mean   | 21.7        |
| rollout/                |             |
|    ep_len_mean          | 24.3        |
|    ep_rew_mean          | 27.9        |
| time/                   |             |
|    fps                  | 642         |
|    iterations           | 509         |
|    time_elapsed         | 6489        |
|    total_timesteps      | 4169728     |
| train/                  |             |
|    approx_kl            | 0.021856185 |
|    clip_fraction        | 0.095       |
|    clip_range           | 0.2         |
|    entropy_loss         | -0.806      |
|    explained_variance   | 0.215       |
|    learning_rate        | 7e-05       |
|    loss                 | 0.15        |
|    n_updates            | 2032        |
|    policy_gradient_loss | -0.0115     |
|    value_loss           | 0.272       |
-----------------------------------------
-----------------------------------------
| episode/                |             |
|    lines_cleared_mean   | 5.91        |
|    perfect_clears_mean  | 0           |
|    pieces_placed_mean   | 25.7        |
| rollout/                |             |
|    ep_len_mean          | 23.8        |
|    ep_rew_mean          | 26.8        |
| time/                   |             |
|    fps                  | 642         |
|    iterations           | 510         |
|    time_elapsed         | 6502        |
|    total_timesteps      | 4177920     |
| train/                  |             |
|    approx_kl            | 0.023834905 |
|    clip_fraction        | 0.103       |
|    clip_range           | 0.2         |
|    entropy_loss         | -0.812      |
|    explained_variance   | 0.262       |
|    learning_rate        | 7e-05       |
|    loss                 | 0.217       |
|    n_updates            | 2036        |
|    policy_gradient_loss | -0.0106     |
|    value_loss           | 0.282       |
-----------------------------------------
-----------------------------------------
| episode/                |             |
|    lines_cleared_mean   | 6.58        |
|    perfect_clears_mean  | 0           |
|    pieces_placed_mean   | 28.3        |
| rollout/                |             |
|    ep_len_mean          | 24.9        |
|    ep_rew_mean          | 29.1        |
| time/                   |             |
|    fps                  | 642         |
|    iterations           | 511         |
|    time_elapsed         | 6515        |
|    total_timesteps      | 4186112     |
| train/                  |             |
|    approx_kl            | 0.025339833 |
|    clip_fraction        | 0.103       |
|    clip_range           | 0.2         |
|    entropy_loss         | -0.789      |
|    explained_variance   | 0.233       |
|    learning_rate        | 7e-05       |
|    loss                 | 0.226       |
|    n_updates            | 2040        |
|    policy_gradient_loss | -0.0131     |
|    value_loss           | 0.285       |
-----------------------------------------
-----------------------------------------
| episode/                |             |
|    lines_cleared_mean   | 7.27        |
|    perfect_clears_mean  | 0           |
|    pieces_placed_mean   | 30.1        |
| rollout/                |             |
|    ep_len_mean          | 26.2        |
|    ep_rew_mean          | 32.1        |
| time/                   |             |
|    fps                  | 642         |
|    iterations           | 512         |
|    time_elapsed         | 6527        |
|    total_timesteps      | 4194304     |
| train/                  |             |
|    approx_kl            | 0.025867075 |
|    clip_fraction        | 0.108       |
|    clip_range           | 0.2         |
|    entropy_loss         | -0.801      |
|    explained_variance   | 0.249       |
|    learning_rate        | 7e-05       |
|    loss                 | 0.183       |
|    n_updates            | 2044        |
|    policy_gradient_loss | -0.0132     |
|    value_loss           | 0.277       |
-----------------------------------------
-----------------------------------------
| episode/                |             |
|    lines_cleared_mean   | 4.2         |
|    perfect_clears_mean  | 0           |
|    pieces_placed_mean   | 21.5        |
| rollout/                |             |
|    ep_len_mean          | 23.2        |
|    ep_rew_mean          | 25.3        |
| time/                   |             |
|    fps                  | 642         |
|    iterations           | 513         |
|    time_elapsed         | 6540        |
|    total_timesteps      | 4202496     |
| train/                  |             |
|    approx_kl            | 0.021063522 |
|    clip_fraction        | 0.1         |
|    clip_range           | 0.2         |
|    entropy_loss         | -0.772      |
|    explained_variance   | 0.224       |
|    learning_rate        | 7e-05       |
|    loss                 | 0.17        |
|    n_updates            | 2048        |
|    policy_gradient_loss | -0.0125     |
|    value_loss           | 0.28        |
-----------------------------------------
-----------------------------------------
| episode/                |             |
|    lines_cleared_mean   | 3.8         |
|    perfect_clears_mean  | 0           |
|    pieces_placed_mean   | 22.4        |
| rollout/                |             |
|    ep_len_mean          | 23.3        |
|    ep_rew_mean          | 25          |
| time/                   |             |
|    fps                  | 642         |
|    iterations           | 514         |
|    time_elapsed         | 6553        |
|    total_timesteps      | 4210688     |
| train/                  |             |
|    approx_kl            | 0.022258535 |
|    clip_fraction        | 0.112       |
|    clip_range           | 0.2         |
|    entropy_loss         | -0.831      |
|    explained_variance   | 0.188       |
|    learning_rate        | 7e-05       |
|    loss                 | 0.235       |
|    n_updates            | 2052        |
|    policy_gradient_loss | -0.0144     |
|    value_loss           | 0.299       |
-----------------------------------------
----------------------------------------
| episode/                |            |
|    lines_cleared_mean   | 5.36       |
|    perfect_clears_mean  | 0          |
|    pieces_placed_mean   | 24.7       |
| rollout/                |            |
|    ep_len_mean          | 23.4       |
|    ep_rew_mean          | 26.3       |
| time/                   |            |
|    fps                  | 642        |
|    iterations           | 515        |
|    time_elapsed         | 6565       |
|    total_timesteps      | 4218880    |
| train/                  |            |
|    approx_kl            | 0.02090464 |
|    clip_fraction        | 0.102      |
|    clip_range           | 0.2        |
|    entropy_loss         | -0.822     |
|    explained_variance   | 0.232      |
|    learning_rate        | 7e-05      |
|    loss                 | 0.204      |
|    n_updates            | 2056       |
|    policy_gradient_loss | -0.0114    |
|    value_loss           | 0.294      |
----------------------------------------
-----------------------------------------
| episode/                |             |
|    lines_cleared_mean   | 6.3         |
|    perfect_clears_mean  | 0           |
|    pieces_placed_mean   | 27.1        |
| rollout/                |             |
|    ep_len_mean          | 23.9        |
|    ep_rew_mean          | 27.3        |
| time/                   |             |
|    fps                  | 642         |
|    iterations           | 516         |
|    time_elapsed         | 6578        |
|    total_timesteps      | 4227072     |
| train/                  |             |
|    approx_kl            | 0.019812785 |
|    clip_fraction        | 0.101       |
|    clip_range           | 0.2         |
|    entropy_loss         | -0.813      |
|    explained_variance   | 0.197       |
|    learning_rate        | 7e-05       |
|    loss                 | 0.17        |
|    n_updates            | 2060        |
|    policy_gradient_loss | -0.0121     |
|    value_loss           | 0.28        |
-----------------------------------------
-----------------------------------------
| episode/                |             |
|    lines_cleared_mean   | 5           |
|    perfect_clears_mean  | 0           |
|    pieces_placed_mean   | 25          |
| rollout/                |             |
|    ep_len_mean          | 25.4        |
|    ep_rew_mean          | 29.7        |
| time/                   |             |
|    fps                  | 642         |
|    iterations           | 517         |
|    time_elapsed         | 6591        |
|    total_timesteps      | 4235264     |
| train/                  |             |
|    approx_kl            | 0.027754735 |
|    clip_fraction        | 0.104       |
|    clip_range           | 0.2         |
|    entropy_loss         | -0.816      |
|    explained_variance   | 0.142       |
|    learning_rate        | 7e-05       |
|    loss                 | 0.242       |
|    n_updates            | 2064        |
|    policy_gradient_loss | -0.0131     |
|    value_loss           | 0.332       |
-----------------------------------------
-----------------------------------------
| episode/                |             |
|    lines_cleared_mean   | 6.3         |
|    perfect_clears_mean  | 0           |
|    pieces_placed_mean   | 26.6        |
| rollout/                |             |
|    ep_len_mean          | 23.3        |
|    ep_rew_mean          | 26.3        |
| time/                   |             |
|    fps                  | 642         |
|    iterations           | 518         |
|    time_elapsed         | 6604        |
|    total_timesteps      | 4243456     |
| train/                  |             |
|    approx_kl            | 0.022087343 |
|    clip_fraction        | 0.0972      |
|    clip_range           | 0.2         |
|    entropy_loss         | -0.814      |
|    explained_variance   | 0.219       |
|    learning_rate        | 7e-05       |
|    loss                 | 0.191       |
|    n_updates            | 2068        |
|    policy_gradient_loss | -0.0118     |
|    value_loss           | 0.297       |
-----------------------------------------
-----------------------------------------
| episode/                |             |
|    lines_cleared_mean   | 2.82        |
|    perfect_clears_mean  | 0           |
|    pieces_placed_mean   | 20.3        |
| rollout/                |             |
|    ep_len_mean          | 24.7        |
|    ep_rew_mean          | 28.6        |
| time/                   |             |
|    fps                  | 642         |
|    iterations           | 519         |
|    time_elapsed         | 6616        |
|    total_timesteps      | 4251648     |
| train/                  |             |
|    approx_kl            | 0.022075754 |
|    clip_fraction        | 0.11        |
|    clip_range           | 0.2         |
|    entropy_loss         | -0.761      |
|    explained_variance   | 0.258       |
|    learning_rate        | 7e-05       |
|    loss                 | 0.163       |
|    n_updates            | 2072        |
|    policy_gradient_loss | -0.0102     |
|    value_loss           | 0.297       |
-----------------------------------------
-----------------------------------------
| episode/                |             |
|    lines_cleared_mean   | 5.5         |
|    perfect_clears_mean  | 0           |
|    pieces_placed_mean   | 25.8        |
| rollout/                |             |
|    ep_len_mean          | 24.7        |
|    ep_rew_mean          | 28.7        |
| time/                   |             |
|    fps                  | 642         |
|    iterations           | 520         |
|    time_elapsed         | 6629        |
|    total_timesteps      | 4259840     |
| train/                  |             |
|    approx_kl            | 0.026355878 |
|    clip_fraction        | 0.103       |
|    clip_range           | 0.2         |
|    entropy_loss         | -0.8        |
|    explained_variance   | 0.144       |
|    learning_rate        | 7e-05       |
|    loss                 | 0.226       |
|    n_updates            | 2076        |
|    policy_gradient_loss | -0.0117     |
|    value_loss           | 0.331       |
-----------------------------------------
-----------------------------------------
| episode/                |             |
|    lines_cleared_mean   | 5.4         |
|    perfect_clears_mean  | 0           |
|    pieces_placed_mean   | 25.4        |
| rollout/                |             |
|    ep_len_mean          | 23.2        |
|    ep_rew_mean          | 25.5        |
| time/                   |             |
|    fps                  | 642         |
|    iterations           | 521         |
|    time_elapsed         | 6642        |
|    total_timesteps      | 4268032     |
| train/                  |             |
|    approx_kl            | 0.022814605 |
|    clip_fraction        | 0.106       |
|    clip_range           | 0.2         |
|    entropy_loss         | -0.778      |
|    explained_variance   | 0.178       |
|    learning_rate        | 7e-05       |
|    loss                 | 0.204       |
|    n_updates            | 2080        |
|    policy_gradient_loss | -0.0118     |
|    value_loss           | 0.315       |
-----------------------------------------
-----------------------------------------
| episode/                |             |
|    lines_cleared_mean   | 4           |
|    perfect_clears_mean  | 0           |
|    pieces_placed_mean   | 22.3        |
| rollout/                |             |
|    ep_len_mean          | 23.3        |
|    ep_rew_mean          | 25.9        |
| time/                   |             |
|    fps                  | 642         |
|    iterations           | 522         |
|    time_elapsed         | 6655        |
|    total_timesteps      | 4276224     |
| train/                  |             |
|    approx_kl            | 0.028810427 |
|    clip_fraction        | 0.127       |
|    clip_range           | 0.2         |
|    entropy_loss         | -0.808      |
|    explained_variance   | 0.205       |
|    learning_rate        | 7e-05       |
|    loss                 | 0.154       |
|    n_updates            | 2084        |
|    policy_gradient_loss | -0.0112     |
|    value_loss           | 0.299       |
-----------------------------------------
-----------------------------------------
| episode/                |             |
|    lines_cleared_mean   | 5.4         |
|    perfect_clears_mean  | 0           |
|    pieces_placed_mean   | 26.6        |
| rollout/                |             |
|    ep_len_mean          | 24.2        |
|    ep_rew_mean          | 27.8        |
| time/                   |             |
|    fps                  | 642         |
|    iterations           | 523         |
|    time_elapsed         | 6667        |
|    total_timesteps      | 4284416     |
| train/                  |             |
|    approx_kl            | 0.026551425 |
|    clip_fraction        | 0.109       |
|    clip_range           | 0.2         |
|    entropy_loss         | -0.819      |
|    explained_variance   | 0.218       |
|    learning_rate        | 7e-05       |
|    loss                 | 0.143       |
|    n_updates            | 2088        |
|    policy_gradient_loss | -0.0145     |
|    value_loss           | 0.267       |
-----------------------------------------
----------------------------------------
| episode/                |            |
|    lines_cleared_mean   | 5.3        |
|    perfect_clears_mean  | 0          |
|    pieces_placed_mean   | 25.5       |
| rollout/                |            |
|    ep_len_mean          | 24.1       |
|    ep_rew_mean          | 27.4       |
| time/                   |            |
|    fps                  | 642        |
|    iterations           | 524        |
|    time_elapsed         | 6680       |
|    total_timesteps      | 4292608    |
| train/                  |            |
|    approx_kl            | 0.02719631 |
|    clip_fraction        | 0.106      |
|    clip_range           | 0.2        |
|    entropy_loss         | -0.775     |
|    explained_variance   | 0.162      |
|    learning_rate        | 7e-05      |
|    loss                 | 0.213      |
|    n_updates            | 2092       |
|    policy_gradient_loss | -0.0133    |
|    value_loss           | 0.3        |
----------------------------------------
----------------------------------------
| episode/                |            |
|    lines_cleared_mean   | 7.9        |
|    perfect_clears_mean  | 0          |
|    pieces_placed_mean   | 31.2       |
| rollout/                |            |
|    ep_len_mean          | 23.7       |
|    ep_rew_mean          | 26.8       |
| time/                   |            |
|    fps                  | 642        |
|    iterations           | 525        |
|    time_elapsed         | 6693       |
|    total_timesteps      | 4300800    |
| train/                  |            |
|    approx_kl            | 0.02173028 |
|    clip_fraction        | 0.108      |
|    clip_range           | 0.2        |
|    entropy_loss         | -0.775     |
|    explained_variance   | 0.249      |
|    learning_rate        | 7e-05      |
|    loss                 | 0.156      |
|    n_updates            | 2096       |
|    policy_gradient_loss | -0.0122    |
|    value_loss           | 0.284      |
----------------------------------------
-----------------------------------------
| episode/                |             |
|    lines_cleared_mean   | 4.5         |
|    perfect_clears_mean  | 0           |
|    pieces_placed_mean   | 23.3        |
| rollout/                |             |
|    ep_len_mean          | 22.3        |
|    ep_rew_mean          | 23.2        |
| time/                   |             |
|    fps                  | 642         |
|    iterations           | 526         |
|    time_elapsed         | 6705        |
|    total_timesteps      | 4308992     |
| train/                  |             |
|    approx_kl            | 0.027477413 |
|    clip_fraction        | 0.114       |
|    clip_range           | 0.2         |
|    entropy_loss         | -0.753      |
|    explained_variance   | 0.185       |
|    learning_rate        | 7e-05       |
|    loss                 | 0.22        |
|    n_updates            | 2100        |
|    policy_gradient_loss | -0.0126     |
|    value_loss           | 0.313       |
-----------------------------------------
-----------------------------------------
| episode/                |             |
|    lines_cleared_mean   | 2.6         |
|    perfect_clears_mean  | 0           |
|    pieces_placed_mean   | 18.5        |
| rollout/                |             |
|    ep_len_mean          | 22.8        |
|    ep_rew_mean          | 24          |
| time/                   |             |
|    fps                  | 642         |
|    iterations           | 527         |
|    time_elapsed         | 6718        |
|    total_timesteps      | 4317184     |
| train/                  |             |
|    approx_kl            | 0.021688309 |
|    clip_fraction        | 0.108       |
|    clip_range           | 0.2         |
|    entropy_loss         | -0.796      |
|    explained_variance   | 0.171       |
|    learning_rate        | 7e-05       |
|    loss                 | 0.224       |
|    n_updates            | 2104        |
|    policy_gradient_loss | -0.0121     |
|    value_loss           | 0.319       |
-----------------------------------------
----------------------------------------
| episode/                |            |
|    lines_cleared_mean   | 7.7        |
|    perfect_clears_mean  | 0          |
|    pieces_placed_mean   | 30.8       |
| rollout/                |            |
|    ep_len_mean          | 23.1       |
|    ep_rew_mean          | 25.1       |
| time/                   |            |
|    fps                  | 642        |
|    iterations           | 528        |
|    time_elapsed         | 6731       |
|    total_timesteps      | 4325376    |
| train/                  |            |
|    approx_kl            | 0.02304433 |
|    clip_fraction        | 0.109      |
|    clip_range           | 0.2        |
|    entropy_loss         | -0.796     |
|    explained_variance   | 0.261      |
|    learning_rate        | 7e-05      |
|    loss                 | 0.133      |
|    n_updates            | 2108       |
|    policy_gradient_loss | -0.0122    |
|    value_loss           | 0.254      |
----------------------------------------
-----------------------------------------
| episode/                |             |
|    lines_cleared_mean   | 4           |
|    perfect_clears_mean  | 0           |
|    pieces_placed_mean   | 21.8        |
| rollout/                |             |
|    ep_len_mean          | 24.6        |
|    ep_rew_mean          | 28.8        |
| time/                   |             |
|    fps                  | 642         |
|    iterations           | 529         |
|    time_elapsed         | 6744        |
|    total_timesteps      | 4333568     |
| train/                  |             |
|    approx_kl            | 0.023323549 |
|    clip_fraction        | 0.119       |
|    clip_range           | 0.2         |
|    entropy_loss         | -0.827      |
|    explained_variance   | 0.235       |
|    learning_rate        | 7e-05       |
|    loss                 | 0.169       |
|    n_updates            | 2112        |
|    policy_gradient_loss | -0.0119     |
|    value_loss           | 0.264       |
-----------------------------------------
-----------------------------------------
| episode/                |             |
|    lines_cleared_mean   | 4           |
|    perfect_clears_mean  | 0           |
|    pieces_placed_mean   | 21.4        |
| rollout/                |             |
|    ep_len_mean          | 23.4        |
|    ep_rew_mean          | 26.3        |
| time/                   |             |
|    fps                  | 642         |
|    iterations           | 530         |
|    time_elapsed         | 6757        |
|    total_timesteps      | 4341760     |
| train/                  |             |
|    approx_kl            | 0.023390427 |
|    clip_fraction        | 0.104       |
|    clip_range           | 0.2         |
|    entropy_loss         | -0.794      |
|    explained_variance   | 0.246       |
|    learning_rate        | 7e-05       |
|    loss                 | 0.178       |
|    n_updates            | 2116        |
|    policy_gradient_loss | -0.0135     |
|    value_loss           | 0.281       |
-----------------------------------------
----------------------------------------
| episode/                |            |
|    lines_cleared_mean   | 5.55       |
|    perfect_clears_mean  | 0          |
|    pieces_placed_mean   | 25.5       |
| rollout/                |            |
|    ep_len_mean          | 24.4       |
|    ep_rew_mean          | 28.1       |
| time/                   |            |
|    fps                  | 642        |
|    iterations           | 531        |
|    time_elapsed         | 6769       |
|    total_timesteps      | 4349952    |
| train/                  |            |
|    approx_kl            | 0.03093239 |
|    clip_fraction        | 0.117      |
|    clip_range           | 0.2        |
|    entropy_loss         | -0.826     |
|    explained_variance   | 0.232      |
|    learning_rate        | 7e-05      |
|    loss                 | 0.162      |
|    n_updates            | 2120       |
|    policy_gradient_loss | -0.0149    |
|    value_loss           | 0.278      |
----------------------------------------
-----------------------------------------
| episode/                |             |
|    lines_cleared_mean   | 4.3         |
|    perfect_clears_mean  | 0           |
|    pieces_placed_mean   | 23.8        |
| rollout/                |             |
|    ep_len_mean          | 23.7        |
|    ep_rew_mean          | 26.4        |
| time/                   |             |
|    fps                  | 642         |
|    iterations           | 532         |
|    time_elapsed         | 6782        |
|    total_timesteps      | 4358144     |
| train/                  |             |
|    approx_kl            | 0.026202813 |
|    clip_fraction        | 0.108       |
|    clip_range           | 0.2         |
|    entropy_loss         | -0.834      |
|    explained_variance   | 0.219       |
|    learning_rate        | 7e-05       |
|    loss                 | 0.195       |
|    n_updates            | 2124        |
|    policy_gradient_loss | -0.0143     |
|    value_loss           | 0.267       |
-----------------------------------------
-----------------------------------------
| episode/                |             |
|    lines_cleared_mean   | 3.7         |
|    perfect_clears_mean  | 0           |
|    pieces_placed_mean   | 21.1        |
| rollout/                |             |
|    ep_len_mean          | 24          |
|    ep_rew_mean          | 27.4        |
| time/                   |             |
|    fps                  | 642         |
|    iterations           | 533         |
|    time_elapsed         | 6795        |
|    total_timesteps      | 4366336     |
| train/                  |             |
|    approx_kl            | 0.025303697 |
|    clip_fraction        | 0.109       |
|    clip_range           | 0.2         |
|    entropy_loss         | -0.803      |
|    explained_variance   | 0.211       |
|    learning_rate        | 7e-05       |
|    loss                 | 0.178       |
|    n_updates            | 2128        |
|    policy_gradient_loss | -0.0136     |
|    value_loss           | 0.287       |
-----------------------------------------
----------------------------------------
| episode/                |            |
|    lines_cleared_mean   | 4.2        |
|    perfect_clears_mean  | 0          |
|    pieces_placed_mean   | 21.7       |
| rollout/                |            |
|    ep_len_mean          | 23.8       |
|    ep_rew_mean          | 26.9       |
| time/                   |            |
|    fps                  | 642        |
|    iterations           | 534        |
|    time_elapsed         | 6808       |
|    total_timesteps      | 4374528    |
| train/                  |            |
|    approx_kl            | 0.02575892 |
|    clip_fraction        | 0.116      |
|    clip_range           | 0.2        |
|    entropy_loss         | -0.806     |
|    explained_variance   | 0.22       |
|    learning_rate        | 7e-05      |
|    loss                 | 0.166      |
|    n_updates            | 2132       |
|    policy_gradient_loss | -0.0149    |
|    value_loss           | 0.285      |
----------------------------------------
-----------------------------------------
| episode/                |             |
|    lines_cleared_mean   | 4.4         |
|    perfect_clears_mean  | 0           |
|    pieces_placed_mean   | 22.7        |
| rollout/                |             |
|    ep_len_mean          | 23.2        |
|    ep_rew_mean          | 25.3        |
| time/                   |             |
|    fps                  | 642         |
|    iterations           | 535         |
|    time_elapsed         | 6820        |
|    total_timesteps      | 4382720     |
| train/                  |             |
|    approx_kl            | 0.021321611 |
|    clip_fraction        | 0.107       |
|    clip_range           | 0.2         |
|    entropy_loss         | -0.809      |
|    explained_variance   | 0.208       |
|    learning_rate        | 7e-05       |
|    loss                 | 0.173       |
|    n_updates            | 2136        |
|    policy_gradient_loss | -0.0139     |
|    value_loss           | 0.297       |
-----------------------------------------
-----------------------------------------
| episode/                |             |
|    lines_cleared_mean   | 4.4         |
|    perfect_clears_mean  | 0           |
|    pieces_placed_mean   | 23.2        |
| rollout/                |             |
|    ep_len_mean          | 23.5        |
|    ep_rew_mean          | 26.1        |
| time/                   |             |
|    fps                  | 642         |
|    iterations           | 536         |
|    time_elapsed         | 6833        |
|    total_timesteps      | 4390912     |
| train/                  |             |
|    approx_kl            | 0.026953455 |
|    clip_fraction        | 0.103       |
|    clip_range           | 0.2         |
|    entropy_loss         | -0.825      |
|    explained_variance   | 0.227       |
|    learning_rate        | 7e-05       |
|    loss                 | 0.184       |
|    n_updates            | 2140        |
|    policy_gradient_loss | -0.0126     |
|    value_loss           | 0.291       |
-----------------------------------------
-----------------------------------------
| episode/                |             |
|    lines_cleared_mean   | 6.7         |
|    perfect_clears_mean  | 0           |
|    pieces_placed_mean   | 28.6        |
| rollout/                |             |
|    ep_len_mean          | 24.4        |
|    ep_rew_mean          | 28.7        |
| time/                   |             |
|    fps                  | 642         |
|    iterations           | 537         |
|    time_elapsed         | 6846        |
|    total_timesteps      | 4399104     |
| train/                  |             |
|    approx_kl            | 0.021532482 |
|    clip_fraction        | 0.104       |
|    clip_range           | 0.2         |
|    entropy_loss         | -0.821      |
|    explained_variance   | 0.206       |
|    learning_rate        | 7e-05       |
|    loss                 | 0.208       |
|    n_updates            | 2144        |
|    policy_gradient_loss | -0.0148     |
|    value_loss           | 0.289       |
-----------------------------------------
-----------------------------------------
| episode/                |             |
|    lines_cleared_mean   | 4.9         |
|    perfect_clears_mean  | 0           |
|    pieces_placed_mean   | 24          |
| rollout/                |             |
|    ep_len_mean          | 24.7        |
|    ep_rew_mean          | 29          |
| time/                   |             |
|    fps                  | 642         |
|    iterations           | 538         |
|    time_elapsed         | 6858        |
|    total_timesteps      | 4407296     |
| train/                  |             |
|    approx_kl            | 0.019445814 |
|    clip_fraction        | 0.105       |
|    clip_range           | 0.2         |
|    entropy_loss         | -0.779      |
|    explained_variance   | 0.212       |
|    learning_rate        | 7e-05       |
|    loss                 | 0.185       |
|    n_updates            | 2148        |
|    policy_gradient_loss | -0.0105     |
|    value_loss           | 0.284       |
-----------------------------------------
-----------------------------------------
| episode/                |             |
|    lines_cleared_mean   | 4.62        |
|    perfect_clears_mean  | 0           |
|    pieces_placed_mean   | 23          |
| rollout/                |             |
|    ep_len_mean          | 23.7        |
|    ep_rew_mean          | 26          |
| time/                   |             |
|    fps                  | 642         |
|    iterations           | 539         |
|    time_elapsed         | 6871        |
|    total_timesteps      | 4415488     |
| train/                  |             |
|    approx_kl            | 0.019650377 |
|    clip_fraction        | 0.105       |
|    clip_range           | 0.2         |
|    entropy_loss         | -0.751      |
|    explained_variance   | 0.267       |
|    learning_rate        | 7e-05       |
|    loss                 | 0.192       |
|    n_updates            | 2152        |
|    policy_gradient_loss | -0.0129     |
|    value_loss           | 0.273       |
-----------------------------------------
-----------------------------------------
| episode/                |             |
|    lines_cleared_mean   | 5.36        |
|    perfect_clears_mean  | 0           |
|    pieces_placed_mean   | 25.1        |
| rollout/                |             |
|    ep_len_mean          | 24          |
|    ep_rew_mean          | 27.3        |
| time/                   |             |
|    fps                  | 642         |
|    iterations           | 540         |
|    time_elapsed         | 6884        |
|    total_timesteps      | 4423680     |
| train/                  |             |
|    approx_kl            | 0.023442794 |
|    clip_fraction        | 0.104       |
|    clip_range           | 0.2         |
|    entropy_loss         | -0.753      |
|    explained_variance   | 0.24        |
|    learning_rate        | 7e-05       |
|    loss                 | 0.18        |
|    n_updates            | 2156        |
|    policy_gradient_loss | -0.0144     |
|    value_loss           | 0.27        |
-----------------------------------------
-----------------------------------------
| episode/                |             |
|    lines_cleared_mean   | 3.4         |
|    perfect_clears_mean  | 0           |
|    pieces_placed_mean   | 20.9        |
| rollout/                |             |
|    ep_len_mean          | 26.3        |
|    ep_rew_mean          | 32.7        |
| time/                   |             |
|    fps                  | 642         |
|    iterations           | 541         |
|    time_elapsed         | 6897        |
|    total_timesteps      | 4431872     |
| train/                  |             |
|    approx_kl            | 0.022842556 |
|    clip_fraction        | 0.103       |
|    clip_range           | 0.2         |
|    entropy_loss         | -0.78       |
|    explained_variance   | 0.224       |
|    learning_rate        | 7e-05       |
|    loss                 | 0.16        |
|    n_updates            | 2160        |
|    policy_gradient_loss | -0.0148     |
|    value_loss           | 0.273       |
-----------------------------------------
-----------------------------------------
| episode/                |             |
|    lines_cleared_mean   | 6.8         |
|    perfect_clears_mean  | 0           |
|    pieces_placed_mean   | 28.9        |
| rollout/                |             |
|    ep_len_mean          | 24.1        |
|    ep_rew_mean          | 27.5        |
| time/                   |             |
|    fps                  | 642         |
|    iterations           | 542         |
|    time_elapsed         | 6909        |
|    total_timesteps      | 4440064     |
| train/                  |             |
|    approx_kl            | 0.019688914 |
|    clip_fraction        | 0.0989      |
|    clip_range           | 0.2         |
|    entropy_loss         | -0.755      |
|    explained_variance   | 0.207       |
|    learning_rate        | 7e-05       |
|    loss                 | 0.206       |
|    n_updates            | 2164        |
|    policy_gradient_loss | -0.0138     |
|    value_loss           | 0.298       |
-----------------------------------------
-----------------------------------------
| episode/                |             |
|    lines_cleared_mean   | 4.7         |
|    perfect_clears_mean  | 0           |
|    pieces_placed_mean   | 24.2        |
| rollout/                |             |
|    ep_len_mean          | 23.8        |
|    ep_rew_mean          | 27          |
| time/                   |             |
|    fps                  | 642         |
|    iterations           | 543         |
|    time_elapsed         | 6922        |
|    total_timesteps      | 4448256     |
| train/                  |             |
|    approx_kl            | 0.020369496 |
|    clip_fraction        | 0.102       |
|    clip_range           | 0.2         |
|    entropy_loss         | -0.772      |
|    explained_variance   | 0.222       |
|    learning_rate        | 7e-05       |
|    loss                 | 0.184       |
|    n_updates            | 2168        |
|    policy_gradient_loss | -0.0135     |
|    value_loss           | 0.279       |
-----------------------------------------
-----------------------------------------
| episode/                |             |
|    lines_cleared_mean   | 3.58        |
|    perfect_clears_mean  | 0           |
|    pieces_placed_mean   | 21.4        |
| rollout/                |             |
|    ep_len_mean          | 24.8        |
|    ep_rew_mean          | 28.7        |
| time/                   |             |
|    fps                  | 642         |
|    iterations           | 544         |
|    time_elapsed         | 6935        |
|    total_timesteps      | 4456448     |
| train/                  |             |
|    approx_kl            | 0.020274084 |
|    clip_fraction        | 0.103       |
|    clip_range           | 0.2         |
|    entropy_loss         | -0.752      |
|    explained_variance   | 0.24        |
|    learning_rate        | 7e-05       |
|    loss                 | 0.181       |
|    n_updates            | 2172        |
|    policy_gradient_loss | -0.0121     |
|    value_loss           | 0.28        |
-----------------------------------------
-----------------------------------------
| episode/                |             |
|    lines_cleared_mean   | 6.1         |
|    perfect_clears_mean  | 0           |
|    pieces_placed_mean   | 28.1        |
| rollout/                |             |
|    ep_len_mean          | 25.2        |
|    ep_rew_mean          | 29.8        |
| time/                   |             |
|    fps                  | 642         |
|    iterations           | 545         |
|    time_elapsed         | 6948        |
|    total_timesteps      | 4464640     |
| train/                  |             |
|    approx_kl            | 0.017597742 |
|    clip_fraction        | 0.0949      |
|    clip_range           | 0.2         |
|    entropy_loss         | -0.762      |
|    explained_variance   | 0.231       |
|    learning_rate        | 7e-05       |
|    loss                 | 0.214       |
|    n_updates            | 2176        |
|    policy_gradient_loss | -0.0141     |
|    value_loss           | 0.292       |
-----------------------------------------
-----------------------------------------
| episode/                |             |
|    lines_cleared_mean   | 4.2         |
|    perfect_clears_mean  | 0           |
|    pieces_placed_mean   | 22.8        |
| rollout/                |             |
|    ep_len_mean          | 24.3        |
|    ep_rew_mean          | 27.9        |
| time/                   |             |
|    fps                  | 642         |
|    iterations           | 546         |
|    time_elapsed         | 6960        |
|    total_timesteps      | 4472832     |
| train/                  |             |
|    approx_kl            | 0.023727845 |
|    clip_fraction        | 0.114       |
|    clip_range           | 0.2         |
|    entropy_loss         | -0.779      |
|    explained_variance   | 0.188       |
|    learning_rate        | 7e-05       |
|    loss                 | 0.203       |
|    n_updates            | 2180        |
|    policy_gradient_loss | -0.0128     |
|    value_loss           | 0.31        |
-----------------------------------------
----------------------------------------
| episode/                |            |
|    lines_cleared_mean   | 5.64       |
|    perfect_clears_mean  | 0          |
|    pieces_placed_mean   | 25.5       |
| rollout/                |            |
|    ep_len_mean          | 24.3       |
|    ep_rew_mean          | 27.4       |
| time/                   |            |
|    fps                  | 642        |
|    iterations           | 547        |
|    time_elapsed         | 6973       |
|    total_timesteps      | 4481024    |
| train/                  |            |
|    approx_kl            | 0.02245718 |
|    clip_fraction        | 0.105      |
|    clip_range           | 0.2        |
|    entropy_loss         | -0.774     |
|    explained_variance   | 0.274      |
|    learning_rate        | 7e-05      |
|    loss                 | 0.176      |
|    n_updates            | 2184       |
|    policy_gradient_loss | -0.015     |
|    value_loss           | 0.271      |
----------------------------------------
---------------------------------------
| episode/                |           |
|    lines_cleared_mean   | 3.45      |
|    perfect_clears_mean  | 0         |
|    pieces_placed_mean   | 20.5      |
| rollout/                |           |
|    ep_len_mean          | 21.7      |
|    ep_rew_mean          | 22.1      |
| time/                   |           |
|    fps                  | 642       |
|    iterations           | 548       |
|    time_elapsed         | 6986      |
|    total_timesteps      | 4489216   |
| train/                  |           |
|    approx_kl            | 0.0206101 |
|    clip_fraction        | 0.111     |
|    clip_range           | 0.2       |
|    entropy_loss         | -0.779    |
|    explained_variance   | 0.258     |
|    learning_rate        | 7e-05     |
|    loss                 | 0.165     |
|    n_updates            | 2188      |
|    policy_gradient_loss | -0.013    |
|    value_loss           | 0.273     |
---------------------------------------
----------------------------------------
| episode/                |            |
|    lines_cleared_mean   | 4.2        |
|    perfect_clears_mean  | 0          |
|    pieces_placed_mean   | 23.1       |
| rollout/                |            |
|    ep_len_mean          | 23.5       |
|    ep_rew_mean          | 25.9       |
| time/                   |            |
|    fps                  | 642        |
|    iterations           | 549        |
|    time_elapsed         | 6999       |
|    total_timesteps      | 4497408    |
| train/                  |            |
|    approx_kl            | 0.02259716 |
|    clip_fraction        | 0.109      |
|    clip_range           | 0.2        |
|    entropy_loss         | -0.778     |
|    explained_variance   | 0.258      |
|    learning_rate        | 7e-05      |
|    loss                 | 0.175      |
|    n_updates            | 2192       |
|    policy_gradient_loss | -0.0138    |
|    value_loss           | 0.279      |
----------------------------------------
-----------------------------------------
| episode/                |             |
|    lines_cleared_mean   | 4.64        |
|    perfect_clears_mean  | 0           |
|    pieces_placed_mean   | 24.1        |
| rollout/                |             |
|    ep_len_mean          | 24          |
|    ep_rew_mean          | 26.6        |
| time/                   |             |
|    fps                  | 642         |
|    iterations           | 550         |
|    time_elapsed         | 7011        |
|    total_timesteps      | 4505600     |
| train/                  |             |
|    approx_kl            | 0.022519235 |
|    clip_fraction        | 0.104       |
|    clip_range           | 0.2         |
|    entropy_loss         | -0.778      |
|    explained_variance   | 0.235       |
|    learning_rate        | 7e-05       |
|    loss                 | 0.166       |
|    n_updates            | 2196        |
|    policy_gradient_loss | -0.014      |
|    value_loss           | 0.285       |
-----------------------------------------
-----------------------------------------
| episode/                |             |
|    lines_cleared_mean   | 3.4         |
|    perfect_clears_mean  | 0           |
|    pieces_placed_mean   | 20.1        |
| rollout/                |             |
|    ep_len_mean          | 24.2        |
|    ep_rew_mean          | 27.9        |
| time/                   |             |
|    fps                  | 642         |
|    iterations           | 551         |
|    time_elapsed         | 7024        |
|    total_timesteps      | 4513792     |
| train/                  |             |
|    approx_kl            | 0.020306466 |
|    clip_fraction        | 0.105       |
|    clip_range           | 0.2         |
|    entropy_loss         | -0.756      |
|    explained_variance   | 0.217       |
|    learning_rate        | 7e-05       |
|    loss                 | 0.202       |
|    n_updates            | 2200        |
|    policy_gradient_loss | -0.0139     |
|    value_loss           | 0.286       |
-----------------------------------------
-----------------------------------------
| episode/                |             |
|    lines_cleared_mean   | 4.9         |
|    perfect_clears_mean  | 0           |
|    pieces_placed_mean   | 25.1        |
| rollout/                |             |
|    ep_len_mean          | 24.2        |
|    ep_rew_mean          | 27.4        |
| time/                   |             |
|    fps                  | 642         |
|    iterations           | 552         |
|    time_elapsed         | 7037        |
|    total_timesteps      | 4521984     |
| train/                  |             |
|    approx_kl            | 0.022234663 |
|    clip_fraction        | 0.116       |
|    clip_range           | 0.2         |
|    entropy_loss         | -0.77       |
|    explained_variance   | 0.266       |
|    learning_rate        | 7e-05       |
|    loss                 | 0.204       |
|    n_updates            | 2204        |
|    policy_gradient_loss | -0.0126     |
|    value_loss           | 0.282       |
-----------------------------------------
-----------------------------------------
| episode/                |             |
|    lines_cleared_mean   | 5.6         |
|    perfect_clears_mean  | 0           |
|    pieces_placed_mean   | 25.3        |
| rollout/                |             |
|    ep_len_mean          | 24.6        |
|    ep_rew_mean          | 28.4        |
| time/                   |             |
|    fps                  | 642         |
|    iterations           | 553         |
|    time_elapsed         | 7050        |
|    total_timesteps      | 4530176     |
| train/                  |             |
|    approx_kl            | 0.023135126 |
|    clip_fraction        | 0.109       |
|    clip_range           | 0.2         |
|    entropy_loss         | -0.758      |
|    explained_variance   | 0.191       |
|    learning_rate        | 7e-05       |
|    loss                 | 0.19        |
|    n_updates            | 2208        |
|    policy_gradient_loss | -0.0143     |
|    value_loss           | 0.293       |
-----------------------------------------
----------------------------------------
| episode/                |            |
|    lines_cleared_mean   | 4.7        |
|    perfect_clears_mean  | 0          |
|    pieces_placed_mean   | 24         |
| rollout/                |            |
|    ep_len_mean          | 24.3       |
|    ep_rew_mean          | 27.8       |
| time/                   |            |
|    fps                  | 642        |
|    iterations           | 554        |
|    time_elapsed         | 7062       |
|    total_timesteps      | 4538368    |
| train/                  |            |
|    approx_kl            | 0.02259469 |
|    clip_fraction        | 0.102      |
|    clip_range           | 0.2        |
|    entropy_loss         | -0.75      |
|    explained_variance   | 0.246      |
|    learning_rate        | 7e-05      |
|    loss                 | 0.18       |
|    n_updates            | 2212       |
|    policy_gradient_loss | -0.0123    |
|    value_loss           | 0.268      |
----------------------------------------
-----------------------------------------
| episode/                |             |
|    lines_cleared_mean   | 3.3         |
|    perfect_clears_mean  | 0           |
|    pieces_placed_mean   | 20.2        |
| rollout/                |             |
|    ep_len_mean          | 22.6        |
|    ep_rew_mean          | 24.1        |
| time/                   |             |
|    fps                  | 642         |
|    iterations           | 555         |
|    time_elapsed         | 7075        |
|    total_timesteps      | 4546560     |
| train/                  |             |
|    approx_kl            | 0.020681508 |
|    clip_fraction        | 0.104       |
|    clip_range           | 0.2         |
|    entropy_loss         | -0.753      |
|    explained_variance   | 0.316       |
|    learning_rate        | 7e-05       |
|    loss                 | 0.169       |
|    n_updates            | 2216        |
|    policy_gradient_loss | -0.0126     |
|    value_loss           | 0.249       |
-----------------------------------------
-----------------------------------------
| episode/                |             |
|    lines_cleared_mean   | 5.3         |
|    perfect_clears_mean  | 0           |
|    pieces_placed_mean   | 25.1        |
| rollout/                |             |
|    ep_len_mean          | 25.7        |
|    ep_rew_mean          | 31.2        |
| time/                   |             |
|    fps                  | 642         |
|    iterations           | 556         |
|    time_elapsed         | 7088        |
|    total_timesteps      | 4554752     |
| train/                  |             |
|    approx_kl            | 0.019754004 |
|    clip_fraction        | 0.106       |
|    clip_range           | 0.2         |
|    entropy_loss         | -0.755      |
|    explained_variance   | 0.254       |
|    learning_rate        | 7e-05       |
|    loss                 | 0.16        |
|    n_updates            | 2220        |
|    policy_gradient_loss | -0.0147     |
|    value_loss           | 0.291       |
-----------------------------------------
----------------------------------------
| episode/                |            |
|    lines_cleared_mean   | 3.1        |
|    perfect_clears_mean  | 0          |
|    pieces_placed_mean   | 19.6       |
| rollout/                |            |
|    ep_len_mean          | 25.2       |
|    ep_rew_mean          | 30.2       |
| time/                   |            |
|    fps                  | 642        |
|    iterations           | 557        |
|    time_elapsed         | 7100       |
|    total_timesteps      | 4562944    |
| train/                  |            |
|    approx_kl            | 0.02534581 |
|    clip_fraction        | 0.1        |
|    clip_range           | 0.2        |
|    entropy_loss         | -0.738     |
|    explained_variance   | 0.221      |
|    learning_rate        | 7e-05      |
|    loss                 | 0.212      |
|    n_updates            | 2224       |
|    policy_gradient_loss | -0.0109    |
|    value_loss           | 0.313      |
----------------------------------------
-----------------------------------------
| episode/                |             |
|    lines_cleared_mean   | 5.1         |
|    perfect_clears_mean  | 0           |
|    pieces_placed_mean   | 24.5        |
| rollout/                |             |
|    ep_len_mean          | 23.3        |
|    ep_rew_mean          | 25.8        |
| time/                   |             |
|    fps                  | 642         |
|    iterations           | 558         |
|    time_elapsed         | 7113        |
|    total_timesteps      | 4571136     |
| train/                  |             |
|    approx_kl            | 0.026050817 |
|    clip_fraction        | 0.112       |
|    clip_range           | 0.2         |
|    entropy_loss         | -0.759      |
|    explained_variance   | 0.166       |
|    learning_rate        | 7e-05       |
|    loss                 | 0.244       |
|    n_updates            | 2228        |
|    policy_gradient_loss | -0.0137     |
|    value_loss           | 0.346       |
-----------------------------------------
-----------------------------------------
| episode/                |             |
|    lines_cleared_mean   | 6.09        |
|    perfect_clears_mean  | 0           |
|    pieces_placed_mean   | 27.3        |
| rollout/                |             |
|    ep_len_mean          | 23.7        |
|    ep_rew_mean          | 26.1        |
| time/                   |             |
|    fps                  | 642         |
|    iterations           | 559         |
|    time_elapsed         | 7126        |
|    total_timesteps      | 4579328     |
| train/                  |             |
|    approx_kl            | 0.023764428 |
|    clip_fraction        | 0.105       |
|    clip_range           | 0.2         |
|    entropy_loss         | -0.743      |
|    explained_variance   | 0.193       |
|    learning_rate        | 7e-05       |
|    loss                 | 0.209       |
|    n_updates            | 2232        |
|    policy_gradient_loss | -0.0141     |
|    value_loss           | 0.3         |
-----------------------------------------
-----------------------------------------
| episode/                |             |
|    lines_cleared_mean   | 5.7         |
|    perfect_clears_mean  | 0           |
|    pieces_placed_mean   | 26.3        |
| rollout/                |             |
|    ep_len_mean          | 24.6        |
|    ep_rew_mean          | 28.2        |
| time/                   |             |
|    fps                  | 642         |
|    iterations           | 560         |
|    time_elapsed         | 7138        |
|    total_timesteps      | 4587520     |
| train/                  |             |
|    approx_kl            | 0.027830085 |
|    clip_fraction        | 0.103       |
|    clip_range           | 0.2         |
|    entropy_loss         | -0.773      |
|    explained_variance   | 0.19        |
|    learning_rate        | 7e-05       |
|    loss                 | 0.237       |
|    n_updates            | 2236        |
|    policy_gradient_loss | -0.0123     |
|    value_loss           | 0.318       |
-----------------------------------------
-----------------------------------------
| episode/                |             |
|    lines_cleared_mean   | 4.6         |
|    perfect_clears_mean  | 0           |
|    pieces_placed_mean   | 23.1        |
| rollout/                |             |
|    ep_len_mean          | 24.9        |
|    ep_rew_mean          | 29.2        |
| time/                   |             |
|    fps                  | 642         |
|    iterations           | 561         |
|    time_elapsed         | 7151        |
|    total_timesteps      | 4595712     |
| train/                  |             |
|    approx_kl            | 0.023335876 |
|    clip_fraction        | 0.105       |
|    clip_range           | 0.2         |
|    entropy_loss         | -0.761      |
|    explained_variance   | 0.244       |
|    learning_rate        | 7e-05       |
|    loss                 | 0.181       |
|    n_updates            | 2240        |
|    policy_gradient_loss | -0.0146     |
|    value_loss           | 0.288       |
-----------------------------------------
-----------------------------------------
| episode/                |             |
|    lines_cleared_mean   | 4           |
|    perfect_clears_mean  | 0           |
|    pieces_placed_mean   | 22.8        |
| rollout/                |             |
|    ep_len_mean          | 22          |
|    ep_rew_mean          | 22.8        |
| time/                   |             |
|    fps                  | 642         |
|    iterations           | 562         |
|    time_elapsed         | 7164        |
|    total_timesteps      | 4603904     |
| train/                  |             |
|    approx_kl            | 0.021889783 |
|    clip_fraction        | 0.113       |
|    clip_range           | 0.2         |
|    entropy_loss         | -0.775      |
|    explained_variance   | 0.233       |
|    learning_rate        | 7e-05       |
|    loss                 | 0.19        |
|    n_updates            | 2244        |
|    policy_gradient_loss | -0.012      |
|    value_loss           | 0.285       |
-----------------------------------------
-----------------------------------------
| episode/                |             |
|    lines_cleared_mean   | 5.2         |
|    perfect_clears_mean  | 0           |
|    pieces_placed_mean   | 24.6        |
| rollout/                |             |
|    ep_len_mean          | 24.6        |
|    ep_rew_mean          | 28.5        |
| time/                   |             |
|    fps                  | 642         |
|    iterations           | 563         |
|    time_elapsed         | 7176        |
|    total_timesteps      | 4612096     |
| train/                  |             |
|    approx_kl            | 0.023965716 |
|    clip_fraction        | 0.108       |
|    clip_range           | 0.2         |
|    entropy_loss         | -0.776      |
|    explained_variance   | 0.215       |
|    learning_rate        | 7e-05       |
|    loss                 | 0.168       |
|    n_updates            | 2248        |
|    policy_gradient_loss | -0.0139     |
|    value_loss           | 0.28        |
-----------------------------------------
----------------------------------------
| episode/                |            |
|    lines_cleared_mean   | 5.9        |
|    perfect_clears_mean  | 0          |
|    pieces_placed_mean   | 24.9       |
| rollout/                |            |
|    ep_len_mean          | 23.2       |
|    ep_rew_mean          | 26.2       |
| time/                   |            |
|    fps                  | 642        |
|    iterations           | 564        |
|    time_elapsed         | 7189       |
|    total_timesteps      | 4620288    |
| train/                  |            |
|    approx_kl            | 0.02670724 |
|    clip_fraction        | 0.112      |
|    clip_range           | 0.2        |
|    entropy_loss         | -0.77      |
|    explained_variance   | 0.18       |
|    learning_rate        | 7e-05      |
|    loss                 | 0.176      |
|    n_updates            | 2252       |
|    policy_gradient_loss | -0.0157    |
|    value_loss           | 0.301      |
----------------------------------------
-----------------------------------------
| episode/                |             |
|    lines_cleared_mean   | 5.8         |
|    perfect_clears_mean  | 0           |
|    pieces_placed_mean   | 26.1        |
| rollout/                |             |
|    ep_len_mean          | 23.6        |
|    ep_rew_mean          | 26.7        |
| time/                   |             |
|    fps                  | 642         |
|    iterations           | 565         |
|    time_elapsed         | 7202        |
|    total_timesteps      | 4628480     |
| train/                  |             |
|    approx_kl            | 0.026599603 |
|    clip_fraction        | 0.112       |
|    clip_range           | 0.2         |
|    entropy_loss         | -0.76       |
|    explained_variance   | 0.21        |
|    learning_rate        | 7e-05       |
|    loss                 | 0.171       |
|    n_updates            | 2256        |
|    policy_gradient_loss | -0.0148     |
|    value_loss           | 0.289       |
-----------------------------------------
----------------------------------------
| episode/                |            |
|    lines_cleared_mean   | 4.3        |
|    perfect_clears_mean  | 0          |
|    pieces_placed_mean   | 22.5       |
| rollout/                |            |
|    ep_len_mean          | 24.3       |
|    ep_rew_mean          | 28         |
| time/                   |            |
|    fps                  | 642        |
|    iterations           | 566        |
|    time_elapsed         | 7215       |
|    total_timesteps      | 4636672    |
| train/                  |            |
|    approx_kl            | 0.02457634 |
|    clip_fraction        | 0.113      |
|    clip_range           | 0.2        |
|    entropy_loss         | -0.749     |
|    explained_variance   | 0.196      |
|    learning_rate        | 7e-05      |
|    loss                 | 0.18       |
|    n_updates            | 2260       |
|    policy_gradient_loss | -0.0129    |
|    value_loss           | 0.288      |
----------------------------------------
-----------------------------------------
| episode/                |             |
|    lines_cleared_mean   | 3           |
|    perfect_clears_mean  | 0           |
|    pieces_placed_mean   | 20.1        |
| rollout/                |             |
|    ep_len_mean          | 22          |
|    ep_rew_mean          | 22.4        |
| time/                   |             |
|    fps                  | 642         |
|    iterations           | 567         |
|    time_elapsed         | 7227        |
|    total_timesteps      | 4644864     |
| train/                  |             |
|    approx_kl            | 0.026665637 |
|    clip_fraction        | 0.12        |
|    clip_range           | 0.2         |
|    entropy_loss         | -0.769      |
|    explained_variance   | 0.219       |
|    learning_rate        | 7e-05       |
|    loss                 | 0.166       |
|    n_updates            | 2264        |
|    policy_gradient_loss | -0.0145     |
|    value_loss           | 0.269       |
-----------------------------------------
-----------------------------------------
| episode/                |             |
|    lines_cleared_mean   | 4.7         |
|    perfect_clears_mean  | 0           |
|    pieces_placed_mean   | 23.9        |
| rollout/                |             |
|    ep_len_mean          | 25.4        |
|    ep_rew_mean          | 30.7        |
| time/                   |             |
|    fps                  | 642         |
|    iterations           | 568         |
|    time_elapsed         | 7240        |
|    total_timesteps      | 4653056     |
| train/                  |             |
|    approx_kl            | 0.028453562 |
|    clip_fraction        | 0.117       |
|    clip_range           | 0.2         |
|    entropy_loss         | -0.765      |
|    explained_variance   | 0.167       |
|    learning_rate        | 7e-05       |
|    loss                 | 0.209       |
|    n_updates            | 2268        |
|    policy_gradient_loss | -0.0153     |
|    value_loss           | 0.288       |
-----------------------------------------
-----------------------------------------
| episode/                |             |
|    lines_cleared_mean   | 5.09        |
|    perfect_clears_mean  | 0           |
|    pieces_placed_mean   | 25.5        |
| rollout/                |             |
|    ep_len_mean          | 24.1        |
|    ep_rew_mean          | 27.3        |
| time/                   |             |
|    fps                  | 642         |
|    iterations           | 569         |
|    time_elapsed         | 7253        |
|    total_timesteps      | 4661248     |
| train/                  |             |
|    approx_kl            | 0.027324066 |
|    clip_fraction        | 0.111       |
|    clip_range           | 0.2         |
|    entropy_loss         | -0.756      |
|    explained_variance   | 0.233       |
|    learning_rate        | 7e-05       |
|    loss                 | 0.165       |
|    n_updates            | 2272        |
|    policy_gradient_loss | -0.0139     |
|    value_loss           | 0.273       |
-----------------------------------------
----------------------------------------
| episode/                |            |
|    lines_cleared_mean   | 5.8        |
|    perfect_clears_mean  | 0          |
|    pieces_placed_mean   | 26.7       |
| rollout/                |            |
|    ep_len_mean          | 24.2       |
|    ep_rew_mean          | 27.5       |
| time/                   |            |
|    fps                  | 642        |
|    iterations           | 570        |
|    time_elapsed         | 7265       |
|    total_timesteps      | 4669440    |
| train/                  |            |
|    approx_kl            | 0.02646683 |
|    clip_fraction        | 0.112      |
|    clip_range           | 0.2        |
|    entropy_loss         | -0.758     |
|    explained_variance   | 0.194      |
|    learning_rate        | 7e-05      |
|    loss                 | 0.159      |
|    n_updates            | 2276       |
|    policy_gradient_loss | -0.015     |
|    value_loss           | 0.287      |
----------------------------------------
-----------------------------------------
| episode/                |             |
|    lines_cleared_mean   | 5.3         |
|    perfect_clears_mean  | 0           |
|    pieces_placed_mean   | 25.2        |
| rollout/                |             |
|    ep_len_mean          | 23.5        |
|    ep_rew_mean          | 26          |
| time/                   |             |
|    fps                  | 642         |
|    iterations           | 571         |
|    time_elapsed         | 7278        |
|    total_timesteps      | 4677632     |
| train/                  |             |
|    approx_kl            | 0.027929764 |
|    clip_fraction        | 0.106       |
|    clip_range           | 0.2         |
|    entropy_loss         | -0.723      |
|    explained_variance   | 0.201       |
|    learning_rate        | 7e-05       |
|    loss                 | 0.167       |
|    n_updates            | 2280        |
|    policy_gradient_loss | -0.0141     |
|    value_loss           | 0.308       |
-----------------------------------------
-----------------------------------------
| episode/                |             |
|    lines_cleared_mean   | 3.1         |
|    perfect_clears_mean  | 0           |
|    pieces_placed_mean   | 20.5        |
| rollout/                |             |
|    ep_len_mean          | 22.1        |
|    ep_rew_mean          | 23          |
| time/                   |             |
|    fps                  | 642         |
|    iterations           | 572         |
|    time_elapsed         | 7291        |
|    total_timesteps      | 4685824     |
| train/                  |             |
|    approx_kl            | 0.025829807 |
|    clip_fraction        | 0.114       |
|    clip_range           | 0.2         |
|    entropy_loss         | -0.732      |
|    explained_variance   | 0.271       |
|    learning_rate        | 7e-05       |
|    loss                 | 0.204       |
|    n_updates            | 2284        |
|    policy_gradient_loss | -0.0146     |
|    value_loss           | 0.294       |
-----------------------------------------
-----------------------------------------
| episode/                |             |
|    lines_cleared_mean   | 5.1         |
|    perfect_clears_mean  | 0           |
|    pieces_placed_mean   | 25.8        |
| rollout/                |             |
|    ep_len_mean          | 24.1        |
|    ep_rew_mean          | 27.3        |
| time/                   |             |
|    fps                  | 642         |
|    iterations           | 573         |
|    time_elapsed         | 7303        |
|    total_timesteps      | 4694016     |
| train/                  |             |
|    approx_kl            | 0.026549745 |
|    clip_fraction        | 0.118       |
|    clip_range           | 0.2         |
|    entropy_loss         | -0.754      |
|    explained_variance   | 0.266       |
|    learning_rate        | 7e-05       |
|    loss                 | 0.197       |
|    n_updates            | 2288        |
|    policy_gradient_loss | -0.0123     |
|    value_loss           | 0.261       |
-----------------------------------------
-----------------------------------------
| episode/                |             |
|    lines_cleared_mean   | 4.82        |
|    perfect_clears_mean  | 0           |
|    pieces_placed_mean   | 24.4        |
| rollout/                |             |
|    ep_len_mean          | 22.7        |
|    ep_rew_mean          | 24.3        |
| time/                   |             |
|    fps                  | 642         |
|    iterations           | 574         |
|    time_elapsed         | 7316        |
|    total_timesteps      | 4702208     |
| train/                  |             |
|    approx_kl            | 0.022345178 |
|    clip_fraction        | 0.111       |
|    clip_range           | 0.2         |
|    entropy_loss         | -0.747      |
|    explained_variance   | 0.254       |
|    learning_rate        | 7e-05       |
|    loss                 | 0.174       |
|    n_updates            | 2292        |
|    policy_gradient_loss | -0.0111     |
|    value_loss           | 0.265       |
-----------------------------------------
-----------------------------------------
| episode/                |             |
|    lines_cleared_mean   | 4.3         |
|    perfect_clears_mean  | 0           |
|    pieces_placed_mean   | 23.4        |
| rollout/                |             |
|    ep_len_mean          | 24.2        |
|    ep_rew_mean          | 27.5        |
| time/                   |             |
|    fps                  | 642         |
|    iterations           | 575         |
|    time_elapsed         | 7329        |
|    total_timesteps      | 4710400     |
| train/                  |             |
|    approx_kl            | 0.028446557 |
|    clip_fraction        | 0.111       |
|    clip_range           | 0.2         |
|    entropy_loss         | -0.759      |
|    explained_variance   | 0.182       |
|    learning_rate        | 7e-05       |
|    loss                 | 0.188       |
|    n_updates            | 2296        |
|    policy_gradient_loss | -0.0126     |
|    value_loss           | 0.29        |
-----------------------------------------
-----------------------------------------
| episode/                |             |
|    lines_cleared_mean   | 3.5         |
|    perfect_clears_mean  | 0           |
|    pieces_placed_mean   | 19.9        |
| rollout/                |             |
|    ep_len_mean          | 23.2        |
|    ep_rew_mean          | 25.9        |
| time/                   |             |
|    fps                  | 642         |
|    iterations           | 576         |
|    time_elapsed         | 7341        |
|    total_timesteps      | 4718592     |
| train/                  |             |
|    approx_kl            | 0.027286328 |
|    clip_fraction        | 0.11        |
|    clip_range           | 0.2         |
|    entropy_loss         | -0.774      |
|    explained_variance   | 0.193       |
|    learning_rate        | 7e-05       |
|    loss                 | 0.223       |
|    n_updates            | 2300        |
|    policy_gradient_loss | -0.0148     |
|    value_loss           | 0.292       |
-----------------------------------------
-----------------------------------------
| episode/                |             |
|    lines_cleared_mean   | 5.5         |
|    perfect_clears_mean  | 0           |
|    pieces_placed_mean   | 24.5        |
| rollout/                |             |
|    ep_len_mean          | 22.9        |
|    ep_rew_mean          | 24.7        |
| time/                   |             |
|    fps                  | 642         |
|    iterations           | 577         |
|    time_elapsed         | 7354        |
|    total_timesteps      | 4726784     |
| train/                  |             |
|    approx_kl            | 0.023736145 |
|    clip_fraction        | 0.114       |
|    clip_range           | 0.2         |
|    entropy_loss         | -0.741      |
|    explained_variance   | 0.213       |
|    learning_rate        | 7e-05       |
|    loss                 | 0.186       |
|    n_updates            | 2304        |
|    policy_gradient_loss | -0.0142     |
|    value_loss           | 0.263       |
-----------------------------------------
-----------------------------------------
| episode/                |             |
|    lines_cleared_mean   | 4.7         |
|    perfect_clears_mean  | 0           |
|    pieces_placed_mean   | 24          |
| rollout/                |             |
|    ep_len_mean          | 23.2        |
|    ep_rew_mean          | 25          |
| time/                   |             |
|    fps                  | 642         |
|    iterations           | 578         |
|    time_elapsed         | 7367        |
|    total_timesteps      | 4734976     |
| train/                  |             |
|    approx_kl            | 0.025902916 |
|    clip_fraction        | 0.115       |
|    clip_range           | 0.2         |
|    entropy_loss         | -0.766      |
|    explained_variance   | 0.262       |
|    learning_rate        | 7e-05       |
|    loss                 | 0.179       |
|    n_updates            | 2308        |
|    policy_gradient_loss | -0.0142     |
|    value_loss           | 0.263       |
-----------------------------------------
----------------------------------------
| episode/                |            |
|    lines_cleared_mean   | 4.36       |
|    perfect_clears_mean  | 0          |
|    pieces_placed_mean   | 23.3       |
| rollout/                |            |
|    ep_len_mean          | 23.2       |
|    ep_rew_mean          | 25.3       |
| time/                   |            |
|    fps                  | 642        |
|    iterations           | 579        |
|    time_elapsed         | 7379       |
|    total_timesteps      | 4743168    |
| train/                  |            |
|    approx_kl            | 0.02591784 |
|    clip_fraction        | 0.121      |
|    clip_range           | 0.2        |
|    entropy_loss         | -0.77      |
|    explained_variance   | 0.233      |
|    learning_rate        | 7e-05      |
|    loss                 | 0.177      |
|    n_updates            | 2312       |
|    policy_gradient_loss | -0.012     |
|    value_loss           | 0.276      |
----------------------------------------
-----------------------------------------
| episode/                |             |
|    lines_cleared_mean   | 2.9         |
|    perfect_clears_mean  | 0           |
|    pieces_placed_mean   | 19.6        |
| rollout/                |             |
|    ep_len_mean          | 23.3        |
|    ep_rew_mean          | 25.1        |
| time/                   |             |
|    fps                  | 642         |
|    iterations           | 580         |
|    time_elapsed         | 7392        |
|    total_timesteps      | 4751360     |
| train/                  |             |
|    approx_kl            | 0.025097156 |
|    clip_fraction        | 0.108       |
|    clip_range           | 0.2         |
|    entropy_loss         | -0.754      |
|    explained_variance   | 0.212       |
|    learning_rate        | 7e-05       |
|    loss                 | 0.192       |
|    n_updates            | 2316        |
|    policy_gradient_loss | -0.0136     |
|    value_loss           | 0.298       |
-----------------------------------------
----------------------------------------
| episode/                |            |
|    lines_cleared_mean   | 2.8        |
|    perfect_clears_mean  | 0          |
|    pieces_placed_mean   | 20.1       |
| rollout/                |            |
|    ep_len_mean          | 23         |
|    ep_rew_mean          | 24.7       |
| time/                   |            |
|    fps                  | 642        |
|    iterations           | 581        |
|    time_elapsed         | 7404       |
|    total_timesteps      | 4759552    |
| train/                  |            |
|    approx_kl            | 0.02714014 |
|    clip_fraction        | 0.114      |
|    clip_range           | 0.2        |
|    entropy_loss         | -0.755     |
|    explained_variance   | 0.225      |
|    learning_rate        | 7e-05      |
|    loss                 | 0.146      |
|    n_updates            | 2320       |
|    policy_gradient_loss | -0.0127    |
|    value_loss           | 0.28       |
----------------------------------------
----------------------------------------
| episode/                |            |
|    lines_cleared_mean   | 4.5        |
|    perfect_clears_mean  | 0          |
|    pieces_placed_mean   | 22.8       |
| rollout/                |            |
|    ep_len_mean          | 24.7       |
|    ep_rew_mean          | 28.6       |
| time/                   |            |
|    fps                  | 642        |
|    iterations           | 582        |
|    time_elapsed         | 7417       |
|    total_timesteps      | 4767744    |
| train/                  |            |
|    approx_kl            | 0.03203529 |
|    clip_fraction        | 0.116      |
|    clip_range           | 0.2        |
|    entropy_loss         | -0.741     |
|    explained_variance   | 0.264      |
|    learning_rate        | 7e-05      |
|    loss                 | 0.204      |
|    n_updates            | 2324       |
|    policy_gradient_loss | -0.0131    |
|    value_loss           | 0.277      |
----------------------------------------
-----------------------------------------
| episode/                |             |
|    lines_cleared_mean   | 4.5         |
|    perfect_clears_mean  | 0           |
|    pieces_placed_mean   | 22.9        |
| rollout/                |             |
|    ep_len_mean          | 22.3        |
|    ep_rew_mean          | 23.4        |
| time/                   |             |
|    fps                  | 642         |
|    iterations           | 583         |
|    time_elapsed         | 7430        |
|    total_timesteps      | 4775936     |
| train/                  |             |
|    approx_kl            | 0.027557395 |
|    clip_fraction        | 0.107       |
|    clip_range           | 0.2         |
|    entropy_loss         | -0.756      |
|    explained_variance   | 0.234       |
|    learning_rate        | 7e-05       |
|    loss                 | 0.216       |
|    n_updates            | 2328        |
|    policy_gradient_loss | -0.0141     |
|    value_loss           | 0.28        |
-----------------------------------------
----------------------------------------
| episode/                |            |
|    lines_cleared_mean   | 3.64       |
|    perfect_clears_mean  | 0          |
|    pieces_placed_mean   | 20.9       |
| rollout/                |            |
|    ep_len_mean          | 24.9       |
|    ep_rew_mean          | 29.4       |
| time/                   |            |
|    fps                  | 642        |
|    iterations           | 584        |
|    time_elapsed         | 7442       |
|    total_timesteps      | 4784128    |
| train/                  |            |
|    approx_kl            | 0.03803255 |
|    clip_fraction        | 0.117      |
|    clip_range           | 0.2        |
|    entropy_loss         | -0.771     |
|    explained_variance   | 0.242      |
|    learning_rate        | 7e-05      |
|    loss                 | 0.206      |
|    n_updates            | 2332       |
|    policy_gradient_loss | -0.0153    |
|    value_loss           | 0.268      |
----------------------------------------
-----------------------------------------
| episode/                |             |
|    lines_cleared_mean   | 4.3         |
|    perfect_clears_mean  | 0           |
|    pieces_placed_mean   | 22          |
| rollout/                |             |
|    ep_len_mean          | 22.9        |
|    ep_rew_mean          | 25.5        |
| time/                   |             |
|    fps                  | 642         |
|    iterations           | 585         |
|    time_elapsed         | 7455        |
|    total_timesteps      | 4792320     |
| train/                  |             |
|    approx_kl            | 0.032771267 |
|    clip_fraction        | 0.116       |
|    clip_range           | 0.2         |
|    entropy_loss         | -0.767      |
|    explained_variance   | 0.236       |
|    learning_rate        | 7e-05       |
|    loss                 | 0.183       |
|    n_updates            | 2336        |
|    policy_gradient_loss | -0.0161     |
|    value_loss           | 0.273       |
-----------------------------------------
-----------------------------------------
| episode/                |             |
|    lines_cleared_mean   | 5.09        |
|    perfect_clears_mean  | 0           |
|    pieces_placed_mean   | 25.4        |
| rollout/                |             |
|    ep_len_mean          | 24.5        |
|    ep_rew_mean          | 28.5        |
| time/                   |             |
|    fps                  | 642         |
|    iterations           | 586         |
|    time_elapsed         | 7467        |
|    total_timesteps      | 4800512     |
| train/                  |             |
|    approx_kl            | 0.027083587 |
|    clip_fraction        | 0.124       |
|    clip_range           | 0.2         |
|    entropy_loss         | -0.801      |
|    explained_variance   | 0.247       |
|    learning_rate        | 7e-05       |
|    loss                 | 0.149       |
|    n_updates            | 2340        |
|    policy_gradient_loss | -0.0135     |
|    value_loss           | 0.273       |
-----------------------------------------
----------------------------------------
| episode/                |            |
|    lines_cleared_mean   | 6.2        |
|    perfect_clears_mean  | 0          |
|    pieces_placed_mean   | 27.8       |
| rollout/                |            |
|    ep_len_mean          | 23.9       |
|    ep_rew_mean          | 26.8       |
| time/                   |            |
|    fps                  | 642        |
|    iterations           | 587        |
|    time_elapsed         | 7480       |
|    total_timesteps      | 4808704    |
| train/                  |            |
|    approx_kl            | 0.03299548 |
|    clip_fraction        | 0.128      |
|    clip_range           | 0.2        |
|    entropy_loss         | -0.761     |
|    explained_variance   | 0.173      |
|    learning_rate        | 7e-05      |
|    loss                 | 0.215      |
|    n_updates            | 2344       |
|    policy_gradient_loss | -0.0121    |
|    value_loss           | 0.31       |
----------------------------------------
-----------------------------------------
| episode/                |             |
|    lines_cleared_mean   | 6.7         |
|    perfect_clears_mean  | 0           |
|    pieces_placed_mean   | 28.2        |
| rollout/                |             |
|    ep_len_mean          | 24.2        |
|    ep_rew_mean          | 27.9        |
| time/                   |             |
|    fps                  | 642         |
|    iterations           | 588         |
|    time_elapsed         | 7493        |
|    total_timesteps      | 4816896     |
| train/                  |             |
|    approx_kl            | 0.023412444 |
|    clip_fraction        | 0.113       |
|    clip_range           | 0.2         |
|    entropy_loss         | -0.789      |
|    explained_variance   | 0.148       |
|    learning_rate        | 7e-05       |
|    loss                 | 0.226       |
|    n_updates            | 2348        |
|    policy_gradient_loss | -0.0129     |
|    value_loss           | 0.327       |
-----------------------------------------
-----------------------------------------
| episode/                |             |
|    lines_cleared_mean   | 4.27        |
|    perfect_clears_mean  | 0           |
|    pieces_placed_mean   | 22.4        |
| rollout/                |             |
|    ep_len_mean          | 22.6        |
|    ep_rew_mean          | 24.3        |
| time/                   |             |
|    fps                  | 642         |
|    iterations           | 589         |
|    time_elapsed         | 7505        |
|    total_timesteps      | 4825088     |
| train/                  |             |
|    approx_kl            | 0.029386634 |
|    clip_fraction        | 0.116       |
|    clip_range           | 0.2         |
|    entropy_loss         | -0.774      |
|    explained_variance   | 0.231       |
|    learning_rate        | 7e-05       |
|    loss                 | 0.179       |
|    n_updates            | 2352        |
|    policy_gradient_loss | -0.0152     |
|    value_loss           | 0.283       |
-----------------------------------------
-----------------------------------------
| episode/                |             |
|    lines_cleared_mean   | 4.1         |
|    perfect_clears_mean  | 0           |
|    pieces_placed_mean   | 22.5        |
| rollout/                |             |
|    ep_len_mean          | 24.7        |
|    ep_rew_mean          | 28.8        |
| time/                   |             |
|    fps                  | 642         |
|    iterations           | 590         |
|    time_elapsed         | 7518        |
|    total_timesteps      | 4833280     |
| train/                  |             |
|    approx_kl            | 0.026212197 |
|    clip_fraction        | 0.114       |
|    clip_range           | 0.2         |
|    entropy_loss         | -0.781      |
|    explained_variance   | 0.205       |
|    learning_rate        | 7e-05       |
|    loss                 | 0.196       |
|    n_updates            | 2356        |
|    policy_gradient_loss | -0.0139     |
|    value_loss           | 0.302       |
-----------------------------------------
-----------------------------------------
| episode/                |             |
|    lines_cleared_mean   | 4.09        |
|    perfect_clears_mean  | 0           |
|    pieces_placed_mean   | 22.8        |
| rollout/                |             |
|    ep_len_mean          | 21.6        |
|    ep_rew_mean          | 21.8        |
| time/                   |             |
|    fps                  | 642         |
|    iterations           | 591         |
|    time_elapsed         | 7531        |
|    total_timesteps      | 4841472     |
| train/                  |             |
|    approx_kl            | 0.027076354 |
|    clip_fraction        | 0.113       |
|    clip_range           | 0.2         |
|    entropy_loss         | -0.776      |
|    explained_variance   | 0.239       |
|    learning_rate        | 7e-05       |
|    loss                 | 0.208       |
|    n_updates            | 2360        |
|    policy_gradient_loss | -0.0144     |
|    value_loss           | 0.294       |
-----------------------------------------
-----------------------------------------
| episode/                |             |
|    lines_cleared_mean   | 4.27        |
|    perfect_clears_mean  | 0           |
|    pieces_placed_mean   | 22.2        |
| rollout/                |             |
|    ep_len_mean          | 23.9        |
|    ep_rew_mean          | 27.2        |
| time/                   |             |
|    fps                  | 642         |
|    iterations           | 592         |
|    time_elapsed         | 7543        |
|    total_timesteps      | 4849664     |
| train/                  |             |
|    approx_kl            | 0.032254808 |
|    clip_fraction        | 0.123       |
|    clip_range           | 0.2         |
|    entropy_loss         | -0.797      |
|    explained_variance   | 0.185       |
|    learning_rate        | 7e-05       |
|    loss                 | 0.172       |
|    n_updates            | 2364        |
|    policy_gradient_loss | -0.0141     |
|    value_loss           | 0.26        |
-----------------------------------------
-----------------------------------------
| episode/                |             |
|    lines_cleared_mean   | 4.9         |
|    perfect_clears_mean  | 0           |
|    pieces_placed_mean   | 23.6        |
| rollout/                |             |
|    ep_len_mean          | 23.4        |
|    ep_rew_mean          | 26.2        |
| time/                   |             |
|    fps                  | 642         |
|    iterations           | 593         |
|    time_elapsed         | 7556        |
|    total_timesteps      | 4857856     |
| train/                  |             |
|    approx_kl            | 0.029265337 |
|    clip_fraction        | 0.118       |
|    clip_range           | 0.2         |
|    entropy_loss         | -0.799      |
|    explained_variance   | 0.224       |
|    learning_rate        | 7e-05       |
|    loss                 | 0.192       |
|    n_updates            | 2368        |
|    policy_gradient_loss | -0.0159     |
|    value_loss           | 0.29        |
-----------------------------------------
----------------------------------------
| episode/                |            |
|    lines_cleared_mean   | 4.33       |
|    perfect_clears_mean  | 0          |
|    pieces_placed_mean   | 22.6       |
| rollout/                |            |
|    ep_len_mean          | 22.5       |
|    ep_rew_mean          | 24.2       |
| time/                   |            |
|    fps                  | 642        |
|    iterations           | 594        |
|    time_elapsed         | 7568       |
|    total_timesteps      | 4866048    |
| train/                  |            |
|    approx_kl            | 0.03289645 |
|    clip_fraction        | 0.131      |
|    clip_range           | 0.2        |
|    entropy_loss         | -0.797     |
|    explained_variance   | 0.207      |
|    learning_rate        | 7e-05      |
|    loss                 | 0.203      |
|    n_updates            | 2372       |
|    policy_gradient_loss | -0.0129    |
|    value_loss           | 0.292      |
----------------------------------------
-----------------------------------------
| episode/                |             |
|    lines_cleared_mean   | 3.2         |
|    perfect_clears_mean  | 0           |
|    pieces_placed_mean   | 20          |
| rollout/                |             |
|    ep_len_mean          | 22.8        |
|    ep_rew_mean          | 24.9        |
| time/                   |             |
|    fps                  | 642         |
|    iterations           | 595         |
|    time_elapsed         | 7581        |
|    total_timesteps      | 4874240     |
| train/                  |             |
|    approx_kl            | 0.036536355 |
|    clip_fraction        | 0.118       |
|    clip_range           | 0.2         |
|    entropy_loss         | -0.779      |
|    explained_variance   | 0.192       |
|    learning_rate        | 7e-05       |
|    loss                 | 0.171       |
|    n_updates            | 2376        |
|    policy_gradient_loss | -0.0132     |
|    value_loss           | 0.29        |
-----------------------------------------
----------------------------------------
| episode/                |            |
|    lines_cleared_mean   | 5.6        |
|    perfect_clears_mean  | 0          |
|    pieces_placed_mean   | 26.1       |
| rollout/                |            |
|    ep_len_mean          | 23.4       |
|    ep_rew_mean          | 25.8       |
| time/                   |            |
|    fps                  | 642        |
|    iterations           | 596        |
|    time_elapsed         | 7594       |
|    total_timesteps      | 4882432    |
| train/                  |            |
|    approx_kl            | 0.03223479 |
|    clip_fraction        | 0.124      |
|    clip_range           | 0.2        |
|    entropy_loss         | -0.766     |
|    explained_variance   | 0.189      |
|    learning_rate        | 7e-05      |
|    loss                 | 0.254      |
|    n_updates            | 2380       |
|    policy_gradient_loss | -0.0165    |
|    value_loss           | 0.287      |
----------------------------------------
-----------------------------------------
| episode/                |             |
|    lines_cleared_mean   | 5.3         |
|    perfect_clears_mean  | 0           |
|    pieces_placed_mean   | 25          |
| rollout/                |             |
|    ep_len_mean          | 23.1        |
|    ep_rew_mean          | 25.4        |
| time/                   |             |
|    fps                  | 642         |
|    iterations           | 597         |
|    time_elapsed         | 7606        |
|    total_timesteps      | 4890624     |
| train/                  |             |
|    approx_kl            | 0.028525844 |
|    clip_fraction        | 0.114       |
|    clip_range           | 0.2         |
|    entropy_loss         | -0.773      |
|    explained_variance   | 0.225       |
|    learning_rate        | 7e-05       |
|    loss                 | 0.243       |
|    n_updates            | 2384        |
|    policy_gradient_loss | -0.0156     |
|    value_loss           | 0.31        |
-----------------------------------------
-----------------------------------------
| episode/                |             |
|    lines_cleared_mean   | 2.2         |
|    perfect_clears_mean  | 0           |
|    pieces_placed_mean   | 17.2        |
| rollout/                |             |
|    ep_len_mean          | 21.5        |
|    ep_rew_mean          | 21.7        |
| time/                   |             |
|    fps                  | 642         |
|    iterations           | 598         |
|    time_elapsed         | 7618        |
|    total_timesteps      | 4898816     |
| train/                  |             |
|    approx_kl            | 0.027525522 |
|    clip_fraction        | 0.117       |
|    clip_range           | 0.2         |
|    entropy_loss         | -0.766      |
|    explained_variance   | 0.2         |
|    learning_rate        | 7e-05       |
|    loss                 | 0.211       |
|    n_updates            | 2388        |
|    policy_gradient_loss | -0.0149     |
|    value_loss           | 0.29        |
-----------------------------------------
-----------------------------------------
| episode/                |             |
|    lines_cleared_mean   | 5.9         |
|    perfect_clears_mean  | 0           |
|    pieces_placed_mean   | 26.4        |
| rollout/                |             |
|    ep_len_mean          | 24.1        |
|    ep_rew_mean          | 27.1        |
| time/                   |             |
|    fps                  | 642         |
|    iterations           | 599         |
|    time_elapsed         | 7631        |
|    total_timesteps      | 4907008     |
| train/                  |             |
|    approx_kl            | 0.037027385 |
|    clip_fraction        | 0.124       |
|    clip_range           | 0.2         |
|    entropy_loss         | -0.79       |
|    explained_variance   | 0.179       |
|    learning_rate        | 7e-05       |
|    loss                 | 0.227       |
|    n_updates            | 2392        |
|    policy_gradient_loss | -0.0146     |
|    value_loss           | 0.301       |
-----------------------------------------
-----------------------------------------
| episode/                |             |
|    lines_cleared_mean   | 6.5         |
|    perfect_clears_mean  | 0           |
|    pieces_placed_mean   | 28.2        |
| rollout/                |             |
|    ep_len_mean          | 22.5        |
|    ep_rew_mean          | 23.4        |
| time/                   |             |
|    fps                  | 643         |
|    iterations           | 600         |
|    time_elapsed         | 7644        |
|    total_timesteps      | 4915200     |
| train/                  |             |
|    approx_kl            | 0.031395853 |
|    clip_fraction        | 0.127       |
|    clip_range           | 0.2         |
|    entropy_loss         | -0.779      |
|    explained_variance   | 0.198       |
|    learning_rate        | 7e-05       |
|    loss                 | 0.176       |
|    n_updates            | 2396        |
|    policy_gradient_loss | -0.0141     |
|    value_loss           | 0.282       |
-----------------------------------------
-----------------------------------------
| episode/                |             |
|    lines_cleared_mean   | 3.09        |
|    perfect_clears_mean  | 0           |
|    pieces_placed_mean   | 19.8        |
| rollout/                |             |
|    ep_len_mean          | 22.9        |
|    ep_rew_mean          | 24.8        |
| time/                   |             |
|    fps                  | 643         |
|    iterations           | 601         |
|    time_elapsed         | 7656        |
|    total_timesteps      | 4923392     |
| train/                  |             |
|    approx_kl            | 0.031267174 |
|    clip_fraction        | 0.119       |
|    clip_range           | 0.2         |
|    entropy_loss         | -0.796      |
|    explained_variance   | 0.172       |
|    learning_rate        | 7e-05       |
|    loss                 | 0.182       |
|    n_updates            | 2400        |
|    policy_gradient_loss | -0.0144     |
|    value_loss           | 0.286       |
-----------------------------------------
-----------------------------------------
| episode/                |             |
|    lines_cleared_mean   | 3.18        |
|    perfect_clears_mean  | 0           |
|    pieces_placed_mean   | 20.7        |
| rollout/                |             |
|    ep_len_mean          | 21.8        |
|    ep_rew_mean          | 22          |
| time/                   |             |
|    fps                  | 643         |
|    iterations           | 602         |
|    time_elapsed         | 7669        |
|    total_timesteps      | 4931584     |
| train/                  |             |
|    approx_kl            | 0.030778695 |
|    clip_fraction        | 0.133       |
|    clip_range           | 0.2         |
|    entropy_loss         | -0.787      |
|    explained_variance   | 0.243       |
|    learning_rate        | 7e-05       |
|    loss                 | 0.178       |
|    n_updates            | 2404        |
|    policy_gradient_loss | -0.0143     |
|    value_loss           | 0.243       |
-----------------------------------------
----------------------------------------
| episode/                |            |
|    lines_cleared_mean   | 3.82       |
|    perfect_clears_mean  | 0          |
|    pieces_placed_mean   | 22.2       |
| rollout/                |            |
|    ep_len_mean          | 22.9       |
|    ep_rew_mean          | 24.9       |
| time/                   |            |
|    fps                  | 643        |
|    iterations           | 603        |
|    time_elapsed         | 7681       |
|    total_timesteps      | 4939776    |
| train/                  |            |
|    approx_kl            | 0.03127175 |
|    clip_fraction        | 0.127      |
|    clip_range           | 0.2        |
|    entropy_loss         | -0.793     |
|    explained_variance   | 0.26       |
|    learning_rate        | 7e-05      |
|    loss                 | 0.167      |
|    n_updates            | 2408       |
|    policy_gradient_loss | -0.0148    |
|    value_loss           | 0.27       |
----------------------------------------
-----------------------------------------
| episode/                |             |
|    lines_cleared_mean   | 5.36        |
|    perfect_clears_mean  | 0           |
|    pieces_placed_mean   | 25.1        |
| rollout/                |             |
|    ep_len_mean          | 22.2        |
|    ep_rew_mean          | 23.2        |
| time/                   |             |
|    fps                  | 643         |
|    iterations           | 604         |
|    time_elapsed         | 7694        |
|    total_timesteps      | 4947968     |
| train/                  |             |
|    approx_kl            | 0.025158703 |
|    clip_fraction        | 0.12        |
|    clip_range           | 0.2         |
|    entropy_loss         | -0.769      |
|    explained_variance   | 0.239       |
|    learning_rate        | 7e-05       |
|    loss                 | 0.193       |
|    n_updates            | 2412        |
|    policy_gradient_loss | -0.0163     |
|    value_loss           | 0.282       |
-----------------------------------------
-----------------------------------------
| episode/                |             |
|    lines_cleared_mean   | 6.5         |
|    perfect_clears_mean  | 0           |
|    pieces_placed_mean   | 29.2        |
| rollout/                |             |
|    ep_len_mean          | 24.1        |
|    ep_rew_mean          | 27.4        |
| time/                   |             |
|    fps                  | 643         |
|    iterations           | 605         |
|    time_elapsed         | 7706        |
|    total_timesteps      | 4956160     |
| train/                  |             |
|    approx_kl            | 0.031681184 |
|    clip_fraction        | 0.112       |
|    clip_range           | 0.2         |
|    entropy_loss         | -0.782      |
|    explained_variance   | 0.202       |
|    learning_rate        | 7e-05       |
|    loss                 | 0.181       |
|    n_updates            | 2416        |
|    policy_gradient_loss | -0.0156     |
|    value_loss           | 0.292       |
-----------------------------------------
-----------------------------------------
| episode/                |             |
|    lines_cleared_mean   | 4.27        |
|    perfect_clears_mean  | 0           |
|    pieces_placed_mean   | 23.4        |
| rollout/                |             |
|    ep_len_mean          | 23.2        |
|    ep_rew_mean          | 25.3        |
| time/                   |             |
|    fps                  | 643         |
|    iterations           | 606         |
|    time_elapsed         | 7719        |
|    total_timesteps      | 4964352     |
| train/                  |             |
|    approx_kl            | 0.031027945 |
|    clip_fraction        | 0.121       |
|    clip_range           | 0.2         |
|    entropy_loss         | -0.802      |
|    explained_variance   | 0.252       |
|    learning_rate        | 7e-05       |
|    loss                 | 0.184       |
|    n_updates            | 2420        |
|    policy_gradient_loss | -0.0132     |
|    value_loss           | 0.285       |
-----------------------------------------
-----------------------------------------
| episode/                |             |
|    lines_cleared_mean   | 4.64        |
|    perfect_clears_mean  | 0           |
|    pieces_placed_mean   | 22.5        |
| rollout/                |             |
|    ep_len_mean          | 22.4        |
|    ep_rew_mean          | 23.7        |
| time/                   |             |
|    fps                  | 643         |
|    iterations           | 607         |
|    time_elapsed         | 7731        |
|    total_timesteps      | 4972544     |
| train/                  |             |
|    approx_kl            | 0.029102929 |
|    clip_fraction        | 0.118       |
|    clip_range           | 0.2         |
|    entropy_loss         | -0.786      |
|    explained_variance   | 0.208       |
|    learning_rate        | 7e-05       |
|    loss                 | 0.225       |
|    n_updates            | 2424        |
|    policy_gradient_loss | -0.0148     |
|    value_loss           | 0.3         |
-----------------------------------------
----------------------------------------
| episode/                |            |
|    lines_cleared_mean   | 4.2        |
|    perfect_clears_mean  | 0          |
|    pieces_placed_mean   | 22.7       |
| rollout/                |            |
|    ep_len_mean          | 21.2       |
|    ep_rew_mean          | 21         |
| time/                   |            |
|    fps                  | 643        |
|    iterations           | 608        |
|    time_elapsed         | 7744       |
|    total_timesteps      | 4980736    |
| train/                  |            |
|    approx_kl            | 0.03028126 |
|    clip_fraction        | 0.12       |
|    clip_range           | 0.2        |
|    entropy_loss         | -0.793     |
|    explained_variance   | 0.256      |
|    learning_rate        | 7e-05      |
|    loss                 | 0.203      |
|    n_updates            | 2428       |
|    policy_gradient_loss | -0.0149    |
|    value_loss           | 0.284      |
----------------------------------------
----------------------------------------
| episode/                |            |
|    lines_cleared_mean   | 4.09       |
|    perfect_clears_mean  | 0          |
|    pieces_placed_mean   | 21.7       |
| rollout/                |            |
|    ep_len_mean          | 22.5       |
|    ep_rew_mean          | 24         |
| time/                   |            |
|    fps                  | 643        |
|    iterations           | 609        |
|    time_elapsed         | 7756       |
|    total_timesteps      | 4988928    |
| train/                  |            |
|    approx_kl            | 0.03138716 |
|    clip_fraction        | 0.118      |
|    clip_range           | 0.2        |
|    entropy_loss         | -0.802     |
|    explained_variance   | 0.258      |
|    learning_rate        | 7e-05      |
|    loss                 | 0.169      |
|    n_updates            | 2432       |
|    policy_gradient_loss | -0.0152    |
|    value_loss           | 0.258      |
----------------------------------------
-----------------------------------------
| episode/                |             |
|    lines_cleared_mean   | 4.9         |
|    perfect_clears_mean  | 0           |
|    pieces_placed_mean   | 24.2        |
| rollout/                |             |
|    ep_len_mean          | 22.7        |
|    ep_rew_mean          | 24.3        |
| time/                   |             |
|    fps                  | 643         |
|    iterations           | 610         |
|    time_elapsed         | 7770        |
|    total_timesteps      | 4997120     |
| train/                  |             |
|    approx_kl            | 0.030448321 |
|    clip_fraction        | 0.133       |
|    clip_range           | 0.2         |
|    entropy_loss         | -0.808      |
|    explained_variance   | 0.235       |
|    learning_rate        | 7e-05       |
|    loss                 | 0.184       |
|    n_updates            | 2436        |
|    policy_gradient_loss | -0.0166     |
|    value_loss           | 0.25        |
-----------------------------------------
-----------------------------------------
| episode/                |             |
|    lines_cleared_mean   | 3.91        |
|    perfect_clears_mean  | 0           |
|    pieces_placed_mean   | 21.6        |
| rollout/                |             |
|    ep_len_mean          | 22.2        |
|    ep_rew_mean          | 23.4        |
| time/                   |             |
|    fps                  | 642         |
|    iterations           | 611         |
|    time_elapsed         | 7784        |
|    total_timesteps      | 5005312     |
| train/                  |             |
|    approx_kl            | 0.030686703 |
|    clip_fraction        | 0.116       |
|    clip_range           | 0.2         |
|    entropy_loss         | -0.796      |
|    explained_variance   | 0.253       |
|    learning_rate        | 7e-05       |
|    loss                 | 0.25        |
|    n_updates            | 2440        |
|    policy_gradient_loss | -0.0123     |
|    value_loss           | 0.281       |
-----------------------------------------
 100% ━━━━━━━━━━━━━━━━━━━━━━━━━━━━━━━━━━━━━━━━━━━━━━━━━━━━━━━━━━━━━━━━━━━━━━━━━━━━━━━━━ 5,005,312/5,000,000  [ 2:09:38 < 0:00:00 , 586 it/s ]
[run_training] Модель сохранена: ./models/cnn_3_final.zip
[run_training] VecNormalize сохранён: ./models/cnn_3_vecnormalize.pkl
[run_training] При оценке указывай --vecnormalize ./models/cnn_3_vecnormalize.pkl
