=== TRAINING LOG: 2026-04-10 14:24:36 ===

=== 1. ARCHITECTURE ===
Algorithm: MaskablePPO
Architecture Type: CNN (Convolutional Neural Network)
Policy Class: MaskableActorCriticPolicy
Feature Extractor: SmallCNN
Network Architecture (net_arch): {'pi': [256, 256], 'vf': [512, 512]}

=== 2. TRAINING PARAMETERS ===
--- ARCH ---
CNN

--- normalize_reward ---
True

--- TRAIN ---
n_envs: 16
total_timesteps: 5000000
learning_rate: 7e-05
n_steps: 512
batch_size: 256
n_epochs: 4
gamma: 0.99
gae_lambda: 0.95
clip_range: 0.2
ent_coef: 0.005
vf_coef: 1.0
max_grad_norm: 0.5
policy: MlpPolicy
features_dim: 256
net_arch: {'pi': [256, 256], 'vf': [512, 512]}
features_extractor: cnn

--- REWARD ---
place_piece: 0.2
line_cleared: 3.0
combo_multiplier: 1.0
perfect_clear: 15.0
cell_potential: 0.3
invalid_move: -2.0
game_over: -5.0
game_over_per_cell: -0.1

--- ENV ---
board_size: 8
pieces_per_round: 3
max_steps: 2000

=== 3. CONSOLE OUTPUT ===
[run_training] Начинаем обучение на 5,000,000 шагов...
[run_training] Ожидаемый explained_variance > 0.5 после 500k шагов

Logging to ./runs/cnn_2_2
-------------------------------------
| episode/               |          |
|    lines_cleared_mean  | 2.5      |
|    perfect_clears_mean | 0        |
|    pieces_placed_mean  | 17.5     |
| rollout/               |          |
|    ep_len_mean         | 15.6     |
|    ep_rew_mean         | 6.72     |
| time/                  |          |
|    fps                 | 1715     |
|    iterations          | 1        |
|    time_elapsed        | 4        |
|    total_timesteps     | 8192     |
-------------------------------------
------------------------------------------
| episode/                |              |
|    lines_cleared_mean   | 1.3          |
|    perfect_clears_mean  | 0            |
|    pieces_placed_mean   | 15.4         |
| rollout/                |              |
|    ep_len_mean          | 15.2         |
|    ep_rew_mean          | 5.49         |
| time/                   |              |
|    fps                  | 1198         |
|    iterations           | 2            |
|    time_elapsed         | 13           |
|    total_timesteps      | 16384        |
| train/                  |              |
|    approx_kl            | 0.0065805195 |
|    clip_fraction        | 0.0212       |
|    clip_range           | 0.2          |
|    entropy_loss         | -2.86        |
|    explained_variance   | 0.0187       |
|    learning_rate        | 7e-05        |
|    loss                 | 0.931        |
|    n_updates            | 4            |
|    policy_gradient_loss | -0.00908     |
|    value_loss           | 1.24         |
------------------------------------------
-----------------------------------------
| episode/                |             |
|    lines_cleared_mean   | 2.4         |
|    perfect_clears_mean  | 0           |
|    pieces_placed_mean   | 17.2        |
| rollout/                |             |
|    ep_len_mean          | 17.3        |
|    ep_rew_mean          | 10.2        |
| time/                   |             |
|    fps                  | 1087        |
|    iterations           | 3           |
|    time_elapsed         | 22          |
|    total_timesteps      | 24576       |
| train/                  |             |
|    approx_kl            | 0.007786235 |
|    clip_fraction        | 0.0449      |
|    clip_range           | 0.2         |
|    entropy_loss         | -2.81       |
|    explained_variance   | 0.0527      |
|    learning_rate        | 7e-05       |
|    loss                 | 0.739       |
|    n_updates            | 8           |
|    policy_gradient_loss | -0.00889    |
|    value_loss           | 0.708       |
-----------------------------------------
-----------------------------------------
| episode/                |             |
|    lines_cleared_mean   | 1.2         |
|    perfect_clears_mean  | 0           |
|    pieces_placed_mean   | 14.4        |
| rollout/                |             |
|    ep_len_mean          | 15.3        |
|    ep_rew_mean          | 6.36        |
| time/                   |             |
|    fps                  | 1039        |
|    iterations           | 4           |
|    time_elapsed         | 31          |
|    total_timesteps      | 32768       |
| train/                  |             |
|    approx_kl            | 0.005939584 |
|    clip_fraction        | 0.03        |
|    clip_range           | 0.2         |
|    entropy_loss         | -2.82       |
|    explained_variance   | 0.0665      |
|    learning_rate        | 7e-05       |
|    loss                 | 0.701       |
|    n_updates            | 12          |
|    policy_gradient_loss | -0.0083     |
|    value_loss           | 0.694       |
-----------------------------------------
------------------------------------------
| episode/                |              |
|    lines_cleared_mean   | 1.2          |
|    perfect_clears_mean  | 0            |
|    pieces_placed_mean   | 15.1         |
| rollout/                |              |
|    ep_len_mean          | 15.7         |
|    ep_rew_mean          | 7.39         |
| time/                   |              |
|    fps                  | 1012         |
|    iterations           | 5            |
|    time_elapsed         | 40           |
|    total_timesteps      | 40960        |
| train/                  |              |
|    approx_kl            | 0.0078071533 |
|    clip_fraction        | 0.0386       |
|    clip_range           | 0.2          |
|    entropy_loss         | -2.82        |
|    explained_variance   | 0.0512       |
|    learning_rate        | 7e-05        |
|    loss                 | 0.584        |
|    n_updates            | 16           |
|    policy_gradient_loss | -0.00879     |
|    value_loss           | 0.614        |
------------------------------------------
-----------------------------------------
| episode/                |             |
|    lines_cleared_mean   | 1.58        |
|    perfect_clears_mean  | 0           |
|    pieces_placed_mean   | 15.9        |
| rollout/                |             |
|    ep_len_mean          | 15.3        |
|    ep_rew_mean          | 6.34        |
| time/                   |             |
|    fps                  | 996         |
|    iterations           | 6           |
|    time_elapsed         | 49          |
|    total_timesteps      | 49152       |
| train/                  |             |
|    approx_kl            | 0.008137505 |
|    clip_fraction        | 0.0525      |
|    clip_range           | 0.2         |
|    entropy_loss         | -2.8        |
|    explained_variance   | 0.0335      |
|    learning_rate        | 7e-05       |
|    loss                 | 0.618       |
|    n_updates            | 20          |
|    policy_gradient_loss | -0.00969    |
|    value_loss           | 0.697       |
-----------------------------------------
------------------------------------------
| episode/                |              |
|    lines_cleared_mean   | 2.3          |
|    perfect_clears_mean  | 0            |
|    pieces_placed_mean   | 16.8         |
| rollout/                |              |
|    ep_len_mean          | 15.9         |
|    ep_rew_mean          | 7.66         |
| time/                   |              |
|    fps                  | 985          |
|    iterations           | 7            |
|    time_elapsed         | 58           |
|    total_timesteps      | 57344        |
| train/                  |              |
|    approx_kl            | 0.0072771283 |
|    clip_fraction        | 0.0359       |
|    clip_range           | 0.2          |
|    entropy_loss         | -2.82        |
|    explained_variance   | 0.05         |
|    learning_rate        | 7e-05        |
|    loss                 | 0.623        |
|    n_updates            | 24           |
|    policy_gradient_loss | -0.00811     |
|    value_loss           | 0.633        |
------------------------------------------
------------------------------------------
| episode/                |              |
|    lines_cleared_mean   | 2.09         |
|    perfect_clears_mean  | 0            |
|    pieces_placed_mean   | 17.6         |
| rollout/                |              |
|    ep_len_mean          | 16.4         |
|    ep_rew_mean          | 8.63         |
| time/                   |              |
|    fps                  | 978          |
|    iterations           | 8            |
|    time_elapsed         | 66           |
|    total_timesteps      | 65536        |
| train/                  |              |
|    approx_kl            | 0.0068246257 |
|    clip_fraction        | 0.0409       |
|    clip_range           | 0.2          |
|    entropy_loss         | -2.77        |
|    explained_variance   | -0.00811     |
|    learning_rate        | 7e-05        |
|    loss                 | 0.445        |
|    n_updates            | 28           |
|    policy_gradient_loss | -0.00762     |
|    value_loss           | 0.589        |
------------------------------------------
------------------------------------------
| episode/                |              |
|    lines_cleared_mean   | 2.4          |
|    perfect_clears_mean  | 0            |
|    pieces_placed_mean   | 18.3         |
| rollout/                |              |
|    ep_len_mean          | 16.7         |
|    ep_rew_mean          | 9.08         |
| time/                   |              |
|    fps                  | 972          |
|    iterations           | 9            |
|    time_elapsed         | 75           |
|    total_timesteps      | 73728        |
| train/                  |              |
|    approx_kl            | 0.0071512614 |
|    clip_fraction        | 0.0344       |
|    clip_range           | 0.2          |
|    entropy_loss         | -2.81        |
|    explained_variance   | 0.0619       |
|    learning_rate        | 7e-05        |
|    loss                 | 0.463        |
|    n_updates            | 32           |
|    policy_gradient_loss | -0.00897     |
|    value_loss           | 0.611        |
------------------------------------------
------------------------------------------
| episode/                |              |
|    lines_cleared_mean   | 2            |
|    perfect_clears_mean  | 0            |
|    pieces_placed_mean   | 16.5         |
| rollout/                |              |
|    ep_len_mean          | 15.6         |
|    ep_rew_mean          | 6.31         |
| time/                   |              |
|    fps                  | 965          |
|    iterations           | 10           |
|    time_elapsed         | 84           |
|    total_timesteps      | 81920        |
| train/                  |              |
|    approx_kl            | 0.0052815145 |
|    clip_fraction        | 0.0188       |
|    clip_range           | 0.2          |
|    entropy_loss         | -2.75        |
|    explained_variance   | -0.0179      |
|    learning_rate        | 7e-05        |
|    loss                 | 0.585        |
|    n_updates            | 36           |
|    policy_gradient_loss | -0.00641     |
|    value_loss           | 0.742        |
------------------------------------------
-----------------------------------------
| episode/                |             |
|    lines_cleared_mean   | 0.917       |
|    perfect_clears_mean  | 0           |
|    pieces_placed_mean   | 13.8        |
| rollout/                |             |
|    ep_len_mean          | 16.5        |
|    ep_rew_mean          | 8.81        |
| time/                   |             |
|    fps                  | 960         |
|    iterations           | 11          |
|    time_elapsed         | 93          |
|    total_timesteps      | 90112       |
| train/                  |             |
|    approx_kl            | 0.005837887 |
|    clip_fraction        | 0.0323      |
|    clip_range           | 0.2         |
|    entropy_loss         | -2.79       |
|    explained_variance   | -0.011      |
|    learning_rate        | 7e-05       |
|    loss                 | 0.461       |
|    n_updates            | 40          |
|    policy_gradient_loss | -0.00781    |
|    value_loss           | 0.657       |
-----------------------------------------
-----------------------------------------
| episode/                |             |
|    lines_cleared_mean   | 1.82        |
|    perfect_clears_mean  | 0           |
|    pieces_placed_mean   | 15.8        |
| rollout/                |             |
|    ep_len_mean          | 16.4        |
|    ep_rew_mean          | 7.97        |
| time/                   |             |
|    fps                  | 957         |
|    iterations           | 12          |
|    time_elapsed         | 102         |
|    total_timesteps      | 98304       |
| train/                  |             |
|    approx_kl            | 0.007863015 |
|    clip_fraction        | 0.0464      |
|    clip_range           | 0.2         |
|    entropy_loss         | -2.76       |
|    explained_variance   | 0.0216      |
|    learning_rate        | 7e-05       |
|    loss                 | 0.398       |
|    n_updates            | 44          |
|    policy_gradient_loss | -0.00882    |
|    value_loss           | 0.602       |
-----------------------------------------

[WARNING] explained_variance=-0.052 после 100,016 шагов. Критик не обучается — проверь нормализацию наград.

-----------------------------------------
| episode/                |             |
|    lines_cleared_mean   | 1.1         |
|    perfect_clears_mean  | 0           |
|    pieces_placed_mean   | 15.3        |
| rollout/                |             |
|    ep_len_mean          | 15.7        |
|    ep_rew_mean          | 7.17        |
| time/                   |             |
|    fps                  | 953         |
|    iterations           | 13          |
|    time_elapsed         | 111         |
|    total_timesteps      | 106496      |
| train/                  |             |
|    approx_kl            | 0.007481225 |
|    clip_fraction        | 0.0478      |
|    clip_range           | 0.2         |
|    entropy_loss         | -2.76       |
|    explained_variance   | -0.052      |
|    learning_rate        | 7e-05       |
|    loss                 | 0.401       |
|    n_updates            | 48          |
|    policy_gradient_loss | -0.00876    |
|    value_loss           | 0.581       |
-----------------------------------------
-----------------------------------------
| episode/                |             |
|    lines_cleared_mean   | 1.36        |
|    perfect_clears_mean  | 0           |
|    pieces_placed_mean   | 15.3        |
| rollout/                |             |
|    ep_len_mean          | 16.4        |
|    ep_rew_mean          | 8.39        |
| time/                   |             |
|    fps                  | 951         |
|    iterations           | 14          |
|    time_elapsed         | 120         |
|    total_timesteps      | 114688      |
| train/                  |             |
|    approx_kl            | 0.006252764 |
|    clip_fraction        | 0.0323      |
|    clip_range           | 0.2         |
|    entropy_loss         | -2.75       |
|    explained_variance   | 0.0347      |
|    learning_rate        | 7e-05       |
|    loss                 | 0.35        |
|    n_updates            | 52          |
|    policy_gradient_loss | -0.0079     |
|    value_loss           | 0.558       |
-----------------------------------------
-----------------------------------------
| episode/                |             |
|    lines_cleared_mean   | 1.8         |
|    perfect_clears_mean  | 0           |
|    pieces_placed_mean   | 16.8        |
| rollout/                |             |
|    ep_len_mean          | 16.2        |
|    ep_rew_mean          | 7.58        |
| time/                   |             |
|    fps                  | 948         |
|    iterations           | 15          |
|    time_elapsed         | 129         |
|    total_timesteps      | 122880      |
| train/                  |             |
|    approx_kl            | 0.006293026 |
|    clip_fraction        | 0.0301      |
|    clip_range           | 0.2         |
|    entropy_loss         | -2.73       |
|    explained_variance   | -0.0572     |
|    learning_rate        | 7e-05       |
|    loss                 | 0.47        |
|    n_updates            | 56          |
|    policy_gradient_loss | -0.00735    |
|    value_loss           | 0.601       |
-----------------------------------------
------------------------------------------
| episode/                |              |
|    lines_cleared_mean   | 1.2          |
|    perfect_clears_mean  | 0            |
|    pieces_placed_mean   | 14           |
| rollout/                |              |
|    ep_len_mean          | 15.6         |
|    ep_rew_mean          | 6.54         |
| time/                   |              |
|    fps                  | 945          |
|    iterations           | 16           |
|    time_elapsed         | 138          |
|    total_timesteps      | 131072       |
| train/                  |              |
|    approx_kl            | 0.0072413087 |
|    clip_fraction        | 0.0579       |
|    clip_range           | 0.2          |
|    entropy_loss         | -2.75        |
|    explained_variance   | -0.00931     |
|    learning_rate        | 7e-05        |
|    loss                 | 0.356        |
|    n_updates            | 60           |
|    policy_gradient_loss | -0.00849     |
|    value_loss           | 0.496        |
------------------------------------------
-----------------------------------------
| episode/                |             |
|    lines_cleared_mean   | 1.27        |
|    perfect_clears_mean  | 0           |
|    pieces_placed_mean   | 15.3        |
| rollout/                |             |
|    ep_len_mean          | 16.5        |
|    ep_rew_mean          | 7.91        |
| time/                   |             |
|    fps                  | 943         |
|    iterations           | 17          |
|    time_elapsed         | 147         |
|    total_timesteps      | 139264      |
| train/                  |             |
|    approx_kl            | 0.008402519 |
|    clip_fraction        | 0.05        |
|    clip_range           | 0.2         |
|    entropy_loss         | -2.74       |
|    explained_variance   | -0.0148     |
|    learning_rate        | 7e-05       |
|    loss                 | 0.336       |
|    n_updates            | 64          |
|    policy_gradient_loss | -0.00903    |
|    value_loss           | 0.498       |
-----------------------------------------
------------------------------------------
| episode/                |              |
|    lines_cleared_mean   | 1.8          |
|    perfect_clears_mean  | 0            |
|    pieces_placed_mean   | 16.4         |
| rollout/                |              |
|    ep_len_mean          | 17.3         |
|    ep_rew_mean          | 9.73         |
| time/                   |              |
|    fps                  | 942          |
|    iterations           | 18           |
|    time_elapsed         | 156          |
|    total_timesteps      | 147456       |
| train/                  |              |
|    approx_kl            | 0.0066806213 |
|    clip_fraction        | 0.0325       |
|    clip_range           | 0.2          |
|    entropy_loss         | -2.75        |
|    explained_variance   | -0.00269     |
|    learning_rate        | 7e-05        |
|    loss                 | 0.374        |
|    n_updates            | 68           |
|    policy_gradient_loss | -0.00705     |
|    value_loss           | 0.502        |
------------------------------------------
-----------------------------------------
| episode/                |             |
|    lines_cleared_mean   | 0.8         |
|    perfect_clears_mean  | 0           |
|    pieces_placed_mean   | 14.5        |
| rollout/                |             |
|    ep_len_mean          | 16.8        |
|    ep_rew_mean          | 8.39        |
| time/                   |             |
|    fps                  | 940         |
|    iterations           | 19          |
|    time_elapsed         | 165         |
|    total_timesteps      | 155648      |
| train/                  |             |
|    approx_kl            | 0.007569351 |
|    clip_fraction        | 0.0386      |
|    clip_range           | 0.2         |
|    entropy_loss         | -2.68       |
|    explained_variance   | -0.0161     |
|    learning_rate        | 7e-05       |
|    loss                 | 0.321       |
|    n_updates            | 72          |
|    policy_gradient_loss | -0.00803    |
|    value_loss           | 0.511       |
-----------------------------------------
-----------------------------------------
| episode/                |             |
|    lines_cleared_mean   | 1.6         |
|    perfect_clears_mean  | 0           |
|    pieces_placed_mean   | 16          |
| rollout/                |             |
|    ep_len_mean          | 16.2        |
|    ep_rew_mean          | 8.01        |
| time/                   |             |
|    fps                  | 939         |
|    iterations           | 20          |
|    time_elapsed         | 174         |
|    total_timesteps      | 163840      |
| train/                  |             |
|    approx_kl            | 0.006063333 |
|    clip_fraction        | 0.0326      |
|    clip_range           | 0.2         |
|    entropy_loss         | -2.72       |
|    explained_variance   | 0.00568     |
|    learning_rate        | 7e-05       |
|    loss                 | 0.389       |
|    n_updates            | 76          |
|    policy_gradient_loss | -0.00695    |
|    value_loss           | 0.519       |
-----------------------------------------
-----------------------------------------
| episode/                |             |
|    lines_cleared_mean   | 1.08        |
|    perfect_clears_mean  | 0           |
|    pieces_placed_mean   | 14.3        |
| rollout/                |             |
|    ep_len_mean          | 16.3        |
|    ep_rew_mean          | 7.83        |
| time/                   |             |
|    fps                  | 937         |
|    iterations           | 21          |
|    time_elapsed         | 183         |
|    total_timesteps      | 172032      |
| train/                  |             |
|    approx_kl            | 0.005420099 |
|    clip_fraction        | 0.0299      |
|    clip_range           | 0.2         |
|    entropy_loss         | -2.69       |
|    explained_variance   | -0.0231     |
|    learning_rate        | 7e-05       |
|    loss                 | 0.452       |
|    n_updates            | 80          |
|    policy_gradient_loss | -0.00728    |
|    value_loss           | 0.586       |
-----------------------------------------
-----------------------------------------
| episode/                |             |
|    lines_cleared_mean   | 1.5         |
|    perfect_clears_mean  | 0           |
|    pieces_placed_mean   | 15.7        |
| rollout/                |             |
|    ep_len_mean          | 15.6        |
|    ep_rew_mean          | 6.4         |
| time/                   |             |
|    fps                  | 936         |
|    iterations           | 22          |
|    time_elapsed         | 192         |
|    total_timesteps      | 180224      |
| train/                  |             |
|    approx_kl            | 0.006893509 |
|    clip_fraction        | 0.0337      |
|    clip_range           | 0.2         |
|    entropy_loss         | -2.71       |
|    explained_variance   | -0.0287     |
|    learning_rate        | 7e-05       |
|    loss                 | 0.405       |
|    n_updates            | 84          |
|    policy_gradient_loss | -0.00847    |
|    value_loss           | 0.554       |
-----------------------------------------
-----------------------------------------
| episode/                |             |
|    lines_cleared_mean   | 1.1         |
|    perfect_clears_mean  | 0           |
|    pieces_placed_mean   | 13.8        |
| rollout/                |             |
|    ep_len_mean          | 16.6        |
|    ep_rew_mean          | 9.07        |
| time/                   |             |
|    fps                  | 935         |
|    iterations           | 23          |
|    time_elapsed         | 201         |
|    total_timesteps      | 188416      |
| train/                  |             |
|    approx_kl            | 0.007257214 |
|    clip_fraction        | 0.0436      |
|    clip_range           | 0.2         |
|    entropy_loss         | -2.69       |
|    explained_variance   | -0.0317     |
|    learning_rate        | 7e-05       |
|    loss                 | 0.369       |
|    n_updates            | 88          |
|    policy_gradient_loss | -0.00797    |
|    value_loss           | 0.559       |
-----------------------------------------
-----------------------------------------
| episode/                |             |
|    lines_cleared_mean   | 3.25        |
|    perfect_clears_mean  | 0           |
|    pieces_placed_mean   | 19.7        |
| rollout/                |             |
|    ep_len_mean          | 16.4        |
|    ep_rew_mean          | 8.66        |
| time/                   |             |
|    fps                  | 934         |
|    iterations           | 24          |
|    time_elapsed         | 210         |
|    total_timesteps      | 196608      |
| train/                  |             |
|    approx_kl            | 0.006103266 |
|    clip_fraction        | 0.0304      |
|    clip_range           | 0.2         |
|    entropy_loss         | -2.72       |
|    explained_variance   | 0.0302      |
|    learning_rate        | 7e-05       |
|    loss                 | 0.369       |
|    n_updates            | 92          |
|    policy_gradient_loss | -0.00717    |
|    value_loss           | 0.559       |
-----------------------------------------
-----------------------------------------
| episode/                |             |
|    lines_cleared_mean   | 1.4         |
|    perfect_clears_mean  | 0           |
|    pieces_placed_mean   | 15.5        |
| rollout/                |             |
|    ep_len_mean          | 16.3        |
|    ep_rew_mean          | 7.7         |
| time/                   |             |
|    fps                  | 933         |
|    iterations           | 25          |
|    time_elapsed         | 219         |
|    total_timesteps      | 204800      |
| train/                  |             |
|    approx_kl            | 0.006508242 |
|    clip_fraction        | 0.0379      |
|    clip_range           | 0.2         |
|    entropy_loss         | -2.69       |
|    explained_variance   | -0.0424     |
|    learning_rate        | 7e-05       |
|    loss                 | 0.381       |
|    n_updates            | 96          |
|    policy_gradient_loss | -0.00711    |
|    value_loss           | 0.586       |
-----------------------------------------
-----------------------------------------
| episode/                |             |
|    lines_cleared_mean   | 1.82        |
|    perfect_clears_mean  | 0           |
|    pieces_placed_mean   | 16.5        |
| rollout/                |             |
|    ep_len_mean          | 16.8        |
|    ep_rew_mean          | 8.39        |
| time/                   |             |
|    fps                  | 932         |
|    iterations           | 26          |
|    time_elapsed         | 228         |
|    total_timesteps      | 212992      |
| train/                  |             |
|    approx_kl            | 0.007447187 |
|    clip_fraction        | 0.0446      |
|    clip_range           | 0.2         |
|    entropy_loss         | -2.68       |
|    explained_variance   | -0.0391     |
|    learning_rate        | 7e-05       |
|    loss                 | 0.35        |
|    n_updates            | 100         |
|    policy_gradient_loss | -0.00816    |
|    value_loss           | 0.512       |
-----------------------------------------
------------------------------------------
| episode/                |              |
|    lines_cleared_mean   | 2.73         |
|    perfect_clears_mean  | 0            |
|    pieces_placed_mean   | 19.1         |
| rollout/                |              |
|    ep_len_mean          | 16.9         |
|    ep_rew_mean          | 8.99         |
| time/                   |              |
|    fps                  | 931          |
|    iterations           | 27           |
|    time_elapsed         | 237          |
|    total_timesteps      | 221184       |
| train/                  |              |
|    approx_kl            | 0.0067917285 |
|    clip_fraction        | 0.034        |
|    clip_range           | 0.2          |
|    entropy_loss         | -2.68        |
|    explained_variance   | -0.0372      |
|    learning_rate        | 7e-05        |
|    loss                 | 0.398        |
|    n_updates            | 104          |
|    policy_gradient_loss | -0.00773     |
|    value_loss           | 0.557        |
------------------------------------------
------------------------------------------
| episode/                |              |
|    lines_cleared_mean   | 2            |
|    perfect_clears_mean  | 0            |
|    pieces_placed_mean   | 16.9         |
| rollout/                |              |
|    ep_len_mean          | 15.9         |
|    ep_rew_mean          | 7.11         |
| time/                   |              |
|    fps                  | 930          |
|    iterations           | 28           |
|    time_elapsed         | 246          |
|    total_timesteps      | 229376       |
| train/                  |              |
|    approx_kl            | 0.0075119296 |
|    clip_fraction        | 0.0467       |
|    clip_range           | 0.2          |
|    entropy_loss         | -2.65        |
|    explained_variance   | -0.022       |
|    learning_rate        | 7e-05        |
|    loss                 | 0.369        |
|    n_updates            | 108          |
|    policy_gradient_loss | -0.00822     |
|    value_loss           | 0.537        |
------------------------------------------
-----------------------------------------
| episode/                |             |
|    lines_cleared_mean   | 1.8         |
|    perfect_clears_mean  | 0           |
|    pieces_placed_mean   | 16.9        |
| rollout/                |             |
|    ep_len_mean          | 15.8        |
|    ep_rew_mean          | 6.67        |
| time/                   |             |
|    fps                  | 930         |
|    iterations           | 29          |
|    time_elapsed         | 255         |
|    total_timesteps      | 237568      |
| train/                  |             |
|    approx_kl            | 0.007913558 |
|    clip_fraction        | 0.0685      |
|    clip_range           | 0.2         |
|    entropy_loss         | -2.64       |
|    explained_variance   | -0.0917     |
|    learning_rate        | 7e-05       |
|    loss                 | 0.308       |
|    n_updates            | 112         |
|    policy_gradient_loss | -0.00923    |
|    value_loss           | 0.506       |
-----------------------------------------
-----------------------------------------
| episode/                |             |
|    lines_cleared_mean   | 1.82        |
|    perfect_clears_mean  | 0           |
|    pieces_placed_mean   | 15.7        |
| rollout/                |             |
|    ep_len_mean          | 17.6        |
|    ep_rew_mean          | 10.8        |
| time/                   |             |
|    fps                  | 929         |
|    iterations           | 30          |
|    time_elapsed         | 264         |
|    total_timesteps      | 245760      |
| train/                  |             |
|    approx_kl            | 0.008043066 |
|    clip_fraction        | 0.0509      |
|    clip_range           | 0.2         |
|    entropy_loss         | -2.65       |
|    explained_variance   | -0.0333     |
|    learning_rate        | 7e-05       |
|    loss                 | 0.33        |
|    n_updates            | 116         |
|    policy_gradient_loss | -0.0084     |
|    value_loss           | 0.51        |
-----------------------------------------
------------------------------------------
| episode/                |              |
|    lines_cleared_mean   | 2.09         |
|    perfect_clears_mean  | 0            |
|    pieces_placed_mean   | 17.3         |
| rollout/                |              |
|    ep_len_mean          | 16.5         |
|    ep_rew_mean          | 8.33         |
| time/                   |              |
|    fps                  | 928          |
|    iterations           | 31           |
|    time_elapsed         | 273          |
|    total_timesteps      | 253952       |
| train/                  |              |
|    approx_kl            | 0.0070615145 |
|    clip_fraction        | 0.0439       |
|    clip_range           | 0.2          |
|    entropy_loss         | -2.62        |
|    explained_variance   | -0.0668      |
|    learning_rate        | 7e-05        |
|    loss                 | 0.385        |
|    n_updates            | 120          |
|    policy_gradient_loss | -0.00808     |
|    value_loss           | 0.572        |
------------------------------------------
------------------------------------------
| episode/                |              |
|    lines_cleared_mean   | 0.6          |
|    perfect_clears_mean  | 0            |
|    pieces_placed_mean   | 13.6         |
| rollout/                |              |
|    ep_len_mean          | 16.1         |
|    ep_rew_mean          | 7.58         |
| time/                   |              |
|    fps                  | 927          |
|    iterations           | 32           |
|    time_elapsed         | 282          |
|    total_timesteps      | 262144       |
| train/                  |              |
|    approx_kl            | 0.0075375102 |
|    clip_fraction        | 0.0429       |
|    clip_range           | 0.2          |
|    entropy_loss         | -2.59        |
|    explained_variance   | -0.0258      |
|    learning_rate        | 7e-05        |
|    loss                 | 0.452        |
|    n_updates            | 124          |
|    policy_gradient_loss | -0.00764     |
|    value_loss           | 0.561        |
------------------------------------------
-----------------------------------------
| episode/                |             |
|    lines_cleared_mean   | 1.8         |
|    perfect_clears_mean  | 0           |
|    pieces_placed_mean   | 16.4        |
| rollout/                |             |
|    ep_len_mean          | 17          |
|    ep_rew_mean          | 9.2         |
| time/                   |             |
|    fps                  | 927         |
|    iterations           | 33          |
|    time_elapsed         | 291         |
|    total_timesteps      | 270336      |
| train/                  |             |
|    approx_kl            | 0.008187411 |
|    clip_fraction        | 0.044       |
|    clip_range           | 0.2         |
|    entropy_loss         | -2.61       |
|    explained_variance   | -0.0599     |
|    learning_rate        | 7e-05       |
|    loss                 | 0.477       |
|    n_updates            | 128         |
|    policy_gradient_loss | -0.00839    |
|    value_loss           | 0.612       |
-----------------------------------------
-----------------------------------------
| episode/                |             |
|    lines_cleared_mean   | 1.55        |
|    perfect_clears_mean  | 0           |
|    pieces_placed_mean   | 15.8        |
| rollout/                |             |
|    ep_len_mean          | 16.1        |
|    ep_rew_mean          | 7.65        |
| time/                   |             |
|    fps                  | 926         |
|    iterations           | 34          |
|    time_elapsed         | 300         |
|    total_timesteps      | 278528      |
| train/                  |             |
|    approx_kl            | 0.007676741 |
|    clip_fraction        | 0.0454      |
|    clip_range           | 0.2         |
|    entropy_loss         | -2.63       |
|    explained_variance   | -0.0526     |
|    learning_rate        | 7e-05       |
|    loss                 | 0.354       |
|    n_updates            | 132         |
|    policy_gradient_loss | -0.00769    |
|    value_loss           | 0.581       |
-----------------------------------------
-----------------------------------------
| episode/                |             |
|    lines_cleared_mean   | 1.9         |
|    perfect_clears_mean  | 0           |
|    pieces_placed_mean   | 16.9        |
| rollout/                |             |
|    ep_len_mean          | 16.3        |
|    ep_rew_mean          | 7.77        |
| time/                   |             |
|    fps                  | 926         |
|    iterations           | 35          |
|    time_elapsed         | 309         |
|    total_timesteps      | 286720      |
| train/                  |             |
|    approx_kl            | 0.008070654 |
|    clip_fraction        | 0.0562      |
|    clip_range           | 0.2         |
|    entropy_loss         | -2.59       |
|    explained_variance   | -0.00938    |
|    learning_rate        | 7e-05       |
|    loss                 | 0.27        |
|    n_updates            | 136         |
|    policy_gradient_loss | -0.00859    |
|    value_loss           | 0.479       |
-----------------------------------------
-----------------------------------------
| episode/                |             |
|    lines_cleared_mean   | 3.6         |
|    perfect_clears_mean  | 0           |
|    pieces_placed_mean   | 19.9        |
| rollout/                |             |
|    ep_len_mean          | 17.1        |
|    ep_rew_mean          | 9.83        |
| time/                   |             |
|    fps                  | 925         |
|    iterations           | 36          |
|    time_elapsed         | 318         |
|    total_timesteps      | 294912      |
| train/                  |             |
|    approx_kl            | 0.008224282 |
|    clip_fraction        | 0.0601      |
|    clip_range           | 0.2         |
|    entropy_loss         | -2.6        |
|    explained_variance   | -0.0605     |
|    learning_rate        | 7e-05       |
|    loss                 | 0.329       |
|    n_updates            | 140         |
|    policy_gradient_loss | -0.00917    |
|    value_loss           | 0.483       |
-----------------------------------------
------------------------------------------
| episode/                |              |
|    lines_cleared_mean   | 3.3          |
|    perfect_clears_mean  | 0            |
|    pieces_placed_mean   | 20.3         |
| rollout/                |              |
|    ep_len_mean          | 17.2         |
|    ep_rew_mean          | 9.69         |
| time/                   |              |
|    fps                  | 925          |
|    iterations           | 37           |
|    time_elapsed         | 327          |
|    total_timesteps      | 303104       |
| train/                  |              |
|    approx_kl            | 0.0076445094 |
|    clip_fraction        | 0.0511       |
|    clip_range           | 0.2          |
|    entropy_loss         | -2.58        |
|    explained_variance   | -0.0124      |
|    learning_rate        | 7e-05        |
|    loss                 | 0.367        |
|    n_updates            | 144          |
|    policy_gradient_loss | -0.0088      |
|    value_loss           | 0.526        |
------------------------------------------
-----------------------------------------
| episode/                |             |
|    lines_cleared_mean   | 2.3         |
|    perfect_clears_mean  | 0           |
|    pieces_placed_mean   | 18          |
| rollout/                |             |
|    ep_len_mean          | 18.3        |
|    ep_rew_mean          | 11.8        |
| time/                   |             |
|    fps                  | 924         |
|    iterations           | 38          |
|    time_elapsed         | 336         |
|    total_timesteps      | 311296      |
| train/                  |             |
|    approx_kl            | 0.007412168 |
|    clip_fraction        | 0.0489      |
|    clip_range           | 0.2         |
|    entropy_loss         | -2.5        |
|    explained_variance   | -0.00993    |
|    learning_rate        | 7e-05       |
|    loss                 | 0.379       |
|    n_updates            | 148         |
|    policy_gradient_loss | -0.0085     |
|    value_loss           | 0.613       |
-----------------------------------------
-----------------------------------------
| episode/                |             |
|    lines_cleared_mean   | 3.55        |
|    perfect_clears_mean  | 0           |
|    pieces_placed_mean   | 20.2        |
| rollout/                |             |
|    ep_len_mean          | 18.6        |
|    ep_rew_mean          | 12.5        |
| time/                   |             |
|    fps                  | 924         |
|    iterations           | 39          |
|    time_elapsed         | 345         |
|    total_timesteps      | 319488      |
| train/                  |             |
|    approx_kl            | 0.008142792 |
|    clip_fraction        | 0.0476      |
|    clip_range           | 0.2         |
|    entropy_loss         | -2.52       |
|    explained_variance   | -0.053      |
|    learning_rate        | 7e-05       |
|    loss                 | 0.434       |
|    n_updates            | 152         |
|    policy_gradient_loss | -0.00861    |
|    value_loss           | 0.664       |
-----------------------------------------
------------------------------------------
| episode/                |              |
|    lines_cleared_mean   | 1.6          |
|    perfect_clears_mean  | 0            |
|    pieces_placed_mean   | 16           |
| rollout/                |              |
|    ep_len_mean          | 16.3         |
|    ep_rew_mean          | 7.74         |
| time/                   |              |
|    fps                  | 924          |
|    iterations           | 40           |
|    time_elapsed         | 354          |
|    total_timesteps      | 327680       |
| train/                  |              |
|    approx_kl            | 0.0071455548 |
|    clip_fraction        | 0.0485       |
|    clip_range           | 0.2          |
|    entropy_loss         | -2.48        |
|    explained_variance   | -0.0481      |
|    learning_rate        | 7e-05        |
|    loss                 | 0.391        |
|    n_updates            | 156          |
|    policy_gradient_loss | -0.00854     |
|    value_loss           | 0.613        |
------------------------------------------
----------------------------------------
| episode/                |            |
|    lines_cleared_mean   | 0.9        |
|    perfect_clears_mean  | 0          |
|    pieces_placed_mean   | 14.9       |
| rollout/                |            |
|    ep_len_mean          | 17.4       |
|    ep_rew_mean          | 9.95       |
| time/                   |            |
|    fps                  | 923        |
|    iterations           | 41         |
|    time_elapsed         | 363        |
|    total_timesteps      | 335872     |
| train/                  |            |
|    approx_kl            | 0.00821367 |
|    clip_fraction        | 0.0693     |
|    clip_range           | 0.2        |
|    entropy_loss         | -2.53      |
|    explained_variance   | -0.0293    |
|    learning_rate        | 7e-05      |
|    loss                 | 0.312      |
|    n_updates            | 160        |
|    policy_gradient_loss | -0.01      |
|    value_loss           | 0.513      |
----------------------------------------
-----------------------------------------
| episode/                |             |
|    lines_cleared_mean   | 1.5         |
|    perfect_clears_mean  | 0           |
|    pieces_placed_mean   | 15.7        |
| rollout/                |             |
|    ep_len_mean          | 16.8        |
|    ep_rew_mean          | 9.34        |
| time/                   |             |
|    fps                  | 923         |
|    iterations           | 42          |
|    time_elapsed         | 372         |
|    total_timesteps      | 344064      |
| train/                  |             |
|    approx_kl            | 0.008025663 |
|    clip_fraction        | 0.0613      |
|    clip_range           | 0.2         |
|    entropy_loss         | -2.47       |
|    explained_variance   | -0.0108     |
|    learning_rate        | 7e-05       |
|    loss                 | 0.39        |
|    n_updates            | 164         |
|    policy_gradient_loss | -0.00962    |
|    value_loss           | 0.574       |
-----------------------------------------
-----------------------------------------
| episode/                |             |
|    lines_cleared_mean   | 1.3         |
|    perfect_clears_mean  | 0           |
|    pieces_placed_mean   | 15.4        |
| rollout/                |             |
|    ep_len_mean          | 17.7        |
|    ep_rew_mean          | 10.4        |
| time/                   |             |
|    fps                  | 923         |
|    iterations           | 43          |
|    time_elapsed         | 381         |
|    total_timesteps      | 352256      |
| train/                  |             |
|    approx_kl            | 0.008025037 |
|    clip_fraction        | 0.0473      |
|    clip_range           | 0.2         |
|    entropy_loss         | -2.54       |
|    explained_variance   | -0.0271     |
|    learning_rate        | 7e-05       |
|    loss                 | 0.368       |
|    n_updates            | 168         |
|    policy_gradient_loss | -0.00896    |
|    value_loss           | 0.538       |
-----------------------------------------
-----------------------------------------
| episode/                |             |
|    lines_cleared_mean   | 2.54        |
|    perfect_clears_mean  | 0           |
|    pieces_placed_mean   | 19          |
| rollout/                |             |
|    ep_len_mean          | 16.8        |
|    ep_rew_mean          | 8.46        |
| time/                   |             |
|    fps                  | 922         |
|    iterations           | 44          |
|    time_elapsed         | 390         |
|    total_timesteps      | 360448      |
| train/                  |             |
|    approx_kl            | 0.007284976 |
|    clip_fraction        | 0.0484      |
|    clip_range           | 0.2         |
|    entropy_loss         | -2.5        |
|    explained_variance   | -0.0422     |
|    learning_rate        | 7e-05       |
|    loss                 | 0.368       |
|    n_updates            | 172         |
|    policy_gradient_loss | -0.00983    |
|    value_loss           | 0.526       |
-----------------------------------------
------------------------------------------
| episode/                |              |
|    lines_cleared_mean   | 1.8          |
|    perfect_clears_mean  | 0            |
|    pieces_placed_mean   | 16.9         |
| rollout/                |              |
|    ep_len_mean          | 16.6         |
|    ep_rew_mean          | 7.84         |
| time/                   |              |
|    fps                  | 922          |
|    iterations           | 45           |
|    time_elapsed         | 399          |
|    total_timesteps      | 368640       |
| train/                  |              |
|    approx_kl            | 0.0088539105 |
|    clip_fraction        | 0.065        |
|    clip_range           | 0.2          |
|    entropy_loss         | -2.47        |
|    explained_variance   | -0.0134      |
|    learning_rate        | 7e-05        |
|    loss                 | 0.441        |
|    n_updates            | 176          |
|    policy_gradient_loss | -0.00988     |
|    value_loss           | 0.604        |
------------------------------------------
-----------------------------------------
| episode/                |             |
|    lines_cleared_mean   | 4.1         |
|    perfect_clears_mean  | 0           |
|    pieces_placed_mean   | 22          |
| rollout/                |             |
|    ep_len_mean          | 17.2        |
|    ep_rew_mean          | 9.45        |
| time/                   |             |
|    fps                  | 921         |
|    iterations           | 46          |
|    time_elapsed         | 408         |
|    total_timesteps      | 376832      |
| train/                  |             |
|    approx_kl            | 0.008288205 |
|    clip_fraction        | 0.0597      |
|    clip_range           | 0.2         |
|    entropy_loss         | -2.46       |
|    explained_variance   | -0.00294    |
|    learning_rate        | 7e-05       |
|    loss                 | 0.451       |
|    n_updates            | 180         |
|    policy_gradient_loss | -0.00932    |
|    value_loss           | 0.6         |
-----------------------------------------
-----------------------------------------
| episode/                |             |
|    lines_cleared_mean   | 1.2         |
|    perfect_clears_mean  | 0           |
|    pieces_placed_mean   | 14.9        |
| rollout/                |             |
|    ep_len_mean          | 16.5        |
|    ep_rew_mean          | 8.12        |
| time/                   |             |
|    fps                  | 921         |
|    iterations           | 47          |
|    time_elapsed         | 417         |
|    total_timesteps      | 385024      |
| train/                  |             |
|    approx_kl            | 0.008527894 |
|    clip_fraction        | 0.0545      |
|    clip_range           | 0.2         |
|    entropy_loss         | -2.45       |
|    explained_variance   | -0.0364     |
|    learning_rate        | 7e-05       |
|    loss                 | 0.338       |
|    n_updates            | 184         |
|    policy_gradient_loss | -0.00834    |
|    value_loss           | 0.557       |
-----------------------------------------
-----------------------------------------
| episode/                |             |
|    lines_cleared_mean   | 2.55        |
|    perfect_clears_mean  | 0           |
|    pieces_placed_mean   | 18          |
| rollout/                |             |
|    ep_len_mean          | 17.5        |
|    ep_rew_mean          | 10.3        |
| time/                   |             |
|    fps                  | 921         |
|    iterations           | 48          |
|    time_elapsed         | 426         |
|    total_timesteps      | 393216      |
| train/                  |             |
|    approx_kl            | 0.007964347 |
|    clip_fraction        | 0.058       |
|    clip_range           | 0.2         |
|    entropy_loss         | -2.5        |
|    explained_variance   | -0.0518     |
|    learning_rate        | 7e-05       |
|    loss                 | 0.26        |
|    n_updates            | 188         |
|    policy_gradient_loss | -0.00883    |
|    value_loss           | 0.5         |
-----------------------------------------
-----------------------------------------
| episode/                |             |
|    lines_cleared_mean   | 1           |
|    perfect_clears_mean  | 0           |
|    pieces_placed_mean   | 15.3        |
| rollout/                |             |
|    ep_len_mean          | 16.5        |
|    ep_rew_mean          | 8.36        |
| time/                   |             |
|    fps                  | 921         |
|    iterations           | 49          |
|    time_elapsed         | 435         |
|    total_timesteps      | 401408      |
| train/                  |             |
|    approx_kl            | 0.007892158 |
|    clip_fraction        | 0.0619      |
|    clip_range           | 0.2         |
|    entropy_loss         | -2.48       |
|    explained_variance   | -0.0471     |
|    learning_rate        | 7e-05       |
|    loss                 | 0.324       |
|    n_updates            | 192         |
|    policy_gradient_loss | -0.00939    |
|    value_loss           | 0.489       |
-----------------------------------------
-----------------------------------------
| episode/                |             |
|    lines_cleared_mean   | 1.9         |
|    perfect_clears_mean  | 0           |
|    pieces_placed_mean   | 16.7        |
| rollout/                |             |
|    ep_len_mean          | 17.1        |
|    ep_rew_mean          | 9.79        |
| time/                   |             |
|    fps                  | 920         |
|    iterations           | 50          |
|    time_elapsed         | 444         |
|    total_timesteps      | 409600      |
| train/                  |             |
|    approx_kl            | 0.007913612 |
|    clip_fraction        | 0.0469      |
|    clip_range           | 0.2         |
|    entropy_loss         | -2.46       |
|    explained_variance   | -0.0227     |
|    learning_rate        | 7e-05       |
|    loss                 | 0.342       |
|    n_updates            | 196         |
|    policy_gradient_loss | -0.00834    |
|    value_loss           | 0.505       |
-----------------------------------------
----------------------------------------
| episode/                |            |
|    lines_cleared_mean   | 3          |
|    perfect_clears_mean  | 0          |
|    pieces_placed_mean   | 18.7       |
| rollout/                |            |
|    ep_len_mean          | 16.6       |
|    ep_rew_mean          | 8.7        |
| time/                   |            |
|    fps                  | 920        |
|    iterations           | 51         |
|    time_elapsed         | 453        |
|    total_timesteps      | 417792     |
| train/                  |            |
|    approx_kl            | 0.00788837 |
|    clip_fraction        | 0.0511     |
|    clip_range           | 0.2        |
|    entropy_loss         | -2.47      |
|    explained_variance   | -0.0123    |
|    learning_rate        | 7e-05      |
|    loss                 | 0.253      |
|    n_updates            | 200        |
|    policy_gradient_loss | -0.00864   |
|    value_loss           | 0.515      |
----------------------------------------
------------------------------------------
| episode/                |              |
|    lines_cleared_mean   | 1.58         |
|    perfect_clears_mean  | 0            |
|    pieces_placed_mean   | 16.2         |
| rollout/                |              |
|    ep_len_mean          | 17.9         |
|    ep_rew_mean          | 10.7         |
| time/                   |              |
|    fps                  | 920          |
|    iterations           | 52           |
|    time_elapsed         | 462          |
|    total_timesteps      | 425984       |
| train/                  |              |
|    approx_kl            | 0.0074348412 |
|    clip_fraction        | 0.0535       |
|    clip_range           | 0.2          |
|    entropy_loss         | -2.45        |
|    explained_variance   | -0.0524      |
|    learning_rate        | 7e-05        |
|    loss                 | 0.304        |
|    n_updates            | 204          |
|    policy_gradient_loss | -0.00801     |
|    value_loss           | 0.508        |
------------------------------------------
-----------------------------------------
| episode/                |             |
|    lines_cleared_mean   | 2.4         |
|    perfect_clears_mean  | 0           |
|    pieces_placed_mean   | 17.5        |
| rollout/                |             |
|    ep_len_mean          | 17.4        |
|    ep_rew_mean          | 9.84        |
| time/                   |             |
|    fps                  | 919         |
|    iterations           | 53          |
|    time_elapsed         | 472         |
|    total_timesteps      | 434176      |
| train/                  |             |
|    approx_kl            | 0.007366973 |
|    clip_fraction        | 0.0558      |
|    clip_range           | 0.2         |
|    entropy_loss         | -2.4        |
|    explained_variance   | -0.0158     |
|    learning_rate        | 7e-05       |
|    loss                 | 0.294       |
|    n_updates            | 208         |
|    policy_gradient_loss | -0.00848    |
|    value_loss           | 0.55        |
-----------------------------------------
-----------------------------------------
| episode/                |             |
|    lines_cleared_mean   | 1.6         |
|    perfect_clears_mean  | 0           |
|    pieces_placed_mean   | 17          |
| rollout/                |             |
|    ep_len_mean          | 18.6        |
|    ep_rew_mean          | 12          |
| time/                   |             |
|    fps                  | 919         |
|    iterations           | 54          |
|    time_elapsed         | 480         |
|    total_timesteps      | 442368      |
| train/                  |             |
|    approx_kl            | 0.007912627 |
|    clip_fraction        | 0.0537      |
|    clip_range           | 0.2         |
|    entropy_loss         | -2.42       |
|    explained_variance   | -0.0566     |
|    learning_rate        | 7e-05       |
|    loss                 | 0.337       |
|    n_updates            | 212         |
|    policy_gradient_loss | -0.00889    |
|    value_loss           | 0.515       |
-----------------------------------------
------------------------------------------
| episode/                |              |
|    lines_cleared_mean   | 3.1          |
|    perfect_clears_mean  | 0            |
|    pieces_placed_mean   | 20           |
| rollout/                |              |
|    ep_len_mean          | 18.5         |
|    ep_rew_mean          | 12.2         |
| time/                   |              |
|    fps                  | 919          |
|    iterations           | 55           |
|    time_elapsed         | 490          |
|    total_timesteps      | 450560       |
| train/                  |              |
|    approx_kl            | 0.0076834187 |
|    clip_fraction        | 0.0526       |
|    clip_range           | 0.2          |
|    entropy_loss         | -2.39        |
|    explained_variance   | -0.0278      |
|    learning_rate        | 7e-05        |
|    loss                 | 0.336        |
|    n_updates            | 216          |
|    policy_gradient_loss | -0.00849     |
|    value_loss           | 0.588        |
------------------------------------------
------------------------------------------
| episode/                |              |
|    lines_cleared_mean   | 1.3          |
|    perfect_clears_mean  | 0            |
|    pieces_placed_mean   | 14.7         |
| rollout/                |              |
|    ep_len_mean          | 17.9         |
|    ep_rew_mean          | 11.4         |
| time/                   |              |
|    fps                  | 919          |
|    iterations           | 56           |
|    time_elapsed         | 499          |
|    total_timesteps      | 458752       |
| train/                  |              |
|    approx_kl            | 0.0069470024 |
|    clip_fraction        | 0.0519       |
|    clip_range           | 0.2          |
|    entropy_loss         | -2.32        |
|    explained_variance   | 0.0182       |
|    learning_rate        | 7e-05        |
|    loss                 | 0.393        |
|    n_updates            | 220          |
|    policy_gradient_loss | -0.00856     |
|    value_loss           | 0.6          |
------------------------------------------
-----------------------------------------
| episode/                |             |
|    lines_cleared_mean   | 3.82        |
|    perfect_clears_mean  | 0           |
|    pieces_placed_mean   | 21          |
| rollout/                |             |
|    ep_len_mean          | 19.1        |
|    ep_rew_mean          | 14.1        |
| time/                   |             |
|    fps                  | 919         |
|    iterations           | 57          |
|    time_elapsed         | 508         |
|    total_timesteps      | 466944      |
| train/                  |             |
|    approx_kl            | 0.006661848 |
|    clip_fraction        | 0.0515      |
|    clip_range           | 0.2         |
|    entropy_loss         | -2.26       |
|    explained_variance   | -0.0627     |
|    learning_rate        | 7e-05       |
|    loss                 | 0.322       |
|    n_updates            | 224         |
|    policy_gradient_loss | -0.00853    |
|    value_loss           | 0.64        |
-----------------------------------------
-----------------------------------------
| episode/                |             |
|    lines_cleared_mean   | 3.3         |
|    perfect_clears_mean  | 0           |
|    pieces_placed_mean   | 19.9        |
| rollout/                |             |
|    ep_len_mean          | 17.9        |
|    ep_rew_mean          | 11          |
| time/                   |             |
|    fps                  | 918         |
|    iterations           | 58          |
|    time_elapsed         | 517         |
|    total_timesteps      | 475136      |
| train/                  |             |
|    approx_kl            | 0.007654284 |
|    clip_fraction        | 0.0699      |
|    clip_range           | 0.2         |
|    entropy_loss         | -2.25       |
|    explained_variance   | -0.15       |
|    learning_rate        | 7e-05       |
|    loss                 | 0.391       |
|    n_updates            | 228         |
|    policy_gradient_loss | -0.00884    |
|    value_loss           | 0.642       |
-----------------------------------------
-----------------------------------------
| episode/                |             |
|    lines_cleared_mean   | 3.21        |
|    perfect_clears_mean  | 0           |
|    pieces_placed_mean   | 20.3        |
| rollout/                |             |
|    ep_len_mean          | 18.6        |
|    ep_rew_mean          | 13          |
| time/                   |             |
|    fps                  | 918         |
|    iterations           | 59          |
|    time_elapsed         | 526         |
|    total_timesteps      | 483328      |
| train/                  |             |
|    approx_kl            | 0.007851638 |
|    clip_fraction        | 0.061       |
|    clip_range           | 0.2         |
|    entropy_loss         | -2.3        |
|    explained_variance   | -0.0519     |
|    learning_rate        | 7e-05       |
|    loss                 | 0.366       |
|    n_updates            | 232         |
|    policy_gradient_loss | -0.00886    |
|    value_loss           | 0.606       |
-----------------------------------------
-----------------------------------------
| episode/                |             |
|    lines_cleared_mean   | 2.83        |
|    perfect_clears_mean  | 0           |
|    pieces_placed_mean   | 18.8        |
| rollout/                |             |
|    ep_len_mean          | 18          |
|    ep_rew_mean          | 11.4        |
| time/                   |             |
|    fps                  | 918         |
|    iterations           | 60          |
|    time_elapsed         | 535         |
|    total_timesteps      | 491520      |
| train/                  |             |
|    approx_kl            | 0.007674467 |
|    clip_fraction        | 0.0575      |
|    clip_range           | 0.2         |
|    entropy_loss         | -2.23       |
|    explained_variance   | 0.00869     |
|    learning_rate        | 7e-05       |
|    loss                 | 0.402       |
|    n_updates            | 236         |
|    policy_gradient_loss | -0.00759    |
|    value_loss           | 0.616       |
-----------------------------------------
-----------------------------------------
| episode/                |             |
|    lines_cleared_mean   | 2.2         |
|    perfect_clears_mean  | 0           |
|    pieces_placed_mean   | 17.4        |
| rollout/                |             |
|    ep_len_mean          | 18.3        |
|    ep_rew_mean          | 12.3        |
| time/                   |             |
|    fps                  | 918         |
|    iterations           | 61          |
|    time_elapsed         | 544         |
|    total_timesteps      | 499712      |
| train/                  |             |
|    approx_kl            | 0.008266034 |
|    clip_fraction        | 0.0656      |
|    clip_range           | 0.2         |
|    entropy_loss         | -2.19       |
|    explained_variance   | 0.00939     |
|    learning_rate        | 7e-05       |
|    loss                 | 0.383       |
|    n_updates            | 240         |
|    policy_gradient_loss | -0.0103     |
|    value_loss           | 0.647       |
-----------------------------------------
------------------------------------------
| episode/                |              |
|    lines_cleared_mean   | 2.3          |
|    perfect_clears_mean  | 0            |
|    pieces_placed_mean   | 18           |
| rollout/                |              |
|    ep_len_mean          | 18.1         |
|    ep_rew_mean          | 11.5         |
| time/                   |              |
|    fps                  | 917          |
|    iterations           | 62           |
|    time_elapsed         | 553          |
|    total_timesteps      | 507904       |
| train/                  |              |
|    approx_kl            | 0.0076488936 |
|    clip_fraction        | 0.0655       |
|    clip_range           | 0.2          |
|    entropy_loss         | -2.15        |
|    explained_variance   | -0.00735     |
|    learning_rate        | 7e-05        |
|    loss                 | 0.455        |
|    n_updates            | 244          |
|    policy_gradient_loss | -0.00878     |
|    value_loss           | 0.702        |
------------------------------------------
------------------------------------------
| episode/                |              |
|    lines_cleared_mean   | 2.09         |
|    perfect_clears_mean  | 0            |
|    pieces_placed_mean   | 17.5         |
| rollout/                |              |
|    ep_len_mean          | 18.7         |
|    ep_rew_mean          | 12.6         |
| time/                   |              |
|    fps                  | 917          |
|    iterations           | 63           |
|    time_elapsed         | 562          |
|    total_timesteps      | 516096       |
| train/                  |              |
|    approx_kl            | 0.0077337003 |
|    clip_fraction        | 0.0558       |
|    clip_range           | 0.2          |
|    entropy_loss         | -2.15        |
|    explained_variance   | -0.0681      |
|    learning_rate        | 7e-05        |
|    loss                 | 0.462        |
|    n_updates            | 248          |
|    policy_gradient_loss | -0.00705     |
|    value_loss           | 0.644        |
------------------------------------------
-----------------------------------------
| episode/                |             |
|    lines_cleared_mean   | 2.5         |
|    perfect_clears_mean  | 0           |
|    pieces_placed_mean   | 18.5        |
| rollout/                |             |
|    ep_len_mean          | 19          |
|    ep_rew_mean          | 13.9        |
| time/                   |             |
|    fps                  | 916         |
|    iterations           | 64          |
|    time_elapsed         | 571         |
|    total_timesteps      | 524288      |
| train/                  |             |
|    approx_kl            | 0.008046855 |
|    clip_fraction        | 0.0714      |
|    clip_range           | 0.2         |
|    entropy_loss         | -2.11       |
|    explained_variance   | -0.0435     |
|    learning_rate        | 7e-05       |
|    loss                 | 0.348       |
|    n_updates            | 252         |
|    policy_gradient_loss | -0.00762    |
|    value_loss           | 0.603       |
-----------------------------------------
-----------------------------------------
| episode/                |             |
|    lines_cleared_mean   | 3.5         |
|    perfect_clears_mean  | 0           |
|    pieces_placed_mean   | 20.5        |
| rollout/                |             |
|    ep_len_mean          | 18.8        |
|    ep_rew_mean          | 12.9        |
| time/                   |             |
|    fps                  | 916         |
|    iterations           | 65          |
|    time_elapsed         | 581         |
|    total_timesteps      | 532480      |
| train/                  |             |
|    approx_kl            | 0.007767765 |
|    clip_fraction        | 0.0532      |
|    clip_range           | 0.2         |
|    entropy_loss         | -2.14       |
|    explained_variance   | 0.0394      |
|    learning_rate        | 7e-05       |
|    loss                 | 0.431       |
|    n_updates            | 256         |
|    policy_gradient_loss | -0.00759    |
|    value_loss           | 0.651       |
-----------------------------------------
-----------------------------------------
| episode/                |             |
|    lines_cleared_mean   | 3.2         |
|    perfect_clears_mean  | 0           |
|    pieces_placed_mean   | 20.7        |
| rollout/                |             |
|    ep_len_mean          | 19          |
|    ep_rew_mean          | 13.2        |
| time/                   |             |
|    fps                  | 915         |
|    iterations           | 66          |
|    time_elapsed         | 590         |
|    total_timesteps      | 540672      |
| train/                  |             |
|    approx_kl            | 0.007213927 |
|    clip_fraction        | 0.0483      |
|    clip_range           | 0.2         |
|    entropy_loss         | -2.11       |
|    explained_variance   | -0.0894     |
|    learning_rate        | 7e-05       |
|    loss                 | 0.412       |
|    n_updates            | 260         |
|    policy_gradient_loss | -0.00616    |
|    value_loss           | 0.596       |
-----------------------------------------
-----------------------------------------
| episode/                |             |
|    lines_cleared_mean   | 2.64        |
|    perfect_clears_mean  | 0           |
|    pieces_placed_mean   | 18.8        |
| rollout/                |             |
|    ep_len_mean          | 19.5        |
|    ep_rew_mean          | 14.5        |
| time/                   |             |
|    fps                  | 915         |
|    iterations           | 67          |
|    time_elapsed         | 599         |
|    total_timesteps      | 548864      |
| train/                  |             |
|    approx_kl            | 0.008579964 |
|    clip_fraction        | 0.0766      |
|    clip_range           | 0.2         |
|    entropy_loss         | -2.12       |
|    explained_variance   | 0.0088      |
|    learning_rate        | 7e-05       |
|    loss                 | 0.33        |
|    n_updates            | 264         |
|    policy_gradient_loss | -0.00899    |
|    value_loss           | 0.557       |
-----------------------------------------
------------------------------------------
| episode/                |              |
|    lines_cleared_mean   | 3.6          |
|    perfect_clears_mean  | 0            |
|    pieces_placed_mean   | 20.8         |
| rollout/                |              |
|    ep_len_mean          | 19.8         |
|    ep_rew_mean          | 14.8         |
| time/                   |              |
|    fps                  | 915          |
|    iterations           | 68           |
|    time_elapsed         | 608          |
|    total_timesteps      | 557056       |
| train/                  |              |
|    approx_kl            | 0.0075962394 |
|    clip_fraction        | 0.058        |
|    clip_range           | 0.2          |
|    entropy_loss         | -2.07        |
|    explained_variance   | 0.00437      |
|    learning_rate        | 7e-05        |
|    loss                 | 0.349        |
|    n_updates            | 268          |
|    policy_gradient_loss | -0.00763     |
|    value_loss           | 0.558        |
------------------------------------------
------------------------------------------
| episode/                |              |
|    lines_cleared_mean   | 2.4          |
|    perfect_clears_mean  | 0            |
|    pieces_placed_mean   | 18.2         |
| rollout/                |              |
|    ep_len_mean          | 19           |
|    ep_rew_mean          | 13.2         |
| time/                   |              |
|    fps                  | 914          |
|    iterations           | 69           |
|    time_elapsed         | 617          |
|    total_timesteps      | 565248       |
| train/                  |              |
|    approx_kl            | 0.0077347653 |
|    clip_fraction        | 0.0661       |
|    clip_range           | 0.2          |
|    entropy_loss         | -2.03        |
|    explained_variance   | -0.00586     |
|    learning_rate        | 7e-05        |
|    loss                 | 0.369        |
|    n_updates            | 272          |
|    policy_gradient_loss | -0.0079      |
|    value_loss           | 0.639        |
------------------------------------------
------------------------------------------
| episode/                |              |
|    lines_cleared_mean   | 3.8          |
|    perfect_clears_mean  | 0            |
|    pieces_placed_mean   | 21           |
| rollout/                |              |
|    ep_len_mean          | 19.6         |
|    ep_rew_mean          | 14.8         |
| time/                   |              |
|    fps                  | 914          |
|    iterations           | 70           |
|    time_elapsed         | 627          |
|    total_timesteps      | 573440       |
| train/                  |              |
|    approx_kl            | 0.0077818204 |
|    clip_fraction        | 0.0684       |
|    clip_range           | 0.2          |
|    entropy_loss         | -2.06        |
|    explained_variance   | -0.023       |
|    learning_rate        | 7e-05        |
|    loss                 | 0.357        |
|    n_updates            | 276          |
|    policy_gradient_loss | -0.00822     |
|    value_loss           | 0.6          |
------------------------------------------
-----------------------------------------
| episode/                |             |
|    lines_cleared_mean   | 3           |
|    perfect_clears_mean  | 0           |
|    pieces_placed_mean   | 18.8        |
| rollout/                |             |
|    ep_len_mean          | 19.7        |
|    ep_rew_mean          | 14.9        |
| time/                   |             |
|    fps                  | 913         |
|    iterations           | 71          |
|    time_elapsed         | 636         |
|    total_timesteps      | 581632      |
| train/                  |             |
|    approx_kl            | 0.007218478 |
|    clip_fraction        | 0.0534      |
|    clip_range           | 0.2         |
|    entropy_loss         | -2.01       |
|    explained_variance   | 0.0349      |
|    learning_rate        | 7e-05       |
|    loss                 | 0.396       |
|    n_updates            | 280         |
|    policy_gradient_loss | -0.00718    |
|    value_loss           | 0.579       |
-----------------------------------------
------------------------------------------
| episode/                |              |
|    lines_cleared_mean   | 3.1          |
|    perfect_clears_mean  | 0            |
|    pieces_placed_mean   | 19.8         |
| rollout/                |              |
|    ep_len_mean          | 19.4         |
|    ep_rew_mean          | 13.9         |
| time/                   |              |
|    fps                  | 913          |
|    iterations           | 72           |
|    time_elapsed         | 645          |
|    total_timesteps      | 589824       |
| train/                  |              |
|    approx_kl            | 0.0072440603 |
|    clip_fraction        | 0.0578       |
|    clip_range           | 0.2          |
|    entropy_loss         | -1.99        |
|    explained_variance   | 0.0589       |
|    learning_rate        | 7e-05        |
|    loss                 | 0.358        |
|    n_updates            | 284          |
|    policy_gradient_loss | -0.00824     |
|    value_loss           | 0.63         |
------------------------------------------
-----------------------------------------
| episode/                |             |
|    lines_cleared_mean   | 3.8         |
|    perfect_clears_mean  | 0           |
|    pieces_placed_mean   | 22.6        |
| rollout/                |             |
|    ep_len_mean          | 20          |
|    ep_rew_mean          | 14.8        |
| time/                   |             |
|    fps                  | 913         |
|    iterations           | 73          |
|    time_elapsed         | 654         |
|    total_timesteps      | 598016      |
| train/                  |             |
|    approx_kl            | 0.007886662 |
|    clip_fraction        | 0.0683      |
|    clip_range           | 0.2         |
|    entropy_loss         | -2          |
|    explained_variance   | -0.0707     |
|    learning_rate        | 7e-05       |
|    loss                 | 0.343       |
|    n_updates            | 288         |
|    policy_gradient_loss | -0.00887    |
|    value_loss           | 0.577       |
-----------------------------------------
------------------------------------------
| episode/                |              |
|    lines_cleared_mean   | 2.55         |
|    perfect_clears_mean  | 0            |
|    pieces_placed_mean   | 18           |
| rollout/                |              |
|    ep_len_mean          | 18.9         |
|    ep_rew_mean          | 13.3         |
| time/                   |              |
|    fps                  | 912          |
|    iterations           | 74           |
|    time_elapsed         | 664          |
|    total_timesteps      | 606208       |
| train/                  |              |
|    approx_kl            | 0.0069923764 |
|    clip_fraction        | 0.0576       |
|    clip_range           | 0.2          |
|    entropy_loss         | -1.96        |
|    explained_variance   | 0.0184       |
|    learning_rate        | 7e-05        |
|    loss                 | 0.465        |
|    n_updates            | 292          |
|    policy_gradient_loss | -0.00799     |
|    value_loss           | 0.639        |
------------------------------------------
------------------------------------------
| episode/                |              |
|    lines_cleared_mean   | 3.3          |
|    perfect_clears_mean  | 0            |
|    pieces_placed_mean   | 20.2         |
| rollout/                |              |
|    ep_len_mean          | 19.4         |
|    ep_rew_mean          | 13.8         |
| time/                   |              |
|    fps                  | 912          |
|    iterations           | 75           |
|    time_elapsed         | 673          |
|    total_timesteps      | 614400       |
| train/                  |              |
|    approx_kl            | 0.0070015895 |
|    clip_fraction        | 0.0518       |
|    clip_range           | 0.2          |
|    entropy_loss         | -1.93        |
|    explained_variance   | -0.0311      |
|    learning_rate        | 7e-05        |
|    loss                 | 0.422        |
|    n_updates            | 296          |
|    policy_gradient_loss | -0.00724     |
|    value_loss           | 0.615        |
------------------------------------------
------------------------------------------
| episode/                |              |
|    lines_cleared_mean   | 2.73         |
|    perfect_clears_mean  | 0            |
|    pieces_placed_mean   | 19.4         |
| rollout/                |              |
|    ep_len_mean          | 20.8         |
|    ep_rew_mean          | 17.3         |
| time/                   |              |
|    fps                  | 912          |
|    iterations           | 76           |
|    time_elapsed         | 682          |
|    total_timesteps      | 622592       |
| train/                  |              |
|    approx_kl            | 0.0078114434 |
|    clip_fraction        | 0.0676       |
|    clip_range           | 0.2          |
|    entropy_loss         | -1.94        |
|    explained_variance   | 0.0324       |
|    learning_rate        | 7e-05        |
|    loss                 | 0.385        |
|    n_updates            | 300          |
|    policy_gradient_loss | -0.00815     |
|    value_loss           | 0.585        |
------------------------------------------
-----------------------------------------
| episode/                |             |
|    lines_cleared_mean   | 3.09        |
|    perfect_clears_mean  | 0           |
|    pieces_placed_mean   | 19.8        |
| rollout/                |             |
|    ep_len_mean          | 19.6        |
|    ep_rew_mean          | 14.5        |
| time/                   |             |
|    fps                  | 911         |
|    iterations           | 77          |
|    time_elapsed         | 691         |
|    total_timesteps      | 630784      |
| train/                  |             |
|    approx_kl            | 0.007808764 |
|    clip_fraction        | 0.063       |
|    clip_range           | 0.2         |
|    entropy_loss         | -1.87       |
|    explained_variance   | 0.00367     |
|    learning_rate        | 7e-05       |
|    loss                 | 0.394       |
|    n_updates            | 304         |
|    policy_gradient_loss | -0.00833    |
|    value_loss           | 0.634       |
-----------------------------------------
-----------------------------------------
| episode/                |             |
|    lines_cleared_mean   | 3.64        |
|    perfect_clears_mean  | 0           |
|    pieces_placed_mean   | 20.7        |
| rollout/                |             |
|    ep_len_mean          | 20.9        |
|    ep_rew_mean          | 17.5        |
| time/                   |             |
|    fps                  | 911         |
|    iterations           | 78          |
|    time_elapsed         | 700         |
|    total_timesteps      | 638976      |
| train/                  |             |
|    approx_kl            | 0.007650803 |
|    clip_fraction        | 0.0678      |
|    clip_range           | 0.2         |
|    entropy_loss         | -1.87       |
|    explained_variance   | 0.00546     |
|    learning_rate        | 7e-05       |
|    loss                 | 0.334       |
|    n_updates            | 308         |
|    policy_gradient_loss | -0.00905    |
|    value_loss           | 0.669       |
-----------------------------------------
-----------------------------------------
| episode/                |             |
|    lines_cleared_mean   | 2.55        |
|    perfect_clears_mean  | 0           |
|    pieces_placed_mean   | 17.7        |
| rollout/                |             |
|    ep_len_mean          | 20          |
|    ep_rew_mean          | 15.6        |
| time/                   |             |
|    fps                  | 911         |
|    iterations           | 79          |
|    time_elapsed         | 710         |
|    total_timesteps      | 647168      |
| train/                  |             |
|    approx_kl            | 0.007433447 |
|    clip_fraction        | 0.0581      |
|    clip_range           | 0.2         |
|    entropy_loss         | -1.83       |
|    explained_variance   | -0.0209     |
|    learning_rate        | 7e-05       |
|    loss                 | 0.361       |
|    n_updates            | 312         |
|    policy_gradient_loss | -0.00669    |
|    value_loss           | 0.603       |
-----------------------------------------
------------------------------------------
| episode/                |              |
|    lines_cleared_mean   | 4.18         |
|    perfect_clears_mean  | 0            |
|    pieces_placed_mean   | 22.8         |
| rollout/                |              |
|    ep_len_mean          | 20.8         |
|    ep_rew_mean          | 17           |
| time/                   |              |
|    fps                  | 911          |
|    iterations           | 80           |
|    time_elapsed         | 719          |
|    total_timesteps      | 655360       |
| train/                  |              |
|    approx_kl            | 0.0070295776 |
|    clip_fraction        | 0.0585       |
|    clip_range           | 0.2          |
|    entropy_loss         | -1.83        |
|    explained_variance   | 0.0557       |
|    learning_rate        | 7e-05        |
|    loss                 | 0.435        |
|    n_updates            | 316          |
|    policy_gradient_loss | -0.00681     |
|    value_loss           | 0.605        |
------------------------------------------
------------------------------------------
| episode/                |              |
|    lines_cleared_mean   | 3.9          |
|    perfect_clears_mean  | 0            |
|    pieces_placed_mean   | 22.8         |
| rollout/                |              |
|    ep_len_mean          | 19.7         |
|    ep_rew_mean          | 14.1         |
| time/                   |              |
|    fps                  | 910          |
|    iterations           | 81           |
|    time_elapsed         | 728          |
|    total_timesteps      | 663552       |
| train/                  |              |
|    approx_kl            | 0.0071908813 |
|    clip_fraction        | 0.0559       |
|    clip_range           | 0.2          |
|    entropy_loss         | -1.81        |
|    explained_variance   | 0.0403       |
|    learning_rate        | 7e-05        |
|    loss                 | 0.384        |
|    n_updates            | 320          |
|    policy_gradient_loss | -0.00616     |
|    value_loss           | 0.638        |
------------------------------------------
-----------------------------------------
| episode/                |             |
|    lines_cleared_mean   | 3.4         |
|    perfect_clears_mean  | 0           |
|    pieces_placed_mean   | 21.5        |
| rollout/                |             |
|    ep_len_mean          | 20.8        |
|    ep_rew_mean          | 16.6        |
| time/                   |             |
|    fps                  | 910         |
|    iterations           | 82          |
|    time_elapsed         | 737         |
|    total_timesteps      | 671744      |
| train/                  |             |
|    approx_kl            | 0.007518951 |
|    clip_fraction        | 0.0591      |
|    clip_range           | 0.2         |
|    entropy_loss         | -1.86       |
|    explained_variance   | 0.0168      |
|    learning_rate        | 7e-05       |
|    loss                 | 0.36        |
|    n_updates            | 324         |
|    policy_gradient_loss | -0.0068     |
|    value_loss           | 0.554       |
-----------------------------------------
-----------------------------------------
| episode/                |             |
|    lines_cleared_mean   | 3.3         |
|    perfect_clears_mean  | 0           |
|    pieces_placed_mean   | 20.6        |
| rollout/                |             |
|    ep_len_mean          | 19.6        |
|    ep_rew_mean          | 14.4        |
| time/                   |             |
|    fps                  | 910         |
|    iterations           | 83          |
|    time_elapsed         | 746         |
|    total_timesteps      | 679936      |
| train/                  |             |
|    approx_kl            | 0.007434021 |
|    clip_fraction        | 0.0661      |
|    clip_range           | 0.2         |
|    entropy_loss         | -1.78       |
|    explained_variance   | 0.0612      |
|    learning_rate        | 7e-05       |
|    loss                 | 0.379       |
|    n_updates            | 328         |
|    policy_gradient_loss | -0.00677    |
|    value_loss           | 0.615       |
-----------------------------------------
-----------------------------------------
| episode/                |             |
|    lines_cleared_mean   | 5.3         |
|    perfect_clears_mean  | 0           |
|    pieces_placed_mean   | 25          |
| rollout/                |             |
|    ep_len_mean          | 20.6        |
|    ep_rew_mean          | 16.3        |
| time/                   |             |
|    fps                  | 910         |
|    iterations           | 84          |
|    time_elapsed         | 756         |
|    total_timesteps      | 688128      |
| train/                  |             |
|    approx_kl            | 0.008330126 |
|    clip_fraction        | 0.0637      |
|    clip_range           | 0.2         |
|    entropy_loss         | -1.79       |
|    explained_variance   | 0.0342      |
|    learning_rate        | 7e-05       |
|    loss                 | 0.351       |
|    n_updates            | 332         |
|    policy_gradient_loss | -0.00694    |
|    value_loss           | 0.56        |
-----------------------------------------
-----------------------------------------
| episode/                |             |
|    lines_cleared_mean   | 2.92        |
|    perfect_clears_mean  | 0           |
|    pieces_placed_mean   | 19          |
| rollout/                |             |
|    ep_len_mean          | 22.4        |
|    ep_rew_mean          | 20.2        |
| time/                   |             |
|    fps                  | 909         |
|    iterations           | 85          |
|    time_elapsed         | 765         |
|    total_timesteps      | 696320      |
| train/                  |             |
|    approx_kl            | 0.007350538 |
|    clip_fraction        | 0.0642      |
|    clip_range           | 0.2         |
|    entropy_loss         | -1.74       |
|    explained_variance   | 0.00829     |
|    learning_rate        | 7e-05       |
|    loss                 | 0.419       |
|    n_updates            | 336         |
|    policy_gradient_loss | -0.00755    |
|    value_loss           | 0.674       |
-----------------------------------------
------------------------------------------
| episode/                |              |
|    lines_cleared_mean   | 4.2          |
|    perfect_clears_mean  | 0            |
|    pieces_placed_mean   | 22.8         |
| rollout/                |              |
|    ep_len_mean          | 21.4         |
|    ep_rew_mean          | 18.2         |
| time/                   |              |
|    fps                  | 909          |
|    iterations           | 86           |
|    time_elapsed         | 774          |
|    total_timesteps      | 704512       |
| train/                  |              |
|    approx_kl            | 0.0076232543 |
|    clip_fraction        | 0.0601       |
|    clip_range           | 0.2          |
|    entropy_loss         | -1.75        |
|    explained_variance   | -0.00774     |
|    learning_rate        | 7e-05        |
|    loss                 | 0.39         |
|    n_updates            | 340          |
|    policy_gradient_loss | -0.00709     |
|    value_loss           | 0.678        |
------------------------------------------
------------------------------------------
| episode/                |              |
|    lines_cleared_mean   | 5            |
|    perfect_clears_mean  | 0            |
|    pieces_placed_mean   | 24           |
| rollout/                |              |
|    ep_len_mean          | 21.7         |
|    ep_rew_mean          | 18.9         |
| time/                   |              |
|    fps                  | 909          |
|    iterations           | 87           |
|    time_elapsed         | 783          |
|    total_timesteps      | 712704       |
| train/                  |              |
|    approx_kl            | 0.0077541433 |
|    clip_fraction        | 0.0693       |
|    clip_range           | 0.2          |
|    entropy_loss         | -1.72        |
|    explained_variance   | 0.03         |
|    learning_rate        | 7e-05        |
|    loss                 | 0.391        |
|    n_updates            | 344          |
|    policy_gradient_loss | -0.00737     |
|    value_loss           | 0.605        |
------------------------------------------
-----------------------------------------
| episode/                |             |
|    lines_cleared_mean   | 3.4         |
|    perfect_clears_mean  | 0           |
|    pieces_placed_mean   | 20.1        |
| rollout/                |             |
|    ep_len_mean          | 20          |
|    ep_rew_mean          | 15.5        |
| time/                   |             |
|    fps                  | 909         |
|    iterations           | 88          |
|    time_elapsed         | 792         |
|    total_timesteps      | 720896      |
| train/                  |             |
|    approx_kl            | 0.007832457 |
|    clip_fraction        | 0.0558      |
|    clip_range           | 0.2         |
|    entropy_loss         | -1.66       |
|    explained_variance   | 0.0693      |
|    learning_rate        | 7e-05       |
|    loss                 | 0.39        |
|    n_updates            | 348         |
|    policy_gradient_loss | -0.00729    |
|    value_loss           | 0.605       |
-----------------------------------------
------------------------------------------
| episode/                |              |
|    lines_cleared_mean   | 3.2          |
|    perfect_clears_mean  | 0            |
|    pieces_placed_mean   | 20.8         |
| rollout/                |              |
|    ep_len_mean          | 22.5         |
|    ep_rew_mean          | 20.5         |
| time/                   |              |
|    fps                  | 908          |
|    iterations           | 89           |
|    time_elapsed         | 802          |
|    total_timesteps      | 729088       |
| train/                  |              |
|    approx_kl            | 0.0075865583 |
|    clip_fraction        | 0.0635       |
|    clip_range           | 0.2          |
|    entropy_loss         | -1.69        |
|    explained_variance   | 0.046        |
|    learning_rate        | 7e-05        |
|    loss                 | 0.349        |
|    n_updates            | 352          |
|    policy_gradient_loss | -0.0068      |
|    value_loss           | 0.582        |
------------------------------------------
-----------------------------------------
| episode/                |             |
|    lines_cleared_mean   | 3.09        |
|    perfect_clears_mean  | 0           |
|    pieces_placed_mean   | 20.5        |
| rollout/                |             |
|    ep_len_mean          | 20.9        |
|    ep_rew_mean          | 17.1        |
| time/                   |             |
|    fps                  | 908         |
|    iterations           | 90          |
|    time_elapsed         | 811         |
|    total_timesteps      | 737280      |
| train/                  |             |
|    approx_kl            | 0.007641868 |
|    clip_fraction        | 0.0619      |
|    clip_range           | 0.2         |
|    entropy_loss         | -1.68       |
|    explained_variance   | 0.0458      |
|    learning_rate        | 7e-05       |
|    loss                 | 0.386       |
|    n_updates            | 356         |
|    policy_gradient_loss | -0.00692    |
|    value_loss           | 0.573       |
-----------------------------------------
-----------------------------------------
| episode/                |             |
|    lines_cleared_mean   | 3.55        |
|    perfect_clears_mean  | 0           |
|    pieces_placed_mean   | 21.9        |
| rollout/                |             |
|    ep_len_mean          | 20.9        |
|    ep_rew_mean          | 16.8        |
| time/                   |             |
|    fps                  | 908         |
|    iterations           | 91          |
|    time_elapsed         | 820         |
|    total_timesteps      | 745472      |
| train/                  |             |
|    approx_kl            | 0.007866784 |
|    clip_fraction        | 0.0642      |
|    clip_range           | 0.2         |
|    entropy_loss         | -1.67       |
|    explained_variance   | 0.0632      |
|    learning_rate        | 7e-05       |
|    loss                 | 0.318       |
|    n_updates            | 360         |
|    policy_gradient_loss | -0.00696    |
|    value_loss           | 0.516       |
-----------------------------------------
-----------------------------------------
| episode/                |             |
|    lines_cleared_mean   | 5.3         |
|    perfect_clears_mean  | 0           |
|    pieces_placed_mean   | 24.6        |
| rollout/                |             |
|    ep_len_mean          | 21.1        |
|    ep_rew_mean          | 17.9        |
| time/                   |             |
|    fps                  | 908         |
|    iterations           | 92          |
|    time_elapsed         | 829         |
|    total_timesteps      | 753664      |
| train/                  |             |
|    approx_kl            | 0.007505511 |
|    clip_fraction        | 0.0601      |
|    clip_range           | 0.2         |
|    entropy_loss         | -1.64       |
|    explained_variance   | 0.0524      |
|    learning_rate        | 7e-05       |
|    loss                 | 0.412       |
|    n_updates            | 364         |
|    policy_gradient_loss | -0.00589    |
|    value_loss           | 0.555       |
-----------------------------------------
------------------------------------------
| episode/                |              |
|    lines_cleared_mean   | 4.75         |
|    perfect_clears_mean  | 0            |
|    pieces_placed_mean   | 23.8         |
| rollout/                |              |
|    ep_len_mean          | 21.8         |
|    ep_rew_mean          | 18.7         |
| time/                   |              |
|    fps                  | 908          |
|    iterations           | 93           |
|    time_elapsed         | 838          |
|    total_timesteps      | 761856       |
| train/                  |              |
|    approx_kl            | 0.0069765365 |
|    clip_fraction        | 0.0509       |
|    clip_range           | 0.2          |
|    entropy_loss         | -1.6         |
|    explained_variance   | 0.0658       |
|    learning_rate        | 7e-05        |
|    loss                 | 0.377        |
|    n_updates            | 368          |
|    policy_gradient_loss | -0.00596     |
|    value_loss           | 0.586        |
------------------------------------------
----------------------------------------
| episode/                |            |
|    lines_cleared_mean   | 4.1        |
|    perfect_clears_mean  | 0          |
|    pieces_placed_mean   | 22.3       |
| rollout/                |            |
|    ep_len_mean          | 23.1       |
|    ep_rew_mean          | 21.5       |
| time/                   |            |
|    fps                  | 907        |
|    iterations           | 94         |
|    time_elapsed         | 848        |
|    total_timesteps      | 770048     |
| train/                  |            |
|    approx_kl            | 0.00719803 |
|    clip_fraction        | 0.0606     |
|    clip_range           | 0.2        |
|    entropy_loss         | -1.6       |
|    explained_variance   | 0.0421     |
|    learning_rate        | 7e-05      |
|    loss                 | 0.264      |
|    n_updates            | 372        |
|    policy_gradient_loss | -0.00676   |
|    value_loss           | 0.551      |
----------------------------------------
------------------------------------------
| episode/                |              |
|    lines_cleared_mean   | 4            |
|    perfect_clears_mean  | 0            |
|    pieces_placed_mean   | 22           |
| rollout/                |              |
|    ep_len_mean          | 22.5         |
|    ep_rew_mean          | 20.4         |
| time/                   |              |
|    fps                  | 907          |
|    iterations           | 95           |
|    time_elapsed         | 857          |
|    total_timesteps      | 778240       |
| train/                  |              |
|    approx_kl            | 0.0070481687 |
|    clip_fraction        | 0.0569       |
|    clip_range           | 0.2          |
|    entropy_loss         | -1.55        |
|    explained_variance   | 0.0604       |
|    learning_rate        | 7e-05        |
|    loss                 | 0.379        |
|    n_updates            | 376          |
|    policy_gradient_loss | -0.00699     |
|    value_loss           | 0.627        |
------------------------------------------
------------------------------------------
| episode/                |              |
|    lines_cleared_mean   | 4.3          |
|    perfect_clears_mean  | 0            |
|    pieces_placed_mean   | 22.7         |
| rollout/                |              |
|    ep_len_mean          | 20.6         |
|    ep_rew_mean          | 16.8         |
| time/                   |              |
|    fps                  | 907          |
|    iterations           | 96           |
|    time_elapsed         | 866          |
|    total_timesteps      | 786432       |
| train/                  |              |
|    approx_kl            | 0.0071202437 |
|    clip_fraction        | 0.0568       |
|    clip_range           | 0.2          |
|    entropy_loss         | -1.55        |
|    explained_variance   | 0.0558       |
|    learning_rate        | 7e-05        |
|    loss                 | 0.417        |
|    n_updates            | 380          |
|    policy_gradient_loss | -0.00681     |
|    value_loss           | 0.614        |
------------------------------------------
-----------------------------------------
| episode/                |             |
|    lines_cleared_mean   | 3.09        |
|    perfect_clears_mean  | 0           |
|    pieces_placed_mean   | 20.5        |
| rollout/                |             |
|    ep_len_mean          | 22          |
|    ep_rew_mean          | 19.3        |
| time/                   |             |
|    fps                  | 907         |
|    iterations           | 97          |
|    time_elapsed         | 875         |
|    total_timesteps      | 794624      |
| train/                  |             |
|    approx_kl            | 0.007318223 |
|    clip_fraction        | 0.0591      |
|    clip_range           | 0.2         |
|    entropy_loss         | -1.56       |
|    explained_variance   | 0.0852      |
|    learning_rate        | 7e-05       |
|    loss                 | 0.353       |
|    n_updates            | 384         |
|    policy_gradient_loss | -0.00723    |
|    value_loss           | 0.552       |
-----------------------------------------
------------------------------------------
| episode/                |              |
|    lines_cleared_mean   | 3.45         |
|    perfect_clears_mean  | 0            |
|    pieces_placed_mean   | 20.3         |
| rollout/                |              |
|    ep_len_mean          | 20.9         |
|    ep_rew_mean          | 17.1         |
| time/                   |              |
|    fps                  | 907          |
|    iterations           | 98           |
|    time_elapsed         | 885          |
|    total_timesteps      | 802816       |
| train/                  |              |
|    approx_kl            | 0.0074759442 |
|    clip_fraction        | 0.0611       |
|    clip_range           | 0.2          |
|    entropy_loss         | -1.52        |
|    explained_variance   | 0.0835       |
|    learning_rate        | 7e-05        |
|    loss                 | 0.359        |
|    n_updates            | 388          |
|    policy_gradient_loss | -0.00688     |
|    value_loss           | 0.574        |
------------------------------------------
----------------------------------------
| episode/                |            |
|    lines_cleared_mean   | 4.09       |
|    perfect_clears_mean  | 0          |
|    pieces_placed_mean   | 21.3       |
| rollout/                |            |
|    ep_len_mean          | 22.2       |
|    ep_rew_mean          | 20         |
| time/                   |            |
|    fps                  | 906        |
|    iterations           | 99         |
|    time_elapsed         | 894        |
|    total_timesteps      | 811008     |
| train/                  |            |
|    approx_kl            | 0.00641903 |
|    clip_fraction        | 0.0514     |
|    clip_range           | 0.2        |
|    entropy_loss         | -1.49      |
|    explained_variance   | 0.113      |
|    learning_rate        | 7e-05      |
|    loss                 | 0.384      |
|    n_updates            | 392        |
|    policy_gradient_loss | -0.00582   |
|    value_loss           | 0.56       |
----------------------------------------
------------------------------------------
| episode/                |              |
|    lines_cleared_mean   | 4.5          |
|    perfect_clears_mean  | 0            |
|    pieces_placed_mean   | 23.7         |
| rollout/                |              |
|    ep_len_mean          | 22           |
|    ep_rew_mean          | 18.8         |
| time/                   |              |
|    fps                  | 906          |
|    iterations           | 100          |
|    time_elapsed         | 903          |
|    total_timesteps      | 819200       |
| train/                  |              |
|    approx_kl            | 0.0071040033 |
|    clip_fraction        | 0.0646       |
|    clip_range           | 0.2          |
|    entropy_loss         | -1.51        |
|    explained_variance   | 0.0936       |
|    learning_rate        | 7e-05        |
|    loss                 | 0.289        |
|    n_updates            | 396          |
|    policy_gradient_loss | -0.00607     |
|    value_loss           | 0.51         |
------------------------------------------
-----------------------------------------
| episode/                |             |
|    lines_cleared_mean   | 3.7         |
|    perfect_clears_mean  | 0           |
|    pieces_placed_mean   | 20.6        |
| rollout/                |             |
|    ep_len_mean          | 22.4        |
|    ep_rew_mean          | 20.1        |
| time/                   |             |
|    fps                  | 906         |
|    iterations           | 101         |
|    time_elapsed         | 912         |
|    total_timesteps      | 827392      |
| train/                  |             |
|    approx_kl            | 0.007380378 |
|    clip_fraction        | 0.0609      |
|    clip_range           | 0.2         |
|    entropy_loss         | -1.49       |
|    explained_variance   | 0.0496      |
|    learning_rate        | 7e-05       |
|    loss                 | 0.446       |
|    n_updates            | 400         |
|    policy_gradient_loss | -0.00696    |
|    value_loss           | 0.583       |
-----------------------------------------
-----------------------------------------
| episode/                |             |
|    lines_cleared_mean   | 5           |
|    perfect_clears_mean  | 0           |
|    pieces_placed_mean   | 24.9        |
| rollout/                |             |
|    ep_len_mean          | 22.6        |
|    ep_rew_mean          | 20.6        |
| time/                   |             |
|    fps                  | 906         |
|    iterations           | 102         |
|    time_elapsed         | 921         |
|    total_timesteps      | 835584      |
| train/                  |             |
|    approx_kl            | 0.007033592 |
|    clip_fraction        | 0.0525      |
|    clip_range           | 0.2         |
|    entropy_loss         | -1.48       |
|    explained_variance   | 0.0743      |
|    learning_rate        | 7e-05       |
|    loss                 | 0.356       |
|    n_updates            | 404         |
|    policy_gradient_loss | -0.0053     |
|    value_loss           | 0.582       |
-----------------------------------------
-----------------------------------------
| episode/                |             |
|    lines_cleared_mean   | 6           |
|    perfect_clears_mean  | 0           |
|    pieces_placed_mean   | 26.2        |
| rollout/                |             |
|    ep_len_mean          | 22.6        |
|    ep_rew_mean          | 20.5        |
| time/                   |             |
|    fps                  | 906         |
|    iterations           | 103         |
|    time_elapsed         | 930         |
|    total_timesteps      | 843776      |
| train/                  |             |
|    approx_kl            | 0.006473372 |
|    clip_fraction        | 0.0482      |
|    clip_range           | 0.2         |
|    entropy_loss         | -1.46       |
|    explained_variance   | 0.0249      |
|    learning_rate        | 7e-05       |
|    loss                 | 0.467       |
|    n_updates            | 408         |
|    policy_gradient_loss | -0.00578    |
|    value_loss           | 0.649       |
-----------------------------------------
------------------------------------------
| episode/                |              |
|    lines_cleared_mean   | 4            |
|    perfect_clears_mean  | 0            |
|    pieces_placed_mean   | 22           |
| rollout/                |              |
|    ep_len_mean          | 23.5         |
|    ep_rew_mean          | 22.8         |
| time/                   |              |
|    fps                  | 906          |
|    iterations           | 104          |
|    time_elapsed         | 940          |
|    total_timesteps      | 851968       |
| train/                  |              |
|    approx_kl            | 0.0075582224 |
|    clip_fraction        | 0.0661       |
|    clip_range           | 0.2          |
|    entropy_loss         | -1.47        |
|    explained_variance   | 0.0952       |
|    learning_rate        | 7e-05        |
|    loss                 | 0.397        |
|    n_updates            | 412          |
|    policy_gradient_loss | -0.007       |
|    value_loss           | 0.595        |
------------------------------------------
-----------------------------------------
| episode/                |             |
|    lines_cleared_mean   | 4.73        |
|    perfect_clears_mean  | 0           |
|    pieces_placed_mean   | 23.6        |
| rollout/                |             |
|    ep_len_mean          | 22.6        |
|    ep_rew_mean          | 20.4        |
| time/                   |             |
|    fps                  | 906         |
|    iterations           | 105         |
|    time_elapsed         | 949         |
|    total_timesteps      | 860160      |
| train/                  |             |
|    approx_kl            | 0.006833768 |
|    clip_fraction        | 0.0553      |
|    clip_range           | 0.2         |
|    entropy_loss         | -1.43       |
|    explained_variance   | 0.0855      |
|    learning_rate        | 7e-05       |
|    loss                 | 0.394       |
|    n_updates            | 416         |
|    policy_gradient_loss | -0.00649    |
|    value_loss           | 0.614       |
-----------------------------------------
------------------------------------------
| episode/                |              |
|    lines_cleared_mean   | 5.55         |
|    perfect_clears_mean  | 0            |
|    pieces_placed_mean   | 26.2         |
| rollout/                |              |
|    ep_len_mean          | 22.8         |
|    ep_rew_mean          | 21.1         |
| time/                   |              |
|    fps                  | 905          |
|    iterations           | 106          |
|    time_elapsed         | 958          |
|    total_timesteps      | 868352       |
| train/                  |              |
|    approx_kl            | 0.0067643104 |
|    clip_fraction        | 0.0563       |
|    clip_range           | 0.2          |
|    entropy_loss         | -1.43        |
|    explained_variance   | 0.0481       |
|    learning_rate        | 7e-05        |
|    loss                 | 0.369        |
|    n_updates            | 420          |
|    policy_gradient_loss | -0.00586     |
|    value_loss           | 0.616        |
------------------------------------------
-----------------------------------------
| episode/                |             |
|    lines_cleared_mean   | 4.9         |
|    perfect_clears_mean  | 0           |
|    pieces_placed_mean   | 24          |
| rollout/                |             |
|    ep_len_mean          | 20.9        |
|    ep_rew_mean          | 17.4        |
| time/                   |             |
|    fps                  | 905         |
|    iterations           | 107         |
|    time_elapsed         | 967         |
|    total_timesteps      | 876544      |
| train/                  |             |
|    approx_kl            | 0.006474364 |
|    clip_fraction        | 0.0549      |
|    clip_range           | 0.2         |
|    entropy_loss         | -1.44       |
|    explained_variance   | 0.0816      |
|    learning_rate        | 7e-05       |
|    loss                 | 0.362       |
|    n_updates            | 424         |
|    policy_gradient_loss | -0.00612    |
|    value_loss           | 0.558       |
-----------------------------------------
-----------------------------------------
| episode/                |             |
|    lines_cleared_mean   | 4.5         |
|    perfect_clears_mean  | 0           |
|    pieces_placed_mean   | 23.6        |
| rollout/                |             |
|    ep_len_mean          | 22.5        |
|    ep_rew_mean          | 19.9        |
| time/                   |             |
|    fps                  | 905         |
|    iterations           | 108         |
|    time_elapsed         | 976         |
|    total_timesteps      | 884736      |
| train/                  |             |
|    approx_kl            | 0.007470062 |
|    clip_fraction        | 0.058       |
|    clip_range           | 0.2         |
|    entropy_loss         | -1.42       |
|    explained_variance   | 0.0193      |
|    learning_rate        | 7e-05       |
|    loss                 | 0.401       |
|    n_updates            | 428         |
|    policy_gradient_loss | -0.0065     |
|    value_loss           | 0.654       |
-----------------------------------------
-----------------------------------------
| episode/                |             |
|    lines_cleared_mean   | 4.5         |
|    perfect_clears_mean  | 0           |
|    pieces_placed_mean   | 23.5        |
| rollout/                |             |
|    ep_len_mean          | 22.3        |
|    ep_rew_mean          | 19.4        |
| time/                   |             |
|    fps                  | 905         |
|    iterations           | 109         |
|    time_elapsed         | 986         |
|    total_timesteps      | 892928      |
| train/                  |             |
|    approx_kl            | 0.007944027 |
|    clip_fraction        | 0.0645      |
|    clip_range           | 0.2         |
|    entropy_loss         | -1.44       |
|    explained_variance   | 0.112       |
|    learning_rate        | 7e-05       |
|    loss                 | 0.358       |
|    n_updates            | 432         |
|    policy_gradient_loss | -0.00674    |
|    value_loss           | 0.566       |
-----------------------------------------
-----------------------------------------
| episode/                |             |
|    lines_cleared_mean   | 5.18        |
|    perfect_clears_mean  | 0           |
|    pieces_placed_mean   | 24          |
| rollout/                |             |
|    ep_len_mean          | 21.9        |
|    ep_rew_mean          | 19.4        |
| time/                   |             |
|    fps                  | 905         |
|    iterations           | 110         |
|    time_elapsed         | 995         |
|    total_timesteps      | 901120      |
| train/                  |             |
|    approx_kl            | 0.007912663 |
|    clip_fraction        | 0.0686      |
|    clip_range           | 0.2         |
|    entropy_loss         | -1.42       |
|    explained_variance   | 0.128       |
|    learning_rate        | 7e-05       |
|    loss                 | 0.335       |
|    n_updates            | 436         |
|    policy_gradient_loss | -0.0071     |
|    value_loss           | 0.54        |
-----------------------------------------
-----------------------------------------
| episode/                |             |
|    lines_cleared_mean   | 3.2         |
|    perfect_clears_mean  | 0           |
|    pieces_placed_mean   | 20.1        |
| rollout/                |             |
|    ep_len_mean          | 22.9        |
|    ep_rew_mean          | 21.2        |
| time/                   |             |
|    fps                  | 905         |
|    iterations           | 111         |
|    time_elapsed         | 1004        |
|    total_timesteps      | 909312      |
| train/                  |             |
|    approx_kl            | 0.007972008 |
|    clip_fraction        | 0.0736      |
|    clip_range           | 0.2         |
|    entropy_loss         | -1.42       |
|    explained_variance   | 0.124       |
|    learning_rate        | 7e-05       |
|    loss                 | 0.274       |
|    n_updates            | 440         |
|    policy_gradient_loss | -0.00739    |
|    value_loss           | 0.502       |
-----------------------------------------
-----------------------------------------
| episode/                |             |
|    lines_cleared_mean   | 4           |
|    perfect_clears_mean  | 0           |
|    pieces_placed_mean   | 21.3        |
| rollout/                |             |
|    ep_len_mean          | 22.9        |
|    ep_rew_mean          | 21.7        |
| time/                   |             |
|    fps                  | 905         |
|    iterations           | 112         |
|    time_elapsed         | 1013        |
|    total_timesteps      | 917504      |
| train/                  |             |
|    approx_kl            | 0.006698229 |
|    clip_fraction        | 0.0605      |
|    clip_range           | 0.2         |
|    entropy_loss         | -1.41       |
|    explained_variance   | 0.0971      |
|    learning_rate        | 7e-05       |
|    loss                 | 0.337       |
|    n_updates            | 444         |
|    policy_gradient_loss | -0.00521    |
|    value_loss           | 0.528       |
-----------------------------------------
-----------------------------------------
| episode/                |             |
|    lines_cleared_mean   | 3.5         |
|    perfect_clears_mean  | 0           |
|    pieces_placed_mean   | 20.7        |
| rollout/                |             |
|    ep_len_mean          | 22.8        |
|    ep_rew_mean          | 21.1        |
| time/                   |             |
|    fps                  | 904         |
|    iterations           | 113         |
|    time_elapsed         | 1022        |
|    total_timesteps      | 925696      |
| train/                  |             |
|    approx_kl            | 0.006070137 |
|    clip_fraction        | 0.0475      |
|    clip_range           | 0.2         |
|    entropy_loss         | -1.38       |
|    explained_variance   | 0.125       |
|    learning_rate        | 7e-05       |
|    loss                 | 0.358       |
|    n_updates            | 448         |
|    policy_gradient_loss | -0.0053     |
|    value_loss           | 0.549       |
-----------------------------------------
-----------------------------------------
| episode/                |             |
|    lines_cleared_mean   | 2.55        |
|    perfect_clears_mean  | 0           |
|    pieces_placed_mean   | 19.2        |
| rollout/                |             |
|    ep_len_mean          | 23.9        |
|    ep_rew_mean          | 22.7        |
| time/                   |             |
|    fps                  | 904         |
|    iterations           | 114         |
|    time_elapsed         | 1032        |
|    total_timesteps      | 933888      |
| train/                  |             |
|    approx_kl            | 0.006385381 |
|    clip_fraction        | 0.0516      |
|    clip_range           | 0.2         |
|    entropy_loss         | -1.39       |
|    explained_variance   | 0.105       |
|    learning_rate        | 7e-05       |
|    loss                 | 0.242       |
|    n_updates            | 452         |
|    policy_gradient_loss | -0.00538    |
|    value_loss           | 0.53        |
-----------------------------------------
-----------------------------------------
| episode/                |             |
|    lines_cleared_mean   | 3.2         |
|    perfect_clears_mean  | 0           |
|    pieces_placed_mean   | 20          |
| rollout/                |             |
|    ep_len_mean          | 22.4        |
|    ep_rew_mean          | 20.2        |
| time/                   |             |
|    fps                  | 904         |
|    iterations           | 115         |
|    time_elapsed         | 1041        |
|    total_timesteps      | 942080      |
| train/                  |             |
|    approx_kl            | 0.006455685 |
|    clip_fraction        | 0.0555      |
|    clip_range           | 0.2         |
|    entropy_loss         | -1.35       |
|    explained_variance   | 0.0759      |
|    learning_rate        | 7e-05       |
|    loss                 | 0.374       |
|    n_updates            | 456         |
|    policy_gradient_loss | -0.00555    |
|    value_loss           | 0.605       |
-----------------------------------------
------------------------------------------
| episode/                |              |
|    lines_cleared_mean   | 5.36         |
|    perfect_clears_mean  | 0            |
|    pieces_placed_mean   | 25.4         |
| rollout/                |              |
|    ep_len_mean          | 24           |
|    ep_rew_mean          | 23.7         |
| time/                   |              |
|    fps                  | 904          |
|    iterations           | 116          |
|    time_elapsed         | 1050         |
|    total_timesteps      | 950272       |
| train/                  |              |
|    approx_kl            | 0.0071308976 |
|    clip_fraction        | 0.0636       |
|    clip_range           | 0.2          |
|    entropy_loss         | -1.37        |
|    explained_variance   | 0.134        |
|    learning_rate        | 7e-05        |
|    loss                 | 0.369        |
|    n_updates            | 460          |
|    policy_gradient_loss | -0.0071      |
|    value_loss           | 0.534        |
------------------------------------------
------------------------------------------
| episode/                |              |
|    lines_cleared_mean   | 5.2          |
|    perfect_clears_mean  | 0            |
|    pieces_placed_mean   | 24.4         |
| rollout/                |              |
|    ep_len_mean          | 24.6         |
|    ep_rew_mean          | 24.8         |
| time/                   |              |
|    fps                  | 904          |
|    iterations           | 117          |
|    time_elapsed         | 1060         |
|    total_timesteps      | 958464       |
| train/                  |              |
|    approx_kl            | 0.0070218914 |
|    clip_fraction        | 0.0546       |
|    clip_range           | 0.2          |
|    entropy_loss         | -1.36        |
|    explained_variance   | 0.128        |
|    learning_rate        | 7e-05        |
|    loss                 | 0.29         |
|    n_updates            | 464          |
|    policy_gradient_loss | -0.0062      |
|    value_loss           | 0.531        |
------------------------------------------
-----------------------------------------
| episode/                |             |
|    lines_cleared_mean   | 4.3         |
|    perfect_clears_mean  | 0           |
|    pieces_placed_mean   | 23          |
| rollout/                |             |
|    ep_len_mean          | 25.2        |
|    ep_rew_mean          | 26.4        |
| time/                   |             |
|    fps                  | 904         |
|    iterations           | 118         |
|    time_elapsed         | 1069        |
|    total_timesteps      | 966656      |
| train/                  |             |
|    approx_kl            | 0.007134294 |
|    clip_fraction        | 0.064       |
|    clip_range           | 0.2         |
|    entropy_loss         | -1.34       |
|    explained_variance   | 0.172       |
|    learning_rate        | 7e-05       |
|    loss                 | 0.277       |
|    n_updates            | 468         |
|    policy_gradient_loss | -0.00747    |
|    value_loss           | 0.513       |
-----------------------------------------
------------------------------------------
| episode/                |              |
|    lines_cleared_mean   | 2.6          |
|    perfect_clears_mean  | 0            |
|    pieces_placed_mean   | 18.1         |
| rollout/                |              |
|    ep_len_mean          | 24.8         |
|    ep_rew_mean          | 24.8         |
| time/                   |              |
|    fps                  | 903          |
|    iterations           | 119          |
|    time_elapsed         | 1078         |
|    total_timesteps      | 974848       |
| train/                  |              |
|    approx_kl            | 0.0070310337 |
|    clip_fraction        | 0.0578       |
|    clip_range           | 0.2          |
|    entropy_loss         | -1.31        |
|    explained_variance   | 0.161        |
|    learning_rate        | 7e-05        |
|    loss                 | 0.349        |
|    n_updates            | 472          |
|    policy_gradient_loss | -0.00625     |
|    value_loss           | 0.475        |
------------------------------------------
------------------------------------------
| episode/                |              |
|    lines_cleared_mean   | 5.6          |
|    perfect_clears_mean  | 0            |
|    pieces_placed_mean   | 24.8         |
| rollout/                |              |
|    ep_len_mean          | 24.5         |
|    ep_rew_mean          | 24.2         |
| time/                   |              |
|    fps                  | 903          |
|    iterations           | 120          |
|    time_elapsed         | 1087         |
|    total_timesteps      | 983040       |
| train/                  |              |
|    approx_kl            | 0.0068034506 |
|    clip_fraction        | 0.0558       |
|    clip_range           | 0.2          |
|    entropy_loss         | -1.32        |
|    explained_variance   | 0.0764       |
|    learning_rate        | 7e-05        |
|    loss                 | 0.324        |
|    n_updates            | 476          |
|    policy_gradient_loss | -0.00583     |
|    value_loss           | 0.571        |
------------------------------------------
-----------------------------------------
| episode/                |             |
|    lines_cleared_mean   | 3.91        |
|    perfect_clears_mean  | 0           |
|    pieces_placed_mean   | 23.5        |
| rollout/                |             |
|    ep_len_mean          | 21          |
|    ep_rew_mean          | 16.6        |
| time/                   |             |
|    fps                  | 903         |
|    iterations           | 121         |
|    time_elapsed         | 1096        |
|    total_timesteps      | 991232      |
| train/                  |             |
|    approx_kl            | 0.007477648 |
|    clip_fraction        | 0.063       |
|    clip_range           | 0.2         |
|    entropy_loss         | -1.31       |
|    explained_variance   | 0.19        |
|    learning_rate        | 7e-05       |
|    loss                 | 0.271       |
|    n_updates            | 480         |
|    policy_gradient_loss | -0.00548    |
|    value_loss           | 0.471       |
-----------------------------------------
-----------------------------------------
| episode/                |             |
|    lines_cleared_mean   | 4.8         |
|    perfect_clears_mean  | 0           |
|    pieces_placed_mean   | 23.6        |
| rollout/                |             |
|    ep_len_mean          | 23.3        |
|    ep_rew_mean          | 21.7        |
| time/                   |             |
|    fps                  | 903         |
|    iterations           | 122         |
|    time_elapsed         | 1105        |
|    total_timesteps      | 999424      |
| train/                  |             |
|    approx_kl            | 0.006621849 |
|    clip_fraction        | 0.0545      |
|    clip_range           | 0.2         |
|    entropy_loss         | -1.32       |
|    explained_variance   | 0.141       |
|    learning_rate        | 7e-05       |
|    loss                 | 0.271       |
|    n_updates            | 484         |
|    policy_gradient_loss | -0.00591    |
|    value_loss           | 0.509       |
-----------------------------------------
-----------------------------------------
| episode/                |             |
|    lines_cleared_mean   | 5.64        |
|    perfect_clears_mean  | 0           |
|    pieces_placed_mean   | 26.1        |
| rollout/                |             |
|    ep_len_mean          | 23.4        |
|    ep_rew_mean          | 22.1        |
| time/                   |             |
|    fps                  | 903         |
|    iterations           | 123         |
|    time_elapsed         | 1115        |
|    total_timesteps      | 1007616     |
| train/                  |             |
|    approx_kl            | 0.006895948 |
|    clip_fraction        | 0.0618      |
|    clip_range           | 0.2         |
|    entropy_loss         | -1.32       |
|    explained_variance   | 0.141       |
|    learning_rate        | 7e-05       |
|    loss                 | 0.276       |
|    n_updates            | 488         |
|    policy_gradient_loss | -0.00575    |
|    value_loss           | 0.463       |
-----------------------------------------
------------------------------------------
| episode/                |              |
|    lines_cleared_mean   | 3.64         |
|    perfect_clears_mean  | 0            |
|    pieces_placed_mean   | 21.2         |
| rollout/                |              |
|    ep_len_mean          | 25           |
|    ep_rew_mean          | 25.7         |
| time/                   |              |
|    fps                  | 903          |
|    iterations           | 124          |
|    time_elapsed         | 1124         |
|    total_timesteps      | 1015808      |
| train/                  |              |
|    approx_kl            | 0.0066966405 |
|    clip_fraction        | 0.0507       |
|    clip_range           | 0.2          |
|    entropy_loss         | -1.3         |
|    explained_variance   | 0.162        |
|    learning_rate        | 7e-05        |
|    loss                 | 0.327        |
|    n_updates            | 492          |
|    policy_gradient_loss | -0.00664     |
|    value_loss           | 0.551        |
------------------------------------------
------------------------------------------
| episode/                |              |
|    lines_cleared_mean   | 3.17         |
|    perfect_clears_mean  | 0            |
|    pieces_placed_mean   | 19.9         |
| rollout/                |              |
|    ep_len_mean          | 24.9         |
|    ep_rew_mean          | 25.4         |
| time/                   |              |
|    fps                  | 903          |
|    iterations           | 125          |
|    time_elapsed         | 1133         |
|    total_timesteps      | 1024000      |
| train/                  |              |
|    approx_kl            | 0.0067781354 |
|    clip_fraction        | 0.0565       |
|    clip_range           | 0.2          |
|    entropy_loss         | -1.29        |
|    explained_variance   | 0.163        |
|    learning_rate        | 7e-05        |
|    loss                 | 0.32         |
|    n_updates            | 496          |
|    policy_gradient_loss | -0.0056      |
|    value_loss           | 0.513        |
------------------------------------------
------------------------------------------
| episode/                |              |
|    lines_cleared_mean   | 2.9          |
|    perfect_clears_mean  | 0            |
|    pieces_placed_mean   | 19.7         |
| rollout/                |              |
|    ep_len_mean          | 23.3         |
|    ep_rew_mean          | 22           |
| time/                   |              |
|    fps                  | 903          |
|    iterations           | 126          |
|    time_elapsed         | 1142         |
|    total_timesteps      | 1032192      |
| train/                  |              |
|    approx_kl            | 0.0061910925 |
|    clip_fraction        | 0.0479       |
|    clip_range           | 0.2          |
|    entropy_loss         | -1.29        |
|    explained_variance   | 0.161        |
|    learning_rate        | 7e-05        |
|    loss                 | 0.351        |
|    n_updates            | 500          |
|    policy_gradient_loss | -0.00563     |
|    value_loss           | 0.541        |
------------------------------------------
-----------------------------------------
| episode/                |             |
|    lines_cleared_mean   | 3           |
|    perfect_clears_mean  | 0           |
|    pieces_placed_mean   | 20.6        |
| rollout/                |             |
|    ep_len_mean          | 23          |
|    ep_rew_mean          | 21.5        |
| time/                   |             |
|    fps                  | 903         |
|    iterations           | 127         |
|    time_elapsed         | 1152        |
|    total_timesteps      | 1040384     |
| train/                  |             |
|    approx_kl            | 0.007085032 |
|    clip_fraction        | 0.0567      |
|    clip_range           | 0.2         |
|    entropy_loss         | -1.28       |
|    explained_variance   | 0.123       |
|    learning_rate        | 7e-05       |
|    loss                 | 0.307       |
|    n_updates            | 504         |
|    policy_gradient_loss | -0.00584    |
|    value_loss           | 0.514       |
-----------------------------------------
------------------------------------------
| episode/                |              |
|    lines_cleared_mean   | 5.1          |
|    perfect_clears_mean  | 0            |
|    pieces_placed_mean   | 24.8         |
| rollout/                |              |
|    ep_len_mean          | 24.6         |
|    ep_rew_mean          | 24.5         |
| time/                   |              |
|    fps                  | 903          |
|    iterations           | 128          |
|    time_elapsed         | 1161         |
|    total_timesteps      | 1048576      |
| train/                  |              |
|    approx_kl            | 0.0070220698 |
|    clip_fraction        | 0.0662       |
|    clip_range           | 0.2          |
|    entropy_loss         | -1.27        |
|    explained_variance   | 0.171        |
|    learning_rate        | 7e-05        |
|    loss                 | 0.332        |
|    n_updates            | 508          |
|    policy_gradient_loss | -0.00638     |
|    value_loss           | 0.501        |
------------------------------------------
-----------------------------------------
| episode/                |             |
|    lines_cleared_mean   | 5.91        |
|    perfect_clears_mean  | 0           |
|    pieces_placed_mean   | 26.5        |
| rollout/                |             |
|    ep_len_mean          | 24.9        |
|    ep_rew_mean          | 25.2        |
| time/                   |             |
|    fps                  | 902         |
|    iterations           | 129         |
|    time_elapsed         | 1170        |
|    total_timesteps      | 1056768     |
| train/                  |             |
|    approx_kl            | 0.006341857 |
|    clip_fraction        | 0.0471      |
|    clip_range           | 0.2         |
|    entropy_loss         | -1.26       |
|    explained_variance   | 0.145       |
|    learning_rate        | 7e-05       |
|    loss                 | 0.347       |
|    n_updates            | 512         |
|    policy_gradient_loss | -0.00514    |
|    value_loss           | 0.537       |
-----------------------------------------
-----------------------------------------
| episode/                |             |
|    lines_cleared_mean   | 5.3         |
|    perfect_clears_mean  | 0           |
|    pieces_placed_mean   | 25.3        |
| rollout/                |             |
|    ep_len_mean          | 24.7        |
|    ep_rew_mean          | 25.2        |
| time/                   |             |
|    fps                  | 902         |
|    iterations           | 130         |
|    time_elapsed         | 1179        |
|    total_timesteps      | 1064960     |
| train/                  |             |
|    approx_kl            | 0.007255039 |
|    clip_fraction        | 0.0669      |
|    clip_range           | 0.2         |
|    entropy_loss         | -1.26       |
|    explained_variance   | 0.144       |
|    learning_rate        | 7e-05       |
|    loss                 | 0.351       |
|    n_updates            | 516         |
|    policy_gradient_loss | -0.00672    |
|    value_loss           | 0.502       |
-----------------------------------------
-----------------------------------------
| episode/                |             |
|    lines_cleared_mean   | 3.2         |
|    perfect_clears_mean  | 0           |
|    pieces_placed_mean   | 20.7        |
| rollout/                |             |
|    ep_len_mean          | 23.1        |
|    ep_rew_mean          | 21.4        |
| time/                   |             |
|    fps                  | 902         |
|    iterations           | 131         |
|    time_elapsed         | 1188        |
|    total_timesteps      | 1073152     |
| train/                  |             |
|    approx_kl            | 0.006253346 |
|    clip_fraction        | 0.0493      |
|    clip_range           | 0.2         |
|    entropy_loss         | -1.24       |
|    explained_variance   | 0.228       |
|    learning_rate        | 7e-05       |
|    loss                 | 0.295       |
|    n_updates            | 520         |
|    policy_gradient_loss | -0.00534    |
|    value_loss           | 0.459       |
-----------------------------------------
----------------------------------------
| episode/                |            |
|    lines_cleared_mean   | 5          |
|    perfect_clears_mean  | 0          |
|    pieces_placed_mean   | 24         |
| rollout/                |            |
|    ep_len_mean          | 25         |
|    ep_rew_mean          | 25.3       |
| time/                   |            |
|    fps                  | 902        |
|    iterations           | 132        |
|    time_elapsed         | 1198       |
|    total_timesteps      | 1081344    |
| train/                  |            |
|    approx_kl            | 0.00642507 |
|    clip_fraction        | 0.0529     |
|    clip_range           | 0.2        |
|    entropy_loss         | -1.23      |
|    explained_variance   | 0.0988     |
|    learning_rate        | 7e-05      |
|    loss                 | 0.293      |
|    n_updates            | 524        |
|    policy_gradient_loss | -0.00577   |
|    value_loss           | 0.498      |
----------------------------------------
------------------------------------------
| episode/                |              |
|    lines_cleared_mean   | 4.8          |
|    perfect_clears_mean  | 0            |
|    pieces_placed_mean   | 24.1         |
| rollout/                |              |
|    ep_len_mean          | 23.7         |
|    ep_rew_mean          | 22.3         |
| time/                   |              |
|    fps                  | 902          |
|    iterations           | 133          |
|    time_elapsed         | 1207         |
|    total_timesteps      | 1089536      |
| train/                  |              |
|    approx_kl            | 0.0065078344 |
|    clip_fraction        | 0.0484       |
|    clip_range           | 0.2          |
|    entropy_loss         | -1.24        |
|    explained_variance   | 0.178        |
|    learning_rate        | 7e-05        |
|    loss                 | 0.336        |
|    n_updates            | 528          |
|    policy_gradient_loss | -0.00508     |
|    value_loss           | 0.497        |
------------------------------------------
------------------------------------------
| episode/                |              |
|    lines_cleared_mean   | 5.9          |
|    perfect_clears_mean  | 0            |
|    pieces_placed_mean   | 26.5         |
| rollout/                |              |
|    ep_len_mean          | 25.6         |
|    ep_rew_mean          | 26.6         |
| time/                   |              |
|    fps                  | 902          |
|    iterations           | 134          |
|    time_elapsed         | 1216         |
|    total_timesteps      | 1097728      |
| train/                  |              |
|    approx_kl            | 0.0068319496 |
|    clip_fraction        | 0.0571       |
|    clip_range           | 0.2          |
|    entropy_loss         | -1.25        |
|    explained_variance   | 0.165        |
|    learning_rate        | 7e-05        |
|    loss                 | 0.264        |
|    n_updates            | 532          |
|    policy_gradient_loss | -0.00584     |
|    value_loss           | 0.463        |
------------------------------------------
------------------------------------------
| episode/                |              |
|    lines_cleared_mean   | 6.45         |
|    perfect_clears_mean  | 0            |
|    pieces_placed_mean   | 27.2         |
| rollout/                |              |
|    ep_len_mean          | 25.5         |
|    ep_rew_mean          | 26.9         |
| time/                   |              |
|    fps                  | 902          |
|    iterations           | 135          |
|    time_elapsed         | 1225         |
|    total_timesteps      | 1105920      |
| train/                  |              |
|    approx_kl            | 0.0072269263 |
|    clip_fraction        | 0.0647       |
|    clip_range           | 0.2          |
|    entropy_loss         | -1.22        |
|    explained_variance   | 0.168        |
|    learning_rate        | 7e-05        |
|    loss                 | 0.316        |
|    n_updates            | 536          |
|    policy_gradient_loss | -0.00636     |
|    value_loss           | 0.462        |
------------------------------------------
-----------------------------------------
| episode/                |             |
|    lines_cleared_mean   | 4.6         |
|    perfect_clears_mean  | 0           |
|    pieces_placed_mean   | 23.4        |
| rollout/                |             |
|    ep_len_mean          | 22.5        |
|    ep_rew_mean          | 20.6        |
| time/                   |             |
|    fps                  | 902         |
|    iterations           | 136         |
|    time_elapsed         | 1234        |
|    total_timesteps      | 1114112     |
| train/                  |             |
|    approx_kl            | 0.006893951 |
|    clip_fraction        | 0.0605      |
|    clip_range           | 0.2         |
|    entropy_loss         | -1.19       |
|    explained_variance   | 0.159       |
|    learning_rate        | 7e-05       |
|    loss                 | 0.272       |
|    n_updates            | 540         |
|    policy_gradient_loss | -0.0065     |
|    value_loss           | 0.512       |
-----------------------------------------
------------------------------------------
| episode/                |              |
|    lines_cleared_mean   | 5.27         |
|    perfect_clears_mean  | 0            |
|    pieces_placed_mean   | 25.9         |
| rollout/                |              |
|    ep_len_mean          | 23.2         |
|    ep_rew_mean          | 22           |
| time/                   |              |
|    fps                  | 902          |
|    iterations           | 137          |
|    time_elapsed         | 1244         |
|    total_timesteps      | 1122304      |
| train/                  |              |
|    approx_kl            | 0.0065028826 |
|    clip_fraction        | 0.0492       |
|    clip_range           | 0.2          |
|    entropy_loss         | -1.2         |
|    explained_variance   | 0.153        |
|    learning_rate        | 7e-05        |
|    loss                 | 0.314        |
|    n_updates            | 544          |
|    policy_gradient_loss | -0.00572     |
|    value_loss           | 0.519        |
------------------------------------------
------------------------------------------
| episode/                |              |
|    lines_cleared_mean   | 5.83         |
|    perfect_clears_mean  | 0            |
|    pieces_placed_mean   | 26.8         |
| rollout/                |              |
|    ep_len_mean          | 25.9         |
|    ep_rew_mean          | 26.8         |
| time/                   |              |
|    fps                  | 902          |
|    iterations           | 138          |
|    time_elapsed         | 1253         |
|    total_timesteps      | 1130496      |
| train/                  |              |
|    approx_kl            | 0.0067917253 |
|    clip_fraction        | 0.0589       |
|    clip_range           | 0.2          |
|    entropy_loss         | -1.18        |
|    explained_variance   | 0.104        |
|    learning_rate        | 7e-05        |
|    loss                 | 0.322        |
|    n_updates            | 548          |
|    policy_gradient_loss | -0.00583     |
|    value_loss           | 0.502        |
------------------------------------------
------------------------------------------
| episode/                |              |
|    lines_cleared_mean   | 5.6          |
|    perfect_clears_mean  | 0            |
|    pieces_placed_mean   | 26           |
| rollout/                |              |
|    ep_len_mean          | 25.4         |
|    ep_rew_mean          | 26.3         |
| time/                   |              |
|    fps                  | 901          |
|    iterations           | 139          |
|    time_elapsed         | 1262         |
|    total_timesteps      | 1138688      |
| train/                  |              |
|    approx_kl            | 0.0057566017 |
|    clip_fraction        | 0.0469       |
|    clip_range           | 0.2          |
|    entropy_loss         | -1.16        |
|    explained_variance   | 0.128        |
|    learning_rate        | 7e-05        |
|    loss                 | 0.302        |
|    n_updates            | 552          |
|    policy_gradient_loss | -0.00462     |
|    value_loss           | 0.497        |
------------------------------------------
------------------------------------------
| episode/                |              |
|    lines_cleared_mean   | 6.1          |
|    perfect_clears_mean  | 0            |
|    pieces_placed_mean   | 27.6         |
| rollout/                |              |
|    ep_len_mean          | 25.1         |
|    ep_rew_mean          | 25.2         |
| time/                   |              |
|    fps                  | 901          |
|    iterations           | 140          |
|    time_elapsed         | 1271         |
|    total_timesteps      | 1146880      |
| train/                  |              |
|    approx_kl            | 0.0061418274 |
|    clip_fraction        | 0.0505       |
|    clip_range           | 0.2          |
|    entropy_loss         | -1.15        |
|    explained_variance   | 0.159        |
|    learning_rate        | 7e-05        |
|    loss                 | 0.265        |
|    n_updates            | 556          |
|    policy_gradient_loss | -0.00564     |
|    value_loss           | 0.479        |
------------------------------------------
------------------------------------------
| episode/                |              |
|    lines_cleared_mean   | 4.5          |
|    perfect_clears_mean  | 0            |
|    pieces_placed_mean   | 23.5         |
| rollout/                |              |
|    ep_len_mean          | 25.7         |
|    ep_rew_mean          | 26.5         |
| time/                   |              |
|    fps                  | 901          |
|    iterations           | 141          |
|    time_elapsed         | 1280         |
|    total_timesteps      | 1155072      |
| train/                  |              |
|    approx_kl            | 0.0060646515 |
|    clip_fraction        | 0.0468       |
|    clip_range           | 0.2          |
|    entropy_loss         | -1.15        |
|    explained_variance   | 0.135        |
|    learning_rate        | 7e-05        |
|    loss                 | 0.302        |
|    n_updates            | 560          |
|    policy_gradient_loss | -0.005       |
|    value_loss           | 0.514        |
------------------------------------------
-----------------------------------------
| episode/                |             |
|    lines_cleared_mean   | 5.2         |
|    perfect_clears_mean  | 0           |
|    pieces_placed_mean   | 24.6        |
| rollout/                |             |
|    ep_len_mean          | 24.3        |
|    ep_rew_mean          | 23.7        |
| time/                   |             |
|    fps                  | 901         |
|    iterations           | 142         |
|    time_elapsed         | 1289        |
|    total_timesteps      | 1163264     |
| train/                  |             |
|    approx_kl            | 0.006668204 |
|    clip_fraction        | 0.0499      |
|    clip_range           | 0.2         |
|    entropy_loss         | -1.14       |
|    explained_variance   | 0.179       |
|    learning_rate        | 7e-05       |
|    loss                 | 0.259       |
|    n_updates            | 564         |
|    policy_gradient_loss | -0.0063     |
|    value_loss           | 0.475       |
-----------------------------------------
-----------------------------------------
| episode/                |             |
|    lines_cleared_mean   | 5.27        |
|    perfect_clears_mean  | 0           |
|    pieces_placed_mean   | 25.2        |
| rollout/                |             |
|    ep_len_mean          | 26.4        |
|    ep_rew_mean          | 28.1        |
| time/                   |             |
|    fps                  | 901         |
|    iterations           | 143         |
|    time_elapsed         | 1299        |
|    total_timesteps      | 1171456     |
| train/                  |             |
|    approx_kl            | 0.005526318 |
|    clip_fraction        | 0.0413      |
|    clip_range           | 0.2         |
|    entropy_loss         | -1.13       |
|    explained_variance   | 0.174       |
|    learning_rate        | 7e-05       |
|    loss                 | 0.284       |
|    n_updates            | 568         |
|    policy_gradient_loss | -0.00477    |
|    value_loss           | 0.492       |
-----------------------------------------
------------------------------------------
| episode/                |              |
|    lines_cleared_mean   | 5.5          |
|    perfect_clears_mean  | 0            |
|    pieces_placed_mean   | 24.8         |
| rollout/                |              |
|    ep_len_mean          | 24.7         |
|    ep_rew_mean          | 24.3         |
| time/                   |              |
|    fps                  | 901          |
|    iterations           | 144          |
|    time_elapsed         | 1308         |
|    total_timesteps      | 1179648      |
| train/                  |              |
|    approx_kl            | 0.0058406424 |
|    clip_fraction        | 0.0437       |
|    clip_range           | 0.2          |
|    entropy_loss         | -1.14        |
|    explained_variance   | 0.143        |
|    learning_rate        | 7e-05        |
|    loss                 | 0.283        |
|    n_updates            | 572          |
|    policy_gradient_loss | -0.0052      |
|    value_loss           | 0.493        |
------------------------------------------
----------------------------------------
| episode/                |            |
|    lines_cleared_mean   | 6.9        |
|    perfect_clears_mean  | 0          |
|    pieces_placed_mean   | 27.9       |
| rollout/                |            |
|    ep_len_mean          | 25.3       |
|    ep_rew_mean          | 26.5       |
| time/                   |            |
|    fps                  | 901        |
|    iterations           | 145        |
|    time_elapsed         | 1317       |
|    total_timesteps      | 1187840    |
| train/                  |            |
|    approx_kl            | 0.00759266 |
|    clip_fraction        | 0.0638     |
|    clip_range           | 0.2        |
|    entropy_loss         | -1.11      |
|    explained_variance   | 0.153      |
|    learning_rate        | 7e-05      |
|    loss                 | 0.324      |
|    n_updates            | 576        |
|    policy_gradient_loss | -0.00665   |
|    value_loss           | 0.464      |
----------------------------------------
------------------------------------------
| episode/                |              |
|    lines_cleared_mean   | 5.3          |
|    perfect_clears_mean  | 0            |
|    pieces_placed_mean   | 26.1         |
| rollout/                |              |
|    ep_len_mean          | 25           |
|    ep_rew_mean          | 25.5         |
| time/                   |              |
|    fps                  | 901          |
|    iterations           | 146          |
|    time_elapsed         | 1326         |
|    total_timesteps      | 1196032      |
| train/                  |              |
|    approx_kl            | 0.0068017794 |
|    clip_fraction        | 0.0544       |
|    clip_range           | 0.2          |
|    entropy_loss         | -1.12        |
|    explained_variance   | 0.205        |
|    learning_rate        | 7e-05        |
|    loss                 | 0.244        |
|    n_updates            | 580          |
|    policy_gradient_loss | -0.00586     |
|    value_loss           | 0.449        |
------------------------------------------
-----------------------------------------
| episode/                |             |
|    lines_cleared_mean   | 5.2         |
|    perfect_clears_mean  | 0           |
|    pieces_placed_mean   | 24.7        |
| rollout/                |             |
|    ep_len_mean          | 24.4        |
|    ep_rew_mean          | 24.4        |
| time/                   |             |
|    fps                  | 901         |
|    iterations           | 147         |
|    time_elapsed         | 1335        |
|    total_timesteps      | 1204224     |
| train/                  |             |
|    approx_kl            | 0.006869357 |
|    clip_fraction        | 0.0616      |
|    clip_range           | 0.2         |
|    entropy_loss         | -1.12       |
|    explained_variance   | 0.0985      |
|    learning_rate        | 7e-05       |
|    loss                 | 0.287       |
|    n_updates            | 584         |
|    policy_gradient_loss | -0.0065     |
|    value_loss           | 0.488       |
-----------------------------------------
-----------------------------------------
| episode/                |             |
|    lines_cleared_mean   | 2.9         |
|    perfect_clears_mean  | 0           |
|    pieces_placed_mean   | 18.9        |
| rollout/                |             |
|    ep_len_mean          | 24.9        |
|    ep_rew_mean          | 25.1        |
| time/                   |             |
|    fps                  | 901         |
|    iterations           | 148         |
|    time_elapsed         | 1344        |
|    total_timesteps      | 1212416     |
| train/                  |             |
|    approx_kl            | 0.006376868 |
|    clip_fraction        | 0.0477      |
|    clip_range           | 0.2         |
|    entropy_loss         | -1.11       |
|    explained_variance   | 0.144       |
|    learning_rate        | 7e-05       |
|    loss                 | 0.305       |
|    n_updates            | 588         |
|    policy_gradient_loss | -0.00522    |
|    value_loss           | 0.461       |
-----------------------------------------
------------------------------------------
| episode/                |              |
|    lines_cleared_mean   | 3.7          |
|    perfect_clears_mean  | 0            |
|    pieces_placed_mean   | 20.9         |
| rollout/                |              |
|    ep_len_mean          | 25.9         |
|    ep_rew_mean          | 27.4         |
| time/                   |              |
|    fps                  | 901          |
|    iterations           | 149          |
|    time_elapsed         | 1354         |
|    total_timesteps      | 1220608      |
| train/                  |              |
|    approx_kl            | 0.0068873903 |
|    clip_fraction        | 0.0607       |
|    clip_range           | 0.2          |
|    entropy_loss         | -1.09        |
|    explained_variance   | 0.171        |
|    learning_rate        | 7e-05        |
|    loss                 | 0.353        |
|    n_updates            | 592          |
|    policy_gradient_loss | -0.00646     |
|    value_loss           | 0.492        |
------------------------------------------
-----------------------------------------
| episode/                |             |
|    lines_cleared_mean   | 7           |
|    perfect_clears_mean  | 0           |
|    pieces_placed_mean   | 28.9        |
| rollout/                |             |
|    ep_len_mean          | 24.5        |
|    ep_rew_mean          | 23.8        |
| time/                   |             |
|    fps                  | 901         |
|    iterations           | 150         |
|    time_elapsed         | 1363        |
|    total_timesteps      | 1228800     |
| train/                  |             |
|    approx_kl            | 0.006218861 |
|    clip_fraction        | 0.0487      |
|    clip_range           | 0.2         |
|    entropy_loss         | -1.09       |
|    explained_variance   | 0.154       |
|    learning_rate        | 7e-05       |
|    loss                 | 0.323       |
|    n_updates            | 596         |
|    policy_gradient_loss | -0.00516    |
|    value_loss           | 0.549       |
-----------------------------------------
-----------------------------------------
| episode/                |             |
|    lines_cleared_mean   | 7.3         |
|    perfect_clears_mean  | 0           |
|    pieces_placed_mean   | 30.9        |
| rollout/                |             |
|    ep_len_mean          | 25.6        |
|    ep_rew_mean          | 26.2        |
| time/                   |             |
|    fps                  | 901         |
|    iterations           | 151         |
|    time_elapsed         | 1372        |
|    total_timesteps      | 1236992     |
| train/                  |             |
|    approx_kl            | 0.006478007 |
|    clip_fraction        | 0.0509      |
|    clip_range           | 0.2         |
|    entropy_loss         | -1.1        |
|    explained_variance   | 0.245       |
|    learning_rate        | 7e-05       |
|    loss                 | 0.293       |
|    n_updates            | 600         |
|    policy_gradient_loss | -0.00484    |
|    value_loss           | 0.448       |
-----------------------------------------
------------------------------------------
| episode/                |              |
|    lines_cleared_mean   | 4.4          |
|    perfect_clears_mean  | 0            |
|    pieces_placed_mean   | 22.6         |
| rollout/                |              |
|    ep_len_mean          | 24.7         |
|    ep_rew_mean          | 24.9         |
| time/                   |              |
|    fps                  | 901          |
|    iterations           | 152          |
|    time_elapsed         | 1381         |
|    total_timesteps      | 1245184      |
| train/                  |              |
|    approx_kl            | 0.0058410075 |
|    clip_fraction        | 0.054        |
|    clip_range           | 0.2          |
|    entropy_loss         | -1.09        |
|    explained_variance   | 0.193        |
|    learning_rate        | 7e-05        |
|    loss                 | 0.233        |
|    n_updates            | 604          |
|    policy_gradient_loss | -0.00523     |
|    value_loss           | 0.471        |
------------------------------------------
------------------------------------------
| episode/                |              |
|    lines_cleared_mean   | 6.91         |
|    perfect_clears_mean  | 0            |
|    pieces_placed_mean   | 29.9         |
| rollout/                |              |
|    ep_len_mean          | 25.5         |
|    ep_rew_mean          | 27.1         |
| time/                   |              |
|    fps                  | 901          |
|    iterations           | 153          |
|    time_elapsed         | 1390         |
|    total_timesteps      | 1253376      |
| train/                  |              |
|    approx_kl            | 0.0068214703 |
|    clip_fraction        | 0.0568       |
|    clip_range           | 0.2          |
|    entropy_loss         | -1.1         |
|    explained_variance   | 0.182        |
|    learning_rate        | 7e-05        |
|    loss                 | 0.278        |
|    n_updates            | 608          |
|    policy_gradient_loss | -0.00542     |
|    value_loss           | 0.435        |
------------------------------------------
-----------------------------------------
| episode/                |             |
|    lines_cleared_mean   | 6.4         |
|    perfect_clears_mean  | 0           |
|    pieces_placed_mean   | 29.4        |
| rollout/                |             |
|    ep_len_mean          | 24.8        |
|    ep_rew_mean          | 24.3        |
| time/                   |             |
|    fps                  | 901         |
|    iterations           | 154         |
|    time_elapsed         | 1399        |
|    total_timesteps      | 1261568     |
| train/                  |             |
|    approx_kl            | 0.005509264 |
|    clip_fraction        | 0.04        |
|    clip_range           | 0.2         |
|    entropy_loss         | -1.07       |
|    explained_variance   | 0.172       |
|    learning_rate        | 7e-05       |
|    loss                 | 0.297       |
|    n_updates            | 612         |
|    policy_gradient_loss | -0.00363    |
|    value_loss           | 0.47        |
-----------------------------------------
-----------------------------------------
| episode/                |             |
|    lines_cleared_mean   | 4.09        |
|    perfect_clears_mean  | 0           |
|    pieces_placed_mean   | 21.6        |
| rollout/                |             |
|    ep_len_mean          | 24.6        |
|    ep_rew_mean          | 24.2        |
| time/                   |             |
|    fps                  | 901         |
|    iterations           | 155         |
|    time_elapsed         | 1409        |
|    total_timesteps      | 1269760     |
| train/                  |             |
|    approx_kl            | 0.006232328 |
|    clip_fraction        | 0.0441      |
|    clip_range           | 0.2         |
|    entropy_loss         | -1.06       |
|    explained_variance   | 0.152       |
|    learning_rate        | 7e-05       |
|    loss                 | 0.264       |
|    n_updates            | 616         |
|    policy_gradient_loss | -0.00531    |
|    value_loss           | 0.492       |
-----------------------------------------
------------------------------------------
| episode/                |              |
|    lines_cleared_mean   | 7.09         |
|    perfect_clears_mean  | 0            |
|    pieces_placed_mean   | 28.5         |
| rollout/                |              |
|    ep_len_mean          | 25.9         |
|    ep_rew_mean          | 27.4         |
| time/                   |              |
|    fps                  | 901          |
|    iterations           | 156          |
|    time_elapsed         | 1418         |
|    total_timesteps      | 1277952      |
| train/                  |              |
|    approx_kl            | 0.0063353875 |
|    clip_fraction        | 0.0512       |
|    clip_range           | 0.2          |
|    entropy_loss         | -1.08        |
|    explained_variance   | 0.199        |
|    learning_rate        | 7e-05        |
|    loss                 | 0.238        |
|    n_updates            | 620          |
|    policy_gradient_loss | -0.00531     |
|    value_loss           | 0.414        |
------------------------------------------
------------------------------------------
| episode/                |              |
|    lines_cleared_mean   | 5            |
|    perfect_clears_mean  | 0            |
|    pieces_placed_mean   | 23.5         |
| rollout/                |              |
|    ep_len_mean          | 24.7         |
|    ep_rew_mean          | 25.3         |
| time/                   |              |
|    fps                  | 900          |
|    iterations           | 157          |
|    time_elapsed         | 1427         |
|    total_timesteps      | 1286144      |
| train/                  |              |
|    approx_kl            | 0.0060145184 |
|    clip_fraction        | 0.0522       |
|    clip_range           | 0.2          |
|    entropy_loss         | -1.09        |
|    explained_variance   | 0.104        |
|    learning_rate        | 7e-05        |
|    loss                 | 0.24         |
|    n_updates            | 624          |
|    policy_gradient_loss | -0.00584     |
|    value_loss           | 0.447        |
------------------------------------------
-----------------------------------------
| episode/                |             |
|    lines_cleared_mean   | 5.6         |
|    perfect_clears_mean  | 0           |
|    pieces_placed_mean   | 25.4        |
| rollout/                |             |
|    ep_len_mean          | 26.5        |
|    ep_rew_mean          | 28.7        |
| time/                   |             |
|    fps                  | 900         |
|    iterations           | 158         |
|    time_elapsed         | 1436        |
|    total_timesteps      | 1294336     |
| train/                  |             |
|    approx_kl            | 0.005960128 |
|    clip_fraction        | 0.0403      |
|    clip_range           | 0.2         |
|    entropy_loss         | -1.07       |
|    explained_variance   | 0.143       |
|    learning_rate        | 7e-05       |
|    loss                 | 0.353       |
|    n_updates            | 628         |
|    policy_gradient_loss | -0.00498    |
|    value_loss           | 0.506       |
-----------------------------------------
-----------------------------------------
| episode/                |             |
|    lines_cleared_mean   | 2.9         |
|    perfect_clears_mean  | 0           |
|    pieces_placed_mean   | 18.6        |
| rollout/                |             |
|    ep_len_mean          | 24.4        |
|    ep_rew_mean          | 24.7        |
| time/                   |             |
|    fps                  | 900         |
|    iterations           | 159         |
|    time_elapsed         | 1445        |
|    total_timesteps      | 1302528     |
| train/                  |             |
|    approx_kl            | 0.006375217 |
|    clip_fraction        | 0.046       |
|    clip_range           | 0.2         |
|    entropy_loss         | -1.07       |
|    explained_variance   | 0.144       |
|    learning_rate        | 7e-05       |
|    loss                 | 0.306       |
|    n_updates            | 632         |
|    policy_gradient_loss | -0.00546    |
|    value_loss           | 0.498       |
-----------------------------------------
------------------------------------------
| episode/                |              |
|    lines_cleared_mean   | 4.09         |
|    perfect_clears_mean  | 0            |
|    pieces_placed_mean   | 23.5         |
| rollout/                |              |
|    ep_len_mean          | 25.4         |
|    ep_rew_mean          | 26           |
| time/                   |              |
|    fps                  | 900          |
|    iterations           | 160          |
|    time_elapsed         | 1455         |
|    total_timesteps      | 1310720      |
| train/                  |              |
|    approx_kl            | 0.0061748084 |
|    clip_fraction        | 0.0472       |
|    clip_range           | 0.2          |
|    entropy_loss         | -1.11        |
|    explained_variance   | 0.201        |
|    learning_rate        | 7e-05        |
|    loss                 | 0.247        |
|    n_updates            | 636          |
|    policy_gradient_loss | -0.00512     |
|    value_loss           | 0.436        |
------------------------------------------
------------------------------------------
| episode/                |              |
|    lines_cleared_mean   | 6.2          |
|    perfect_clears_mean  | 0            |
|    pieces_placed_mean   | 26.7         |
| rollout/                |              |
|    ep_len_mean          | 25.9         |
|    ep_rew_mean          | 27.4         |
| time/                   |              |
|    fps                  | 900          |
|    iterations           | 161          |
|    time_elapsed         | 1464         |
|    total_timesteps      | 1318912      |
| train/                  |              |
|    approx_kl            | 0.0071451217 |
|    clip_fraction        | 0.068        |
|    clip_range           | 0.2          |
|    entropy_loss         | -1.09        |
|    explained_variance   | 0.22         |
|    learning_rate        | 7e-05        |
|    loss                 | 0.27         |
|    n_updates            | 640          |
|    policy_gradient_loss | -0.00765     |
|    value_loss           | 0.42         |
------------------------------------------
------------------------------------------
| episode/                |              |
|    lines_cleared_mean   | 5.5          |
|    perfect_clears_mean  | 0            |
|    pieces_placed_mean   | 25.4         |
| rollout/                |              |
|    ep_len_mean          | 25.4         |
|    ep_rew_mean          | 26.6         |
| time/                   |              |
|    fps                  | 900          |
|    iterations           | 162          |
|    time_elapsed         | 1473         |
|    total_timesteps      | 1327104      |
| train/                  |              |
|    approx_kl            | 0.0057775644 |
|    clip_fraction        | 0.0536       |
|    clip_range           | 0.2          |
|    entropy_loss         | -1.06        |
|    explained_variance   | 0.207        |
|    learning_rate        | 7e-05        |
|    loss                 | 0.279        |
|    n_updates            | 644          |
|    policy_gradient_loss | -0.00566     |
|    value_loss           | 0.441        |
------------------------------------------
------------------------------------------
| episode/                |              |
|    lines_cleared_mean   | 5.5          |
|    perfect_clears_mean  | 0            |
|    pieces_placed_mean   | 25.1         |
| rollout/                |              |
|    ep_len_mean          | 26.1         |
|    ep_rew_mean          | 28.1         |
| time/                   |              |
|    fps                  | 900          |
|    iterations           | 163          |
|    time_elapsed         | 1482         |
|    total_timesteps      | 1335296      |
| train/                  |              |
|    approx_kl            | 0.0056463024 |
|    clip_fraction        | 0.0443       |
|    clip_range           | 0.2          |
|    entropy_loss         | -1.07        |
|    explained_variance   | 0.195        |
|    learning_rate        | 7e-05        |
|    loss                 | 0.34         |
|    n_updates            | 648          |
|    policy_gradient_loss | -0.00424     |
|    value_loss           | 0.473        |
------------------------------------------
------------------------------------------
| episode/                |              |
|    lines_cleared_mean   | 5.9          |
|    perfect_clears_mean  | 0            |
|    pieces_placed_mean   | 26.5         |
| rollout/                |              |
|    ep_len_mean          | 25.9         |
|    ep_rew_mean          | 27.9         |
| time/                   |              |
|    fps                  | 900          |
|    iterations           | 164          |
|    time_elapsed         | 1491         |
|    total_timesteps      | 1343488      |
| train/                  |              |
|    approx_kl            | 0.0065877377 |
|    clip_fraction        | 0.0556       |
|    clip_range           | 0.2          |
|    entropy_loss         | -1.06        |
|    explained_variance   | 0.202        |
|    learning_rate        | 7e-05        |
|    loss                 | 0.27         |
|    n_updates            | 652          |
|    policy_gradient_loss | -0.00554     |
|    value_loss           | 0.427        |
------------------------------------------
-----------------------------------------
| episode/                |             |
|    lines_cleared_mean   | 7.8         |
|    perfect_clears_mean  | 0           |
|    pieces_placed_mean   | 31.7        |
| rollout/                |             |
|    ep_len_mean          | 25.6        |
|    ep_rew_mean          | 26.5        |
| time/                   |             |
|    fps                  | 900         |
|    iterations           | 165         |
|    time_elapsed         | 1501        |
|    total_timesteps      | 1351680     |
| train/                  |             |
|    approx_kl            | 0.005766513 |
|    clip_fraction        | 0.0447      |
|    clip_range           | 0.2         |
|    entropy_loss         | -1.04       |
|    explained_variance   | 0.17        |
|    learning_rate        | 7e-05       |
|    loss                 | 0.273       |
|    n_updates            | 656         |
|    policy_gradient_loss | -0.00525    |
|    value_loss           | 0.472       |
-----------------------------------------
------------------------------------------
| episode/                |              |
|    lines_cleared_mean   | 5.8          |
|    perfect_clears_mean  | 0            |
|    pieces_placed_mean   | 26.7         |
| rollout/                |              |
|    ep_len_mean          | 27.1         |
|    ep_rew_mean          | 29.5         |
| time/                   |              |
|    fps                  | 900          |
|    iterations           | 166          |
|    time_elapsed         | 1510         |
|    total_timesteps      | 1359872      |
| train/                  |              |
|    approx_kl            | 0.0063710557 |
|    clip_fraction        | 0.0565       |
|    clip_range           | 0.2          |
|    entropy_loss         | -1.04        |
|    explained_variance   | 0.144        |
|    learning_rate        | 7e-05        |
|    loss                 | 0.294        |
|    n_updates            | 660          |
|    policy_gradient_loss | -0.00503     |
|    value_loss           | 0.45         |
------------------------------------------
-----------------------------------------
| episode/                |             |
|    lines_cleared_mean   | 5.4         |
|    perfect_clears_mean  | 0           |
|    pieces_placed_mean   | 26.4        |
| rollout/                |             |
|    ep_len_mean          | 26.5        |
|    ep_rew_mean          | 28.5        |
| time/                   |             |
|    fps                  | 900         |
|    iterations           | 167         |
|    time_elapsed         | 1519        |
|    total_timesteps      | 1368064     |
| train/                  |             |
|    approx_kl            | 0.006058642 |
|    clip_fraction        | 0.0444      |
|    clip_range           | 0.2         |
|    entropy_loss         | -1.03       |
|    explained_variance   | 0.214       |
|    learning_rate        | 7e-05       |
|    loss                 | 0.271       |
|    n_updates            | 664         |
|    policy_gradient_loss | -0.00505    |
|    value_loss           | 0.45        |
-----------------------------------------
------------------------------------------
| episode/                |              |
|    lines_cleared_mean   | 3.4          |
|    perfect_clears_mean  | 0            |
|    pieces_placed_mean   | 20.8         |
| rollout/                |              |
|    ep_len_mean          | 24.3         |
|    ep_rew_mean          | 23.8         |
| time/                   |              |
|    fps                  | 900          |
|    iterations           | 168          |
|    time_elapsed         | 1528         |
|    total_timesteps      | 1376256      |
| train/                  |              |
|    approx_kl            | 0.0059557008 |
|    clip_fraction        | 0.0425       |
|    clip_range           | 0.2          |
|    entropy_loss         | -1.03        |
|    explained_variance   | 0.188        |
|    learning_rate        | 7e-05        |
|    loss                 | 0.292        |
|    n_updates            | 668          |
|    policy_gradient_loss | -0.00554     |
|    value_loss           | 0.487        |
------------------------------------------
------------------------------------------
| episode/                |              |
|    lines_cleared_mean   | 6.18         |
|    perfect_clears_mean  | 0            |
|    pieces_placed_mean   | 26.9         |
| rollout/                |              |
|    ep_len_mean          | 24.5         |
|    ep_rew_mean          | 24.6         |
| time/                   |              |
|    fps                  | 900          |
|    iterations           | 169          |
|    time_elapsed         | 1537         |
|    total_timesteps      | 1384448      |
| train/                  |              |
|    approx_kl            | 0.0054731965 |
|    clip_fraction        | 0.0492       |
|    clip_range           | 0.2          |
|    entropy_loss         | -1.03        |
|    explained_variance   | 0.224        |
|    learning_rate        | 7e-05        |
|    loss                 | 0.248        |
|    n_updates            | 672          |
|    policy_gradient_loss | -0.00406     |
|    value_loss           | 0.415        |
------------------------------------------
-----------------------------------------
| episode/                |             |
|    lines_cleared_mean   | 4           |
|    perfect_clears_mean  | 0           |
|    pieces_placed_mean   | 21.7        |
| rollout/                |             |
|    ep_len_mean          | 25.3        |
|    ep_rew_mean          | 25.9        |
| time/                   |             |
|    fps                  | 900         |
|    iterations           | 170         |
|    time_elapsed         | 1547        |
|    total_timesteps      | 1392640     |
| train/                  |             |
|    approx_kl            | 0.005790033 |
|    clip_fraction        | 0.0505      |
|    clip_range           | 0.2         |
|    entropy_loss         | -1.02       |
|    explained_variance   | 0.188       |
|    learning_rate        | 7e-05       |
|    loss                 | 0.24        |
|    n_updates            | 676         |
|    policy_gradient_loss | -0.00586    |
|    value_loss           | 0.438       |
-----------------------------------------
----------------------------------------
| episode/                |            |
|    lines_cleared_mean   | 5.9        |
|    perfect_clears_mean  | 0          |
|    pieces_placed_mean   | 26.9       |
| rollout/                |            |
|    ep_len_mean          | 25.4       |
|    ep_rew_mean          | 26         |
| time/                   |            |
|    fps                  | 900        |
|    iterations           | 171        |
|    time_elapsed         | 1556       |
|    total_timesteps      | 1400832    |
| train/                  |            |
|    approx_kl            | 0.00621862 |
|    clip_fraction        | 0.0499     |
|    clip_range           | 0.2        |
|    entropy_loss         | -1.01      |
|    explained_variance   | 0.21       |
|    learning_rate        | 7e-05      |
|    loss                 | 0.234      |
|    n_updates            | 680        |
|    policy_gradient_loss | -0.00574   |
|    value_loss           | 0.425      |
----------------------------------------
-----------------------------------------
| episode/                |             |
|    lines_cleared_mean   | 6.55        |
|    perfect_clears_mean  | 0           |
|    pieces_placed_mean   | 27.7        |
| rollout/                |             |
|    ep_len_mean          | 26.1        |
|    ep_rew_mean          | 27.7        |
| time/                   |             |
|    fps                  | 900         |
|    iterations           | 172         |
|    time_elapsed         | 1565        |
|    total_timesteps      | 1409024     |
| train/                  |             |
|    approx_kl            | 0.006390108 |
|    clip_fraction        | 0.0537      |
|    clip_range           | 0.2         |
|    entropy_loss         | -1.01       |
|    explained_variance   | 0.217       |
|    learning_rate        | 7e-05       |
|    loss                 | 0.293       |
|    n_updates            | 684         |
|    policy_gradient_loss | -0.00588    |
|    value_loss           | 0.469       |
-----------------------------------------
------------------------------------------
| episode/                |              |
|    lines_cleared_mean   | 5.45         |
|    perfect_clears_mean  | 0            |
|    pieces_placed_mean   | 26.1         |
| rollout/                |              |
|    ep_len_mean          | 24.5         |
|    ep_rew_mean          | 24.5         |
| time/                   |              |
|    fps                  | 900          |
|    iterations           | 173          |
|    time_elapsed         | 1574         |
|    total_timesteps      | 1417216      |
| train/                  |              |
|    approx_kl            | 0.0056474805 |
|    clip_fraction        | 0.0404       |
|    clip_range           | 0.2          |
|    entropy_loss         | -0.988       |
|    explained_variance   | 0.166        |
|    learning_rate        | 7e-05        |
|    loss                 | 0.259        |
|    n_updates            | 688          |
|    policy_gradient_loss | -0.00527     |
|    value_loss           | 0.422        |
------------------------------------------
------------------------------------------
| episode/                |              |
|    lines_cleared_mean   | 6.73         |
|    perfect_clears_mean  | 0            |
|    pieces_placed_mean   | 28           |
| rollout/                |              |
|    ep_len_mean          | 25.9         |
|    ep_rew_mean          | 27.4         |
| time/                   |              |
|    fps                  | 899          |
|    iterations           | 174          |
|    time_elapsed         | 1583         |
|    total_timesteps      | 1425408      |
| train/                  |              |
|    approx_kl            | 0.0069586355 |
|    clip_fraction        | 0.0512       |
|    clip_range           | 0.2          |
|    entropy_loss         | -0.987       |
|    explained_variance   | 0.19         |
|    learning_rate        | 7e-05        |
|    loss                 | 0.22         |
|    n_updates            | 692          |
|    policy_gradient_loss | -0.00602     |
|    value_loss           | 0.439        |
------------------------------------------
------------------------------------------
| episode/                |              |
|    lines_cleared_mean   | 4.92         |
|    perfect_clears_mean  | 0            |
|    pieces_placed_mean   | 23.6         |
| rollout/                |              |
|    ep_len_mean          | 26.4         |
|    ep_rew_mean          | 28.4         |
| time/                   |              |
|    fps                  | 899          |
|    iterations           | 175          |
|    time_elapsed         | 1593         |
|    total_timesteps      | 1433600      |
| train/                  |              |
|    approx_kl            | 0.0065198494 |
|    clip_fraction        | 0.0537       |
|    clip_range           | 0.2          |
|    entropy_loss         | -0.98        |
|    explained_variance   | 0.173        |
|    learning_rate        | 7e-05        |
|    loss                 | 0.274        |
|    n_updates            | 696          |
|    policy_gradient_loss | -0.00498     |
|    value_loss           | 0.407        |
------------------------------------------
-----------------------------------------
| episode/                |             |
|    lines_cleared_mean   | 5.9         |
|    perfect_clears_mean  | 0           |
|    pieces_placed_mean   | 26.9        |
| rollout/                |             |
|    ep_len_mean          | 24.7        |
|    ep_rew_mean          | 24.9        |
| time/                   |             |
|    fps                  | 899         |
|    iterations           | 176         |
|    time_elapsed         | 1602        |
|    total_timesteps      | 1441792     |
| train/                  |             |
|    approx_kl            | 0.005936687 |
|    clip_fraction        | 0.0471      |
|    clip_range           | 0.2         |
|    entropy_loss         | -0.983      |
|    explained_variance   | 0.202       |
|    learning_rate        | 7e-05       |
|    loss                 | 0.281       |
|    n_updates            | 700         |
|    policy_gradient_loss | -0.00601    |
|    value_loss           | 0.448       |
-----------------------------------------
------------------------------------------
| episode/                |              |
|    lines_cleared_mean   | 8            |
|    perfect_clears_mean  | 0            |
|    pieces_placed_mean   | 32.1         |
| rollout/                |              |
|    ep_len_mean          | 26.1         |
|    ep_rew_mean          | 27.7         |
| time/                   |              |
|    fps                  | 899          |
|    iterations           | 177          |
|    time_elapsed         | 1611         |
|    total_timesteps      | 1449984      |
| train/                  |              |
|    approx_kl            | 0.0067520067 |
|    clip_fraction        | 0.0617       |
|    clip_range           | 0.2          |
|    entropy_loss         | -0.974       |
|    explained_variance   | 0.189        |
|    learning_rate        | 7e-05        |
|    loss                 | 0.252        |
|    n_updates            | 704          |
|    policy_gradient_loss | -0.00659     |
|    value_loss           | 0.431        |
------------------------------------------
------------------------------------------
| episode/                |              |
|    lines_cleared_mean   | 5.2          |
|    perfect_clears_mean  | 0            |
|    pieces_placed_mean   | 24.3         |
| rollout/                |              |
|    ep_len_mean          | 25.7         |
|    ep_rew_mean          | 26.4         |
| time/                   |              |
|    fps                  | 899          |
|    iterations           | 178          |
|    time_elapsed         | 1620         |
|    total_timesteps      | 1458176      |
| train/                  |              |
|    approx_kl            | 0.0053920355 |
|    clip_fraction        | 0.0461       |
|    clip_range           | 0.2          |
|    entropy_loss         | -0.963       |
|    explained_variance   | 0.179        |
|    learning_rate        | 7e-05        |
|    loss                 | 0.262        |
|    n_updates            | 708          |
|    policy_gradient_loss | -0.00411     |
|    value_loss           | 0.4          |
------------------------------------------
------------------------------------------
| episode/                |              |
|    lines_cleared_mean   | 6.4          |
|    perfect_clears_mean  | 0            |
|    pieces_placed_mean   | 28.1         |
| rollout/                |              |
|    ep_len_mean          | 27           |
|    ep_rew_mean          | 29.6         |
| time/                   |              |
|    fps                  | 899          |
|    iterations           | 179          |
|    time_elapsed         | 1629         |
|    total_timesteps      | 1466368      |
| train/                  |              |
|    approx_kl            | 0.0065247836 |
|    clip_fraction        | 0.0508       |
|    clip_range           | 0.2          |
|    entropy_loss         | -0.98        |
|    explained_variance   | 0.159        |
|    learning_rate        | 7e-05        |
|    loss                 | 0.318        |
|    n_updates            | 712          |
|    policy_gradient_loss | -0.00625     |
|    value_loss           | 0.453        |
------------------------------------------
-----------------------------------------
| episode/                |             |
|    lines_cleared_mean   | 8.4         |
|    perfect_clears_mean  | 0           |
|    pieces_placed_mean   | 31.8        |
| rollout/                |             |
|    ep_len_mean          | 27.4        |
|    ep_rew_mean          | 31          |
| time/                   |             |
|    fps                  | 899         |
|    iterations           | 180         |
|    time_elapsed         | 1638        |
|    total_timesteps      | 1474560     |
| train/                  |             |
|    approx_kl            | 0.005222839 |
|    clip_fraction        | 0.0463      |
|    clip_range           | 0.2         |
|    entropy_loss         | -0.958      |
|    explained_variance   | 0.174       |
|    learning_rate        | 7e-05       |
|    loss                 | 0.273       |
|    n_updates            | 716         |
|    policy_gradient_loss | -0.00476    |
|    value_loss           | 0.482       |
-----------------------------------------
------------------------------------------
| episode/                |              |
|    lines_cleared_mean   | 6            |
|    perfect_clears_mean  | 0            |
|    pieces_placed_mean   | 26.6         |
| rollout/                |              |
|    ep_len_mean          | 26.7         |
|    ep_rew_mean          | 29           |
| time/                   |              |
|    fps                  | 899          |
|    iterations           | 181          |
|    time_elapsed         | 1648         |
|    total_timesteps      | 1482752      |
| train/                  |              |
|    approx_kl            | 0.0058384794 |
|    clip_fraction        | 0.0417       |
|    clip_range           | 0.2          |
|    entropy_loss         | -0.976       |
|    explained_variance   | 0.127        |
|    learning_rate        | 7e-05        |
|    loss                 | 0.292        |
|    n_updates            | 720          |
|    policy_gradient_loss | -0.00545     |
|    value_loss           | 0.482        |
------------------------------------------
------------------------------------------
| episode/                |              |
|    lines_cleared_mean   | 5.1          |
|    perfect_clears_mean  | 0            |
|    pieces_placed_mean   | 24.1         |
| rollout/                |              |
|    ep_len_mean          | 25.3         |
|    ep_rew_mean          | 26.1         |
| time/                   |              |
|    fps                  | 899          |
|    iterations           | 182          |
|    time_elapsed         | 1657         |
|    total_timesteps      | 1490944      |
| train/                  |              |
|    approx_kl            | 0.0057432065 |
|    clip_fraction        | 0.0483       |
|    clip_range           | 0.2          |
|    entropy_loss         | -0.96        |
|    explained_variance   | 0.178        |
|    learning_rate        | 7e-05        |
|    loss                 | 0.251        |
|    n_updates            | 724          |
|    policy_gradient_loss | -0.00575     |
|    value_loss           | 0.404        |
------------------------------------------
-----------------------------------------
| episode/                |             |
|    lines_cleared_mean   | 7.2         |
|    perfect_clears_mean  | 0           |
|    pieces_placed_mean   | 30.5        |
| rollout/                |             |
|    ep_len_mean          | 27.3        |
|    ep_rew_mean          | 30.2        |
| time/                   |             |
|    fps                  | 899         |
|    iterations           | 183         |
|    time_elapsed         | 1666        |
|    total_timesteps      | 1499136     |
| train/                  |             |
|    approx_kl            | 0.005843018 |
|    clip_fraction        | 0.0445      |
|    clip_range           | 0.2         |
|    entropy_loss         | -0.938      |
|    explained_variance   | 0.184       |
|    learning_rate        | 7e-05       |
|    loss                 | 0.269       |
|    n_updates            | 728         |
|    policy_gradient_loss | -0.00478    |
|    value_loss           | 0.433       |
-----------------------------------------
-----------------------------------------
| episode/                |             |
|    lines_cleared_mean   | 7.1         |
|    perfect_clears_mean  | 0           |
|    pieces_placed_mean   | 29          |
| rollout/                |             |
|    ep_len_mean          | 27.2        |
|    ep_rew_mean          | 30.4        |
| time/                   |             |
|    fps                  | 899         |
|    iterations           | 184         |
|    time_elapsed         | 1675        |
|    total_timesteps      | 1507328     |
| train/                  |             |
|    approx_kl            | 0.005957488 |
|    clip_fraction        | 0.0463      |
|    clip_range           | 0.2         |
|    entropy_loss         | -0.922      |
|    explained_variance   | 0.16        |
|    learning_rate        | 7e-05       |
|    loss                 | 0.32        |
|    n_updates            | 732         |
|    policy_gradient_loss | -0.00539    |
|    value_loss           | 0.473       |
-----------------------------------------
-----------------------------------------
| episode/                |             |
|    lines_cleared_mean   | 6.6         |
|    perfect_clears_mean  | 0           |
|    pieces_placed_mean   | 27.7        |
| rollout/                |             |
|    ep_len_mean          | 28.2        |
|    ep_rew_mean          | 32.1        |
| time/                   |             |
|    fps                  | 899         |
|    iterations           | 185         |
|    time_elapsed         | 1685        |
|    total_timesteps      | 1515520     |
| train/                  |             |
|    approx_kl            | 0.006161304 |
|    clip_fraction        | 0.0487      |
|    clip_range           | 0.2         |
|    entropy_loss         | -0.933      |
|    explained_variance   | 0.226       |
|    learning_rate        | 7e-05       |
|    loss                 | 0.214       |
|    n_updates            | 736         |
|    policy_gradient_loss | -0.00571    |
|    value_loss           | 0.389       |
-----------------------------------------
------------------------------------------
| episode/                |              |
|    lines_cleared_mean   | 7            |
|    perfect_clears_mean  | 0            |
|    pieces_placed_mean   | 29           |
| rollout/                |              |
|    ep_len_mean          | 25.9         |
|    ep_rew_mean          | 28.2         |
| time/                   |              |
|    fps                  | 899          |
|    iterations           | 186          |
|    time_elapsed         | 1694         |
|    total_timesteps      | 1523712      |
| train/                  |              |
|    approx_kl            | 0.0061716177 |
|    clip_fraction        | 0.053        |
|    clip_range           | 0.2          |
|    entropy_loss         | -0.935       |
|    explained_variance   | 0.187        |
|    learning_rate        | 7e-05        |
|    loss                 | 0.243        |
|    n_updates            | 740          |
|    policy_gradient_loss | -0.00555     |
|    value_loss           | 0.418        |
------------------------------------------
-----------------------------------------
| episode/                |             |
|    lines_cleared_mean   | 4.6         |
|    perfect_clears_mean  | 0           |
|    pieces_placed_mean   | 23.1        |
| rollout/                |             |
|    ep_len_mean          | 25.8        |
|    ep_rew_mean          | 27.3        |
| time/                   |             |
|    fps                  | 899         |
|    iterations           | 187         |
|    time_elapsed         | 1703        |
|    total_timesteps      | 1531904     |
| train/                  |             |
|    approx_kl            | 0.006239211 |
|    clip_fraction        | 0.0508      |
|    clip_range           | 0.2         |
|    entropy_loss         | -0.94       |
|    explained_variance   | 0.199       |
|    learning_rate        | 7e-05       |
|    loss                 | 0.21        |
|    n_updates            | 744         |
|    policy_gradient_loss | -0.00551    |
|    value_loss           | 0.393       |
-----------------------------------------
-----------------------------------------
| episode/                |             |
|    lines_cleared_mean   | 6.1         |
|    perfect_clears_mean  | 0           |
|    pieces_placed_mean   | 26.7        |
| rollout/                |             |
|    ep_len_mean          | 28.3        |
|    ep_rew_mean          | 32.1        |
| time/                   |             |
|    fps                  | 899         |
|    iterations           | 188         |
|    time_elapsed         | 1712        |
|    total_timesteps      | 1540096     |
| train/                  |             |
|    approx_kl            | 0.006398188 |
|    clip_fraction        | 0.0511      |
|    clip_range           | 0.2         |
|    entropy_loss         | -0.92       |
|    explained_variance   | 0.174       |
|    learning_rate        | 7e-05       |
|    loss                 | 0.244       |
|    n_updates            | 748         |
|    policy_gradient_loss | -0.00588    |
|    value_loss           | 0.423       |
-----------------------------------------
------------------------------------------
| episode/                |              |
|    lines_cleared_mean   | 4.6          |
|    perfect_clears_mean  | 0            |
|    pieces_placed_mean   | 23.9         |
| rollout/                |              |
|    ep_len_mean          | 26.9         |
|    ep_rew_mean          | 29.3         |
| time/                   |              |
|    fps                  | 899          |
|    iterations           | 189          |
|    time_elapsed         | 1721         |
|    total_timesteps      | 1548288      |
| train/                  |              |
|    approx_kl            | 0.0058338176 |
|    clip_fraction        | 0.0556       |
|    clip_range           | 0.2          |
|    entropy_loss         | -0.926       |
|    explained_variance   | 0.161        |
|    learning_rate        | 7e-05        |
|    loss                 | 0.312        |
|    n_updates            | 752          |
|    policy_gradient_loss | -0.00626     |
|    value_loss           | 0.429        |
------------------------------------------
------------------------------------------
| episode/                |              |
|    lines_cleared_mean   | 7.8          |
|    perfect_clears_mean  | 0            |
|    pieces_placed_mean   | 31.4         |
| rollout/                |              |
|    ep_len_mean          | 28           |
|    ep_rew_mean          | 31.8         |
| time/                   |              |
|    fps                  | 899          |
|    iterations           | 190          |
|    time_elapsed         | 1731         |
|    total_timesteps      | 1556480      |
| train/                  |              |
|    approx_kl            | 0.0047966093 |
|    clip_fraction        | 0.0389       |
|    clip_range           | 0.2          |
|    entropy_loss         | -0.922       |
|    explained_variance   | 0.147        |
|    learning_rate        | 7e-05        |
|    loss                 | 0.267        |
|    n_updates            | 756          |
|    policy_gradient_loss | -0.00475     |
|    value_loss           | 0.47         |
------------------------------------------
------------------------------------------
| episode/                |              |
|    lines_cleared_mean   | 5.7          |
|    perfect_clears_mean  | 0            |
|    pieces_placed_mean   | 26.7         |
| rollout/                |              |
|    ep_len_mean          | 28.5         |
|    ep_rew_mean          | 32.8         |
| time/                   |              |
|    fps                  | 899          |
|    iterations           | 191          |
|    time_elapsed         | 1740         |
|    total_timesteps      | 1564672      |
| train/                  |              |
|    approx_kl            | 0.0055598263 |
|    clip_fraction        | 0.0473       |
|    clip_range           | 0.2          |
|    entropy_loss         | -0.913       |
|    explained_variance   | 0.177        |
|    learning_rate        | 7e-05        |
|    loss                 | 0.261        |
|    n_updates            | 760          |
|    policy_gradient_loss | -0.00599     |
|    value_loss           | 0.445        |
------------------------------------------
-----------------------------------------
| episode/                |             |
|    lines_cleared_mean   | 7.3         |
|    perfect_clears_mean  | 0           |
|    pieces_placed_mean   | 30.8        |
| rollout/                |             |
|    ep_len_mean          | 26.7        |
|    ep_rew_mean          | 28.8        |
| time/                   |             |
|    fps                  | 899         |
|    iterations           | 192         |
|    time_elapsed         | 1749        |
|    total_timesteps      | 1572864     |
| train/                  |             |
|    approx_kl            | 0.005584903 |
|    clip_fraction        | 0.0423      |
|    clip_range           | 0.2         |
|    entropy_loss         | -0.908      |
|    explained_variance   | 0.197       |
|    learning_rate        | 7e-05       |
|    loss                 | 0.228       |
|    n_updates            | 764         |
|    policy_gradient_loss | -0.00462    |
|    value_loss           | 0.406       |
-----------------------------------------
------------------------------------------
| episode/                |              |
|    lines_cleared_mean   | 11.3         |
|    perfect_clears_mean  | 0            |
|    pieces_placed_mean   | 38.6         |
| rollout/                |              |
|    ep_len_mean          | 29.2         |
|    ep_rew_mean          | 34           |
| time/                   |              |
|    fps                  | 899          |
|    iterations           | 193          |
|    time_elapsed         | 1758         |
|    total_timesteps      | 1581056      |
| train/                  |              |
|    approx_kl            | 0.0050885044 |
|    clip_fraction        | 0.0312       |
|    clip_range           | 0.2          |
|    entropy_loss         | -0.907       |
|    explained_variance   | 0.184        |
|    learning_rate        | 7e-05        |
|    loss                 | 0.29         |
|    n_updates            | 768          |
|    policy_gradient_loss | -0.00351     |
|    value_loss           | 0.458        |
------------------------------------------
-----------------------------------------
| episode/                |             |
|    lines_cleared_mean   | 6.36        |
|    perfect_clears_mean  | 0           |
|    pieces_placed_mean   | 28.3        |
| rollout/                |             |
|    ep_len_mean          | 26.2        |
|    ep_rew_mean          | 28          |
| time/                   |             |
|    fps                  | 899         |
|    iterations           | 194         |
|    time_elapsed         | 1767        |
|    total_timesteps      | 1589248     |
| train/                  |             |
|    approx_kl            | 0.006097027 |
|    clip_fraction        | 0.0501      |
|    clip_range           | 0.2         |
|    entropy_loss         | -0.882      |
|    explained_variance   | 0.177       |
|    learning_rate        | 7e-05       |
|    loss                 | 0.288       |
|    n_updates            | 772         |
|    policy_gradient_loss | -0.00646    |
|    value_loss           | 0.47        |
-----------------------------------------
------------------------------------------
| episode/                |              |
|    lines_cleared_mean   | 6.2          |
|    perfect_clears_mean  | 0            |
|    pieces_placed_mean   | 26.7         |
| rollout/                |              |
|    ep_len_mean          | 28.2         |
|    ep_rew_mean          | 31.8         |
| time/                   |              |
|    fps                  | 898          |
|    iterations           | 195          |
|    time_elapsed         | 1776         |
|    total_timesteps      | 1597440      |
| train/                  |              |
|    approx_kl            | 0.0058079613 |
|    clip_fraction        | 0.0444       |
|    clip_range           | 0.2          |
|    entropy_loss         | -0.909       |
|    explained_variance   | 0.261        |
|    learning_rate        | 7e-05        |
|    loss                 | 0.191        |
|    n_updates            | 776          |
|    policy_gradient_loss | -0.00519     |
|    value_loss           | 0.374        |
------------------------------------------
------------------------------------------
| episode/                |              |
|    lines_cleared_mean   | 5.2          |
|    perfect_clears_mean  | 0            |
|    pieces_placed_mean   | 24.4         |
| rollout/                |              |
|    ep_len_mean          | 26.7         |
|    ep_rew_mean          | 29.2         |
| time/                   |              |
|    fps                  | 898          |
|    iterations           | 196          |
|    time_elapsed         | 1786         |
|    total_timesteps      | 1605632      |
| train/                  |              |
|    approx_kl            | 0.0053274515 |
|    clip_fraction        | 0.0415       |
|    clip_range           | 0.2          |
|    entropy_loss         | -0.873       |
|    explained_variance   | 0.247        |
|    learning_rate        | 7e-05        |
|    loss                 | 0.217        |
|    n_updates            | 780          |
|    policy_gradient_loss | -0.00543     |
|    value_loss           | 0.368        |
------------------------------------------
------------------------------------------
| episode/                |              |
|    lines_cleared_mean   | 5.3          |
|    perfect_clears_mean  | 0            |
|    pieces_placed_mean   | 23.8         |
| rollout/                |              |
|    ep_len_mean          | 27           |
|    ep_rew_mean          | 29.8         |
| time/                   |              |
|    fps                  | 898          |
|    iterations           | 197          |
|    time_elapsed         | 1795         |
|    total_timesteps      | 1613824      |
| train/                  |              |
|    approx_kl            | 0.0064641223 |
|    clip_fraction        | 0.0546       |
|    clip_range           | 0.2          |
|    entropy_loss         | -0.88        |
|    explained_variance   | 0.251        |
|    learning_rate        | 7e-05        |
|    loss                 | 0.221        |
|    n_updates            | 784          |
|    policy_gradient_loss | -0.00631     |
|    value_loss           | 0.375        |
------------------------------------------
-----------------------------------------
| episode/                |             |
|    lines_cleared_mean   | 6           |
|    perfect_clears_mean  | 0           |
|    pieces_placed_mean   | 26.4        |
| rollout/                |             |
|    ep_len_mean          | 28.6        |
|    ep_rew_mean          | 32.6        |
| time/                   |             |
|    fps                  | 898         |
|    iterations           | 198         |
|    time_elapsed         | 1804        |
|    total_timesteps      | 1622016     |
| train/                  |             |
|    approx_kl            | 0.005784046 |
|    clip_fraction        | 0.0427      |
|    clip_range           | 0.2         |
|    entropy_loss         | -0.871      |
|    explained_variance   | 0.161       |
|    learning_rate        | 7e-05       |
|    loss                 | 0.22        |
|    n_updates            | 788         |
|    policy_gradient_loss | -0.00475    |
|    value_loss           | 0.413       |
-----------------------------------------
------------------------------------------
| episode/                |              |
|    lines_cleared_mean   | 5.4          |
|    perfect_clears_mean  | 0            |
|    pieces_placed_mean   | 24.1         |
| rollout/                |              |
|    ep_len_mean          | 26.6         |
|    ep_rew_mean          | 29.4         |
| time/                   |              |
|    fps                  | 898          |
|    iterations           | 199          |
|    time_elapsed         | 1813         |
|    total_timesteps      | 1630208      |
| train/                  |              |
|    approx_kl            | 0.0060431208 |
|    clip_fraction        | 0.0461       |
|    clip_range           | 0.2          |
|    entropy_loss         | -0.869       |
|    explained_variance   | 0.143        |
|    learning_rate        | 7e-05        |
|    loss                 | 0.255        |
|    n_updates            | 792          |
|    policy_gradient_loss | -0.00546     |
|    value_loss           | 0.464        |
------------------------------------------
-----------------------------------------
| episode/                |             |
|    lines_cleared_mean   | 5           |
|    perfect_clears_mean  | 0           |
|    pieces_placed_mean   | 24.8        |
| rollout/                |             |
|    ep_len_mean          | 26.6        |
|    ep_rew_mean          | 28.8        |
| time/                   |             |
|    fps                  | 898         |
|    iterations           | 200         |
|    time_elapsed         | 1822        |
|    total_timesteps      | 1638400     |
| train/                  |             |
|    approx_kl            | 0.005251811 |
|    clip_fraction        | 0.0383      |
|    clip_range           | 0.2         |
|    entropy_loss         | -0.88       |
|    explained_variance   | 0.162       |
|    learning_rate        | 7e-05       |
|    loss                 | 0.221       |
|    n_updates            | 796         |
|    policy_gradient_loss | -0.00478    |
|    value_loss           | 0.381       |
-----------------------------------------
------------------------------------------
| episode/                |              |
|    lines_cleared_mean   | 5.9          |
|    perfect_clears_mean  | 0            |
|    pieces_placed_mean   | 25.5         |
| rollout/                |              |
|    ep_len_mean          | 27.1         |
|    ep_rew_mean          | 30           |
| time/                   |              |
|    fps                  | 898          |
|    iterations           | 201          |
|    time_elapsed         | 1832         |
|    total_timesteps      | 1646592      |
| train/                  |              |
|    approx_kl            | 0.0056093642 |
|    clip_fraction        | 0.0447       |
|    clip_range           | 0.2          |
|    entropy_loss         | -0.876       |
|    explained_variance   | 0.218        |
|    learning_rate        | 7e-05        |
|    loss                 | 0.24         |
|    n_updates            | 800          |
|    policy_gradient_loss | -0.00538     |
|    value_loss           | 0.399        |
------------------------------------------
------------------------------------------
| episode/                |              |
|    lines_cleared_mean   | 5.64         |
|    perfect_clears_mean  | 0            |
|    pieces_placed_mean   | 25           |
| rollout/                |              |
|    ep_len_mean          | 26.9         |
|    ep_rew_mean          | 29.5         |
| time/                   |              |
|    fps                  | 898          |
|    iterations           | 202          |
|    time_elapsed         | 1841         |
|    total_timesteps      | 1654784      |
| train/                  |              |
|    approx_kl            | 0.0058514737 |
|    clip_fraction        | 0.0436       |
|    clip_range           | 0.2          |
|    entropy_loss         | -0.861       |
|    explained_variance   | 0.17         |
|    learning_rate        | 7e-05        |
|    loss                 | 0.249        |
|    n_updates            | 804          |
|    policy_gradient_loss | -0.00561     |
|    value_loss           | 0.456        |
------------------------------------------
------------------------------------------
| episode/                |              |
|    lines_cleared_mean   | 4.4          |
|    perfect_clears_mean  | 0            |
|    pieces_placed_mean   | 24.3         |
| rollout/                |              |
|    ep_len_mean          | 26.4         |
|    ep_rew_mean          | 28.1         |
| time/                   |              |
|    fps                  | 898          |
|    iterations           | 203          |
|    time_elapsed         | 1850         |
|    total_timesteps      | 1662976      |
| train/                  |              |
|    approx_kl            | 0.0055075055 |
|    clip_fraction        | 0.0413       |
|    clip_range           | 0.2          |
|    entropy_loss         | -0.87        |
|    explained_variance   | 0.239        |
|    learning_rate        | 7e-05        |
|    loss                 | 0.268        |
|    n_updates            | 808          |
|    policy_gradient_loss | -0.00513     |
|    value_loss           | 0.426        |
------------------------------------------
------------------------------------------
| episode/                |              |
|    lines_cleared_mean   | 4.64         |
|    perfect_clears_mean  | 0            |
|    pieces_placed_mean   | 23.1         |
| rollout/                |              |
|    ep_len_mean          | 27.9         |
|    ep_rew_mean          | 31.3         |
| time/                   |              |
|    fps                  | 898          |
|    iterations           | 204          |
|    time_elapsed         | 1859         |
|    total_timesteps      | 1671168      |
| train/                  |              |
|    approx_kl            | 0.0052371016 |
|    clip_fraction        | 0.0371       |
|    clip_range           | 0.2          |
|    entropy_loss         | -0.866       |
|    explained_variance   | 0.197        |
|    learning_rate        | 7e-05        |
|    loss                 | 0.294        |
|    n_updates            | 812          |
|    policy_gradient_loss | -0.00419     |
|    value_loss           | 0.414        |
------------------------------------------
-----------------------------------------
| episode/                |             |
|    lines_cleared_mean   | 7.5         |
|    perfect_clears_mean  | 0           |
|    pieces_placed_mean   | 29.2        |
| rollout/                |             |
|    ep_len_mean          | 27          |
|    ep_rew_mean          | 29.5        |
| time/                   |             |
|    fps                  | 898         |
|    iterations           | 205         |
|    time_elapsed         | 1868        |
|    total_timesteps      | 1679360     |
| train/                  |             |
|    approx_kl            | 0.006115887 |
|    clip_fraction        | 0.043       |
|    clip_range           | 0.2         |
|    entropy_loss         | -0.865      |
|    explained_variance   | 0.237       |
|    learning_rate        | 7e-05       |
|    loss                 | 0.243       |
|    n_updates            | 816         |
|    policy_gradient_loss | -0.00657    |
|    value_loss           | 0.417       |
-----------------------------------------
-----------------------------------------
| episode/                |             |
|    lines_cleared_mean   | 7.5         |
|    perfect_clears_mean  | 0.1         |
|    pieces_placed_mean   | 30.2        |
| rollout/                |             |
|    ep_len_mean          | 26.7        |
|    ep_rew_mean          | 28.9        |
| time/                   |             |
|    fps                  | 898         |
|    iterations           | 206         |
|    time_elapsed         | 1878        |
|    total_timesteps      | 1687552     |
| train/                  |             |
|    approx_kl            | 0.005163265 |
|    clip_fraction        | 0.0362      |
|    clip_range           | 0.2         |
|    entropy_loss         | -0.841      |
|    explained_variance   | 0.181       |
|    learning_rate        | 7e-05       |
|    loss                 | 0.247       |
|    n_updates            | 820         |
|    policy_gradient_loss | -0.00401    |
|    value_loss           | 0.414       |
-----------------------------------------
------------------------------------------
| episode/                |              |
|    lines_cleared_mean   | 7.9          |
|    perfect_clears_mean  | 0            |
|    pieces_placed_mean   | 30.8         |
| rollout/                |              |
|    ep_len_mean          | 27.4         |
|    ep_rew_mean          | 30.5         |
| time/                   |              |
|    fps                  | 898          |
|    iterations           | 207          |
|    time_elapsed         | 1887         |
|    total_timesteps      | 1695744      |
| train/                  |              |
|    approx_kl            | 0.0054665687 |
|    clip_fraction        | 0.0408       |
|    clip_range           | 0.2          |
|    entropy_loss         | -0.863       |
|    explained_variance   | 0.225        |
|    learning_rate        | 7e-05        |
|    loss                 | 0.251        |
|    n_updates            | 824          |
|    policy_gradient_loss | -0.0048      |
|    value_loss           | 0.405        |
------------------------------------------
------------------------------------------
| episode/                |              |
|    lines_cleared_mean   | 4.9          |
|    perfect_clears_mean  | 0            |
|    pieces_placed_mean   | 24           |
| rollout/                |              |
|    ep_len_mean          | 26.4         |
|    ep_rew_mean          | 28.5         |
| time/                   |              |
|    fps                  | 898          |
|    iterations           | 208          |
|    time_elapsed         | 1896         |
|    total_timesteps      | 1703936      |
| train/                  |              |
|    approx_kl            | 0.0051708636 |
|    clip_fraction        | 0.0385       |
|    clip_range           | 0.2          |
|    entropy_loss         | -0.856       |
|    explained_variance   | 0.21         |
|    learning_rate        | 7e-05        |
|    loss                 | 0.253        |
|    n_updates            | 828          |
|    policy_gradient_loss | -0.00463     |
|    value_loss           | 0.421        |
------------------------------------------
------------------------------------------
| episode/                |              |
|    lines_cleared_mean   | 6.18         |
|    perfect_clears_mean  | 0            |
|    pieces_placed_mean   | 26.2         |
| rollout/                |              |
|    ep_len_mean          | 28.4         |
|    ep_rew_mean          | 32.4         |
| time/                   |              |
|    fps                  | 898          |
|    iterations           | 209          |
|    time_elapsed         | 1906         |
|    total_timesteps      | 1712128      |
| train/                  |              |
|    approx_kl            | 0.0060543697 |
|    clip_fraction        | 0.0476       |
|    clip_range           | 0.2          |
|    entropy_loss         | -0.864       |
|    explained_variance   | 0.188        |
|    learning_rate        | 7e-05        |
|    loss                 | 0.231        |
|    n_updates            | 832          |
|    policy_gradient_loss | -0.00557     |
|    value_loss           | 0.413        |
------------------------------------------
-----------------------------------------
| episode/                |             |
|    lines_cleared_mean   | 5.1         |
|    perfect_clears_mean  | 0           |
|    pieces_placed_mean   | 24.4        |
| rollout/                |             |
|    ep_len_mean          | 28.4        |
|    ep_rew_mean          | 32.9        |
| time/                   |             |
|    fps                  | 898         |
|    iterations           | 210         |
|    time_elapsed         | 1915        |
|    total_timesteps      | 1720320     |
| train/                  |             |
|    approx_kl            | 0.005279218 |
|    clip_fraction        | 0.041       |
|    clip_range           | 0.2         |
|    entropy_loss         | -0.857      |
|    explained_variance   | 0.266       |
|    learning_rate        | 7e-05       |
|    loss                 | 0.273       |
|    n_updates            | 836         |
|    policy_gradient_loss | -0.00537    |
|    value_loss           | 0.427       |
-----------------------------------------
------------------------------------------
| episode/                |              |
|    lines_cleared_mean   | 6.3          |
|    perfect_clears_mean  | 0            |
|    pieces_placed_mean   | 27.7         |
| rollout/                |              |
|    ep_len_mean          | 26.8         |
|    ep_rew_mean          | 29.3         |
| time/                   |              |
|    fps                  | 898          |
|    iterations           | 211          |
|    time_elapsed         | 1924         |
|    total_timesteps      | 1728512      |
| train/                  |              |
|    approx_kl            | 0.0054531535 |
|    clip_fraction        | 0.0401       |
|    clip_range           | 0.2          |
|    entropy_loss         | -0.833       |
|    explained_variance   | 0.231        |
|    learning_rate        | 7e-05        |
|    loss                 | 0.277        |
|    n_updates            | 840          |
|    policy_gradient_loss | -0.00521     |
|    value_loss           | 0.42         |
------------------------------------------
------------------------------------------
| episode/                |              |
|    lines_cleared_mean   | 6.27         |
|    perfect_clears_mean  | 0            |
|    pieces_placed_mean   | 26.9         |
| rollout/                |              |
|    ep_len_mean          | 28.4         |
|    ep_rew_mean          | 33           |
| time/                   |              |
|    fps                  | 898          |
|    iterations           | 212          |
|    time_elapsed         | 1933         |
|    total_timesteps      | 1736704      |
| train/                  |              |
|    approx_kl            | 0.0056239846 |
|    clip_fraction        | 0.0383       |
|    clip_range           | 0.2          |
|    entropy_loss         | -0.838       |
|    explained_variance   | 0.197        |
|    learning_rate        | 7e-05        |
|    loss                 | 0.247        |
|    n_updates            | 844          |
|    policy_gradient_loss | -0.00444     |
|    value_loss           | 0.419        |
------------------------------------------
------------------------------------------
| episode/                |              |
|    lines_cleared_mean   | 5.7          |
|    perfect_clears_mean  | 0            |
|    pieces_placed_mean   | 26           |
| rollout/                |              |
|    ep_len_mean          | 27.2         |
|    ep_rew_mean          | 30.1         |
| time/                   |              |
|    fps                  | 898          |
|    iterations           | 213          |
|    time_elapsed         | 1942         |
|    total_timesteps      | 1744896      |
| train/                  |              |
|    approx_kl            | 0.0050963904 |
|    clip_fraction        | 0.0377       |
|    clip_range           | 0.2          |
|    entropy_loss         | -0.857       |
|    explained_variance   | 0.215        |
|    learning_rate        | 7e-05        |
|    loss                 | 0.233        |
|    n_updates            | 848          |
|    policy_gradient_loss | -0.00397     |
|    value_loss           | 0.41         |
------------------------------------------
------------------------------------------
| episode/                |              |
|    lines_cleared_mean   | 6.9          |
|    perfect_clears_mean  | 0            |
|    pieces_placed_mean   | 28.9         |
| rollout/                |              |
|    ep_len_mean          | 26.8         |
|    ep_rew_mean          | 29.4         |
| time/                   |              |
|    fps                  | 898          |
|    iterations           | 214          |
|    time_elapsed         | 1952         |
|    total_timesteps      | 1753088      |
| train/                  |              |
|    approx_kl            | 0.0051122657 |
|    clip_fraction        | 0.0438       |
|    clip_range           | 0.2          |
|    entropy_loss         | -0.844       |
|    explained_variance   | 0.271        |
|    learning_rate        | 7e-05        |
|    loss                 | 0.194        |
|    n_updates            | 852          |
|    policy_gradient_loss | -0.00429     |
|    value_loss           | 0.336        |
------------------------------------------
------------------------------------------
| episode/                |              |
|    lines_cleared_mean   | 5.9          |
|    perfect_clears_mean  | 0.1          |
|    pieces_placed_mean   | 26.7         |
| rollout/                |              |
|    ep_len_mean          | 28           |
|    ep_rew_mean          | 31.6         |
| time/                   |              |
|    fps                  | 898          |
|    iterations           | 215          |
|    time_elapsed         | 1961         |
|    total_timesteps      | 1761280      |
| train/                  |              |
|    approx_kl            | 0.0053243455 |
|    clip_fraction        | 0.0399       |
|    clip_range           | 0.2          |
|    entropy_loss         | -0.833       |
|    explained_variance   | 0.266        |
|    learning_rate        | 7e-05        |
|    loss                 | 0.148        |
|    n_updates            | 856          |
|    policy_gradient_loss | -0.00474     |
|    value_loss           | 0.351        |
------------------------------------------
----------------------------------------
| episode/                |            |
|    lines_cleared_mean   | 6.2        |
|    perfect_clears_mean  | 0          |
|    pieces_placed_mean   | 27.1       |
| rollout/                |            |
|    ep_len_mean          | 27.7       |
|    ep_rew_mean          | 31.2       |
| time/                   |            |
|    fps                  | 898        |
|    iterations           | 216        |
|    time_elapsed         | 1970       |
|    total_timesteps      | 1769472    |
| train/                  |            |
|    approx_kl            | 0.00482939 |
|    clip_fraction        | 0.0363     |
|    clip_range           | 0.2        |
|    entropy_loss         | -0.858     |
|    explained_variance   | 0.164      |
|    learning_rate        | 7e-05      |
|    loss                 | 0.219      |
|    n_updates            | 860        |
|    policy_gradient_loss | -0.00458   |
|    value_loss           | 0.373      |
----------------------------------------
-----------------------------------------
| episode/                |             |
|    lines_cleared_mean   | 5.1         |
|    perfect_clears_mean  | 0           |
|    pieces_placed_mean   | 24.8        |
| rollout/                |             |
|    ep_len_mean          | 27.8        |
|    ep_rew_mean          | 30.6        |
| time/                   |             |
|    fps                  | 897         |
|    iterations           | 217         |
|    time_elapsed         | 1979        |
|    total_timesteps      | 1777664     |
| train/                  |             |
|    approx_kl            | 0.005709065 |
|    clip_fraction        | 0.0406      |
|    clip_range           | 0.2         |
|    entropy_loss         | -0.84       |
|    explained_variance   | 0.224       |
|    learning_rate        | 7e-05       |
|    loss                 | 0.245       |
|    n_updates            | 864         |
|    policy_gradient_loss | -0.00505    |
|    value_loss           | 0.387       |
-----------------------------------------
------------------------------------------
| episode/                |              |
|    lines_cleared_mean   | 6.18         |
|    perfect_clears_mean  | 0            |
|    pieces_placed_mean   | 28.3         |
| rollout/                |              |
|    ep_len_mean          | 28.6         |
|    ep_rew_mean          | 32.6         |
| time/                   |              |
|    fps                  | 897          |
|    iterations           | 218          |
|    time_elapsed         | 1988         |
|    total_timesteps      | 1785856      |
| train/                  |              |
|    approx_kl            | 0.0057817064 |
|    clip_fraction        | 0.0401       |
|    clip_range           | 0.2          |
|    entropy_loss         | -0.843       |
|    explained_variance   | 0.238        |
|    learning_rate        | 7e-05        |
|    loss                 | 0.209        |
|    n_updates            | 868          |
|    policy_gradient_loss | -0.00466     |
|    value_loss           | 0.377        |
------------------------------------------
------------------------------------------
| episode/                |              |
|    lines_cleared_mean   | 5.9          |
|    perfect_clears_mean  | 0            |
|    pieces_placed_mean   | 26.9         |
| rollout/                |              |
|    ep_len_mean          | 27.7         |
|    ep_rew_mean          | 31.3         |
| time/                   |              |
|    fps                  | 897          |
|    iterations           | 219          |
|    time_elapsed         | 1998         |
|    total_timesteps      | 1794048      |
| train/                  |              |
|    approx_kl            | 0.0059392005 |
|    clip_fraction        | 0.0409       |
|    clip_range           | 0.2          |
|    entropy_loss         | -0.852       |
|    explained_variance   | 0.22         |
|    learning_rate        | 7e-05        |
|    loss                 | 0.223        |
|    n_updates            | 872          |
|    policy_gradient_loss | -0.00547     |
|    value_loss           | 0.385        |
------------------------------------------
------------------------------------------
| episode/                |              |
|    lines_cleared_mean   | 4.8          |
|    perfect_clears_mean  | 0            |
|    pieces_placed_mean   | 23.6         |
| rollout/                |              |
|    ep_len_mean          | 27.9         |
|    ep_rew_mean          | 31.2         |
| time/                   |              |
|    fps                  | 897          |
|    iterations           | 220          |
|    time_elapsed         | 2007         |
|    total_timesteps      | 1802240      |
| train/                  |              |
|    approx_kl            | 0.0056202915 |
|    clip_fraction        | 0.0407       |
|    clip_range           | 0.2          |
|    entropy_loss         | -0.843       |
|    explained_variance   | 0.169        |
|    learning_rate        | 7e-05        |
|    loss                 | 0.212        |
|    n_updates            | 876          |
|    policy_gradient_loss | -0.00419     |
|    value_loss           | 0.357        |
------------------------------------------
-----------------------------------------
| episode/                |             |
|    lines_cleared_mean   | 8.36        |
|    perfect_clears_mean  | 0           |
|    pieces_placed_mean   | 32.2        |
| rollout/                |             |
|    ep_len_mean          | 28.9        |
|    ep_rew_mean          | 33.7        |
| time/                   |             |
|    fps                  | 897         |
|    iterations           | 221         |
|    time_elapsed         | 2016        |
|    total_timesteps      | 1810432     |
| train/                  |             |
|    approx_kl            | 0.005744688 |
|    clip_fraction        | 0.0411      |
|    clip_range           | 0.2         |
|    entropy_loss         | -0.834      |
|    explained_variance   | 0.225       |
|    learning_rate        | 7e-05       |
|    loss                 | 0.186       |
|    n_updates            | 880         |
|    policy_gradient_loss | -0.0052     |
|    value_loss           | 0.372       |
-----------------------------------------
-----------------------------------------
| episode/                |             |
|    lines_cleared_mean   | 5.4         |
|    perfect_clears_mean  | 0           |
|    pieces_placed_mean   | 25.6        |
| rollout/                |             |
|    ep_len_mean          | 26.6        |
|    ep_rew_mean          | 28.7        |
| time/                   |             |
|    fps                  | 897         |
|    iterations           | 222         |
|    time_elapsed         | 2025        |
|    total_timesteps      | 1818624     |
| train/                  |             |
|    approx_kl            | 0.005058272 |
|    clip_fraction        | 0.0354      |
|    clip_range           | 0.2         |
|    entropy_loss         | -0.836      |
|    explained_variance   | 0.2         |
|    learning_rate        | 7e-05       |
|    loss                 | 0.192       |
|    n_updates            | 884         |
|    policy_gradient_loss | -0.00428    |
|    value_loss           | 0.39        |
-----------------------------------------
------------------------------------------
| episode/                |              |
|    lines_cleared_mean   | 5.91         |
|    perfect_clears_mean  | 0            |
|    pieces_placed_mean   | 26           |
| rollout/                |              |
|    ep_len_mean          | 26           |
|    ep_rew_mean          | 27.8         |
| time/                   |              |
|    fps                  | 897          |
|    iterations           | 223          |
|    time_elapsed         | 2034         |
|    total_timesteps      | 1826816      |
| train/                  |              |
|    approx_kl            | 0.0060936175 |
|    clip_fraction        | 0.043        |
|    clip_range           | 0.2          |
|    entropy_loss         | -0.84        |
|    explained_variance   | 0.208        |
|    learning_rate        | 7e-05        |
|    loss                 | 0.221        |
|    n_updates            | 888          |
|    policy_gradient_loss | -0.00505     |
|    value_loss           | 0.369        |
------------------------------------------
------------------------------------------
| episode/                |              |
|    lines_cleared_mean   | 7.7          |
|    perfect_clears_mean  | 0            |
|    pieces_placed_mean   | 30.8         |
| rollout/                |              |
|    ep_len_mean          | 27.4         |
|    ep_rew_mean          | 30.2         |
| time/                   |              |
|    fps                  | 897          |
|    iterations           | 224          |
|    time_elapsed         | 2044         |
|    total_timesteps      | 1835008      |
| train/                  |              |
|    approx_kl            | 0.0060024527 |
|    clip_fraction        | 0.0413       |
|    clip_range           | 0.2          |
|    entropy_loss         | -0.846       |
|    explained_variance   | 0.237        |
|    learning_rate        | 7e-05        |
|    loss                 | 0.205        |
|    n_updates            | 892          |
|    policy_gradient_loss | -0.00473     |
|    value_loss           | 0.37         |
------------------------------------------
-----------------------------------------
| episode/                |             |
|    lines_cleared_mean   | 8.4         |
|    perfect_clears_mean  | 0           |
|    pieces_placed_mean   | 32.9        |
| rollout/                |             |
|    ep_len_mean          | 29.6        |
|    ep_rew_mean          | 35.1        |
| time/                   |             |
|    fps                  | 897         |
|    iterations           | 225         |
|    time_elapsed         | 2053        |
|    total_timesteps      | 1843200     |
| train/                  |             |
|    approx_kl            | 0.005142643 |
|    clip_fraction        | 0.0406      |
|    clip_range           | 0.2         |
|    entropy_loss         | -0.836      |
|    explained_variance   | 0.284       |
|    learning_rate        | 7e-05       |
|    loss                 | 0.218       |
|    n_updates            | 896         |
|    policy_gradient_loss | -0.00511    |
|    value_loss           | 0.356       |
-----------------------------------------
-----------------------------------------
| episode/                |             |
|    lines_cleared_mean   | 7.64        |
|    perfect_clears_mean  | 0           |
|    pieces_placed_mean   | 31.1        |
| rollout/                |             |
|    ep_len_mean          | 27.3        |
|    ep_rew_mean          | 30.7        |
| time/                   |             |
|    fps                  | 897         |
|    iterations           | 226         |
|    time_elapsed         | 2062        |
|    total_timesteps      | 1851392     |
| train/                  |             |
|    approx_kl            | 0.004828763 |
|    clip_fraction        | 0.0343      |
|    clip_range           | 0.2         |
|    entropy_loss         | -0.832      |
|    explained_variance   | 0.307       |
|    learning_rate        | 7e-05       |
|    loss                 | 0.188       |
|    n_updates            | 900         |
|    policy_gradient_loss | -0.00428    |
|    value_loss           | 0.34        |
-----------------------------------------
-----------------------------------------
| episode/                |             |
|    lines_cleared_mean   | 5.3         |
|    perfect_clears_mean  | 0           |
|    pieces_placed_mean   | 25.4        |
| rollout/                |             |
|    ep_len_mean          | 28.7        |
|    ep_rew_mean          | 33.3        |
| time/                   |             |
|    fps                  | 897         |
|    iterations           | 227         |
|    time_elapsed         | 2071        |
|    total_timesteps      | 1859584     |
| train/                  |             |
|    approx_kl            | 0.005132569 |
|    clip_fraction        | 0.0381      |
|    clip_range           | 0.2         |
|    entropy_loss         | -0.828      |
|    explained_variance   | 0.218       |
|    learning_rate        | 7e-05       |
|    loss                 | 0.264       |
|    n_updates            | 904         |
|    policy_gradient_loss | -0.00467    |
|    value_loss           | 0.388       |
-----------------------------------------
------------------------------------------
| episode/                |              |
|    lines_cleared_mean   | 5.8          |
|    perfect_clears_mean  | 0            |
|    pieces_placed_mean   | 25.7         |
| rollout/                |              |
|    ep_len_mean          | 27.8         |
|    ep_rew_mean          | 31           |
| time/                   |              |
|    fps                  | 897          |
|    iterations           | 228          |
|    time_elapsed         | 2080         |
|    total_timesteps      | 1867776      |
| train/                  |              |
|    approx_kl            | 0.0053915125 |
|    clip_fraction        | 0.041        |
|    clip_range           | 0.2          |
|    entropy_loss         | -0.816       |
|    explained_variance   | 0.288        |
|    learning_rate        | 7e-05        |
|    loss                 | 0.198        |
|    n_updates            | 908          |
|    policy_gradient_loss | -0.00439     |
|    value_loss           | 0.371        |
------------------------------------------
-----------------------------------------
| episode/                |             |
|    lines_cleared_mean   | 6.6         |
|    perfect_clears_mean  | 0           |
|    pieces_placed_mean   | 28.1        |
| rollout/                |             |
|    ep_len_mean          | 27.1        |
|    ep_rew_mean          | 29.7        |
| time/                   |             |
|    fps                  | 897         |
|    iterations           | 229         |
|    time_elapsed         | 2089        |
|    total_timesteps      | 1875968     |
| train/                  |             |
|    approx_kl            | 0.004931289 |
|    clip_fraction        | 0.0404      |
|    clip_range           | 0.2         |
|    entropy_loss         | -0.821      |
|    explained_variance   | 0.181       |
|    learning_rate        | 7e-05       |
|    loss                 | 0.234       |
|    n_updates            | 912         |
|    policy_gradient_loss | -0.00464    |
|    value_loss           | 0.385       |
-----------------------------------------
-----------------------------------------
| episode/                |             |
|    lines_cleared_mean   | 6.2         |
|    perfect_clears_mean  | 0           |
|    pieces_placed_mean   | 27          |
| rollout/                |             |
|    ep_len_mean          | 26.6        |
|    ep_rew_mean          | 29.3        |
| time/                   |             |
|    fps                  | 897         |
|    iterations           | 230         |
|    time_elapsed         | 2099        |
|    total_timesteps      | 1884160     |
| train/                  |             |
|    approx_kl            | 0.005172628 |
|    clip_fraction        | 0.0385      |
|    clip_range           | 0.2         |
|    entropy_loss         | -0.812      |
|    explained_variance   | 0.222       |
|    learning_rate        | 7e-05       |
|    loss                 | 0.266       |
|    n_updates            | 916         |
|    policy_gradient_loss | -0.005      |
|    value_loss           | 0.404       |
-----------------------------------------
-----------------------------------------
| episode/                |             |
|    lines_cleared_mean   | 7.4         |
|    perfect_clears_mean  | 0           |
|    pieces_placed_mean   | 29.4        |
| rollout/                |             |
|    ep_len_mean          | 29.5        |
|    ep_rew_mean          | 35.5        |
| time/                   |             |
|    fps                  | 897         |
|    iterations           | 231         |
|    time_elapsed         | 2108        |
|    total_timesteps      | 1892352     |
| train/                  |             |
|    approx_kl            | 0.006507939 |
|    clip_fraction        | 0.0517      |
|    clip_range           | 0.2         |
|    entropy_loss         | -0.817      |
|    explained_variance   | 0.255       |
|    learning_rate        | 7e-05       |
|    loss                 | 0.206       |
|    n_updates            | 920         |
|    policy_gradient_loss | -0.00627    |
|    value_loss           | 0.367       |
-----------------------------------------
------------------------------------------
| episode/                |              |
|    lines_cleared_mean   | 6.27         |
|    perfect_clears_mean  | 0            |
|    pieces_placed_mean   | 27.5         |
| rollout/                |              |
|    ep_len_mean          | 28           |
|    ep_rew_mean          | 30.9         |
| time/                   |              |
|    fps                  | 897          |
|    iterations           | 232          |
|    time_elapsed         | 2117         |
|    total_timesteps      | 1900544      |
| train/                  |              |
|    approx_kl            | 0.0051854244 |
|    clip_fraction        | 0.0421       |
|    clip_range           | 0.2          |
|    entropy_loss         | -0.817       |
|    explained_variance   | 0.228        |
|    learning_rate        | 7e-05        |
|    loss                 | 0.28         |
|    n_updates            | 924          |
|    policy_gradient_loss | -0.00505     |
|    value_loss           | 0.404        |
------------------------------------------
-----------------------------------------
| episode/                |             |
|    lines_cleared_mean   | 6.4         |
|    perfect_clears_mean  | 0           |
|    pieces_placed_mean   | 27.5        |
| rollout/                |             |
|    ep_len_mean          | 26.9        |
|    ep_rew_mean          | 29.7        |
| time/                   |             |
|    fps                  | 897         |
|    iterations           | 233         |
|    time_elapsed         | 2126        |
|    total_timesteps      | 1908736     |
| train/                  |             |
|    approx_kl            | 0.006183059 |
|    clip_fraction        | 0.0435      |
|    clip_range           | 0.2         |
|    entropy_loss         | -0.834      |
|    explained_variance   | 0.25        |
|    learning_rate        | 7e-05       |
|    loss                 | 0.309       |
|    n_updates            | 928         |
|    policy_gradient_loss | -0.00545    |
|    value_loss           | 0.364       |
-----------------------------------------
------------------------------------------
| episode/                |              |
|    lines_cleared_mean   | 6.7          |
|    perfect_clears_mean  | 0            |
|    pieces_placed_mean   | 28.7         |
| rollout/                |              |
|    ep_len_mean          | 27.4         |
|    ep_rew_mean          | 30.2         |
| time/                   |              |
|    fps                  | 897          |
|    iterations           | 234          |
|    time_elapsed         | 2135         |
|    total_timesteps      | 1916928      |
| train/                  |              |
|    approx_kl            | 0.0049581616 |
|    clip_fraction        | 0.0419       |
|    clip_range           | 0.2          |
|    entropy_loss         | -0.81        |
|    explained_variance   | 0.216        |
|    learning_rate        | 7e-05        |
|    loss                 | 0.238        |
|    n_updates            | 932          |
|    policy_gradient_loss | -0.00517     |
|    value_loss           | 0.369        |
------------------------------------------
-----------------------------------------
| episode/                |             |
|    lines_cleared_mean   | 6.1         |
|    perfect_clears_mean  | 0           |
|    pieces_placed_mean   | 28          |
| rollout/                |             |
|    ep_len_mean          | 27.5        |
|    ep_rew_mean          | 30.5        |
| time/                   |             |
|    fps                  | 897         |
|    iterations           | 235         |
|    time_elapsed         | 2144        |
|    total_timesteps      | 1925120     |
| train/                  |             |
|    approx_kl            | 0.005372161 |
|    clip_fraction        | 0.0441      |
|    clip_range           | 0.2         |
|    entropy_loss         | -0.814      |
|    explained_variance   | 0.266       |
|    learning_rate        | 7e-05       |
|    loss                 | 0.238       |
|    n_updates            | 936         |
|    policy_gradient_loss | -0.00467    |
|    value_loss           | 0.377       |
-----------------------------------------
------------------------------------------
| episode/                |              |
|    lines_cleared_mean   | 6.4          |
|    perfect_clears_mean  | 0            |
|    pieces_placed_mean   | 28.2         |
| rollout/                |              |
|    ep_len_mean          | 28.6         |
|    ep_rew_mean          | 32.5         |
| time/                   |              |
|    fps                  | 897          |
|    iterations           | 236          |
|    time_elapsed         | 2154         |
|    total_timesteps      | 1933312      |
| train/                  |              |
|    approx_kl            | 0.0055594416 |
|    clip_fraction        | 0.0421       |
|    clip_range           | 0.2          |
|    entropy_loss         | -0.805       |
|    explained_variance   | 0.276        |
|    learning_rate        | 7e-05        |
|    loss                 | 0.226        |
|    n_updates            | 940          |
|    policy_gradient_loss | -0.0056      |
|    value_loss           | 0.35         |
------------------------------------------
------------------------------------------
| episode/                |              |
|    lines_cleared_mean   | 5.5          |
|    perfect_clears_mean  | 0            |
|    pieces_placed_mean   | 24.6         |
| rollout/                |              |
|    ep_len_mean          | 27.4         |
|    ep_rew_mean          | 30.2         |
| time/                   |              |
|    fps                  | 897          |
|    iterations           | 237          |
|    time_elapsed         | 2163         |
|    total_timesteps      | 1941504      |
| train/                  |              |
|    approx_kl            | 0.0050691655 |
|    clip_fraction        | 0.0372       |
|    clip_range           | 0.2          |
|    entropy_loss         | -0.809       |
|    explained_variance   | 0.202        |
|    learning_rate        | 7e-05        |
|    loss                 | 0.233        |
|    n_updates            | 944          |
|    policy_gradient_loss | -0.00469     |
|    value_loss           | 0.368        |
------------------------------------------
------------------------------------------
| episode/                |              |
|    lines_cleared_mean   | 6            |
|    perfect_clears_mean  | 0            |
|    pieces_placed_mean   | 27.3         |
| rollout/                |              |
|    ep_len_mean          | 26.4         |
|    ep_rew_mean          | 28.3         |
| time/                   |              |
|    fps                  | 897          |
|    iterations           | 238          |
|    time_elapsed         | 2172         |
|    total_timesteps      | 1949696      |
| train/                  |              |
|    approx_kl            | 0.0050237942 |
|    clip_fraction        | 0.0385       |
|    clip_range           | 0.2          |
|    entropy_loss         | -0.818       |
|    explained_variance   | 0.294        |
|    learning_rate        | 7e-05        |
|    loss                 | 0.234        |
|    n_updates            | 948          |
|    policy_gradient_loss | -0.00464     |
|    value_loss           | 0.361        |
------------------------------------------
------------------------------------------
| episode/                |              |
|    lines_cleared_mean   | 7.5          |
|    perfect_clears_mean  | 0            |
|    pieces_placed_mean   | 30.5         |
| rollout/                |              |
|    ep_len_mean          | 27.8         |
|    ep_rew_mean          | 31.2         |
| time/                   |              |
|    fps                  | 897          |
|    iterations           | 239          |
|    time_elapsed         | 2181         |
|    total_timesteps      | 1957888      |
| train/                  |              |
|    approx_kl            | 0.0053759236 |
|    clip_fraction        | 0.0439       |
|    clip_range           | 0.2          |
|    entropy_loss         | -0.811       |
|    explained_variance   | 0.186        |
|    learning_rate        | 7e-05        |
|    loss                 | 0.255        |
|    n_updates            | 952          |
|    policy_gradient_loss | -0.00515     |
|    value_loss           | 0.377        |
------------------------------------------
------------------------------------------
| episode/                |              |
|    lines_cleared_mean   | 6            |
|    perfect_clears_mean  | 0            |
|    pieces_placed_mean   | 26.2         |
| rollout/                |              |
|    ep_len_mean          | 27.9         |
|    ep_rew_mean          | 31.2         |
| time/                   |              |
|    fps                  | 897          |
|    iterations           | 240          |
|    time_elapsed         | 2190         |
|    total_timesteps      | 1966080      |
| train/                  |              |
|    approx_kl            | 0.0053482754 |
|    clip_fraction        | 0.0445       |
|    clip_range           | 0.2          |
|    entropy_loss         | -0.808       |
|    explained_variance   | 0.176        |
|    learning_rate        | 7e-05        |
|    loss                 | 0.223        |
|    n_updates            | 956          |
|    policy_gradient_loss | -0.00491     |
|    value_loss           | 0.397        |
------------------------------------------
------------------------------------------
| episode/                |              |
|    lines_cleared_mean   | 6            |
|    perfect_clears_mean  | 0            |
|    pieces_placed_mean   | 27           |
| rollout/                |              |
|    ep_len_mean          | 28.2         |
|    ep_rew_mean          | 32           |
| time/                   |              |
|    fps                  | 897          |
|    iterations           | 241          |
|    time_elapsed         | 2199         |
|    total_timesteps      | 1974272      |
| train/                  |              |
|    approx_kl            | 0.0051366184 |
|    clip_fraction        | 0.0401       |
|    clip_range           | 0.2          |
|    entropy_loss         | -0.8         |
|    explained_variance   | 0.234        |
|    learning_rate        | 7e-05        |
|    loss                 | 0.252        |
|    n_updates            | 960          |
|    policy_gradient_loss | -0.00452     |
|    value_loss           | 0.395        |
------------------------------------------
-----------------------------------------
| episode/                |             |
|    lines_cleared_mean   | 4.3         |
|    perfect_clears_mean  | 0           |
|    pieces_placed_mean   | 23.2        |
| rollout/                |             |
|    ep_len_mean          | 26.8        |
|    ep_rew_mean          | 28.6        |
| time/                   |             |
|    fps                  | 897         |
|    iterations           | 242         |
|    time_elapsed         | 2209        |
|    total_timesteps      | 1982464     |
| train/                  |             |
|    approx_kl            | 0.005846529 |
|    clip_fraction        | 0.0504      |
|    clip_range           | 0.2         |
|    entropy_loss         | -0.795      |
|    explained_variance   | 0.201       |
|    learning_rate        | 7e-05       |
|    loss                 | 0.277       |
|    n_updates            | 964         |
|    policy_gradient_loss | -0.00535    |
|    value_loss           | 0.4         |
-----------------------------------------
------------------------------------------
| episode/                |              |
|    lines_cleared_mean   | 7.1          |
|    perfect_clears_mean  | 0            |
|    pieces_placed_mean   | 29.5         |
| rollout/                |              |
|    ep_len_mean          | 27.1         |
|    ep_rew_mean          | 29.7         |
| time/                   |              |
|    fps                  | 897          |
|    iterations           | 243          |
|    time_elapsed         | 2218         |
|    total_timesteps      | 1990656      |
| train/                  |              |
|    approx_kl            | 0.0048554945 |
|    clip_fraction        | 0.0332       |
|    clip_range           | 0.2          |
|    entropy_loss         | -0.796       |
|    explained_variance   | 0.209        |
|    learning_rate        | 7e-05        |
|    loss                 | 0.266        |
|    n_updates            | 968          |
|    policy_gradient_loss | -0.00417     |
|    value_loss           | 0.383        |
------------------------------------------
------------------------------------------
| episode/                |              |
|    lines_cleared_mean   | 5.8          |
|    perfect_clears_mean  | 0            |
|    pieces_placed_mean   | 26.6         |
| rollout/                |              |
|    ep_len_mean          | 27.2         |
|    ep_rew_mean          | 30           |
| time/                   |              |
|    fps                  | 897          |
|    iterations           | 244          |
|    time_elapsed         | 2227         |
|    total_timesteps      | 1998848      |
| train/                  |              |
|    approx_kl            | 0.0058605038 |
|    clip_fraction        | 0.0488       |
|    clip_range           | 0.2          |
|    entropy_loss         | -0.803       |
|    explained_variance   | 0.269        |
|    learning_rate        | 7e-05        |
|    loss                 | 0.22         |
|    n_updates            | 972          |
|    policy_gradient_loss | -0.0053      |
|    value_loss           | 0.346        |
------------------------------------------
------------------------------------------
| episode/                |              |
|    lines_cleared_mean   | 5.9          |
|    perfect_clears_mean  | 0            |
|    pieces_placed_mean   | 27.5         |
| rollout/                |              |
|    ep_len_mean          | 27.8         |
|    ep_rew_mean          | 30.8         |
| time/                   |              |
|    fps                  | 897          |
|    iterations           | 245          |
|    time_elapsed         | 2236         |
|    total_timesteps      | 2007040      |
| train/                  |              |
|    approx_kl            | 0.0052747745 |
|    clip_fraction        | 0.0411       |
|    clip_range           | 0.2          |
|    entropy_loss         | -0.804       |
|    explained_variance   | 0.218        |
|    learning_rate        | 7e-05        |
|    loss                 | 0.204        |
|    n_updates            | 976          |
|    policy_gradient_loss | -0.00457     |
|    value_loss           | 0.375        |
------------------------------------------
-----------------------------------------
| episode/                |             |
|    lines_cleared_mean   | 5.3         |
|    perfect_clears_mean  | 0           |
|    pieces_placed_mean   | 25.3        |
| rollout/                |             |
|    ep_len_mean          | 27.1        |
|    ep_rew_mean          | 29.8        |
| time/                   |             |
|    fps                  | 897         |
|    iterations           | 246         |
|    time_elapsed         | 2246        |
|    total_timesteps      | 2015232     |
| train/                  |             |
|    approx_kl            | 0.005204718 |
|    clip_fraction        | 0.0415      |
|    clip_range           | 0.2         |
|    entropy_loss         | -0.81       |
|    explained_variance   | 0.166       |
|    learning_rate        | 7e-05       |
|    loss                 | 0.205       |
|    n_updates            | 980         |
|    policy_gradient_loss | -0.0051     |
|    value_loss           | 0.376       |
-----------------------------------------
-----------------------------------------
| episode/                |             |
|    lines_cleared_mean   | 5.7         |
|    perfect_clears_mean  | 0           |
|    pieces_placed_mean   | 26.5        |
| rollout/                |             |
|    ep_len_mean          | 27.4        |
|    ep_rew_mean          | 31          |
| time/                   |             |
|    fps                  | 897         |
|    iterations           | 247         |
|    time_elapsed         | 2255        |
|    total_timesteps      | 2023424     |
| train/                  |             |
|    approx_kl            | 0.005679679 |
|    clip_fraction        | 0.0472      |
|    clip_range           | 0.2         |
|    entropy_loss         | -0.803      |
|    explained_variance   | 0.22        |
|    learning_rate        | 7e-05       |
|    loss                 | 0.204       |
|    n_updates            | 984         |
|    policy_gradient_loss | -0.0052     |
|    value_loss           | 0.337       |
-----------------------------------------
------------------------------------------
| episode/                |              |
|    lines_cleared_mean   | 6.3          |
|    perfect_clears_mean  | 0            |
|    pieces_placed_mean   | 27.7         |
| rollout/                |              |
|    ep_len_mean          | 27.6         |
|    ep_rew_mean          | 30.9         |
| time/                   |              |
|    fps                  | 897          |
|    iterations           | 248          |
|    time_elapsed         | 2264         |
|    total_timesteps      | 2031616      |
| train/                  |              |
|    approx_kl            | 0.0055702557 |
|    clip_fraction        | 0.0431       |
|    clip_range           | 0.2          |
|    entropy_loss         | -0.8         |
|    explained_variance   | 0.248        |
|    learning_rate        | 7e-05        |
|    loss                 | 0.214        |
|    n_updates            | 988          |
|    policy_gradient_loss | -0.00513     |
|    value_loss           | 0.359        |
------------------------------------------
-----------------------------------------
| episode/                |             |
|    lines_cleared_mean   | 6.73        |
|    perfect_clears_mean  | 0           |
|    pieces_placed_mean   | 28.3        |
| rollout/                |             |
|    ep_len_mean          | 27.4        |
|    ep_rew_mean          | 30.1        |
| time/                   |             |
|    fps                  | 897         |
|    iterations           | 249         |
|    time_elapsed         | 2273        |
|    total_timesteps      | 2039808     |
| train/                  |             |
|    approx_kl            | 0.005011623 |
|    clip_fraction        | 0.0392      |
|    clip_range           | 0.2         |
|    entropy_loss         | -0.8        |
|    explained_variance   | 0.193       |
|    learning_rate        | 7e-05       |
|    loss                 | 0.221       |
|    n_updates            | 992         |
|    policy_gradient_loss | -0.00404    |
|    value_loss           | 0.374       |
-----------------------------------------
------------------------------------------
| episode/                |              |
|    lines_cleared_mean   | 6.2          |
|    perfect_clears_mean  | 0            |
|    pieces_placed_mean   | 26.5         |
| rollout/                |              |
|    ep_len_mean          | 27.8         |
|    ep_rew_mean          | 31.5         |
| time/                   |              |
|    fps                  | 897          |
|    iterations           | 250          |
|    time_elapsed         | 2282         |
|    total_timesteps      | 2048000      |
| train/                  |              |
|    approx_kl            | 0.0051286947 |
|    clip_fraction        | 0.0425       |
|    clip_range           | 0.2          |
|    entropy_loss         | -0.803       |
|    explained_variance   | 0.232        |
|    learning_rate        | 7e-05        |
|    loss                 | 0.221        |
|    n_updates            | 996          |
|    policy_gradient_loss | -0.00403     |
|    value_loss           | 0.354        |
------------------------------------------
------------------------------------------
| episode/                |              |
|    lines_cleared_mean   | 5.7          |
|    perfect_clears_mean  | 0            |
|    pieces_placed_mean   | 25.2         |
| rollout/                |              |
|    ep_len_mean          | 27.9         |
|    ep_rew_mean          | 31.8         |
| time/                   |              |
|    fps                  | 897          |
|    iterations           | 251          |
|    time_elapsed         | 2292         |
|    total_timesteps      | 2056192      |
| train/                  |              |
|    approx_kl            | 0.0049889493 |
|    clip_fraction        | 0.0367       |
|    clip_range           | 0.2          |
|    entropy_loss         | -0.799       |
|    explained_variance   | 0.228        |
|    learning_rate        | 7e-05        |
|    loss                 | 0.247        |
|    n_updates            | 1000         |
|    policy_gradient_loss | -0.00467     |
|    value_loss           | 0.384        |
------------------------------------------
---------------------------------------
| episode/                |           |
|    lines_cleared_mean   | 6.4       |
|    perfect_clears_mean  | 0         |
|    pieces_placed_mean   | 27.5      |
| rollout/                |           |
|    ep_len_mean          | 27.5      |
|    ep_rew_mean          | 30.4      |
| time/                   |           |
|    fps                  | 896       |
|    iterations           | 252       |
|    time_elapsed         | 2301      |
|    total_timesteps      | 2064384   |
| train/                  |           |
|    approx_kl            | 0.0054586 |
|    clip_fraction        | 0.0428    |
|    clip_range           | 0.2       |
|    entropy_loss         | -0.785    |
|    explained_variance   | 0.208     |
|    learning_rate        | 7e-05     |
|    loss                 | 0.233     |
|    n_updates            | 1004      |
|    policy_gradient_loss | -0.00511  |
|    value_loss           | 0.359     |
---------------------------------------
------------------------------------------
| episode/                |              |
|    lines_cleared_mean   | 6.8          |
|    perfect_clears_mean  | 0            |
|    pieces_placed_mean   | 29.6         |
| rollout/                |              |
|    ep_len_mean          | 27.3         |
|    ep_rew_mean          | 30.2         |
| time/                   |              |
|    fps                  | 896          |
|    iterations           | 253          |
|    time_elapsed         | 2310         |
|    total_timesteps      | 2072576      |
| train/                  |              |
|    approx_kl            | 0.0045392234 |
|    clip_fraction        | 0.0322       |
|    clip_range           | 0.2          |
|    entropy_loss         | -0.792       |
|    explained_variance   | 0.281        |
|    learning_rate        | 7e-05        |
|    loss                 | 0.216        |
|    n_updates            | 1008         |
|    policy_gradient_loss | -0.00398     |
|    value_loss           | 0.347        |
------------------------------------------
-----------------------------------------
| episode/                |             |
|    lines_cleared_mean   | 6.2         |
|    perfect_clears_mean  | 0           |
|    pieces_placed_mean   | 27          |
| rollout/                |             |
|    ep_len_mean          | 27.2        |
|    ep_rew_mean          | 30.5        |
| time/                   |             |
|    fps                  | 896         |
|    iterations           | 254         |
|    time_elapsed         | 2319        |
|    total_timesteps      | 2080768     |
| train/                  |             |
|    approx_kl            | 0.005930622 |
|    clip_fraction        | 0.0428      |
|    clip_range           | 0.2         |
|    entropy_loss         | -0.797      |
|    explained_variance   | 0.214       |
|    learning_rate        | 7e-05       |
|    loss                 | 0.269       |
|    n_updates            | 1012        |
|    policy_gradient_loss | -0.00547    |
|    value_loss           | 0.394       |
-----------------------------------------
-----------------------------------------
| episode/                |             |
|    lines_cleared_mean   | 5.9         |
|    perfect_clears_mean  | 0           |
|    pieces_placed_mean   | 26.4        |
| rollout/                |             |
|    ep_len_mean          | 27.8        |
|    ep_rew_mean          | 31.5        |
| time/                   |             |
|    fps                  | 896         |
|    iterations           | 255         |
|    time_elapsed         | 2328        |
|    total_timesteps      | 2088960     |
| train/                  |             |
|    approx_kl            | 0.006031172 |
|    clip_fraction        | 0.0435      |
|    clip_range           | 0.2         |
|    entropy_loss         | -0.794      |
|    explained_variance   | 0.279       |
|    learning_rate        | 7e-05       |
|    loss                 | 0.228       |
|    n_updates            | 1016        |
|    policy_gradient_loss | -0.00529    |
|    value_loss           | 0.342       |
-----------------------------------------
-----------------------------------------
| episode/                |             |
|    lines_cleared_mean   | 7.7         |
|    perfect_clears_mean  | 0           |
|    pieces_placed_mean   | 30.5        |
| rollout/                |             |
|    ep_len_mean          | 28          |
|    ep_rew_mean          | 31.6        |
| time/                   |             |
|    fps                  | 896         |
|    iterations           | 256         |
|    time_elapsed         | 2338        |
|    total_timesteps      | 2097152     |
| train/                  |             |
|    approx_kl            | 0.005490945 |
|    clip_fraction        | 0.0436      |
|    clip_range           | 0.2         |
|    entropy_loss         | -0.786      |
|    explained_variance   | 0.234       |
|    learning_rate        | 7e-05       |
|    loss                 | 0.177       |
|    n_updates            | 1020        |
|    policy_gradient_loss | -0.00526    |
|    value_loss           | 0.346       |
-----------------------------------------
------------------------------------------
| episode/                |              |
|    lines_cleared_mean   | 6.3          |
|    perfect_clears_mean  | 0            |
|    pieces_placed_mean   | 27.1         |
| rollout/                |              |
|    ep_len_mean          | 27.7         |
|    ep_rew_mean          | 31.1         |
| time/                   |              |
|    fps                  | 896          |
|    iterations           | 257          |
|    time_elapsed         | 2347         |
|    total_timesteps      | 2105344      |
| train/                  |              |
|    approx_kl            | 0.0055056736 |
|    clip_fraction        | 0.0454       |
|    clip_range           | 0.2          |
|    entropy_loss         | -0.796       |
|    explained_variance   | 0.224        |
|    learning_rate        | 7e-05        |
|    loss                 | 0.228        |
|    n_updates            | 1024         |
|    policy_gradient_loss | -0.00486     |
|    value_loss           | 0.35         |
------------------------------------------
------------------------------------------
| episode/                |              |
|    lines_cleared_mean   | 8.18         |
|    perfect_clears_mean  | 0            |
|    pieces_placed_mean   | 31.8         |
| rollout/                |              |
|    ep_len_mean          | 27.2         |
|    ep_rew_mean          | 30.2         |
| time/                   |              |
|    fps                  | 896          |
|    iterations           | 258          |
|    time_elapsed         | 2356         |
|    total_timesteps      | 2113536      |
| train/                  |              |
|    approx_kl            | 0.0058929464 |
|    clip_fraction        | 0.0403       |
|    clip_range           | 0.2          |
|    entropy_loss         | -0.794       |
|    explained_variance   | 0.271        |
|    learning_rate        | 7e-05        |
|    loss                 | 0.183        |
|    n_updates            | 1028         |
|    policy_gradient_loss | -0.0051      |
|    value_loss           | 0.335        |
------------------------------------------
-----------------------------------------
| episode/                |             |
|    lines_cleared_mean   | 7.5         |
|    perfect_clears_mean  | 0           |
|    pieces_placed_mean   | 30.5        |
| rollout/                |             |
|    ep_len_mean          | 28.6        |
|    ep_rew_mean          | 33.3        |
| time/                   |             |
|    fps                  | 896         |
|    iterations           | 259         |
|    time_elapsed         | 2365        |
|    total_timesteps      | 2121728     |
| train/                  |             |
|    approx_kl            | 0.005841174 |
|    clip_fraction        | 0.0497      |
|    clip_range           | 0.2         |
|    entropy_loss         | -0.791      |
|    explained_variance   | 0.224       |
|    learning_rate        | 7e-05       |
|    loss                 | 0.181       |
|    n_updates            | 1032        |
|    policy_gradient_loss | -0.00569    |
|    value_loss           | 0.345       |
-----------------------------------------
-----------------------------------------
| episode/                |             |
|    lines_cleared_mean   | 8.8         |
|    perfect_clears_mean  | 0           |
|    pieces_placed_mean   | 33.2        |
| rollout/                |             |
|    ep_len_mean          | 29.4        |
|    ep_rew_mean          | 33.8        |
| time/                   |             |
|    fps                  | 896         |
|    iterations           | 260         |
|    time_elapsed         | 2374        |
|    total_timesteps      | 2129920     |
| train/                  |             |
|    approx_kl            | 0.005469653 |
|    clip_fraction        | 0.0408      |
|    clip_range           | 0.2         |
|    entropy_loss         | -0.783      |
|    explained_variance   | 0.296       |
|    learning_rate        | 7e-05       |
|    loss                 | 0.228       |
|    n_updates            | 1036        |
|    policy_gradient_loss | -0.00481    |
|    value_loss           | 0.325       |
-----------------------------------------
------------------------------------------
| episode/                |              |
|    lines_cleared_mean   | 6.8          |
|    perfect_clears_mean  | 0            |
|    pieces_placed_mean   | 27.3         |
| rollout/                |              |
|    ep_len_mean          | 27.2         |
|    ep_rew_mean          | 30.3         |
| time/                   |              |
|    fps                  | 896          |
|    iterations           | 261          |
|    time_elapsed         | 2384         |
|    total_timesteps      | 2138112      |
| train/                  |              |
|    approx_kl            | 0.0042502508 |
|    clip_fraction        | 0.0314       |
|    clip_range           | 0.2          |
|    entropy_loss         | -0.77        |
|    explained_variance   | 0.213        |
|    learning_rate        | 7e-05        |
|    loss                 | 0.226        |
|    n_updates            | 1040         |
|    policy_gradient_loss | -0.00396     |
|    value_loss           | 0.363        |
------------------------------------------
------------------------------------------
| episode/                |              |
|    lines_cleared_mean   | 6.64         |
|    perfect_clears_mean  | 0            |
|    pieces_placed_mean   | 28.5         |
| rollout/                |              |
|    ep_len_mean          | 29.4         |
|    ep_rew_mean          | 34.6         |
| time/                   |              |
|    fps                  | 896          |
|    iterations           | 262          |
|    time_elapsed         | 2393         |
|    total_timesteps      | 2146304      |
| train/                  |              |
|    approx_kl            | 0.0056022545 |
|    clip_fraction        | 0.0422       |
|    clip_range           | 0.2          |
|    entropy_loss         | -0.772       |
|    explained_variance   | 0.299        |
|    learning_rate        | 7e-05        |
|    loss                 | 0.207        |
|    n_updates            | 1044         |
|    policy_gradient_loss | -0.00533     |
|    value_loss           | 0.337        |
------------------------------------------
------------------------------------------
| episode/                |              |
|    lines_cleared_mean   | 7.09         |
|    perfect_clears_mean  | 0            |
|    pieces_placed_mean   | 28.7         |
| rollout/                |              |
|    ep_len_mean          | 29.7         |
|    ep_rew_mean          | 35.2         |
| time/                   |              |
|    fps                  | 896          |
|    iterations           | 263          |
|    time_elapsed         | 2402         |
|    total_timesteps      | 2154496      |
| train/                  |              |
|    approx_kl            | 0.0057122894 |
|    clip_fraction        | 0.0467       |
|    clip_range           | 0.2          |
|    entropy_loss         | -0.764       |
|    explained_variance   | 0.224        |
|    learning_rate        | 7e-05        |
|    loss                 | 0.224        |
|    n_updates            | 1048         |
|    policy_gradient_loss | -0.00529     |
|    value_loss           | 0.358        |
------------------------------------------
-----------------------------------------
| episode/                |             |
|    lines_cleared_mean   | 4.27        |
|    perfect_clears_mean  | 0           |
|    pieces_placed_mean   | 23          |
| rollout/                |             |
|    ep_len_mean          | 27.2        |
|    ep_rew_mean          | 30.2        |
| time/                   |             |
|    fps                  | 896         |
|    iterations           | 264         |
|    time_elapsed         | 2411        |
|    total_timesteps      | 2162688     |
| train/                  |             |
|    approx_kl            | 0.004955806 |
|    clip_fraction        | 0.0372      |
|    clip_range           | 0.2         |
|    entropy_loss         | -0.778      |
|    explained_variance   | 0.197       |
|    learning_rate        | 7e-05       |
|    loss                 | 0.222       |
|    n_updates            | 1052        |
|    policy_gradient_loss | -0.00383    |
|    value_loss           | 0.388       |
-----------------------------------------
-----------------------------------------
| episode/                |             |
|    lines_cleared_mean   | 4.3         |
|    perfect_clears_mean  | 0           |
|    pieces_placed_mean   | 23.3        |
| rollout/                |             |
|    ep_len_mean          | 26.6        |
|    ep_rew_mean          | 28.8        |
| time/                   |             |
|    fps                  | 896         |
|    iterations           | 265         |
|    time_elapsed         | 2420        |
|    total_timesteps      | 2170880     |
| train/                  |             |
|    approx_kl            | 0.004624687 |
|    clip_fraction        | 0.0271      |
|    clip_range           | 0.2         |
|    entropy_loss         | -0.763      |
|    explained_variance   | 0.241       |
|    learning_rate        | 7e-05       |
|    loss                 | 0.227       |
|    n_updates            | 1056        |
|    policy_gradient_loss | -0.00322    |
|    value_loss           | 0.38        |
-----------------------------------------
----------------------------------------
| episode/                |            |
|    lines_cleared_mean   | 7.3        |
|    perfect_clears_mean  | 0          |
|    pieces_placed_mean   | 30.4       |
| rollout/                |            |
|    ep_len_mean          | 28.9       |
|    ep_rew_mean          | 33.9       |
| time/                   |            |
|    fps                  | 896        |
|    iterations           | 266        |
|    time_elapsed         | 2429       |
|    total_timesteps      | 2179072    |
| train/                  |            |
|    approx_kl            | 0.00546721 |
|    clip_fraction        | 0.0383     |
|    clip_range           | 0.2        |
|    entropy_loss         | -0.787     |
|    explained_variance   | 0.25       |
|    learning_rate        | 7e-05      |
|    loss                 | 0.227      |
|    n_updates            | 1060       |
|    policy_gradient_loss | -0.00436   |
|    value_loss           | 0.357      |
----------------------------------------
-----------------------------------------
| episode/                |             |
|    lines_cleared_mean   | 5.7         |
|    perfect_clears_mean  | 0           |
|    pieces_placed_mean   | 25.7        |
| rollout/                |             |
|    ep_len_mean          | 28.8        |
|    ep_rew_mean          | 33.5        |
| time/                   |             |
|    fps                  | 896         |
|    iterations           | 267         |
|    time_elapsed         | 2439        |
|    total_timesteps      | 2187264     |
| train/                  |             |
|    approx_kl            | 0.004847745 |
|    clip_fraction        | 0.0362      |
|    clip_range           | 0.2         |
|    entropy_loss         | -0.771      |
|    explained_variance   | 0.239       |
|    learning_rate        | 7e-05       |
|    loss                 | 0.253       |
|    n_updates            | 1064        |
|    policy_gradient_loss | -0.00466    |
|    value_loss           | 0.381       |
-----------------------------------------
------------------------------------------
| episode/                |              |
|    lines_cleared_mean   | 7.55         |
|    perfect_clears_mean  | 0            |
|    pieces_placed_mean   | 30.4         |
| rollout/                |              |
|    ep_len_mean          | 29.6         |
|    ep_rew_mean          | 35           |
| time/                   |              |
|    fps                  | 896          |
|    iterations           | 268          |
|    time_elapsed         | 2448         |
|    total_timesteps      | 2195456      |
| train/                  |              |
|    approx_kl            | 0.0053713107 |
|    clip_fraction        | 0.0398       |
|    clip_range           | 0.2          |
|    entropy_loss         | -0.774       |
|    explained_variance   | 0.228        |
|    learning_rate        | 7e-05        |
|    loss                 | 0.23         |
|    n_updates            | 1068         |
|    policy_gradient_loss | -0.00476     |
|    value_loss           | 0.365        |
------------------------------------------
------------------------------------------
| episode/                |              |
|    lines_cleared_mean   | 3.5          |
|    perfect_clears_mean  | 0            |
|    pieces_placed_mean   | 20.5         |
| rollout/                |              |
|    ep_len_mean          | 27.2         |
|    ep_rew_mean          | 30.5         |
| time/                   |              |
|    fps                  | 896          |
|    iterations           | 269          |
|    time_elapsed         | 2457         |
|    total_timesteps      | 2203648      |
| train/                  |              |
|    approx_kl            | 0.0043729413 |
|    clip_fraction        | 0.0331       |
|    clip_range           | 0.2          |
|    entropy_loss         | -0.766       |
|    explained_variance   | 0.228        |
|    learning_rate        | 7e-05        |
|    loss                 | 0.297        |
|    n_updates            | 1072         |
|    policy_gradient_loss | -0.00447     |
|    value_loss           | 0.428        |
------------------------------------------
-----------------------------------------
| episode/                |             |
|    lines_cleared_mean   | 7.2         |
|    perfect_clears_mean  | 0           |
|    pieces_placed_mean   | 29.4        |
| rollout/                |             |
|    ep_len_mean          | 26.6        |
|    ep_rew_mean          | 29.4        |
| time/                   |             |
|    fps                  | 896         |
|    iterations           | 270         |
|    time_elapsed         | 2466        |
|    total_timesteps      | 2211840     |
| train/                  |             |
|    approx_kl            | 0.006134589 |
|    clip_fraction        | 0.041       |
|    clip_range           | 0.2         |
|    entropy_loss         | -0.789      |
|    explained_variance   | 0.223       |
|    learning_rate        | 7e-05       |
|    loss                 | 0.229       |
|    n_updates            | 1076        |
|    policy_gradient_loss | -0.00542    |
|    value_loss           | 0.384       |
-----------------------------------------
-----------------------------------------
| episode/                |             |
|    lines_cleared_mean   | 6.5         |
|    perfect_clears_mean  | 0           |
|    pieces_placed_mean   | 27.5        |
| rollout/                |             |
|    ep_len_mean          | 27.2        |
|    ep_rew_mean          | 30.4        |
| time/                   |             |
|    fps                  | 896         |
|    iterations           | 271         |
|    time_elapsed         | 2476        |
|    total_timesteps      | 2220032     |
| train/                  |             |
|    approx_kl            | 0.006168656 |
|    clip_fraction        | 0.0498      |
|    clip_range           | 0.2         |
|    entropy_loss         | -0.784      |
|    explained_variance   | 0.315       |
|    learning_rate        | 7e-05       |
|    loss                 | 0.214       |
|    n_updates            | 1080        |
|    policy_gradient_loss | -0.006      |
|    value_loss           | 0.358       |
-----------------------------------------
------------------------------------------
| episode/                |              |
|    lines_cleared_mean   | 5.9          |
|    perfect_clears_mean  | 0            |
|    pieces_placed_mean   | 27.3         |
| rollout/                |              |
|    ep_len_mean          | 28.4         |
|    ep_rew_mean          | 33           |
| time/                   |              |
|    fps                  | 896          |
|    iterations           | 272          |
|    time_elapsed         | 2485         |
|    total_timesteps      | 2228224      |
| train/                  |              |
|    approx_kl            | 0.0040564314 |
|    clip_fraction        | 0.0319       |
|    clip_range           | 0.2          |
|    entropy_loss         | -0.771       |
|    explained_variance   | 0.307        |
|    learning_rate        | 7e-05        |
|    loss                 | 0.232        |
|    n_updates            | 1084         |
|    policy_gradient_loss | -0.00416     |
|    value_loss           | 0.349        |
------------------------------------------
------------------------------------------
| episode/                |              |
|    lines_cleared_mean   | 5.3          |
|    perfect_clears_mean  | 0            |
|    pieces_placed_mean   | 25.5         |
| rollout/                |              |
|    ep_len_mean          | 26.6         |
|    ep_rew_mean          | 28.8         |
| time/                   |              |
|    fps                  | 896          |
|    iterations           | 273          |
|    time_elapsed         | 2494         |
|    total_timesteps      | 2236416      |
| train/                  |              |
|    approx_kl            | 0.0054963646 |
|    clip_fraction        | 0.0441       |
|    clip_range           | 0.2          |
|    entropy_loss         | -0.782       |
|    explained_variance   | 0.287        |
|    learning_rate        | 7e-05        |
|    loss                 | 0.237        |
|    n_updates            | 1088         |
|    policy_gradient_loss | -0.00523     |
|    value_loss           | 0.362        |
------------------------------------------
-----------------------------------------
| episode/                |             |
|    lines_cleared_mean   | 7.4         |
|    perfect_clears_mean  | 0           |
|    pieces_placed_mean   | 29.8        |
| rollout/                |             |
|    ep_len_mean          | 29.6        |
|    ep_rew_mean          | 34.5        |
| time/                   |             |
|    fps                  | 896         |
|    iterations           | 274         |
|    time_elapsed         | 2503        |
|    total_timesteps      | 2244608     |
| train/                  |             |
|    approx_kl            | 0.005295746 |
|    clip_fraction        | 0.0474      |
|    clip_range           | 0.2         |
|    entropy_loss         | -0.79       |
|    explained_variance   | 0.289       |
|    learning_rate        | 7e-05       |
|    loss                 | 0.246       |
|    n_updates            | 1092        |
|    policy_gradient_loss | -0.00543    |
|    value_loss           | 0.374       |
-----------------------------------------
-----------------------------------------
| episode/                |             |
|    lines_cleared_mean   | 6.2         |
|    perfect_clears_mean  | 0           |
|    pieces_placed_mean   | 27          |
| rollout/                |             |
|    ep_len_mean          | 29          |
|    ep_rew_mean          | 33.5        |
| time/                   |             |
|    fps                  | 896         |
|    iterations           | 275         |
|    time_elapsed         | 2512        |
|    total_timesteps      | 2252800     |
| train/                  |             |
|    approx_kl            | 0.005911396 |
|    clip_fraction        | 0.0423      |
|    clip_range           | 0.2         |
|    entropy_loss         | -0.782      |
|    explained_variance   | 0.323       |
|    learning_rate        | 7e-05       |
|    loss                 | 0.269       |
|    n_updates            | 1096        |
|    policy_gradient_loss | -0.00545    |
|    value_loss           | 0.383       |
-----------------------------------------
-----------------------------------------
| episode/                |             |
|    lines_cleared_mean   | 4           |
|    perfect_clears_mean  | 0           |
|    pieces_placed_mean   | 22.1        |
| rollout/                |             |
|    ep_len_mean          | 28.9        |
|    ep_rew_mean          | 33.8        |
| time/                   |             |
|    fps                  | 896         |
|    iterations           | 276         |
|    time_elapsed         | 2521        |
|    total_timesteps      | 2260992     |
| train/                  |             |
|    approx_kl            | 0.005058607 |
|    clip_fraction        | 0.0371      |
|    clip_range           | 0.2         |
|    entropy_loss         | -0.762      |
|    explained_variance   | 0.26        |
|    learning_rate        | 7e-05       |
|    loss                 | 0.221       |
|    n_updates            | 1100        |
|    policy_gradient_loss | -0.00444    |
|    value_loss           | 0.38        |
-----------------------------------------
----------------------------------------
| episode/                |            |
|    lines_cleared_mean   | 4.9        |
|    perfect_clears_mean  | 0          |
|    pieces_placed_mean   | 24.6       |
| rollout/                |            |
|    ep_len_mean          | 28.5       |
|    ep_rew_mean          | 32.1       |
| time/                   |            |
|    fps                  | 896        |
|    iterations           | 277        |
|    time_elapsed         | 2531       |
|    total_timesteps      | 2269184    |
| train/                  |            |
|    approx_kl            | 0.00461353 |
|    clip_fraction        | 0.0338     |
|    clip_range           | 0.2        |
|    entropy_loss         | -0.766     |
|    explained_variance   | 0.276      |
|    learning_rate        | 7e-05      |
|    loss                 | 0.257      |
|    n_updates            | 1104       |
|    policy_gradient_loss | -0.00367   |
|    value_loss           | 0.381      |
----------------------------------------
-----------------------------------------
| episode/                |             |
|    lines_cleared_mean   | 6.5         |
|    perfect_clears_mean  | 0           |
|    pieces_placed_mean   | 27.4        |
| rollout/                |             |
|    ep_len_mean          | 27.5        |
|    ep_rew_mean          | 30.7        |
| time/                   |             |
|    fps                  | 896         |
|    iterations           | 278         |
|    time_elapsed         | 2540        |
|    total_timesteps      | 2277376     |
| train/                  |             |
|    approx_kl            | 0.005188753 |
|    clip_fraction        | 0.0401      |
|    clip_range           | 0.2         |
|    entropy_loss         | -0.777      |
|    explained_variance   | 0.215       |
|    learning_rate        | 7e-05       |
|    loss                 | 0.3         |
|    n_updates            | 1108        |
|    policy_gradient_loss | -0.00516    |
|    value_loss           | 0.406       |
-----------------------------------------
------------------------------------------
| episode/                |              |
|    lines_cleared_mean   | 5.3          |
|    perfect_clears_mean  | 0            |
|    pieces_placed_mean   | 23.9         |
| rollout/                |              |
|    ep_len_mean          | 28.4         |
|    ep_rew_mean          | 32.5         |
| time/                   |              |
|    fps                  | 896          |
|    iterations           | 279          |
|    time_elapsed         | 2549         |
|    total_timesteps      | 2285568      |
| train/                  |              |
|    approx_kl            | 0.0054755714 |
|    clip_fraction        | 0.0414       |
|    clip_range           | 0.2          |
|    entropy_loss         | -0.768       |
|    explained_variance   | 0.275        |
|    learning_rate        | 7e-05        |
|    loss                 | 0.283        |
|    n_updates            | 1112         |
|    policy_gradient_loss | -0.00513     |
|    value_loss           | 0.378        |
------------------------------------------
-----------------------------------------
| episode/                |             |
|    lines_cleared_mean   | 5.6         |
|    perfect_clears_mean  | 0           |
|    pieces_placed_mean   | 25.5        |
| rollout/                |             |
|    ep_len_mean          | 26.6        |
|    ep_rew_mean          | 29.4        |
| time/                   |             |
|    fps                  | 896         |
|    iterations           | 280         |
|    time_elapsed         | 2558        |
|    total_timesteps      | 2293760     |
| train/                  |             |
|    approx_kl            | 0.005585921 |
|    clip_fraction        | 0.0463      |
|    clip_range           | 0.2         |
|    entropy_loss         | -0.767      |
|    explained_variance   | 0.24        |
|    learning_rate        | 7e-05       |
|    loss                 | 0.254       |
|    n_updates            | 1116        |
|    policy_gradient_loss | -0.00545    |
|    value_loss           | 0.395       |
-----------------------------------------
-----------------------------------------
| episode/                |             |
|    lines_cleared_mean   | 7.9         |
|    perfect_clears_mean  | 0           |
|    pieces_placed_mean   | 30.6        |
| rollout/                |             |
|    ep_len_mean          | 27.2        |
|    ep_rew_mean          | 30.7        |
| time/                   |             |
|    fps                  | 896         |
|    iterations           | 281         |
|    time_elapsed         | 2568        |
|    total_timesteps      | 2301952     |
| train/                  |             |
|    approx_kl            | 0.004779365 |
|    clip_fraction        | 0.0406      |
|    clip_range           | 0.2         |
|    entropy_loss         | -0.785      |
|    explained_variance   | 0.311       |
|    learning_rate        | 7e-05       |
|    loss                 | 0.25        |
|    n_updates            | 1120        |
|    policy_gradient_loss | -0.00424    |
|    value_loss           | 0.33        |
-----------------------------------------
-----------------------------------------
| episode/                |             |
|    lines_cleared_mean   | 8.3         |
|    perfect_clears_mean  | 0           |
|    pieces_placed_mean   | 31.8        |
| rollout/                |             |
|    ep_len_mean          | 28.9        |
|    ep_rew_mean          | 33.8        |
| time/                   |             |
|    fps                  | 896         |
|    iterations           | 282         |
|    time_elapsed         | 2577        |
|    total_timesteps      | 2310144     |
| train/                  |             |
|    approx_kl            | 0.005074571 |
|    clip_fraction        | 0.0424      |
|    clip_range           | 0.2         |
|    entropy_loss         | -0.769      |
|    explained_variance   | 0.239       |
|    learning_rate        | 7e-05       |
|    loss                 | 0.223       |
|    n_updates            | 1124        |
|    policy_gradient_loss | -0.00468    |
|    value_loss           | 0.349       |
-----------------------------------------
------------------------------------------
| episode/                |              |
|    lines_cleared_mean   | 3.82         |
|    perfect_clears_mean  | 0            |
|    pieces_placed_mean   | 22           |
| rollout/                |              |
|    ep_len_mean          | 30.1         |
|    ep_rew_mean          | 35.5         |
| time/                   |              |
|    fps                  | 896          |
|    iterations           | 283          |
|    time_elapsed         | 2586         |
|    total_timesteps      | 2318336      |
| train/                  |              |
|    approx_kl            | 0.0056019966 |
|    clip_fraction        | 0.0406       |
|    clip_range           | 0.2          |
|    entropy_loss         | -0.757       |
|    explained_variance   | 0.248        |
|    learning_rate        | 7e-05        |
|    loss                 | 0.241        |
|    n_updates            | 1128         |
|    policy_gradient_loss | -0.00624     |
|    value_loss           | 0.392        |
------------------------------------------
-----------------------------------------
| episode/                |             |
|    lines_cleared_mean   | 7.8         |
|    perfect_clears_mean  | 0.1         |
|    pieces_placed_mean   | 31.1        |
| rollout/                |             |
|    ep_len_mean          | 27.7        |
|    ep_rew_mean          | 31.3        |
| time/                   |             |
|    fps                  | 896         |
|    iterations           | 284         |
|    time_elapsed         | 2595        |
|    total_timesteps      | 2326528     |
| train/                  |             |
|    approx_kl            | 0.004685999 |
|    clip_fraction        | 0.0276      |
|    clip_range           | 0.2         |
|    entropy_loss         | -0.77       |
|    explained_variance   | 0.208       |
|    learning_rate        | 7e-05       |
|    loss                 | 0.311       |
|    n_updates            | 1132        |
|    policy_gradient_loss | -0.00408    |
|    value_loss           | 0.418       |
-----------------------------------------
------------------------------------------
| episode/                |              |
|    lines_cleared_mean   | 5            |
|    perfect_clears_mean  | 0            |
|    pieces_placed_mean   | 25.1         |
| rollout/                |              |
|    ep_len_mean          | 27.6         |
|    ep_rew_mean          | 30.7         |
| time/                   |              |
|    fps                  | 896          |
|    iterations           | 285          |
|    time_elapsed         | 2604         |
|    total_timesteps      | 2334720      |
| train/                  |              |
|    approx_kl            | 0.0058932677 |
|    clip_fraction        | 0.0478       |
|    clip_range           | 0.2          |
|    entropy_loss         | -0.759       |
|    explained_variance   | 0.232        |
|    learning_rate        | 7e-05        |
|    loss                 | 0.266        |
|    n_updates            | 1136         |
|    policy_gradient_loss | -0.0061      |
|    value_loss           | 0.391        |
------------------------------------------
------------------------------------------
| episode/                |              |
|    lines_cleared_mean   | 4.36         |
|    perfect_clears_mean  | 0            |
|    pieces_placed_mean   | 23.5         |
| rollout/                |              |
|    ep_len_mean          | 28.2         |
|    ep_rew_mean          | 32.4         |
| time/                   |              |
|    fps                  | 896          |
|    iterations           | 286          |
|    time_elapsed         | 2614         |
|    total_timesteps      | 2342912      |
| train/                  |              |
|    approx_kl            | 0.0050615254 |
|    clip_fraction        | 0.0402       |
|    clip_range           | 0.2          |
|    entropy_loss         | -0.756       |
|    explained_variance   | 0.264        |
|    learning_rate        | 7e-05        |
|    loss                 | 0.238        |
|    n_updates            | 1140         |
|    policy_gradient_loss | -0.00467     |
|    value_loss           | 0.366        |
------------------------------------------
-----------------------------------------
| episode/                |             |
|    lines_cleared_mean   | 6.4         |
|    perfect_clears_mean  | 0           |
|    pieces_placed_mean   | 27.9        |
| rollout/                |             |
|    ep_len_mean          | 29.8        |
|    ep_rew_mean          | 36          |
| time/                   |             |
|    fps                  | 896         |
|    iterations           | 287         |
|    time_elapsed         | 2623        |
|    total_timesteps      | 2351104     |
| train/                  |             |
|    approx_kl            | 0.005760221 |
|    clip_fraction        | 0.0474      |
|    clip_range           | 0.2         |
|    entropy_loss         | -0.767      |
|    explained_variance   | 0.214       |
|    learning_rate        | 7e-05       |
|    loss                 | 0.255       |
|    n_updates            | 1144        |
|    policy_gradient_loss | -0.00524    |
|    value_loss           | 0.378       |
-----------------------------------------
-----------------------------------------
| episode/                |             |
|    lines_cleared_mean   | 5.1         |
|    perfect_clears_mean  | 0           |
|    pieces_placed_mean   | 23.9        |
| rollout/                |             |
|    ep_len_mean          | 27.3        |
|    ep_rew_mean          | 30.6        |
| time/                   |             |
|    fps                  | 896         |
|    iterations           | 288         |
|    time_elapsed         | 2632        |
|    total_timesteps      | 2359296     |
| train/                  |             |
|    approx_kl            | 0.005733475 |
|    clip_fraction        | 0.0432      |
|    clip_range           | 0.2         |
|    entropy_loss         | -0.756      |
|    explained_variance   | 0.27        |
|    learning_rate        | 7e-05       |
|    loss                 | 0.253       |
|    n_updates            | 1148        |
|    policy_gradient_loss | -0.00566    |
|    value_loss           | 0.35        |
-----------------------------------------
-----------------------------------------
| episode/                |             |
|    lines_cleared_mean   | 6.1         |
|    perfect_clears_mean  | 0           |
|    pieces_placed_mean   | 26.6        |
| rollout/                |             |
|    ep_len_mean          | 27.7        |
|    ep_rew_mean          | 31.2        |
| time/                   |             |
|    fps                  | 896         |
|    iterations           | 289         |
|    time_elapsed         | 2641        |
|    total_timesteps      | 2367488     |
| train/                  |             |
|    approx_kl            | 0.004867983 |
|    clip_fraction        | 0.0355      |
|    clip_range           | 0.2         |
|    entropy_loss         | -0.756      |
|    explained_variance   | 0.224       |
|    learning_rate        | 7e-05       |
|    loss                 | 0.174       |
|    n_updates            | 1152        |
|    policy_gradient_loss | -0.00486    |
|    value_loss           | 0.339       |
-----------------------------------------
-----------------------------------------
| episode/                |             |
|    lines_cleared_mean   | 6.8         |
|    perfect_clears_mean  | 0           |
|    pieces_placed_mean   | 28.2        |
| rollout/                |             |
|    ep_len_mean          | 27.5        |
|    ep_rew_mean          | 30.3        |
| time/                   |             |
|    fps                  | 896         |
|    iterations           | 290         |
|    time_elapsed         | 2650        |
|    total_timesteps      | 2375680     |
| train/                  |             |
|    approx_kl            | 0.004889758 |
|    clip_fraction        | 0.0367      |
|    clip_range           | 0.2         |
|    entropy_loss         | -0.762      |
|    explained_variance   | 0.18        |
|    learning_rate        | 7e-05       |
|    loss                 | 0.227       |
|    n_updates            | 1156        |
|    policy_gradient_loss | -0.00463    |
|    value_loss           | 0.383       |
-----------------------------------------
------------------------------------------
| episode/                |              |
|    lines_cleared_mean   | 6.9          |
|    perfect_clears_mean  | 0            |
|    pieces_placed_mean   | 30           |
| rollout/                |              |
|    ep_len_mean          | 29           |
|    ep_rew_mean          | 33.6         |
| time/                   |              |
|    fps                  | 896          |
|    iterations           | 291          |
|    time_elapsed         | 2659         |
|    total_timesteps      | 2383872      |
| train/                  |              |
|    approx_kl            | 0.0044290787 |
|    clip_fraction        | 0.0305       |
|    clip_range           | 0.2          |
|    entropy_loss         | -0.757       |
|    explained_variance   | 0.236        |
|    learning_rate        | 7e-05        |
|    loss                 | 0.228        |
|    n_updates            | 1160         |
|    policy_gradient_loss | -0.00469     |
|    value_loss           | 0.359        |
------------------------------------------
----------------------------------------
| episode/                |            |
|    lines_cleared_mean   | 6.82       |
|    perfect_clears_mean  | 0          |
|    pieces_placed_mean   | 28.4       |
| rollout/                |            |
|    ep_len_mean          | 27         |
|    ep_rew_mean          | 29.9       |
| time/                   |            |
|    fps                  | 896        |
|    iterations           | 292        |
|    time_elapsed         | 2669       |
|    total_timesteps      | 2392064    |
| train/                  |            |
|    approx_kl            | 0.00481046 |
|    clip_fraction        | 0.0345     |
|    clip_range           | 0.2        |
|    entropy_loss         | -0.751     |
|    explained_variance   | 0.216      |
|    learning_rate        | 7e-05      |
|    loss                 | 0.246      |
|    n_updates            | 1164       |
|    policy_gradient_loss | -0.00422   |
|    value_loss           | 0.361      |
----------------------------------------
-----------------------------------------
| episode/                |             |
|    lines_cleared_mean   | 5.2         |
|    perfect_clears_mean  | 0           |
|    pieces_placed_mean   | 25.4        |
| rollout/                |             |
|    ep_len_mean          | 29          |
|    ep_rew_mean          | 33.4        |
| time/                   |             |
|    fps                  | 896         |
|    iterations           | 293         |
|    time_elapsed         | 2678        |
|    total_timesteps      | 2400256     |
| train/                  |             |
|    approx_kl            | 0.004440411 |
|    clip_fraction        | 0.036       |
|    clip_range           | 0.2         |
|    entropy_loss         | -0.744      |
|    explained_variance   | 0.23        |
|    learning_rate        | 7e-05       |
|    loss                 | 0.209       |
|    n_updates            | 1168        |
|    policy_gradient_loss | -0.00391    |
|    value_loss           | 0.34        |
-----------------------------------------
------------------------------------------
| episode/                |              |
|    lines_cleared_mean   | 7            |
|    perfect_clears_mean  | 0            |
|    pieces_placed_mean   | 30.1         |
| rollout/                |              |
|    ep_len_mean          | 31.6         |
|    ep_rew_mean          | 39           |
| time/                   |              |
|    fps                  | 896          |
|    iterations           | 294          |
|    time_elapsed         | 2687         |
|    total_timesteps      | 2408448      |
| train/                  |              |
|    approx_kl            | 0.0058614016 |
|    clip_fraction        | 0.0486       |
|    clip_range           | 0.2          |
|    entropy_loss         | -0.743       |
|    explained_variance   | 0.181        |
|    learning_rate        | 7e-05        |
|    loss                 | 0.188        |
|    n_updates            | 1172         |
|    policy_gradient_loss | -0.00536     |
|    value_loss           | 0.377        |
------------------------------------------
-----------------------------------------
| episode/                |             |
|    lines_cleared_mean   | 5.1         |
|    perfect_clears_mean  | 0           |
|    pieces_placed_mean   | 25.4        |
| rollout/                |             |
|    ep_len_mean          | 29.6        |
|    ep_rew_mean          | 35.4        |
| time/                   |             |
|    fps                  | 896         |
|    iterations           | 295         |
|    time_elapsed         | 2696        |
|    total_timesteps      | 2416640     |
| train/                  |             |
|    approx_kl            | 0.004856131 |
|    clip_fraction        | 0.0366      |
|    clip_range           | 0.2         |
|    entropy_loss         | -0.732      |
|    explained_variance   | 0.194       |
|    learning_rate        | 7e-05       |
|    loss                 | 0.205       |
|    n_updates            | 1176        |
|    policy_gradient_loss | -0.00391    |
|    value_loss           | 0.369       |
-----------------------------------------
-----------------------------------------
| episode/                |             |
|    lines_cleared_mean   | 6.91        |
|    perfect_clears_mean  | 0           |
|    pieces_placed_mean   | 28.1        |
| rollout/                |             |
|    ep_len_mean          | 30.1        |
|    ep_rew_mean          | 35.9        |
| time/                   |             |
|    fps                  | 896         |
|    iterations           | 296         |
|    time_elapsed         | 2705        |
|    total_timesteps      | 2424832     |
| train/                  |             |
|    approx_kl            | 0.004664493 |
|    clip_fraction        | 0.0362      |
|    clip_range           | 0.2         |
|    entropy_loss         | -0.716      |
|    explained_variance   | 0.275       |
|    learning_rate        | 7e-05       |
|    loss                 | 0.203       |
|    n_updates            | 1180        |
|    policy_gradient_loss | -0.00394    |
|    value_loss           | 0.334       |
-----------------------------------------
------------------------------------------
| episode/                |              |
|    lines_cleared_mean   | 7.9          |
|    perfect_clears_mean  | 0            |
|    pieces_placed_mean   | 31.3         |
| rollout/                |              |
|    ep_len_mean          | 29.2         |
|    ep_rew_mean          | 33.6         |
| time/                   |              |
|    fps                  | 896          |
|    iterations           | 297          |
|    time_elapsed         | 2715         |
|    total_timesteps      | 2433024      |
| train/                  |              |
|    approx_kl            | 0.0053444263 |
|    clip_fraction        | 0.0429       |
|    clip_range           | 0.2          |
|    entropy_loss         | -0.73        |
|    explained_variance   | 0.25         |
|    learning_rate        | 7e-05        |
|    loss                 | 0.235        |
|    n_updates            | 1184         |
|    policy_gradient_loss | -0.00471     |
|    value_loss           | 0.376        |
------------------------------------------
-----------------------------------------
| episode/                |             |
|    lines_cleared_mean   | 7.1         |
|    perfect_clears_mean  | 0           |
|    pieces_placed_mean   | 28.5        |
| rollout/                |             |
|    ep_len_mean          | 29.5        |
|    ep_rew_mean          | 35.1        |
| time/                   |             |
|    fps                  | 896         |
|    iterations           | 298         |
|    time_elapsed         | 2724        |
|    total_timesteps      | 2441216     |
| train/                  |             |
|    approx_kl            | 0.004975092 |
|    clip_fraction        | 0.0365      |
|    clip_range           | 0.2         |
|    entropy_loss         | -0.743      |
|    explained_variance   | 0.205       |
|    learning_rate        | 7e-05       |
|    loss                 | 0.229       |
|    n_updates            | 1188        |
|    policy_gradient_loss | -0.00472    |
|    value_loss           | 0.37        |
-----------------------------------------
------------------------------------------
| episode/                |              |
|    lines_cleared_mean   | 7.4          |
|    perfect_clears_mean  | 0            |
|    pieces_placed_mean   | 28.8         |
| rollout/                |              |
|    ep_len_mean          | 30.2         |
|    ep_rew_mean          | 37           |
| time/                   |              |
|    fps                  | 896          |
|    iterations           | 299          |
|    time_elapsed         | 2733         |
|    total_timesteps      | 2449408      |
| train/                  |              |
|    approx_kl            | 0.0047387434 |
|    clip_fraction        | 0.0353       |
|    clip_range           | 0.2          |
|    entropy_loss         | -0.727       |
|    explained_variance   | 0.232        |
|    learning_rate        | 7e-05        |
|    loss                 | 0.195        |
|    n_updates            | 1192         |
|    policy_gradient_loss | -0.00403     |
|    value_loss           | 0.334        |
------------------------------------------
------------------------------------------
| episode/                |              |
|    lines_cleared_mean   | 7.1          |
|    perfect_clears_mean  | 0            |
|    pieces_placed_mean   | 29.9         |
| rollout/                |              |
|    ep_len_mean          | 28.3         |
|    ep_rew_mean          | 32.1         |
| time/                   |              |
|    fps                  | 896          |
|    iterations           | 300          |
|    time_elapsed         | 2742         |
|    total_timesteps      | 2457600      |
| train/                  |              |
|    approx_kl            | 0.0051736934 |
|    clip_fraction        | 0.0352       |
|    clip_range           | 0.2          |
|    entropy_loss         | -0.735       |
|    explained_variance   | 0.25         |
|    learning_rate        | 7e-05        |
|    loss                 | 0.229        |
|    n_updates            | 1196         |
|    policy_gradient_loss | -0.0044      |
|    value_loss           | 0.398        |
------------------------------------------
-----------------------------------------
| episode/                |             |
|    lines_cleared_mean   | 7.2         |
|    perfect_clears_mean  | 0           |
|    pieces_placed_mean   | 29          |
| rollout/                |             |
|    ep_len_mean          | 27.6        |
|    ep_rew_mean          | 30.7        |
| time/                   |             |
|    fps                  | 896         |
|    iterations           | 301         |
|    time_elapsed         | 2751        |
|    total_timesteps      | 2465792     |
| train/                  |             |
|    approx_kl            | 0.004655342 |
|    clip_fraction        | 0.0367      |
|    clip_range           | 0.2         |
|    entropy_loss         | -0.73       |
|    explained_variance   | 0.245       |
|    learning_rate        | 7e-05       |
|    loss                 | 0.193       |
|    n_updates            | 1200        |
|    policy_gradient_loss | -0.00344    |
|    value_loss           | 0.353       |
-----------------------------------------
-----------------------------------------
| episode/                |             |
|    lines_cleared_mean   | 5.4         |
|    perfect_clears_mean  | 0           |
|    pieces_placed_mean   | 25.3        |
| rollout/                |             |
|    ep_len_mean          | 28.1        |
|    ep_rew_mean          | 32.2        |
| time/                   |             |
|    fps                  | 896         |
|    iterations           | 302         |
|    time_elapsed         | 2761        |
|    total_timesteps      | 2473984     |
| train/                  |             |
|    approx_kl            | 0.005356674 |
|    clip_fraction        | 0.045       |
|    clip_range           | 0.2         |
|    entropy_loss         | -0.735      |
|    explained_variance   | 0.208       |
|    learning_rate        | 7e-05       |
|    loss                 | 0.211       |
|    n_updates            | 1204        |
|    policy_gradient_loss | -0.00557    |
|    value_loss           | 0.368       |
-----------------------------------------
------------------------------------------
| episode/                |              |
|    lines_cleared_mean   | 6.8          |
|    perfect_clears_mean  | 0            |
|    pieces_placed_mean   | 28.2         |
| rollout/                |              |
|    ep_len_mean          | 28.5         |
|    ep_rew_mean          | 32.5         |
| time/                   |              |
|    fps                  | 895          |
|    iterations           | 303          |
|    time_elapsed         | 2770         |
|    total_timesteps      | 2482176      |
| train/                  |              |
|    approx_kl            | 0.0053686253 |
|    clip_fraction        | 0.0419       |
|    clip_range           | 0.2          |
|    entropy_loss         | -0.743       |
|    explained_variance   | 0.202        |
|    learning_rate        | 7e-05        |
|    loss                 | 0.241        |
|    n_updates            | 1208         |
|    policy_gradient_loss | -0.00444     |
|    value_loss           | 0.353        |
------------------------------------------
------------------------------------------
| episode/                |              |
|    lines_cleared_mean   | 7.4          |
|    perfect_clears_mean  | 0            |
|    pieces_placed_mean   | 30.2         |
| rollout/                |              |
|    ep_len_mean          | 26.8         |
|    ep_rew_mean          | 29.3         |
| time/                   |              |
|    fps                  | 895          |
|    iterations           | 304          |
|    time_elapsed         | 2779         |
|    total_timesteps      | 2490368      |
| train/                  |              |
|    approx_kl            | 0.0046771313 |
|    clip_fraction        | 0.0327       |
|    clip_range           | 0.2          |
|    entropy_loss         | -0.735       |
|    explained_variance   | 0.269        |
|    learning_rate        | 7e-05        |
|    loss                 | 0.198        |
|    n_updates            | 1212         |
|    policy_gradient_loss | -0.00405     |
|    value_loss           | 0.317        |
------------------------------------------
------------------------------------------
| episode/                |              |
|    lines_cleared_mean   | 6.5          |
|    perfect_clears_mean  | 0            |
|    pieces_placed_mean   | 28.3         |
| rollout/                |              |
|    ep_len_mean          | 27.3         |
|    ep_rew_mean          | 30.5         |
| time/                   |              |
|    fps                  | 895          |
|    iterations           | 305          |
|    time_elapsed         | 2788         |
|    total_timesteps      | 2498560      |
| train/                  |              |
|    approx_kl            | 0.0045523215 |
|    clip_fraction        | 0.0355       |
|    clip_range           | 0.2          |
|    entropy_loss         | -0.723       |
|    explained_variance   | 0.24         |
|    learning_rate        | 7e-05        |
|    loss                 | 0.203        |
|    n_updates            | 1216         |
|    policy_gradient_loss | -0.00435     |
|    value_loss           | 0.343        |
------------------------------------------
-----------------------------------------
| episode/                |             |
|    lines_cleared_mean   | 5.55        |
|    perfect_clears_mean  | 0           |
|    pieces_placed_mean   | 26.2        |
| rollout/                |             |
|    ep_len_mean          | 27.9        |
|    ep_rew_mean          | 31.4        |
| time/                   |             |
|    fps                  | 895         |
|    iterations           | 306         |
|    time_elapsed         | 2797        |
|    total_timesteps      | 2506752     |
| train/                  |             |
|    approx_kl            | 0.005289451 |
|    clip_fraction        | 0.0394      |
|    clip_range           | 0.2         |
|    entropy_loss         | -0.709      |
|    explained_variance   | 0.259       |
|    learning_rate        | 7e-05       |
|    loss                 | 0.248       |
|    n_updates            | 1220        |
|    policy_gradient_loss | -0.0047     |
|    value_loss           | 0.36        |
-----------------------------------------
------------------------------------------
| episode/                |              |
|    lines_cleared_mean   | 6.3          |
|    perfect_clears_mean  | 0            |
|    pieces_placed_mean   | 28.8         |
| rollout/                |              |
|    ep_len_mean          | 29.2         |
|    ep_rew_mean          | 34.3         |
| time/                   |              |
|    fps                  | 895          |
|    iterations           | 307          |
|    time_elapsed         | 2807         |
|    total_timesteps      | 2514944      |
| train/                  |              |
|    approx_kl            | 0.0050345203 |
|    clip_fraction        | 0.0389       |
|    clip_range           | 0.2          |
|    entropy_loss         | -0.719       |
|    explained_variance   | 0.278        |
|    learning_rate        | 7e-05        |
|    loss                 | 0.212        |
|    n_updates            | 1224         |
|    policy_gradient_loss | -0.00402     |
|    value_loss           | 0.358        |
------------------------------------------
----------------------------------------
| episode/                |            |
|    lines_cleared_mean   | 4.6        |
|    perfect_clears_mean  | 0          |
|    pieces_placed_mean   | 23.5       |
| rollout/                |            |
|    ep_len_mean          | 27.8       |
|    ep_rew_mean          | 31.3       |
| time/                   |            |
|    fps                  | 895        |
|    iterations           | 308        |
|    time_elapsed         | 2816       |
|    total_timesteps      | 2523136    |
| train/                  |            |
|    approx_kl            | 0.00645909 |
|    clip_fraction        | 0.0605     |
|    clip_range           | 0.2        |
|    entropy_loss         | -0.726     |
|    explained_variance   | 0.266      |
|    learning_rate        | 7e-05      |
|    loss                 | 0.258      |
|    n_updates            | 1228       |
|    policy_gradient_loss | -0.00636   |
|    value_loss           | 0.334      |
----------------------------------------
------------------------------------------
| episode/                |              |
|    lines_cleared_mean   | 6            |
|    perfect_clears_mean  | 0            |
|    pieces_placed_mean   | 26.7         |
| rollout/                |              |
|    ep_len_mean          | 28.7         |
|    ep_rew_mean          | 32.9         |
| time/                   |              |
|    fps                  | 895          |
|    iterations           | 309          |
|    time_elapsed         | 2825         |
|    total_timesteps      | 2531328      |
| train/                  |              |
|    approx_kl            | 0.0063496265 |
|    clip_fraction        | 0.0503       |
|    clip_range           | 0.2          |
|    entropy_loss         | -0.719       |
|    explained_variance   | 0.288        |
|    learning_rate        | 7e-05        |
|    loss                 | 0.196        |
|    n_updates            | 1232         |
|    policy_gradient_loss | -0.00508     |
|    value_loss           | 0.303        |
------------------------------------------
-----------------------------------------
| episode/                |             |
|    lines_cleared_mean   | 6.1         |
|    perfect_clears_mean  | 0           |
|    pieces_placed_mean   | 26.7        |
| rollout/                |             |
|    ep_len_mean          | 28.5        |
|    ep_rew_mean          | 33          |
| time/                   |             |
|    fps                  | 895         |
|    iterations           | 310         |
|    time_elapsed         | 2834        |
|    total_timesteps      | 2539520     |
| train/                  |             |
|    approx_kl            | 0.005167617 |
|    clip_fraction        | 0.036       |
|    clip_range           | 0.2         |
|    entropy_loss         | -0.711      |
|    explained_variance   | 0.231       |
|    learning_rate        | 7e-05       |
|    loss                 | 0.215       |
|    n_updates            | 1236        |
|    policy_gradient_loss | -0.00489    |
|    value_loss           | 0.353       |
-----------------------------------------
------------------------------------------
| episode/                |              |
|    lines_cleared_mean   | 6.82         |
|    perfect_clears_mean  | 0            |
|    pieces_placed_mean   | 28.1         |
| rollout/                |              |
|    ep_len_mean          | 28.5         |
|    ep_rew_mean          | 32.4         |
| time/                   |              |
|    fps                  | 895          |
|    iterations           | 311          |
|    time_elapsed         | 2843         |
|    total_timesteps      | 2547712      |
| train/                  |              |
|    approx_kl            | 0.0052948203 |
|    clip_fraction        | 0.0415       |
|    clip_range           | 0.2          |
|    entropy_loss         | -0.713       |
|    explained_variance   | 0.186        |
|    learning_rate        | 7e-05        |
|    loss                 | 0.198        |
|    n_updates            | 1240         |
|    policy_gradient_loss | -0.00537     |
|    value_loss           | 0.352        |
------------------------------------------
------------------------------------------
| episode/                |              |
|    lines_cleared_mean   | 7.7          |
|    perfect_clears_mean  | 0            |
|    pieces_placed_mean   | 31           |
| rollout/                |              |
|    ep_len_mean          | 27.2         |
|    ep_rew_mean          | 30.4         |
| time/                   |              |
|    fps                  | 895          |
|    iterations           | 312          |
|    time_elapsed         | 2853         |
|    total_timesteps      | 2555904      |
| train/                  |              |
|    approx_kl            | 0.0048808726 |
|    clip_fraction        | 0.0358       |
|    clip_range           | 0.2          |
|    entropy_loss         | -0.712       |
|    explained_variance   | 0.274        |
|    learning_rate        | 7e-05        |
|    loss                 | 0.178        |
|    n_updates            | 1244         |
|    policy_gradient_loss | -0.00421     |
|    value_loss           | 0.298        |
------------------------------------------
------------------------------------------
| episode/                |              |
|    lines_cleared_mean   | 6.2          |
|    perfect_clears_mean  | 0            |
|    pieces_placed_mean   | 26.8         |
| rollout/                |              |
|    ep_len_mean          | 28.6         |
|    ep_rew_mean          | 33.5         |
| time/                   |              |
|    fps                  | 895          |
|    iterations           | 313          |
|    time_elapsed         | 2862         |
|    total_timesteps      | 2564096      |
| train/                  |              |
|    approx_kl            | 0.0049128113 |
|    clip_fraction        | 0.0396       |
|    clip_range           | 0.2          |
|    entropy_loss         | -0.703       |
|    explained_variance   | 0.256        |
|    learning_rate        | 7e-05        |
|    loss                 | 0.218        |
|    n_updates            | 1248         |
|    policy_gradient_loss | -0.00479     |
|    value_loss           | 0.339        |
------------------------------------------
------------------------------------------
| episode/                |              |
|    lines_cleared_mean   | 6.4          |
|    perfect_clears_mean  | 0            |
|    pieces_placed_mean   | 27.3         |
| rollout/                |              |
|    ep_len_mean          | 29.3         |
|    ep_rew_mean          | 34.7         |
| time/                   |              |
|    fps                  | 895          |
|    iterations           | 314          |
|    time_elapsed         | 2871         |
|    total_timesteps      | 2572288      |
| train/                  |              |
|    approx_kl            | 0.0048147026 |
|    clip_fraction        | 0.0401       |
|    clip_range           | 0.2          |
|    entropy_loss         | -0.708       |
|    explained_variance   | 0.268        |
|    learning_rate        | 7e-05        |
|    loss                 | 0.204        |
|    n_updates            | 1252         |
|    policy_gradient_loss | -0.0047      |
|    value_loss           | 0.327        |
------------------------------------------
------------------------------------------
| episode/                |              |
|    lines_cleared_mean   | 10.4         |
|    perfect_clears_mean  | 0            |
|    pieces_placed_mean   | 38.2         |
| rollout/                |              |
|    ep_len_mean          | 29.8         |
|    ep_rew_mean          | 35.1         |
| time/                   |              |
|    fps                  | 895          |
|    iterations           | 315          |
|    time_elapsed         | 2880         |
|    total_timesteps      | 2580480      |
| train/                  |              |
|    approx_kl            | 0.0045347568 |
|    clip_fraction        | 0.034        |
|    clip_range           | 0.2          |
|    entropy_loss         | -0.69        |
|    explained_variance   | 0.256        |
|    learning_rate        | 7e-05        |
|    loss                 | 0.175        |
|    n_updates            | 1256         |
|    policy_gradient_loss | -0.00449     |
|    value_loss           | 0.342        |
------------------------------------------
-----------------------------------------
| episode/                |             |
|    lines_cleared_mean   | 8.4         |
|    perfect_clears_mean  | 0           |
|    pieces_placed_mean   | 31.6        |
| rollout/                |             |
|    ep_len_mean          | 28.3        |
|    ep_rew_mean          | 32.3        |
| time/                   |             |
|    fps                  | 895         |
|    iterations           | 316         |
|    time_elapsed         | 2889        |
|    total_timesteps      | 2588672     |
| train/                  |             |
|    approx_kl            | 0.005463358 |
|    clip_fraction        | 0.0381      |
|    clip_range           | 0.2         |
|    entropy_loss         | -0.703      |
|    explained_variance   | 0.292       |
|    learning_rate        | 7e-05       |
|    loss                 | 0.217       |
|    n_updates            | 1260        |
|    policy_gradient_loss | -0.00476    |
|    value_loss           | 0.319       |
-----------------------------------------
-----------------------------------------
| episode/                |             |
|    lines_cleared_mean   | 5.1         |
|    perfect_clears_mean  | 0           |
|    pieces_placed_mean   | 24.7        |
| rollout/                |             |
|    ep_len_mean          | 29.4        |
|    ep_rew_mean          | 34.2        |
| time/                   |             |
|    fps                  | 895         |
|    iterations           | 317         |
|    time_elapsed         | 2899        |
|    total_timesteps      | 2596864     |
| train/                  |             |
|    approx_kl            | 0.004909358 |
|    clip_fraction        | 0.0395      |
|    clip_range           | 0.2         |
|    entropy_loss         | -0.695      |
|    explained_variance   | 0.268       |
|    learning_rate        | 7e-05       |
|    loss                 | 0.185       |
|    n_updates            | 1264        |
|    policy_gradient_loss | -0.00433    |
|    value_loss           | 0.354       |
-----------------------------------------
------------------------------------------
| episode/                |              |
|    lines_cleared_mean   | 3.8          |
|    perfect_clears_mean  | 0            |
|    pieces_placed_mean   | 21.3         |
| rollout/                |              |
|    ep_len_mean          | 30.1         |
|    ep_rew_mean          | 36.5         |
| time/                   |              |
|    fps                  | 895          |
|    iterations           | 318          |
|    time_elapsed         | 2908         |
|    total_timesteps      | 2605056      |
| train/                  |              |
|    approx_kl            | 0.0048961556 |
|    clip_fraction        | 0.04         |
|    clip_range           | 0.2          |
|    entropy_loss         | -0.695       |
|    explained_variance   | 0.244        |
|    learning_rate        | 7e-05        |
|    loss                 | 0.207        |
|    n_updates            | 1268         |
|    policy_gradient_loss | -0.00492     |
|    value_loss           | 0.348        |
------------------------------------------
------------------------------------------
| episode/                |              |
|    lines_cleared_mean   | 8.9          |
|    perfect_clears_mean  | 0.1          |
|    pieces_placed_mean   | 34.5         |
| rollout/                |              |
|    ep_len_mean          | 28.8         |
|    ep_rew_mean          | 33.6         |
| time/                   |              |
|    fps                  | 895          |
|    iterations           | 319          |
|    time_elapsed         | 2917         |
|    total_timesteps      | 2613248      |
| train/                  |              |
|    approx_kl            | 0.0042751296 |
|    clip_fraction        | 0.0307       |
|    clip_range           | 0.2          |
|    entropy_loss         | -0.692       |
|    explained_variance   | 0.248        |
|    learning_rate        | 7e-05        |
|    loss                 | 0.214        |
|    n_updates            | 1272         |
|    policy_gradient_loss | -0.00343     |
|    value_loss           | 0.349        |
------------------------------------------
------------------------------------------
| episode/                |              |
|    lines_cleared_mean   | 7.82         |
|    perfect_clears_mean  | 0            |
|    pieces_placed_mean   | 30.5         |
| rollout/                |              |
|    ep_len_mean          | 29.3         |
|    ep_rew_mean          | 34.9         |
| time/                   |              |
|    fps                  | 895          |
|    iterations           | 320          |
|    time_elapsed         | 2926         |
|    total_timesteps      | 2621440      |
| train/                  |              |
|    approx_kl            | 0.0052076206 |
|    clip_fraction        | 0.0365       |
|    clip_range           | 0.2          |
|    entropy_loss         | -0.699       |
|    explained_variance   | 0.25         |
|    learning_rate        | 7e-05        |
|    loss                 | 0.233        |
|    n_updates            | 1276         |
|    policy_gradient_loss | -0.00457     |
|    value_loss           | 0.37         |
------------------------------------------
----------------------------------------
| episode/                |            |
|    lines_cleared_mean   | 6.8        |
|    perfect_clears_mean  | 0          |
|    pieces_placed_mean   | 28.2       |
| rollout/                |            |
|    ep_len_mean          | 31.8       |
|    ep_rew_mean          | 39.5       |
| time/                   |            |
|    fps                  | 895        |
|    iterations           | 321        |
|    time_elapsed         | 2935       |
|    total_timesteps      | 2629632    |
| train/                  |            |
|    approx_kl            | 0.00476663 |
|    clip_fraction        | 0.037      |
|    clip_range           | 0.2        |
|    entropy_loss         | -0.7       |
|    explained_variance   | 0.22       |
|    learning_rate        | 7e-05      |
|    loss                 | 0.229      |
|    n_updates            | 1280       |
|    policy_gradient_loss | -0.00516   |
|    value_loss           | 0.352      |
----------------------------------------
-----------------------------------------
| episode/                |             |
|    lines_cleared_mean   | 11          |
|    perfect_clears_mean  | 0           |
|    pieces_placed_mean   | 38.3        |
| rollout/                |             |
|    ep_len_mean          | 29.8        |
|    ep_rew_mean          | 35.3        |
| time/                   |             |
|    fps                  | 895         |
|    iterations           | 322         |
|    time_elapsed         | 2945        |
|    total_timesteps      | 2637824     |
| train/                  |             |
|    approx_kl            | 0.005135592 |
|    clip_fraction        | 0.042       |
|    clip_range           | 0.2         |
|    entropy_loss         | -0.684      |
|    explained_variance   | 0.256       |
|    learning_rate        | 7e-05       |
|    loss                 | 0.202       |
|    n_updates            | 1284        |
|    policy_gradient_loss | -0.00521    |
|    value_loss           | 0.347       |
-----------------------------------------
------------------------------------------
| episode/                |              |
|    lines_cleared_mean   | 6.7          |
|    perfect_clears_mean  | 0            |
|    pieces_placed_mean   | 28.7         |
| rollout/                |              |
|    ep_len_mean          | 29.8         |
|    ep_rew_mean          | 35.1         |
| time/                   |              |
|    fps                  | 895          |
|    iterations           | 323          |
|    time_elapsed         | 2954         |
|    total_timesteps      | 2646016      |
| train/                  |              |
|    approx_kl            | 0.0046264064 |
|    clip_fraction        | 0.0358       |
|    clip_range           | 0.2          |
|    entropy_loss         | -0.687       |
|    explained_variance   | 0.23         |
|    learning_rate        | 7e-05        |
|    loss                 | 0.192        |
|    n_updates            | 1288         |
|    policy_gradient_loss | -0.00416     |
|    value_loss           | 0.363        |
------------------------------------------
------------------------------------------
| episode/                |              |
|    lines_cleared_mean   | 7.45         |
|    perfect_clears_mean  | 0            |
|    pieces_placed_mean   | 29.3         |
| rollout/                |              |
|    ep_len_mean          | 28.4         |
|    ep_rew_mean          | 32.9         |
| time/                   |              |
|    fps                  | 895          |
|    iterations           | 324          |
|    time_elapsed         | 2963         |
|    total_timesteps      | 2654208      |
| train/                  |              |
|    approx_kl            | 0.0052206693 |
|    clip_fraction        | 0.046        |
|    clip_range           | 0.2          |
|    entropy_loss         | -0.674       |
|    explained_variance   | 0.209        |
|    learning_rate        | 7e-05        |
|    loss                 | 0.233        |
|    n_updates            | 1292         |
|    policy_gradient_loss | -0.00486     |
|    value_loss           | 0.37         |
------------------------------------------
-----------------------------------------
| episode/                |             |
|    lines_cleared_mean   | 8.1         |
|    perfect_clears_mean  | 0           |
|    pieces_placed_mean   | 31.3        |
| rollout/                |             |
|    ep_len_mean          | 30          |
|    ep_rew_mean          | 36.1        |
| time/                   |             |
|    fps                  | 895         |
|    iterations           | 325         |
|    time_elapsed         | 2972        |
|    total_timesteps      | 2662400     |
| train/                  |             |
|    approx_kl            | 0.004919746 |
|    clip_fraction        | 0.0379      |
|    clip_range           | 0.2         |
|    entropy_loss         | -0.67       |
|    explained_variance   | 0.24        |
|    learning_rate        | 7e-05       |
|    loss                 | 0.213       |
|    n_updates            | 1296        |
|    policy_gradient_loss | -0.00445    |
|    value_loss           | 0.359       |
-----------------------------------------
------------------------------------------
| episode/                |              |
|    lines_cleared_mean   | 4.4          |
|    perfect_clears_mean  | 0            |
|    pieces_placed_mean   | 24           |
| rollout/                |              |
|    ep_len_mean          | 26.6         |
|    ep_rew_mean          | 28.4         |
| time/                   |              |
|    fps                  | 895          |
|    iterations           | 326          |
|    time_elapsed         | 2981         |
|    total_timesteps      | 2670592      |
| train/                  |              |
|    approx_kl            | 0.0047788317 |
|    clip_fraction        | 0.0357       |
|    clip_range           | 0.2          |
|    entropy_loss         | -0.686       |
|    explained_variance   | 0.296        |
|    learning_rate        | 7e-05        |
|    loss                 | 0.215        |
|    n_updates            | 1300         |
|    policy_gradient_loss | -0.00416     |
|    value_loss           | 0.351        |
------------------------------------------
-----------------------------------------
| episode/                |             |
|    lines_cleared_mean   | 7.1         |
|    perfect_clears_mean  | 0           |
|    pieces_placed_mean   | 28.7        |
| rollout/                |             |
|    ep_len_mean          | 29          |
|    ep_rew_mean          | 34.1        |
| time/                   |             |
|    fps                  | 895         |
|    iterations           | 327         |
|    time_elapsed         | 2991        |
|    total_timesteps      | 2678784     |
| train/                  |             |
|    approx_kl            | 0.004688953 |
|    clip_fraction        | 0.0339      |
|    clip_range           | 0.2         |
|    entropy_loss         | -0.679      |
|    explained_variance   | 0.198       |
|    learning_rate        | 7e-05       |
|    loss                 | 0.272       |
|    n_updates            | 1304        |
|    policy_gradient_loss | -0.00472    |
|    value_loss           | 0.388       |
-----------------------------------------
-----------------------------------------
| episode/                |             |
|    lines_cleared_mean   | 7.8         |
|    perfect_clears_mean  | 0           |
|    pieces_placed_mean   | 30.2        |
| rollout/                |             |
|    ep_len_mean          | 29.4        |
|    ep_rew_mean          | 34.9        |
| time/                   |             |
|    fps                  | 895         |
|    iterations           | 328         |
|    time_elapsed         | 3000        |
|    total_timesteps      | 2686976     |
| train/                  |             |
|    approx_kl            | 0.005765067 |
|    clip_fraction        | 0.0475      |
|    clip_range           | 0.2         |
|    entropy_loss         | -0.684      |
|    explained_variance   | 0.277       |
|    learning_rate        | 7e-05       |
|    loss                 | 0.165       |
|    n_updates            | 1308        |
|    policy_gradient_loss | -0.00553    |
|    value_loss           | 0.327       |
-----------------------------------------
-----------------------------------------
| episode/                |             |
|    lines_cleared_mean   | 6.6         |
|    perfect_clears_mean  | 0           |
|    pieces_placed_mean   | 28.8        |
| rollout/                |             |
|    ep_len_mean          | 27.5        |
|    ep_rew_mean          | 30.9        |
| time/                   |             |
|    fps                  | 895         |
|    iterations           | 329         |
|    time_elapsed         | 3009        |
|    total_timesteps      | 2695168     |
| train/                  |             |
|    approx_kl            | 0.005190525 |
|    clip_fraction        | 0.0397      |
|    clip_range           | 0.2         |
|    entropy_loss         | -0.689      |
|    explained_variance   | 0.193       |
|    learning_rate        | 7e-05       |
|    loss                 | 0.239       |
|    n_updates            | 1312        |
|    policy_gradient_loss | -0.00486    |
|    value_loss           | 0.36        |
-----------------------------------------
-----------------------------------------
| episode/                |             |
|    lines_cleared_mean   | 7.3         |
|    perfect_clears_mean  | 0           |
|    pieces_placed_mean   | 29.5        |
| rollout/                |             |
|    ep_len_mean          | 29.1        |
|    ep_rew_mean          | 34.3        |
| time/                   |             |
|    fps                  | 895         |
|    iterations           | 330         |
|    time_elapsed         | 3018        |
|    total_timesteps      | 2703360     |
| train/                  |             |
|    approx_kl            | 0.005422379 |
|    clip_fraction        | 0.0382      |
|    clip_range           | 0.2         |
|    entropy_loss         | -0.694      |
|    explained_variance   | 0.256       |
|    learning_rate        | 7e-05       |
|    loss                 | 0.209       |
|    n_updates            | 1316        |
|    policy_gradient_loss | -0.0049     |
|    value_loss           | 0.344       |
-----------------------------------------
-----------------------------------------
| episode/                |             |
|    lines_cleared_mean   | 7.5         |
|    perfect_clears_mean  | 0           |
|    pieces_placed_mean   | 30.1        |
| rollout/                |             |
|    ep_len_mean          | 28.9        |
|    ep_rew_mean          | 34.1        |
| time/                   |             |
|    fps                  | 895         |
|    iterations           | 331         |
|    time_elapsed         | 3027        |
|    total_timesteps      | 2711552     |
| train/                  |             |
|    approx_kl            | 0.005551573 |
|    clip_fraction        | 0.051       |
|    clip_range           | 0.2         |
|    entropy_loss         | -0.689      |
|    explained_variance   | 0.22        |
|    learning_rate        | 7e-05       |
|    loss                 | 0.23        |
|    n_updates            | 1320        |
|    policy_gradient_loss | -0.00531    |
|    value_loss           | 0.343       |
-----------------------------------------
------------------------------------------
| episode/                |              |
|    lines_cleared_mean   | 7.4          |
|    perfect_clears_mean  | 0            |
|    pieces_placed_mean   | 29.3         |
| rollout/                |              |
|    ep_len_mean          | 30.3         |
|    ep_rew_mean          | 36.6         |
| time/                   |              |
|    fps                  | 895          |
|    iterations           | 332          |
|    time_elapsed         | 3037         |
|    total_timesteps      | 2719744      |
| train/                  |              |
|    approx_kl            | 0.0045778872 |
|    clip_fraction        | 0.0343       |
|    clip_range           | 0.2          |
|    entropy_loss         | -0.692       |
|    explained_variance   | 0.267        |
|    learning_rate        | 7e-05        |
|    loss                 | 0.198        |
|    n_updates            | 1324         |
|    policy_gradient_loss | -0.00453     |
|    value_loss           | 0.336        |
------------------------------------------
------------------------------------------
| episode/                |              |
|    lines_cleared_mean   | 6.4          |
|    perfect_clears_mean  | 0            |
|    pieces_placed_mean   | 27.7         |
| rollout/                |              |
|    ep_len_mean          | 28.8         |
|    ep_rew_mean          | 33.5         |
| time/                   |              |
|    fps                  | 895          |
|    iterations           | 333          |
|    time_elapsed         | 3046         |
|    total_timesteps      | 2727936      |
| train/                  |              |
|    approx_kl            | 0.0048275134 |
|    clip_fraction        | 0.0349       |
|    clip_range           | 0.2          |
|    entropy_loss         | -0.674       |
|    explained_variance   | 0.204        |
|    learning_rate        | 7e-05        |
|    loss                 | 0.213        |
|    n_updates            | 1328         |
|    policy_gradient_loss | -0.0043      |
|    value_loss           | 0.379        |
------------------------------------------
------------------------------------------
| episode/                |              |
|    lines_cleared_mean   | 8.91         |
|    perfect_clears_mean  | 0            |
|    pieces_placed_mean   | 33           |
| rollout/                |              |
|    ep_len_mean          | 28.4         |
|    ep_rew_mean          | 32.4         |
| time/                   |              |
|    fps                  | 895          |
|    iterations           | 334          |
|    time_elapsed         | 3055         |
|    total_timesteps      | 2736128      |
| train/                  |              |
|    approx_kl            | 0.0049526542 |
|    clip_fraction        | 0.0416       |
|    clip_range           | 0.2          |
|    entropy_loss         | -0.671       |
|    explained_variance   | 0.269        |
|    learning_rate        | 7e-05        |
|    loss                 | 0.233        |
|    n_updates            | 1332         |
|    policy_gradient_loss | -0.00489     |
|    value_loss           | 0.339        |
------------------------------------------
------------------------------------------
| episode/                |              |
|    lines_cleared_mean   | 6.8          |
|    perfect_clears_mean  | 0            |
|    pieces_placed_mean   | 28.6         |
| rollout/                |              |
|    ep_len_mean          | 28.2         |
|    ep_rew_mean          | 32.1         |
| time/                   |              |
|    fps                  | 895          |
|    iterations           | 335          |
|    time_elapsed         | 3064         |
|    total_timesteps      | 2744320      |
| train/                  |              |
|    approx_kl            | 0.0042666765 |
|    clip_fraction        | 0.0312       |
|    clip_range           | 0.2          |
|    entropy_loss         | -0.678       |
|    explained_variance   | 0.231        |
|    learning_rate        | 7e-05        |
|    loss                 | 0.228        |
|    n_updates            | 1336         |
|    policy_gradient_loss | -0.00344     |
|    value_loss           | 0.356        |
------------------------------------------
-----------------------------------------
| episode/                |             |
|    lines_cleared_mean   | 6.18        |
|    perfect_clears_mean  | 0           |
|    pieces_placed_mean   | 26.9        |
| rollout/                |             |
|    ep_len_mean          | 29.5        |
|    ep_rew_mean          | 34.9        |
| time/                   |             |
|    fps                  | 895         |
|    iterations           | 336         |
|    time_elapsed         | 3073        |
|    total_timesteps      | 2752512     |
| train/                  |             |
|    approx_kl            | 0.005804679 |
|    clip_fraction        | 0.0466      |
|    clip_range           | 0.2         |
|    entropy_loss         | -0.668      |
|    explained_variance   | 0.25        |
|    learning_rate        | 7e-05       |
|    loss                 | 0.248       |
|    n_updates            | 1340        |
|    policy_gradient_loss | -0.00598    |
|    value_loss           | 0.354       |
-----------------------------------------
-----------------------------------------
| episode/                |             |
|    lines_cleared_mean   | 8           |
|    perfect_clears_mean  | 0           |
|    pieces_placed_mean   | 30.7        |
| rollout/                |             |
|    ep_len_mean          | 29.5        |
|    ep_rew_mean          | 35.2        |
| time/                   |             |
|    fps                  | 895         |
|    iterations           | 337         |
|    time_elapsed         | 3083        |
|    total_timesteps      | 2760704     |
| train/                  |             |
|    approx_kl            | 0.005491426 |
|    clip_fraction        | 0.042       |
|    clip_range           | 0.2         |
|    entropy_loss         | -0.677      |
|    explained_variance   | 0.311       |
|    learning_rate        | 7e-05       |
|    loss                 | 0.237       |
|    n_updates            | 1344        |
|    policy_gradient_loss | -0.00465    |
|    value_loss           | 0.341       |
-----------------------------------------
-----------------------------------------
| episode/                |             |
|    lines_cleared_mean   | 9.6         |
|    perfect_clears_mean  | 0           |
|    pieces_placed_mean   | 35.5        |
| rollout/                |             |
|    ep_len_mean          | 30.4        |
|    ep_rew_mean          | 36.9        |
| time/                   |             |
|    fps                  | 895         |
|    iterations           | 338         |
|    time_elapsed         | 3092        |
|    total_timesteps      | 2768896     |
| train/                  |             |
|    approx_kl            | 0.004585617 |
|    clip_fraction        | 0.0301      |
|    clip_range           | 0.2         |
|    entropy_loss         | -0.659      |
|    explained_variance   | 0.286       |
|    learning_rate        | 7e-05       |
|    loss                 | 0.201       |
|    n_updates            | 1348        |
|    policy_gradient_loss | -0.00426    |
|    value_loss           | 0.354       |
-----------------------------------------
----------------------------------------
| episode/                |            |
|    lines_cleared_mean   | 9.45       |
|    perfect_clears_mean  | 0          |
|    pieces_placed_mean   | 35.2       |
| rollout/                |            |
|    ep_len_mean          | 30.1       |
|    ep_rew_mean          | 36         |
| time/                   |            |
|    fps                  | 895        |
|    iterations           | 339        |
|    time_elapsed         | 3101       |
|    total_timesteps      | 2777088    |
| train/                  |            |
|    approx_kl            | 0.00469372 |
|    clip_fraction        | 0.0294     |
|    clip_range           | 0.2        |
|    entropy_loss         | -0.667     |
|    explained_variance   | 0.248      |
|    learning_rate        | 7e-05      |
|    loss                 | 0.246      |
|    n_updates            | 1352       |
|    policy_gradient_loss | -0.0046    |
|    value_loss           | 0.413      |
----------------------------------------
-----------------------------------------
| episode/                |             |
|    lines_cleared_mean   | 8.18        |
|    perfect_clears_mean  | 0           |
|    pieces_placed_mean   | 32.2        |
| rollout/                |             |
|    ep_len_mean          | 30.5        |
|    ep_rew_mean          | 36.5        |
| time/                   |             |
|    fps                  | 895         |
|    iterations           | 340         |
|    time_elapsed         | 3110        |
|    total_timesteps      | 2785280     |
| train/                  |             |
|    approx_kl            | 0.005045972 |
|    clip_fraction        | 0.0369      |
|    clip_range           | 0.2         |
|    entropy_loss         | -0.672      |
|    explained_variance   | 0.198       |
|    learning_rate        | 7e-05       |
|    loss                 | 0.272       |
|    n_updates            | 1356        |
|    policy_gradient_loss | -0.00515    |
|    value_loss           | 0.393       |
-----------------------------------------
------------------------------------------
| episode/                |              |
|    lines_cleared_mean   | 7.8          |
|    perfect_clears_mean  | 0            |
|    pieces_placed_mean   | 30.6         |
| rollout/                |              |
|    ep_len_mean          | 29.1         |
|    ep_rew_mean          | 33.8         |
| time/                   |              |
|    fps                  | 895          |
|    iterations           | 341          |
|    time_elapsed         | 3119         |
|    total_timesteps      | 2793472      |
| train/                  |              |
|    approx_kl            | 0.0044078645 |
|    clip_fraction        | 0.0305       |
|    clip_range           | 0.2          |
|    entropy_loss         | -0.667       |
|    explained_variance   | 0.255        |
|    learning_rate        | 7e-05        |
|    loss                 | 0.188        |
|    n_updates            | 1360         |
|    policy_gradient_loss | -0.00446     |
|    value_loss           | 0.351        |
------------------------------------------
-----------------------------------------
| episode/                |             |
|    lines_cleared_mean   | 8.09        |
|    perfect_clears_mean  | 0           |
|    pieces_placed_mean   | 31.6        |
| rollout/                |             |
|    ep_len_mean          | 29.5        |
|    ep_rew_mean          | 34.8        |
| time/                   |             |
|    fps                  | 895         |
|    iterations           | 342         |
|    time_elapsed         | 3129        |
|    total_timesteps      | 2801664     |
| train/                  |             |
|    approx_kl            | 0.004489352 |
|    clip_fraction        | 0.0356      |
|    clip_range           | 0.2         |
|    entropy_loss         | -0.664      |
|    explained_variance   | 0.279       |
|    learning_rate        | 7e-05       |
|    loss                 | 0.25        |
|    n_updates            | 1364        |
|    policy_gradient_loss | -0.00453    |
|    value_loss           | 0.359       |
-----------------------------------------
-----------------------------------------
| episode/                |             |
|    lines_cleared_mean   | 8.36        |
|    perfect_clears_mean  | 0           |
|    pieces_placed_mean   | 33.6        |
| rollout/                |             |
|    ep_len_mean          | 28.6        |
|    ep_rew_mean          | 32.9        |
| time/                   |             |
|    fps                  | 895         |
|    iterations           | 343         |
|    time_elapsed         | 3138        |
|    total_timesteps      | 2809856     |
| train/                  |             |
|    approx_kl            | 0.005314476 |
|    clip_fraction        | 0.045       |
|    clip_range           | 0.2         |
|    entropy_loss         | -0.659      |
|    explained_variance   | 0.298       |
|    learning_rate        | 7e-05       |
|    loss                 | 0.253       |
|    n_updates            | 1368        |
|    policy_gradient_loss | -0.0052     |
|    value_loss           | 0.329       |
-----------------------------------------
------------------------------------------
| episode/                |              |
|    lines_cleared_mean   | 6.4          |
|    perfect_clears_mean  | 0            |
|    pieces_placed_mean   | 28.5         |
| rollout/                |              |
|    ep_len_mean          | 29.4         |
|    ep_rew_mean          | 34.7         |
| time/                   |              |
|    fps                  | 895          |
|    iterations           | 344          |
|    time_elapsed         | 3147         |
|    total_timesteps      | 2818048      |
| train/                  |              |
|    approx_kl            | 0.0058742957 |
|    clip_fraction        | 0.0428       |
|    clip_range           | 0.2          |
|    entropy_loss         | -0.668       |
|    explained_variance   | 0.25         |
|    learning_rate        | 7e-05        |
|    loss                 | 0.219        |
|    n_updates            | 1372         |
|    policy_gradient_loss | -0.00512     |
|    value_loss           | 0.356        |
------------------------------------------
-----------------------------------------
| episode/                |             |
|    lines_cleared_mean   | 8           |
|    perfect_clears_mean  | 0           |
|    pieces_placed_mean   | 31.1        |
| rollout/                |             |
|    ep_len_mean          | 30.9        |
|    ep_rew_mean          | 38          |
| time/                   |             |
|    fps                  | 895         |
|    iterations           | 345         |
|    time_elapsed         | 3156        |
|    total_timesteps      | 2826240     |
| train/                  |             |
|    approx_kl            | 0.003956099 |
|    clip_fraction        | 0.0286      |
|    clip_range           | 0.2         |
|    entropy_loss         | -0.663      |
|    explained_variance   | 0.235       |
|    learning_rate        | 7e-05       |
|    loss                 | 0.201       |
|    n_updates            | 1376        |
|    policy_gradient_loss | -0.00349    |
|    value_loss           | 0.342       |
-----------------------------------------
------------------------------------------
| episode/                |              |
|    lines_cleared_mean   | 7.82         |
|    perfect_clears_mean  | 0            |
|    pieces_placed_mean   | 31           |
| rollout/                |              |
|    ep_len_mean          | 27.8         |
|    ep_rew_mean          | 31.4         |
| time/                   |              |
|    fps                  | 895          |
|    iterations           | 346          |
|    time_elapsed         | 3166         |
|    total_timesteps      | 2834432      |
| train/                  |              |
|    approx_kl            | 0.0053964257 |
|    clip_fraction        | 0.0413       |
|    clip_range           | 0.2          |
|    entropy_loss         | -0.662       |
|    explained_variance   | 0.273        |
|    learning_rate        | 7e-05        |
|    loss                 | 0.208        |
|    n_updates            | 1380         |
|    policy_gradient_loss | -0.00486     |
|    value_loss           | 0.325        |
------------------------------------------
------------------------------------------
| episode/                |              |
|    lines_cleared_mean   | 5.18         |
|    perfect_clears_mean  | 0            |
|    pieces_placed_mean   | 24.5         |
| rollout/                |              |
|    ep_len_mean          | 27.9         |
|    ep_rew_mean          | 31.7         |
| time/                   |              |
|    fps                  | 895          |
|    iterations           | 347          |
|    time_elapsed         | 3175         |
|    total_timesteps      | 2842624      |
| train/                  |              |
|    approx_kl            | 0.0059150625 |
|    clip_fraction        | 0.0458       |
|    clip_range           | 0.2          |
|    entropy_loss         | -0.674       |
|    explained_variance   | 0.259        |
|    learning_rate        | 7e-05        |
|    loss                 | 0.219        |
|    n_updates            | 1384         |
|    policy_gradient_loss | -0.00505     |
|    value_loss           | 0.324        |
------------------------------------------
------------------------------------------
| episode/                |              |
|    lines_cleared_mean   | 4.9          |
|    perfect_clears_mean  | 0            |
|    pieces_placed_mean   | 24.3         |
| rollout/                |              |
|    ep_len_mean          | 26.4         |
|    ep_rew_mean          | 28.6         |
| time/                   |              |
|    fps                  | 895          |
|    iterations           | 348          |
|    time_elapsed         | 3184         |
|    total_timesteps      | 2850816      |
| train/                  |              |
|    approx_kl            | 0.0048544677 |
|    clip_fraction        | 0.031        |
|    clip_range           | 0.2          |
|    entropy_loss         | -0.658       |
|    explained_variance   | 0.29         |
|    learning_rate        | 7e-05        |
|    loss                 | 0.199        |
|    n_updates            | 1388         |
|    policy_gradient_loss | -0.00421     |
|    value_loss           | 0.317        |
------------------------------------------
----------------------------------------
| episode/                |            |
|    lines_cleared_mean   | 8.9        |
|    perfect_clears_mean  | 0          |
|    pieces_placed_mean   | 34.5       |
| rollout/                |            |
|    ep_len_mean          | 30.3       |
|    ep_rew_mean          | 35.7       |
| time/                   |            |
|    fps                  | 895        |
|    iterations           | 349        |
|    time_elapsed         | 3193       |
|    total_timesteps      | 2859008    |
| train/                  |            |
|    approx_kl            | 0.00578898 |
|    clip_fraction        | 0.0534     |
|    clip_range           | 0.2        |
|    entropy_loss         | -0.666     |
|    explained_variance   | 0.283      |
|    learning_rate        | 7e-05      |
|    loss                 | 0.196      |
|    n_updates            | 1392       |
|    policy_gradient_loss | -0.0055    |
|    value_loss           | 0.289      |
----------------------------------------
-----------------------------------------
| episode/                |             |
|    lines_cleared_mean   | 8.27        |
|    perfect_clears_mean  | 0           |
|    pieces_placed_mean   | 32.5        |
| rollout/                |             |
|    ep_len_mean          | 30.4        |
|    ep_rew_mean          | 36.9        |
| time/                   |             |
|    fps                  | 895         |
|    iterations           | 350         |
|    time_elapsed         | 3202        |
|    total_timesteps      | 2867200     |
| train/                  |             |
|    approx_kl            | 0.006675409 |
|    clip_fraction        | 0.0568      |
|    clip_range           | 0.2         |
|    entropy_loss         | -0.648      |
|    explained_variance   | 0.338       |
|    learning_rate        | 7e-05       |
|    loss                 | 0.198       |
|    n_updates            | 1396        |
|    policy_gradient_loss | -0.00667    |
|    value_loss           | 0.281       |
-----------------------------------------
------------------------------------------
| episode/                |              |
|    lines_cleared_mean   | 5.9          |
|    perfect_clears_mean  | 0            |
|    pieces_placed_mean   | 27           |
| rollout/                |              |
|    ep_len_mean          | 29           |
|    ep_rew_mean          | 34.3         |
| time/                   |              |
|    fps                  | 895          |
|    iterations           | 351          |
|    time_elapsed         | 3212         |
|    total_timesteps      | 2875392      |
| train/                  |              |
|    approx_kl            | 0.0047953175 |
|    clip_fraction        | 0.0358       |
|    clip_range           | 0.2          |
|    entropy_loss         | -0.661       |
|    explained_variance   | 0.238        |
|    learning_rate        | 7e-05        |
|    loss                 | 0.212        |
|    n_updates            | 1400         |
|    policy_gradient_loss | -0.00469     |
|    value_loss           | 0.348        |
------------------------------------------
-----------------------------------------
| episode/                |             |
|    lines_cleared_mean   | 7           |
|    perfect_clears_mean  | 0           |
|    pieces_placed_mean   | 28.9        |
| rollout/                |             |
|    ep_len_mean          | 29.9        |
|    ep_rew_mean          | 35.4        |
| time/                   |             |
|    fps                  | 895         |
|    iterations           | 352         |
|    time_elapsed         | 3221        |
|    total_timesteps      | 2883584     |
| train/                  |             |
|    approx_kl            | 0.004409179 |
|    clip_fraction        | 0.0367      |
|    clip_range           | 0.2         |
|    entropy_loss         | -0.648      |
|    explained_variance   | 0.262       |
|    learning_rate        | 7e-05       |
|    loss                 | 0.241       |
|    n_updates            | 1404        |
|    policy_gradient_loss | -0.00468    |
|    value_loss           | 0.336       |
-----------------------------------------
-----------------------------------------
| episode/                |             |
|    lines_cleared_mean   | 7.2         |
|    perfect_clears_mean  | 0           |
|    pieces_placed_mean   | 28.6        |
| rollout/                |             |
|    ep_len_mean          | 29.1        |
|    ep_rew_mean          | 34.3        |
| time/                   |             |
|    fps                  | 895         |
|    iterations           | 353         |
|    time_elapsed         | 3230        |
|    total_timesteps      | 2891776     |
| train/                  |             |
|    approx_kl            | 0.004827179 |
|    clip_fraction        | 0.036       |
|    clip_range           | 0.2         |
|    entropy_loss         | -0.658      |
|    explained_variance   | 0.246       |
|    learning_rate        | 7e-05       |
|    loss                 | 0.223       |
|    n_updates            | 1408        |
|    policy_gradient_loss | -0.00496    |
|    value_loss           | 0.369       |
-----------------------------------------
-----------------------------------------
| episode/                |             |
|    lines_cleared_mean   | 6.9         |
|    perfect_clears_mean  | 0           |
|    pieces_placed_mean   | 28.6        |
| rollout/                |             |
|    ep_len_mean          | 28.2        |
|    ep_rew_mean          | 31.8        |
| time/                   |             |
|    fps                  | 895         |
|    iterations           | 354         |
|    time_elapsed         | 3239        |
|    total_timesteps      | 2899968     |
| train/                  |             |
|    approx_kl            | 0.004933651 |
|    clip_fraction        | 0.0392      |
|    clip_range           | 0.2         |
|    entropy_loss         | -0.644      |
|    explained_variance   | 0.307       |
|    learning_rate        | 7e-05       |
|    loss                 | 0.227       |
|    n_updates            | 1412        |
|    policy_gradient_loss | -0.00474    |
|    value_loss           | 0.337       |
-----------------------------------------
-----------------------------------------
| episode/                |             |
|    lines_cleared_mean   | 6.3         |
|    perfect_clears_mean  | 0           |
|    pieces_placed_mean   | 27.5        |
| rollout/                |             |
|    ep_len_mean          | 28.9        |
|    ep_rew_mean          | 33.9        |
| time/                   |             |
|    fps                  | 895         |
|    iterations           | 355         |
|    time_elapsed         | 3248        |
|    total_timesteps      | 2908160     |
| train/                  |             |
|    approx_kl            | 0.005158823 |
|    clip_fraction        | 0.0367      |
|    clip_range           | 0.2         |
|    entropy_loss         | -0.657      |
|    explained_variance   | 0.282       |
|    learning_rate        | 7e-05       |
|    loss                 | 0.19        |
|    n_updates            | 1416        |
|    policy_gradient_loss | -0.00514    |
|    value_loss           | 0.305       |
-----------------------------------------
------------------------------------------
| episode/                |              |
|    lines_cleared_mean   | 6.7          |
|    perfect_clears_mean  | 0            |
|    pieces_placed_mean   | 28           |
| rollout/                |              |
|    ep_len_mean          | 30.8         |
|    ep_rew_mean          | 37.3         |
| time/                   |              |
|    fps                  | 895          |
|    iterations           | 356          |
|    time_elapsed         | 3257         |
|    total_timesteps      | 2916352      |
| train/                  |              |
|    approx_kl            | 0.0045920806 |
|    clip_fraction        | 0.0331       |
|    clip_range           | 0.2          |
|    entropy_loss         | -0.641       |
|    explained_variance   | 0.227        |
|    learning_rate        | 7e-05        |
|    loss                 | 0.237        |
|    n_updates            | 1420         |
|    policy_gradient_loss | -0.00427     |
|    value_loss           | 0.366        |
------------------------------------------
------------------------------------------
| episode/                |              |
|    lines_cleared_mean   | 7.6          |
|    perfect_clears_mean  | 0            |
|    pieces_placed_mean   | 30.4         |
| rollout/                |              |
|    ep_len_mean          | 30.9         |
|    ep_rew_mean          | 37.9         |
| time/                   |              |
|    fps                  | 895          |
|    iterations           | 357          |
|    time_elapsed         | 3267         |
|    total_timesteps      | 2924544      |
| train/                  |              |
|    approx_kl            | 0.0045858077 |
|    clip_fraction        | 0.033        |
|    clip_range           | 0.2          |
|    entropy_loss         | -0.64        |
|    explained_variance   | 0.186        |
|    learning_rate        | 7e-05        |
|    loss                 | 0.262        |
|    n_updates            | 1424         |
|    policy_gradient_loss | -0.00469     |
|    value_loss           | 0.378        |
------------------------------------------
-----------------------------------------
| episode/                |             |
|    lines_cleared_mean   | 6.3         |
|    perfect_clears_mean  | 0           |
|    pieces_placed_mean   | 27.7        |
| rollout/                |             |
|    ep_len_mean          | 28.3        |
|    ep_rew_mean          | 32.5        |
| time/                   |             |
|    fps                  | 895         |
|    iterations           | 358         |
|    time_elapsed         | 3276        |
|    total_timesteps      | 2932736     |
| train/                  |             |
|    approx_kl            | 0.004673417 |
|    clip_fraction        | 0.0338      |
|    clip_range           | 0.2         |
|    entropy_loss         | -0.63       |
|    explained_variance   | 0.275       |
|    learning_rate        | 7e-05       |
|    loss                 | 0.179       |
|    n_updates            | 1428        |
|    policy_gradient_loss | -0.00441    |
|    value_loss           | 0.362       |
-----------------------------------------
-----------------------------------------
| episode/                |             |
|    lines_cleared_mean   | 7.9         |
|    perfect_clears_mean  | 0           |
|    pieces_placed_mean   | 30.5        |
| rollout/                |             |
|    ep_len_mean          | 30.4        |
|    ep_rew_mean          | 36.5        |
| time/                   |             |
|    fps                  | 895         |
|    iterations           | 359         |
|    time_elapsed         | 3285        |
|    total_timesteps      | 2940928     |
| train/                  |             |
|    approx_kl            | 0.005025226 |
|    clip_fraction        | 0.0364      |
|    clip_range           | 0.2         |
|    entropy_loss         | -0.648      |
|    explained_variance   | 0.314       |
|    learning_rate        | 7e-05       |
|    loss                 | 0.231       |
|    n_updates            | 1432        |
|    policy_gradient_loss | -0.00478    |
|    value_loss           | 0.342       |
-----------------------------------------
------------------------------------------
| episode/                |              |
|    lines_cleared_mean   | 5.7          |
|    perfect_clears_mean  | 0            |
|    pieces_placed_mean   | 26.8         |
| rollout/                |              |
|    ep_len_mean          | 28.4         |
|    ep_rew_mean          | 32.3         |
| time/                   |              |
|    fps                  | 895          |
|    iterations           | 360          |
|    time_elapsed         | 3294         |
|    total_timesteps      | 2949120      |
| train/                  |              |
|    approx_kl            | 0.0050645266 |
|    clip_fraction        | 0.0388       |
|    clip_range           | 0.2          |
|    entropy_loss         | -0.64        |
|    explained_variance   | 0.238        |
|    learning_rate        | 7e-05        |
|    loss                 | 0.251        |
|    n_updates            | 1436         |
|    policy_gradient_loss | -0.00517     |
|    value_loss           | 0.372        |
------------------------------------------
------------------------------------------
| episode/                |              |
|    lines_cleared_mean   | 7            |
|    perfect_clears_mean  | 0            |
|    pieces_placed_mean   | 29.4         |
| rollout/                |              |
|    ep_len_mean          | 29.1         |
|    ep_rew_mean          | 33.9         |
| time/                   |              |
|    fps                  | 895          |
|    iterations           | 361          |
|    time_elapsed         | 3303         |
|    total_timesteps      | 2957312      |
| train/                  |              |
|    approx_kl            | 0.0042407485 |
|    clip_fraction        | 0.0358       |
|    clip_range           | 0.2          |
|    entropy_loss         | -0.641       |
|    explained_variance   | 0.278        |
|    learning_rate        | 7e-05        |
|    loss                 | 0.204        |
|    n_updates            | 1440         |
|    policy_gradient_loss | -0.00428     |
|    value_loss           | 0.345        |
------------------------------------------
------------------------------------------
| episode/                |              |
|    lines_cleared_mean   | 10.1         |
|    perfect_clears_mean  | 0            |
|    pieces_placed_mean   | 36.3         |
| rollout/                |              |
|    ep_len_mean          | 29.8         |
|    ep_rew_mean          | 35.2         |
| time/                   |              |
|    fps                  | 895          |
|    iterations           | 362          |
|    time_elapsed         | 3313         |
|    total_timesteps      | 2965504      |
| train/                  |              |
|    approx_kl            | 0.0042878604 |
|    clip_fraction        | 0.0356       |
|    clip_range           | 0.2          |
|    entropy_loss         | -0.649       |
|    explained_variance   | 0.262        |
|    learning_rate        | 7e-05        |
|    loss                 | 0.197        |
|    n_updates            | 1444         |
|    policy_gradient_loss | -0.00446     |
|    value_loss           | 0.366        |
------------------------------------------
------------------------------------------
| episode/                |              |
|    lines_cleared_mean   | 6.18         |
|    perfect_clears_mean  | 0            |
|    pieces_placed_mean   | 28.1         |
| rollout/                |              |
|    ep_len_mean          | 29.1         |
|    ep_rew_mean          | 33.6         |
| time/                   |              |
|    fps                  | 895          |
|    iterations           | 363          |
|    time_elapsed         | 3322         |
|    total_timesteps      | 2973696      |
| train/                  |              |
|    approx_kl            | 0.0051408834 |
|    clip_fraction        | 0.033        |
|    clip_range           | 0.2          |
|    entropy_loss         | -0.643       |
|    explained_variance   | 0.172        |
|    learning_rate        | 7e-05        |
|    loss                 | 0.24         |
|    n_updates            | 1448         |
|    policy_gradient_loss | -0.0042      |
|    value_loss           | 0.359        |
------------------------------------------
------------------------------------------
| episode/                |              |
|    lines_cleared_mean   | 6            |
|    perfect_clears_mean  | 0            |
|    pieces_placed_mean   | 26.4         |
| rollout/                |              |
|    ep_len_mean          | 27.9         |
|    ep_rew_mean          | 32           |
| time/                   |              |
|    fps                  | 895          |
|    iterations           | 364          |
|    time_elapsed         | 3331         |
|    total_timesteps      | 2981888      |
| train/                  |              |
|    approx_kl            | 0.0051695425 |
|    clip_fraction        | 0.0388       |
|    clip_range           | 0.2          |
|    entropy_loss         | -0.645       |
|    explained_variance   | 0.286        |
|    learning_rate        | 7e-05        |
|    loss                 | 0.201        |
|    n_updates            | 1452         |
|    policy_gradient_loss | -0.00438     |
|    value_loss           | 0.344        |
------------------------------------------
------------------------------------------
| episode/                |              |
|    lines_cleared_mean   | 4.4          |
|    perfect_clears_mean  | 0            |
|    pieces_placed_mean   | 23.7         |
| rollout/                |              |
|    ep_len_mean          | 30.6         |
|    ep_rew_mean          | 37.3         |
| time/                   |              |
|    fps                  | 895          |
|    iterations           | 365          |
|    time_elapsed         | 3340         |
|    total_timesteps      | 2990080      |
| train/                  |              |
|    approx_kl            | 0.0049990956 |
|    clip_fraction        | 0.0375       |
|    clip_range           | 0.2          |
|    entropy_loss         | -0.647       |
|    explained_variance   | 0.288        |
|    learning_rate        | 7e-05        |
|    loss                 | 0.215        |
|    n_updates            | 1456         |
|    policy_gradient_loss | -0.00451     |
|    value_loss           | 0.336        |
------------------------------------------
-----------------------------------------
| episode/                |             |
|    lines_cleared_mean   | 5.73        |
|    perfect_clears_mean  | 0.0909      |
|    pieces_placed_mean   | 27          |
| rollout/                |             |
|    ep_len_mean          | 28.6        |
|    ep_rew_mean          | 33.2        |
| time/                   |             |
|    fps                  | 895         |
|    iterations           | 366         |
|    time_elapsed         | 3350        |
|    total_timesteps      | 2998272     |
| train/                  |             |
|    approx_kl            | 0.004755508 |
|    clip_fraction        | 0.043       |
|    clip_range           | 0.2         |
|    entropy_loss         | -0.651      |
|    explained_variance   | 0.283       |
|    learning_rate        | 7e-05       |
|    loss                 | 0.198       |
|    n_updates            | 1460        |
|    policy_gradient_loss | -0.00473    |
|    value_loss           | 0.345       |
-----------------------------------------
------------------------------------------
| episode/                |              |
|    lines_cleared_mean   | 6.2          |
|    perfect_clears_mean  | 0            |
|    pieces_placed_mean   | 27.8         |
| rollout/                |              |
|    ep_len_mean          | 27.6         |
|    ep_rew_mean          | 30.9         |
| time/                   |              |
|    fps                  | 894          |
|    iterations           | 367          |
|    time_elapsed         | 3359         |
|    total_timesteps      | 3006464      |
| train/                  |              |
|    approx_kl            | 0.0048464527 |
|    clip_fraction        | 0.0279       |
|    clip_range           | 0.2          |
|    entropy_loss         | -0.65        |
|    explained_variance   | 0.294        |
|    learning_rate        | 7e-05        |
|    loss                 | 0.237        |
|    n_updates            | 1464         |
|    policy_gradient_loss | -0.00389     |
|    value_loss           | 0.359        |
------------------------------------------
-----------------------------------------
| episode/                |             |
|    lines_cleared_mean   | 5.8         |
|    perfect_clears_mean  | 0           |
|    pieces_placed_mean   | 25.9        |
| rollout/                |             |
|    ep_len_mean          | 30.6        |
|    ep_rew_mean          | 37          |
| time/                   |             |
|    fps                  | 894         |
|    iterations           | 368         |
|    time_elapsed         | 3368        |
|    total_timesteps      | 3014656     |
| train/                  |             |
|    approx_kl            | 0.004734316 |
|    clip_fraction        | 0.03        |
|    clip_range           | 0.2         |
|    entropy_loss         | -0.651      |
|    explained_variance   | 0.235       |
|    learning_rate        | 7e-05       |
|    loss                 | 0.221       |
|    n_updates            | 1468        |
|    policy_gradient_loss | -0.004      |
|    value_loss           | 0.356       |
-----------------------------------------
---------------------------------------
| episode/                |           |
|    lines_cleared_mean   | 7.3       |
|    perfect_clears_mean  | 0         |
|    pieces_placed_mean   | 30        |
| rollout/                |           |
|    ep_len_mean          | 28.8      |
|    ep_rew_mean          | 33.1      |
| time/                   |           |
|    fps                  | 894       |
|    iterations           | 369       |
|    time_elapsed         | 3377      |
|    total_timesteps      | 3022848   |
| train/                  |           |
|    approx_kl            | 0.0050499 |
|    clip_fraction        | 0.034     |
|    clip_range           | 0.2       |
|    entropy_loss         | -0.638    |
|    explained_variance   | 0.275     |
|    learning_rate        | 7e-05     |
|    loss                 | 0.216     |
|    n_updates            | 1472      |
|    policy_gradient_loss | -0.00381  |
|    value_loss           | 0.346     |
---------------------------------------
-----------------------------------------
| episode/                |             |
|    lines_cleared_mean   | 5.55        |
|    perfect_clears_mean  | 0           |
|    pieces_placed_mean   | 25.8        |
| rollout/                |             |
|    ep_len_mean          | 30.2        |
|    ep_rew_mean          | 36.3        |
| time/                   |             |
|    fps                  | 894         |
|    iterations           | 370         |
|    time_elapsed         | 3386        |
|    total_timesteps      | 3031040     |
| train/                  |             |
|    approx_kl            | 0.005143964 |
|    clip_fraction        | 0.0389      |
|    clip_range           | 0.2         |
|    entropy_loss         | -0.647      |
|    explained_variance   | 0.248       |
|    learning_rate        | 7e-05       |
|    loss                 | 0.21        |
|    n_updates            | 1476        |
|    policy_gradient_loss | -0.00491    |
|    value_loss           | 0.345       |
-----------------------------------------
------------------------------------------
| episode/                |              |
|    lines_cleared_mean   | 5.8          |
|    perfect_clears_mean  | 0            |
|    pieces_placed_mean   | 26.4         |
| rollout/                |              |
|    ep_len_mean          | 28.2         |
|    ep_rew_mean          | 32           |
| time/                   |              |
|    fps                  | 894          |
|    iterations           | 371          |
|    time_elapsed         | 3395         |
|    total_timesteps      | 3039232      |
| train/                  |              |
|    approx_kl            | 0.0043851417 |
|    clip_fraction        | 0.0296       |
|    clip_range           | 0.2          |
|    entropy_loss         | -0.63        |
|    explained_variance   | 0.29         |
|    learning_rate        | 7e-05        |
|    loss                 | 0.222        |
|    n_updates            | 1480         |
|    policy_gradient_loss | -0.00331     |
|    value_loss           | 0.32         |
------------------------------------------
------------------------------------------
| episode/                |              |
|    lines_cleared_mean   | 6.8          |
|    perfect_clears_mean  | 0            |
|    pieces_placed_mean   | 28.4         |
| rollout/                |              |
|    ep_len_mean          | 29.5         |
|    ep_rew_mean          | 35.2         |
| time/                   |              |
|    fps                  | 894          |
|    iterations           | 372          |
|    time_elapsed         | 3405         |
|    total_timesteps      | 3047424      |
| train/                  |              |
|    approx_kl            | 0.0045238184 |
|    clip_fraction        | 0.0332       |
|    clip_range           | 0.2          |
|    entropy_loss         | -0.637       |
|    explained_variance   | 0.276        |
|    learning_rate        | 7e-05        |
|    loss                 | 0.25         |
|    n_updates            | 1484         |
|    policy_gradient_loss | -0.00432     |
|    value_loss           | 0.359        |
------------------------------------------
-----------------------------------------
| episode/                |             |
|    lines_cleared_mean   | 5           |
|    perfect_clears_mean  | 0           |
|    pieces_placed_mean   | 23.7        |
| rollout/                |             |
|    ep_len_mean          | 28.8        |
|    ep_rew_mean          | 33.5        |
| time/                   |             |
|    fps                  | 894         |
|    iterations           | 373         |
|    time_elapsed         | 3414        |
|    total_timesteps      | 3055616     |
| train/                  |             |
|    approx_kl            | 0.004185136 |
|    clip_fraction        | 0.031       |
|    clip_range           | 0.2         |
|    entropy_loss         | -0.628      |
|    explained_variance   | 0.257       |
|    learning_rate        | 7e-05       |
|    loss                 | 0.206       |
|    n_updates            | 1488        |
|    policy_gradient_loss | -0.00357    |
|    value_loss           | 0.342       |
-----------------------------------------
------------------------------------------
| episode/                |              |
|    lines_cleared_mean   | 8.3          |
|    perfect_clears_mean  | 0            |
|    pieces_placed_mean   | 31.9         |
| rollout/                |              |
|    ep_len_mean          | 29.3         |
|    ep_rew_mean          | 34.4         |
| time/                   |              |
|    fps                  | 894          |
|    iterations           | 374          |
|    time_elapsed         | 3423         |
|    total_timesteps      | 3063808      |
| train/                  |              |
|    approx_kl            | 0.0044820393 |
|    clip_fraction        | 0.0321       |
|    clip_range           | 0.2          |
|    entropy_loss         | -0.649       |
|    explained_variance   | 0.269        |
|    learning_rate        | 7e-05        |
|    loss                 | 0.204        |
|    n_updates            | 1492         |
|    policy_gradient_loss | -0.00424     |
|    value_loss           | 0.34         |
------------------------------------------
-----------------------------------------
| episode/                |             |
|    lines_cleared_mean   | 9.1         |
|    perfect_clears_mean  | 0           |
|    pieces_placed_mean   | 34.5        |
| rollout/                |             |
|    ep_len_mean          | 29.8        |
|    ep_rew_mean          | 35.8        |
| time/                   |             |
|    fps                  | 894         |
|    iterations           | 375         |
|    time_elapsed         | 3432        |
|    total_timesteps      | 3072000     |
| train/                  |             |
|    approx_kl            | 0.004757204 |
|    clip_fraction        | 0.0356      |
|    clip_range           | 0.2         |
|    entropy_loss         | -0.638      |
|    explained_variance   | 0.232       |
|    learning_rate        | 7e-05       |
|    loss                 | 0.235       |
|    n_updates            | 1496        |
|    policy_gradient_loss | -0.0043     |
|    value_loss           | 0.369       |
-----------------------------------------
------------------------------------------
| episode/                |              |
|    lines_cleared_mean   | 7            |
|    perfect_clears_mean  | 0            |
|    pieces_placed_mean   | 28.6         |
| rollout/                |              |
|    ep_len_mean          | 29.6         |
|    ep_rew_mean          | 35.6         |
| time/                   |              |
|    fps                  | 894          |
|    iterations           | 376          |
|    time_elapsed         | 3441         |
|    total_timesteps      | 3080192      |
| train/                  |              |
|    approx_kl            | 0.0052955714 |
|    clip_fraction        | 0.0423       |
|    clip_range           | 0.2          |
|    entropy_loss         | -0.649       |
|    explained_variance   | 0.272        |
|    learning_rate        | 7e-05        |
|    loss                 | 0.239        |
|    n_updates            | 1500         |
|    policy_gradient_loss | -0.00492     |
|    value_loss           | 0.339        |
------------------------------------------
-----------------------------------------
| episode/                |             |
|    lines_cleared_mean   | 4.73        |
|    perfect_clears_mean  | 0           |
|    pieces_placed_mean   | 23.4        |
| rollout/                |             |
|    ep_len_mean          | 29.8        |
|    ep_rew_mean          | 35.5        |
| time/                   |             |
|    fps                  | 894         |
|    iterations           | 377         |
|    time_elapsed         | 3451        |
|    total_timesteps      | 3088384     |
| train/                  |             |
|    approx_kl            | 0.004830808 |
|    clip_fraction        | 0.0348      |
|    clip_range           | 0.2         |
|    entropy_loss         | -0.641      |
|    explained_variance   | 0.308       |
|    learning_rate        | 7e-05       |
|    loss                 | 0.206       |
|    n_updates            | 1504        |
|    policy_gradient_loss | -0.00476    |
|    value_loss           | 0.308       |
-----------------------------------------
------------------------------------------
| episode/                |              |
|    lines_cleared_mean   | 11           |
|    perfect_clears_mean  | 0            |
|    pieces_placed_mean   | 38.5         |
| rollout/                |              |
|    ep_len_mean          | 30.3         |
|    ep_rew_mean          | 36.6         |
| time/                   |              |
|    fps                  | 894          |
|    iterations           | 378          |
|    time_elapsed         | 3460         |
|    total_timesteps      | 3096576      |
| train/                  |              |
|    approx_kl            | 0.0047342316 |
|    clip_fraction        | 0.0396       |
|    clip_range           | 0.2          |
|    entropy_loss         | -0.634       |
|    explained_variance   | 0.316        |
|    learning_rate        | 7e-05        |
|    loss                 | 0.192        |
|    n_updates            | 1508         |
|    policy_gradient_loss | -0.0041      |
|    value_loss           | 0.318        |
------------------------------------------
-----------------------------------------
| episode/                |             |
|    lines_cleared_mean   | 5.1         |
|    perfect_clears_mean  | 0           |
|    pieces_placed_mean   | 24.1        |
| rollout/                |             |
|    ep_len_mean          | 27.4        |
|    ep_rew_mean          | 30.9        |
| time/                   |             |
|    fps                  | 894         |
|    iterations           | 379         |
|    time_elapsed         | 3469        |
|    total_timesteps      | 3104768     |
| train/                  |             |
|    approx_kl            | 0.004389253 |
|    clip_fraction        | 0.0337      |
|    clip_range           | 0.2         |
|    entropy_loss         | -0.63       |
|    explained_variance   | 0.25        |
|    learning_rate        | 7e-05       |
|    loss                 | 0.218       |
|    n_updates            | 1512        |
|    policy_gradient_loss | -0.00431    |
|    value_loss           | 0.341       |
-----------------------------------------
-----------------------------------------
| episode/                |             |
|    lines_cleared_mean   | 8.3         |
|    perfect_clears_mean  | 0           |
|    pieces_placed_mean   | 32.6        |
| rollout/                |             |
|    ep_len_mean          | 28.9        |
|    ep_rew_mean          | 34.1        |
| time/                   |             |
|    fps                  | 894         |
|    iterations           | 380         |
|    time_elapsed         | 3478        |
|    total_timesteps      | 3112960     |
| train/                  |             |
|    approx_kl            | 0.004745614 |
|    clip_fraction        | 0.0405      |
|    clip_range           | 0.2         |
|    entropy_loss         | -0.631      |
|    explained_variance   | 0.256       |
|    learning_rate        | 7e-05       |
|    loss                 | 0.245       |
|    n_updates            | 1516        |
|    policy_gradient_loss | -0.00507    |
|    value_loss           | 0.344       |
-----------------------------------------
-----------------------------------------
| episode/                |             |
|    lines_cleared_mean   | 7.3         |
|    perfect_clears_mean  | 0           |
|    pieces_placed_mean   | 30.6        |
| rollout/                |             |
|    ep_len_mean          | 31.2        |
|    ep_rew_mean          | 38.1        |
| time/                   |             |
|    fps                  | 894         |
|    iterations           | 381         |
|    time_elapsed         | 3487        |
|    total_timesteps      | 3121152     |
| train/                  |             |
|    approx_kl            | 0.004824834 |
|    clip_fraction        | 0.0343      |
|    clip_range           | 0.2         |
|    entropy_loss         | -0.625      |
|    explained_variance   | 0.293       |
|    learning_rate        | 7e-05       |
|    loss                 | 0.249       |
|    n_updates            | 1520        |
|    policy_gradient_loss | -0.00547    |
|    value_loss           | 0.348       |
-----------------------------------------
------------------------------------------
| episode/                |              |
|    lines_cleared_mean   | 5.45         |
|    perfect_clears_mean  | 0            |
|    pieces_placed_mean   | 25.9         |
| rollout/                |              |
|    ep_len_mean          | 27.2         |
|    ep_rew_mean          | 30.2         |
| time/                   |              |
|    fps                  | 894          |
|    iterations           | 382          |
|    time_elapsed         | 3497         |
|    total_timesteps      | 3129344      |
| train/                  |              |
|    approx_kl            | 0.0041279783 |
|    clip_fraction        | 0.0326       |
|    clip_range           | 0.2          |
|    entropy_loss         | -0.618       |
|    explained_variance   | 0.322        |
|    learning_rate        | 7e-05        |
|    loss                 | 0.256        |
|    n_updates            | 1524         |
|    policy_gradient_loss | -0.00451     |
|    value_loss           | 0.348        |
------------------------------------------
-----------------------------------------
| episode/                |             |
|    lines_cleared_mean   | 6.9         |
|    perfect_clears_mean  | 0           |
|    pieces_placed_mean   | 30          |
| rollout/                |             |
|    ep_len_mean          | 31.5        |
|    ep_rew_mean          | 38.1        |
| time/                   |             |
|    fps                  | 894         |
|    iterations           | 383         |
|    time_elapsed         | 3506        |
|    total_timesteps      | 3137536     |
| train/                  |             |
|    approx_kl            | 0.004634099 |
|    clip_fraction        | 0.03        |
|    clip_range           | 0.2         |
|    entropy_loss         | -0.634      |
|    explained_variance   | 0.304       |
|    learning_rate        | 7e-05       |
|    loss                 | 0.219       |
|    n_updates            | 1528        |
|    policy_gradient_loss | -0.00419    |
|    value_loss           | 0.356       |
-----------------------------------------
-----------------------------------------
| episode/                |             |
|    lines_cleared_mean   | 7.1         |
|    perfect_clears_mean  | 0           |
|    pieces_placed_mean   | 29.8        |
| rollout/                |             |
|    ep_len_mean          | 30          |
|    ep_rew_mean          | 35.4        |
| time/                   |             |
|    fps                  | 894         |
|    iterations           | 384         |
|    time_elapsed         | 3515        |
|    total_timesteps      | 3145728     |
| train/                  |             |
|    approx_kl            | 0.003838879 |
|    clip_fraction        | 0.0284      |
|    clip_range           | 0.2         |
|    entropy_loss         | -0.633      |
|    explained_variance   | 0.3         |
|    learning_rate        | 7e-05       |
|    loss                 | 0.175       |
|    n_updates            | 1532        |
|    policy_gradient_loss | -0.00427    |
|    value_loss           | 0.332       |
-----------------------------------------
-----------------------------------------
| episode/                |             |
|    lines_cleared_mean   | 6.2         |
|    perfect_clears_mean  | 0           |
|    pieces_placed_mean   | 27.2        |
| rollout/                |             |
|    ep_len_mean          | 28.6        |
|    ep_rew_mean          | 32.6        |
| time/                   |             |
|    fps                  | 894         |
|    iterations           | 385         |
|    time_elapsed         | 3524        |
|    total_timesteps      | 3153920     |
| train/                  |             |
|    approx_kl            | 0.005080674 |
|    clip_fraction        | 0.0381      |
|    clip_range           | 0.2         |
|    entropy_loss         | -0.644      |
|    explained_variance   | 0.281       |
|    learning_rate        | 7e-05       |
|    loss                 | 0.217       |
|    n_updates            | 1536        |
|    policy_gradient_loss | -0.00466    |
|    value_loss           | 0.32        |
-----------------------------------------
-----------------------------------------
| episode/                |             |
|    lines_cleared_mean   | 5.7         |
|    perfect_clears_mean  | 0           |
|    pieces_placed_mean   | 25.4        |
| rollout/                |             |
|    ep_len_mean          | 28.2        |
|    ep_rew_mean          | 31.9        |
| time/                   |             |
|    fps                  | 894         |
|    iterations           | 386         |
|    time_elapsed         | 3533        |
|    total_timesteps      | 3162112     |
| train/                  |             |
|    approx_kl            | 0.004912792 |
|    clip_fraction        | 0.0361      |
|    clip_range           | 0.2         |
|    entropy_loss         | -0.649      |
|    explained_variance   | 0.308       |
|    learning_rate        | 7e-05       |
|    loss                 | 0.217       |
|    n_updates            | 1540        |
|    policy_gradient_loss | -0.00385    |
|    value_loss           | 0.328       |
-----------------------------------------
------------------------------------------
| episode/                |              |
|    lines_cleared_mean   | 7.2          |
|    perfect_clears_mean  | 0            |
|    pieces_placed_mean   | 28.9         |
| rollout/                |              |
|    ep_len_mean          | 29.9         |
|    ep_rew_mean          | 36           |
| time/                   |              |
|    fps                  | 894          |
|    iterations           | 387          |
|    time_elapsed         | 3543         |
|    total_timesteps      | 3170304      |
| train/                  |              |
|    approx_kl            | 0.0054810904 |
|    clip_fraction        | 0.0366       |
|    clip_range           | 0.2          |
|    entropy_loss         | -0.638       |
|    explained_variance   | 0.24         |
|    learning_rate        | 7e-05        |
|    loss                 | 0.242        |
|    n_updates            | 1544         |
|    policy_gradient_loss | -0.00451     |
|    value_loss           | 0.345        |
------------------------------------------
-----------------------------------------
| episode/                |             |
|    lines_cleared_mean   | 8.2         |
|    perfect_clears_mean  | 0           |
|    pieces_placed_mean   | 32.9        |
| rollout/                |             |
|    ep_len_mean          | 29.4        |
|    ep_rew_mean          | 34.7        |
| time/                   |             |
|    fps                  | 894         |
|    iterations           | 388         |
|    time_elapsed         | 3552        |
|    total_timesteps      | 3178496     |
| train/                  |             |
|    approx_kl            | 0.005390019 |
|    clip_fraction        | 0.0417      |
|    clip_range           | 0.2         |
|    entropy_loss         | -0.641      |
|    explained_variance   | 0.288       |
|    learning_rate        | 7e-05       |
|    loss                 | 0.271       |
|    n_updates            | 1548        |
|    policy_gradient_loss | -0.00482    |
|    value_loss           | 0.339       |
-----------------------------------------
-----------------------------------------
| episode/                |             |
|    lines_cleared_mean   | 9.3         |
|    perfect_clears_mean  | 0           |
|    pieces_placed_mean   | 34.2        |
| rollout/                |             |
|    ep_len_mean          | 28.9        |
|    ep_rew_mean          | 33.7        |
| time/                   |             |
|    fps                  | 894         |
|    iterations           | 389         |
|    time_elapsed         | 3561        |
|    total_timesteps      | 3186688     |
| train/                  |             |
|    approx_kl            | 0.004590924 |
|    clip_fraction        | 0.0337      |
|    clip_range           | 0.2         |
|    entropy_loss         | -0.645      |
|    explained_variance   | 0.235       |
|    learning_rate        | 7e-05       |
|    loss                 | 0.242       |
|    n_updates            | 1552        |
|    policy_gradient_loss | -0.0041     |
|    value_loss           | 0.341       |
-----------------------------------------
------------------------------------------
| episode/                |              |
|    lines_cleared_mean   | 7.3          |
|    perfect_clears_mean  | 0            |
|    pieces_placed_mean   | 29.1         |
| rollout/                |              |
|    ep_len_mean          | 30.5         |
|    ep_rew_mean          | 36.7         |
| time/                   |              |
|    fps                  | 894          |
|    iterations           | 390          |
|    time_elapsed         | 3570         |
|    total_timesteps      | 3194880      |
| train/                  |              |
|    approx_kl            | 0.0048693055 |
|    clip_fraction        | 0.0368       |
|    clip_range           | 0.2          |
|    entropy_loss         | -0.644       |
|    explained_variance   | 0.284        |
|    learning_rate        | 7e-05        |
|    loss                 | 0.217        |
|    n_updates            | 1556         |
|    policy_gradient_loss | -0.00531     |
|    value_loss           | 0.343        |
------------------------------------------
-----------------------------------------
| episode/                |             |
|    lines_cleared_mean   | 6.2         |
|    perfect_clears_mean  | 0           |
|    pieces_placed_mean   | 26.9        |
| rollout/                |             |
|    ep_len_mean          | 30.9        |
|    ep_rew_mean          | 37.9        |
| time/                   |             |
|    fps                  | 894         |
|    iterations           | 391         |
|    time_elapsed         | 3579        |
|    total_timesteps      | 3203072     |
| train/                  |             |
|    approx_kl            | 0.004697564 |
|    clip_fraction        | 0.0326      |
|    clip_range           | 0.2         |
|    entropy_loss         | -0.639      |
|    explained_variance   | 0.248       |
|    learning_rate        | 7e-05       |
|    loss                 | 0.227       |
|    n_updates            | 1560        |
|    policy_gradient_loss | -0.00419    |
|    value_loss           | 0.345       |
-----------------------------------------
------------------------------------------
| episode/                |              |
|    lines_cleared_mean   | 7.2          |
|    perfect_clears_mean  | 0            |
|    pieces_placed_mean   | 29.9         |
| rollout/                |              |
|    ep_len_mean          | 28.8         |
|    ep_rew_mean          | 33.3         |
| time/                   |              |
|    fps                  | 894          |
|    iterations           | 392          |
|    time_elapsed         | 3589         |
|    total_timesteps      | 3211264      |
| train/                  |              |
|    approx_kl            | 0.0043689236 |
|    clip_fraction        | 0.0378       |
|    clip_range           | 0.2          |
|    entropy_loss         | -0.63        |
|    explained_variance   | 0.283        |
|    learning_rate        | 7e-05        |
|    loss                 | 0.213        |
|    n_updates            | 1564         |
|    policy_gradient_loss | -0.00464     |
|    value_loss           | 0.353        |
------------------------------------------
------------------------------------------
| episode/                |              |
|    lines_cleared_mean   | 5.91         |
|    perfect_clears_mean  | 0            |
|    pieces_placed_mean   | 26.5         |
| rollout/                |              |
|    ep_len_mean          | 30.1         |
|    ep_rew_mean          | 36.4         |
| time/                   |              |
|    fps                  | 894          |
|    iterations           | 393          |
|    time_elapsed         | 3598         |
|    total_timesteps      | 3219456      |
| train/                  |              |
|    approx_kl            | 0.0043288083 |
|    clip_fraction        | 0.0326       |
|    clip_range           | 0.2          |
|    entropy_loss         | -0.629       |
|    explained_variance   | 0.257        |
|    learning_rate        | 7e-05        |
|    loss                 | 0.247        |
|    n_updates            | 1568         |
|    policy_gradient_loss | -0.00476     |
|    value_loss           | 0.357        |
------------------------------------------
------------------------------------------
| episode/                |              |
|    lines_cleared_mean   | 7            |
|    perfect_clears_mean  | 0.1          |
|    pieces_placed_mean   | 29.9         |
| rollout/                |              |
|    ep_len_mean          | 29.5         |
|    ep_rew_mean          | 34.7         |
| time/                   |              |
|    fps                  | 894          |
|    iterations           | 394          |
|    time_elapsed         | 3607         |
|    total_timesteps      | 3227648      |
| train/                  |              |
|    approx_kl            | 0.0046911673 |
|    clip_fraction        | 0.0406       |
|    clip_range           | 0.2          |
|    entropy_loss         | -0.633       |
|    explained_variance   | 0.259        |
|    learning_rate        | 7e-05        |
|    loss                 | 0.211        |
|    n_updates            | 1572         |
|    policy_gradient_loss | -0.00508     |
|    value_loss           | 0.375        |
------------------------------------------
------------------------------------------
| episode/                |              |
|    lines_cleared_mean   | 8.18         |
|    perfect_clears_mean  | 0            |
|    pieces_placed_mean   | 32.3         |
| rollout/                |              |
|    ep_len_mean          | 29.1         |
|    ep_rew_mean          | 34.3         |
| time/                   |              |
|    fps                  | 894          |
|    iterations           | 395          |
|    time_elapsed         | 3616         |
|    total_timesteps      | 3235840      |
| train/                  |              |
|    approx_kl            | 0.0048385835 |
|    clip_fraction        | 0.0348       |
|    clip_range           | 0.2          |
|    entropy_loss         | -0.629       |
|    explained_variance   | 0.227        |
|    learning_rate        | 7e-05        |
|    loss                 | 0.241        |
|    n_updates            | 1576         |
|    policy_gradient_loss | -0.00472     |
|    value_loss           | 0.363        |
------------------------------------------
------------------------------------------
| episode/                |              |
|    lines_cleared_mean   | 6.9          |
|    perfect_clears_mean  | 0            |
|    pieces_placed_mean   | 27.9         |
| rollout/                |              |
|    ep_len_mean          | 27.9         |
|    ep_rew_mean          | 31.7         |
| time/                   |              |
|    fps                  | 894          |
|    iterations           | 396          |
|    time_elapsed         | 3625         |
|    total_timesteps      | 3244032      |
| train/                  |              |
|    approx_kl            | 0.0046114028 |
|    clip_fraction        | 0.0392       |
|    clip_range           | 0.2          |
|    entropy_loss         | -0.629       |
|    explained_variance   | 0.295        |
|    learning_rate        | 7e-05        |
|    loss                 | 0.243        |
|    n_updates            | 1580         |
|    policy_gradient_loss | -0.00419     |
|    value_loss           | 0.316        |
------------------------------------------
------------------------------------------
| episode/                |              |
|    lines_cleared_mean   | 7.7          |
|    perfect_clears_mean  | 0            |
|    pieces_placed_mean   | 31.2         |
| rollout/                |              |
|    ep_len_mean          | 28.8         |
|    ep_rew_mean          | 33.1         |
| time/                   |              |
|    fps                  | 894          |
|    iterations           | 397          |
|    time_elapsed         | 3635         |
|    total_timesteps      | 3252224      |
| train/                  |              |
|    approx_kl            | 0.0050099054 |
|    clip_fraction        | 0.0362       |
|    clip_range           | 0.2          |
|    entropy_loss         | -0.627       |
|    explained_variance   | 0.271        |
|    learning_rate        | 7e-05        |
|    loss                 | 0.188        |
|    n_updates            | 1584         |
|    policy_gradient_loss | -0.00431     |
|    value_loss           | 0.325        |
------------------------------------------
-----------------------------------------
| episode/                |             |
|    lines_cleared_mean   | 6.9         |
|    perfect_clears_mean  | 0           |
|    pieces_placed_mean   | 28.1        |
| rollout/                |             |
|    ep_len_mean          | 30.5        |
|    ep_rew_mean          | 36.7        |
| time/                   |             |
|    fps                  | 894         |
|    iterations           | 398         |
|    time_elapsed         | 3644        |
|    total_timesteps      | 3260416     |
| train/                  |             |
|    approx_kl            | 0.004457418 |
|    clip_fraction        | 0.0326      |
|    clip_range           | 0.2         |
|    entropy_loss         | -0.612      |
|    explained_variance   | 0.224       |
|    learning_rate        | 7e-05       |
|    loss                 | 0.183       |
|    n_updates            | 1588        |
|    policy_gradient_loss | -0.00391    |
|    value_loss           | 0.34        |
-----------------------------------------
------------------------------------------
| episode/                |              |
|    lines_cleared_mean   | 7.91         |
|    perfect_clears_mean  | 0            |
|    pieces_placed_mean   | 31.5         |
| rollout/                |              |
|    ep_len_mean          | 29.6         |
|    ep_rew_mean          | 35.5         |
| time/                   |              |
|    fps                  | 894          |
|    iterations           | 399          |
|    time_elapsed         | 3653         |
|    total_timesteps      | 3268608      |
| train/                  |              |
|    approx_kl            | 0.0051056165 |
|    clip_fraction        | 0.0413       |
|    clip_range           | 0.2          |
|    entropy_loss         | -0.613       |
|    explained_variance   | 0.3          |
|    learning_rate        | 7e-05        |
|    loss                 | 0.225        |
|    n_updates            | 1592         |
|    policy_gradient_loss | -0.00561     |
|    value_loss           | 0.308        |
------------------------------------------
------------------------------------------
| episode/                |              |
|    lines_cleared_mean   | 6            |
|    perfect_clears_mean  | 0            |
|    pieces_placed_mean   | 27           |
| rollout/                |              |
|    ep_len_mean          | 30.5         |
|    ep_rew_mean          | 37           |
| time/                   |              |
|    fps                  | 894          |
|    iterations           | 400          |
|    time_elapsed         | 3662         |
|    total_timesteps      | 3276800      |
| train/                  |              |
|    approx_kl            | 0.0047970274 |
|    clip_fraction        | 0.0358       |
|    clip_range           | 0.2          |
|    entropy_loss         | -0.611       |
|    explained_variance   | 0.284        |
|    learning_rate        | 7e-05        |
|    loss                 | 0.206        |
|    n_updates            | 1596         |
|    policy_gradient_loss | -0.00416     |
|    value_loss           | 0.308        |
------------------------------------------
----------------------------------------
| episode/                |            |
|    lines_cleared_mean   | 4.7        |
|    perfect_clears_mean  | 0          |
|    pieces_placed_mean   | 23.1       |
| rollout/                |            |
|    ep_len_mean          | 29.6       |
|    ep_rew_mean          | 35.2       |
| time/                   |            |
|    fps                  | 894        |
|    iterations           | 401        |
|    time_elapsed         | 3671       |
|    total_timesteps      | 3284992    |
| train/                  |            |
|    approx_kl            | 0.00442905 |
|    clip_fraction        | 0.0324     |
|    clip_range           | 0.2        |
|    entropy_loss         | -0.613     |
|    explained_variance   | 0.286      |
|    learning_rate        | 7e-05      |
|    loss                 | 0.222      |
|    n_updates            | 1600       |
|    policy_gradient_loss | -0.00435   |
|    value_loss           | 0.315      |
----------------------------------------
-----------------------------------------
| episode/                |             |
|    lines_cleared_mean   | 5.9         |
|    perfect_clears_mean  | 0           |
|    pieces_placed_mean   | 26.6        |
| rollout/                |             |
|    ep_len_mean          | 28          |
|    ep_rew_mean          | 31.9        |
| time/                   |             |
|    fps                  | 894         |
|    iterations           | 402         |
|    time_elapsed         | 3681        |
|    total_timesteps      | 3293184     |
| train/                  |             |
|    approx_kl            | 0.004474167 |
|    clip_fraction        | 0.0409      |
|    clip_range           | 0.2         |
|    entropy_loss         | -0.602      |
|    explained_variance   | 0.311       |
|    learning_rate        | 7e-05       |
|    loss                 | 0.215       |
|    n_updates            | 1604        |
|    policy_gradient_loss | -0.00489    |
|    value_loss           | 0.288       |
-----------------------------------------
-----------------------------------------
| episode/                |             |
|    lines_cleared_mean   | 4.8         |
|    perfect_clears_mean  | 0           |
|    pieces_placed_mean   | 23.4        |
| rollout/                |             |
|    ep_len_mean          | 26.9        |
|    ep_rew_mean          | 29.5        |
| time/                   |             |
|    fps                  | 894         |
|    iterations           | 403         |
|    time_elapsed         | 3690        |
|    total_timesteps      | 3301376     |
| train/                  |             |
|    approx_kl            | 0.005098602 |
|    clip_fraction        | 0.0449      |
|    clip_range           | 0.2         |
|    entropy_loss         | -0.625      |
|    explained_variance   | 0.325       |
|    learning_rate        | 7e-05       |
|    loss                 | 0.232       |
|    n_updates            | 1608        |
|    policy_gradient_loss | -0.00527    |
|    value_loss           | 0.289       |
-----------------------------------------
------------------------------------------
| episode/                |              |
|    lines_cleared_mean   | 9            |
|    perfect_clears_mean  | 0            |
|    pieces_placed_mean   | 34.2         |
| rollout/                |              |
|    ep_len_mean          | 28.4         |
|    ep_rew_mean          | 32.5         |
| time/                   |              |
|    fps                  | 894          |
|    iterations           | 404          |
|    time_elapsed         | 3699         |
|    total_timesteps      | 3309568      |
| train/                  |              |
|    approx_kl            | 0.0047732983 |
|    clip_fraction        | 0.0425       |
|    clip_range           | 0.2          |
|    entropy_loss         | -0.619       |
|    explained_variance   | 0.249        |
|    learning_rate        | 7e-05        |
|    loss                 | 0.239        |
|    n_updates            | 1612         |
|    policy_gradient_loss | -0.00465     |
|    value_loss           | 0.308        |
------------------------------------------
------------------------------------------
| episode/                |              |
|    lines_cleared_mean   | 6.2          |
|    perfect_clears_mean  | 0            |
|    pieces_placed_mean   | 27.8         |
| rollout/                |              |
|    ep_len_mean          | 29.6         |
|    ep_rew_mean          | 34.2         |
| time/                   |              |
|    fps                  | 894          |
|    iterations           | 405          |
|    time_elapsed         | 3708         |
|    total_timesteps      | 3317760      |
| train/                  |              |
|    approx_kl            | 0.0052920524 |
|    clip_fraction        | 0.0454       |
|    clip_range           | 0.2          |
|    entropy_loss         | -0.628       |
|    explained_variance   | 0.275        |
|    learning_rate        | 7e-05        |
|    loss                 | 0.219        |
|    n_updates            | 1616         |
|    policy_gradient_loss | -0.00463     |
|    value_loss           | 0.303        |
------------------------------------------
----------------------------------------
| episode/                |            |
|    lines_cleared_mean   | 6.2        |
|    perfect_clears_mean  | 0          |
|    pieces_placed_mean   | 28         |
| rollout/                |            |
|    ep_len_mean          | 29.8       |
|    ep_rew_mean          | 35.8       |
| time/                   |            |
|    fps                  | 894        |
|    iterations           | 406        |
|    time_elapsed         | 3718       |
|    total_timesteps      | 3325952    |
| train/                  |            |
|    approx_kl            | 0.00462931 |
|    clip_fraction        | 0.0315     |
|    clip_range           | 0.2        |
|    entropy_loss         | -0.608     |
|    explained_variance   | 0.216      |
|    learning_rate        | 7e-05      |
|    loss                 | 0.198      |
|    n_updates            | 1620       |
|    policy_gradient_loss | -0.004     |
|    value_loss           | 0.331      |
----------------------------------------
------------------------------------------
| episode/                |              |
|    lines_cleared_mean   | 4.1          |
|    perfect_clears_mean  | 0            |
|    pieces_placed_mean   | 22.6         |
| rollout/                |              |
|    ep_len_mean          | 28.3         |
|    ep_rew_mean          | 32.1         |
| time/                   |              |
|    fps                  | 894          |
|    iterations           | 407          |
|    time_elapsed         | 3727         |
|    total_timesteps      | 3334144      |
| train/                  |              |
|    approx_kl            | 0.0042616306 |
|    clip_fraction        | 0.0288       |
|    clip_range           | 0.2          |
|    entropy_loss         | -0.594       |
|    explained_variance   | 0.261        |
|    learning_rate        | 7e-05        |
|    loss                 | 0.209        |
|    n_updates            | 1624         |
|    policy_gradient_loss | -0.00404     |
|    value_loss           | 0.335        |
------------------------------------------
------------------------------------------
| episode/                |              |
|    lines_cleared_mean   | 7.3          |
|    perfect_clears_mean  | 0            |
|    pieces_placed_mean   | 29.8         |
| rollout/                |              |
|    ep_len_mean          | 27.2         |
|    ep_rew_mean          | 30.8         |
| time/                   |              |
|    fps                  | 894          |
|    iterations           | 408          |
|    time_elapsed         | 3736         |
|    total_timesteps      | 3342336      |
| train/                  |              |
|    approx_kl            | 0.0040705823 |
|    clip_fraction        | 0.0323       |
|    clip_range           | 0.2          |
|    entropy_loss         | -0.613       |
|    explained_variance   | 0.27         |
|    learning_rate        | 7e-05        |
|    loss                 | 0.234        |
|    n_updates            | 1628         |
|    policy_gradient_loss | -0.00462     |
|    value_loss           | 0.345        |
------------------------------------------
------------------------------------------
| episode/                |              |
|    lines_cleared_mean   | 9.2          |
|    perfect_clears_mean  | 0            |
|    pieces_placed_mean   | 34.2         |
| rollout/                |              |
|    ep_len_mean          | 28.6         |
|    ep_rew_mean          | 32.7         |
| time/                   |              |
|    fps                  | 894          |
|    iterations           | 409          |
|    time_elapsed         | 3745         |
|    total_timesteps      | 3350528      |
| train/                  |              |
|    approx_kl            | 0.0045240372 |
|    clip_fraction        | 0.0378       |
|    clip_range           | 0.2          |
|    entropy_loss         | -0.61        |
|    explained_variance   | 0.271        |
|    learning_rate        | 7e-05        |
|    loss                 | 0.221        |
|    n_updates            | 1632         |
|    policy_gradient_loss | -0.00454     |
|    value_loss           | 0.3          |
------------------------------------------
----------------------------------------
| episode/                |            |
|    lines_cleared_mean   | 9.55       |
|    perfect_clears_mean  | 0          |
|    pieces_placed_mean   | 34.8       |
| rollout/                |            |
|    ep_len_mean          | 29.3       |
|    ep_rew_mean          | 33.9       |
| time/                   |            |
|    fps                  | 894        |
|    iterations           | 410        |
|    time_elapsed         | 3754       |
|    total_timesteps      | 3358720    |
| train/                  |            |
|    approx_kl            | 0.00446997 |
|    clip_fraction        | 0.0361     |
|    clip_range           | 0.2        |
|    entropy_loss         | -0.6       |
|    explained_variance   | 0.23       |
|    learning_rate        | 7e-05      |
|    loss                 | 0.249      |
|    n_updates            | 1636       |
|    policy_gradient_loss | -0.00491   |
|    value_loss           | 0.346      |
----------------------------------------
------------------------------------------
| episode/                |              |
|    lines_cleared_mean   | 8.9          |
|    perfect_clears_mean  | 0            |
|    pieces_placed_mean   | 33.5         |
| rollout/                |              |
|    ep_len_mean          | 28.3         |
|    ep_rew_mean          | 32.3         |
| time/                   |              |
|    fps                  | 894          |
|    iterations           | 411          |
|    time_elapsed         | 3764         |
|    total_timesteps      | 3366912      |
| train/                  |              |
|    approx_kl            | 0.0045189606 |
|    clip_fraction        | 0.0378       |
|    clip_range           | 0.2          |
|    entropy_loss         | -0.603       |
|    explained_variance   | 0.286        |
|    learning_rate        | 7e-05        |
|    loss                 | 0.213        |
|    n_updates            | 1640         |
|    policy_gradient_loss | -0.00453     |
|    value_loss           | 0.323        |
------------------------------------------
-----------------------------------------
| episode/                |             |
|    lines_cleared_mean   | 9.2         |
|    perfect_clears_mean  | 0           |
|    pieces_placed_mean   | 34.3        |
| rollout/                |             |
|    ep_len_mean          | 31.6        |
|    ep_rew_mean          | 39.3        |
| time/                   |             |
|    fps                  | 894         |
|    iterations           | 412         |
|    time_elapsed         | 3773        |
|    total_timesteps      | 3375104     |
| train/                  |             |
|    approx_kl            | 0.004218383 |
|    clip_fraction        | 0.0341      |
|    clip_range           | 0.2         |
|    entropy_loss         | -0.623      |
|    explained_variance   | 0.237       |
|    learning_rate        | 7e-05       |
|    loss                 | 0.211       |
|    n_updates            | 1644        |
|    policy_gradient_loss | -0.00403    |
|    value_loss           | 0.348       |
-----------------------------------------
-----------------------------------------
| episode/                |             |
|    lines_cleared_mean   | 7.5         |
|    perfect_clears_mean  | 0           |
|    pieces_placed_mean   | 29.6        |
| rollout/                |             |
|    ep_len_mean          | 29.7        |
|    ep_rew_mean          | 35          |
| time/                   |             |
|    fps                  | 894         |
|    iterations           | 413         |
|    time_elapsed         | 3782        |
|    total_timesteps      | 3383296     |
| train/                  |             |
|    approx_kl            | 0.004321944 |
|    clip_fraction        | 0.0336      |
|    clip_range           | 0.2         |
|    entropy_loss         | -0.613      |
|    explained_variance   | 0.251       |
|    learning_rate        | 7e-05       |
|    loss                 | 0.196       |
|    n_updates            | 1648        |
|    policy_gradient_loss | -0.00386    |
|    value_loss           | 0.333       |
-----------------------------------------
------------------------------------------
| episode/                |              |
|    lines_cleared_mean   | 7.9          |
|    perfect_clears_mean  | 0            |
|    pieces_placed_mean   | 31.2         |
| rollout/                |              |
|    ep_len_mean          | 28.9         |
|    ep_rew_mean          | 33.2         |
| time/                   |              |
|    fps                  | 894          |
|    iterations           | 414          |
|    time_elapsed         | 3791         |
|    total_timesteps      | 3391488      |
| train/                  |              |
|    approx_kl            | 0.0048720716 |
|    clip_fraction        | 0.0406       |
|    clip_range           | 0.2          |
|    entropy_loss         | -0.6         |
|    explained_variance   | 0.267        |
|    learning_rate        | 7e-05        |
|    loss                 | 0.232        |
|    n_updates            | 1652         |
|    policy_gradient_loss | -0.00496     |
|    value_loss           | 0.327        |
------------------------------------------
------------------------------------------
| episode/                |              |
|    lines_cleared_mean   | 8.3          |
|    perfect_clears_mean  | 0            |
|    pieces_placed_mean   | 33           |
| rollout/                |              |
|    ep_len_mean          | 29.1         |
|    ep_rew_mean          | 33.8         |
| time/                   |              |
|    fps                  | 894          |
|    iterations           | 415          |
|    time_elapsed         | 3800         |
|    total_timesteps      | 3399680      |
| train/                  |              |
|    approx_kl            | 0.0048415307 |
|    clip_fraction        | 0.0342       |
|    clip_range           | 0.2          |
|    entropy_loss         | -0.595       |
|    explained_variance   | 0.306        |
|    learning_rate        | 7e-05        |
|    loss                 | 0.212        |
|    n_updates            | 1656         |
|    policy_gradient_loss | -0.00477     |
|    value_loss           | 0.337        |
------------------------------------------
------------------------------------------
| episode/                |              |
|    lines_cleared_mean   | 9.4          |
|    perfect_clears_mean  | 0            |
|    pieces_placed_mean   | 35.3         |
| rollout/                |              |
|    ep_len_mean          | 30.6         |
|    ep_rew_mean          | 37.3         |
| time/                   |              |
|    fps                  | 894          |
|    iterations           | 416          |
|    time_elapsed         | 3810         |
|    total_timesteps      | 3407872      |
| train/                  |              |
|    approx_kl            | 0.0042120563 |
|    clip_fraction        | 0.0307       |
|    clip_range           | 0.2          |
|    entropy_loss         | -0.617       |
|    explained_variance   | 0.305        |
|    learning_rate        | 7e-05        |
|    loss                 | 0.244        |
|    n_updates            | 1660         |
|    policy_gradient_loss | -0.00338     |
|    value_loss           | 0.347        |
------------------------------------------
-----------------------------------------
| episode/                |             |
|    lines_cleared_mean   | 5.8         |
|    perfect_clears_mean  | 0           |
|    pieces_placed_mean   | 26.2        |
| rollout/                |             |
|    ep_len_mean          | 27.1        |
|    ep_rew_mean          | 30.7        |
| time/                   |             |
|    fps                  | 894         |
|    iterations           | 417         |
|    time_elapsed         | 3819        |
|    total_timesteps      | 3416064     |
| train/                  |             |
|    approx_kl            | 0.004871344 |
|    clip_fraction        | 0.0373      |
|    clip_range           | 0.2         |
|    entropy_loss         | -0.598      |
|    explained_variance   | 0.28        |
|    learning_rate        | 7e-05       |
|    loss                 | 0.231       |
|    n_updates            | 1664        |
|    policy_gradient_loss | -0.0054     |
|    value_loss           | 0.343       |
-----------------------------------------
-----------------------------------------
| episode/                |             |
|    lines_cleared_mean   | 9.1         |
|    perfect_clears_mean  | 0           |
|    pieces_placed_mean   | 32.9        |
| rollout/                |             |
|    ep_len_mean          | 30.7        |
|    ep_rew_mean          | 37.8        |
| time/                   |             |
|    fps                  | 894         |
|    iterations           | 418         |
|    time_elapsed         | 3828        |
|    total_timesteps      | 3424256     |
| train/                  |             |
|    approx_kl            | 0.004613122 |
|    clip_fraction        | 0.0342      |
|    clip_range           | 0.2         |
|    entropy_loss         | -0.603      |
|    explained_variance   | 0.281       |
|    learning_rate        | 7e-05       |
|    loss                 | 0.255       |
|    n_updates            | 1668        |
|    policy_gradient_loss | -0.00404    |
|    value_loss           | 0.367       |
-----------------------------------------
------------------------------------------
| episode/                |              |
|    lines_cleared_mean   | 9.7          |
|    perfect_clears_mean  | 0            |
|    pieces_placed_mean   | 35.6         |
| rollout/                |              |
|    ep_len_mean          | 32.5         |
|    ep_rew_mean          | 41.7         |
| time/                   |              |
|    fps                  | 894          |
|    iterations           | 419          |
|    time_elapsed         | 3837         |
|    total_timesteps      | 3432448      |
| train/                  |              |
|    approx_kl            | 0.0043195025 |
|    clip_fraction        | 0.0323       |
|    clip_range           | 0.2          |
|    entropy_loss         | -0.588       |
|    explained_variance   | 0.284        |
|    learning_rate        | 7e-05        |
|    loss                 | 0.212        |
|    n_updates            | 1672         |
|    policy_gradient_loss | -0.00471     |
|    value_loss           | 0.36         |
------------------------------------------
------------------------------------------
| episode/                |              |
|    lines_cleared_mean   | 8.5          |
|    perfect_clears_mean  | 0            |
|    pieces_placed_mean   | 32           |
| rollout/                |              |
|    ep_len_mean          | 30.5         |
|    ep_rew_mean          | 37.2         |
| time/                   |              |
|    fps                  | 894          |
|    iterations           | 420          |
|    time_elapsed         | 3846         |
|    total_timesteps      | 3440640      |
| train/                  |              |
|    approx_kl            | 0.0039436356 |
|    clip_fraction        | 0.0257       |
|    clip_range           | 0.2          |
|    entropy_loss         | -0.587       |
|    explained_variance   | 0.259        |
|    learning_rate        | 7e-05        |
|    loss                 | 0.241        |
|    n_updates            | 1676         |
|    policy_gradient_loss | -0.00369     |
|    value_loss           | 0.369        |
------------------------------------------
-----------------------------------------
| episode/                |             |
|    lines_cleared_mean   | 7.5         |
|    perfect_clears_mean  | 0           |
|    pieces_placed_mean   | 30.1        |
| rollout/                |             |
|    ep_len_mean          | 30.4        |
|    ep_rew_mean          | 36.8        |
| time/                   |             |
|    fps                  | 894         |
|    iterations           | 421         |
|    time_elapsed         | 3856        |
|    total_timesteps      | 3448832     |
| train/                  |             |
|    approx_kl            | 0.004022419 |
|    clip_fraction        | 0.0346      |
|    clip_range           | 0.2         |
|    entropy_loss         | -0.6        |
|    explained_variance   | 0.257       |
|    learning_rate        | 7e-05       |
|    loss                 | 0.223       |
|    n_updates            | 1680        |
|    policy_gradient_loss | -0.00376    |
|    value_loss           | 0.343       |
-----------------------------------------
------------------------------------------
| episode/                |              |
|    lines_cleared_mean   | 10.2         |
|    perfect_clears_mean  | 0            |
|    pieces_placed_mean   | 36.1         |
| rollout/                |              |
|    ep_len_mean          | 30.6         |
|    ep_rew_mean          | 37.2         |
| time/                   |              |
|    fps                  | 894          |
|    iterations           | 422          |
|    time_elapsed         | 3865         |
|    total_timesteps      | 3457024      |
| train/                  |              |
|    approx_kl            | 0.0051433295 |
|    clip_fraction        | 0.0464       |
|    clip_range           | 0.2          |
|    entropy_loss         | -0.605       |
|    explained_variance   | 0.301        |
|    learning_rate        | 7e-05        |
|    loss                 | 0.233        |
|    n_updates            | 1684         |
|    policy_gradient_loss | -0.00569     |
|    value_loss           | 0.308        |
------------------------------------------
------------------------------------------
| episode/                |              |
|    lines_cleared_mean   | 7.1          |
|    perfect_clears_mean  | 0            |
|    pieces_placed_mean   | 30           |
| rollout/                |              |
|    ep_len_mean          | 28.4         |
|    ep_rew_mean          | 32.2         |
| time/                   |              |
|    fps                  | 894          |
|    iterations           | 423          |
|    time_elapsed         | 3874         |
|    total_timesteps      | 3465216      |
| train/                  |              |
|    approx_kl            | 0.0049361847 |
|    clip_fraction        | 0.04         |
|    clip_range           | 0.2          |
|    entropy_loss         | -0.597       |
|    explained_variance   | 0.25         |
|    learning_rate        | 7e-05        |
|    loss                 | 0.218        |
|    n_updates            | 1688         |
|    policy_gradient_loss | -0.00467     |
|    value_loss           | 0.317        |
------------------------------------------
------------------------------------------
| episode/                |              |
|    lines_cleared_mean   | 6.64         |
|    perfect_clears_mean  | 0            |
|    pieces_placed_mean   | 28.5         |
| rollout/                |              |
|    ep_len_mean          | 28.7         |
|    ep_rew_mean          | 33.5         |
| time/                   |              |
|    fps                  | 894          |
|    iterations           | 424          |
|    time_elapsed         | 3883         |
|    total_timesteps      | 3473408      |
| train/                  |              |
|    approx_kl            | 0.0046405885 |
|    clip_fraction        | 0.0385       |
|    clip_range           | 0.2          |
|    entropy_loss         | -0.603       |
|    explained_variance   | 0.282        |
|    learning_rate        | 7e-05        |
|    loss                 | 0.223        |
|    n_updates            | 1692         |
|    policy_gradient_loss | -0.00497     |
|    value_loss           | 0.342        |
------------------------------------------
------------------------------------------
| episode/                |              |
|    lines_cleared_mean   | 5.9          |
|    perfect_clears_mean  | 0            |
|    pieces_placed_mean   | 26.4         |
| rollout/                |              |
|    ep_len_mean          | 29.2         |
|    ep_rew_mean          | 33.6         |
| time/                   |              |
|    fps                  | 894          |
|    iterations           | 425          |
|    time_elapsed         | 3892         |
|    total_timesteps      | 3481600      |
| train/                  |              |
|    approx_kl            | 0.0042822314 |
|    clip_fraction        | 0.0304       |
|    clip_range           | 0.2          |
|    entropy_loss         | -0.597       |
|    explained_variance   | 0.193        |
|    learning_rate        | 7e-05        |
|    loss                 | 0.25         |
|    n_updates            | 1696         |
|    policy_gradient_loss | -0.00465     |
|    value_loss           | 0.373        |
------------------------------------------
-----------------------------------------
| episode/                |             |
|    lines_cleared_mean   | 3.5         |
|    perfect_clears_mean  | 0           |
|    pieces_placed_mean   | 21.6        |
| rollout/                |             |
|    ep_len_mean          | 28.8        |
|    ep_rew_mean          | 33.7        |
| time/                   |             |
|    fps                  | 894         |
|    iterations           | 426         |
|    time_elapsed         | 3902        |
|    total_timesteps      | 3489792     |
| train/                  |             |
|    approx_kl            | 0.004926579 |
|    clip_fraction        | 0.0435      |
|    clip_range           | 0.2         |
|    entropy_loss         | -0.616      |
|    explained_variance   | 0.33        |
|    learning_rate        | 7e-05       |
|    loss                 | 0.229       |
|    n_updates            | 1700        |
|    policy_gradient_loss | -0.00533    |
|    value_loss           | 0.326       |
-----------------------------------------
----------------------------------------
| episode/                |            |
|    lines_cleared_mean   | 4.1        |
|    perfect_clears_mean  | 0          |
|    pieces_placed_mean   | 21.9       |
| rollout/                |            |
|    ep_len_mean          | 30         |
|    ep_rew_mean          | 35.6       |
| time/                   |            |
|    fps                  | 894        |
|    iterations           | 427        |
|    time_elapsed         | 3911       |
|    total_timesteps      | 3497984    |
| train/                  |            |
|    approx_kl            | 0.00485676 |
|    clip_fraction        | 0.0379     |
|    clip_range           | 0.2        |
|    entropy_loss         | -0.596     |
|    explained_variance   | 0.295      |
|    learning_rate        | 7e-05      |
|    loss                 | 0.239      |
|    n_updates            | 1704       |
|    policy_gradient_loss | -0.0053    |
|    value_loss           | 0.367      |
----------------------------------------
------------------------------------------
| episode/                |              |
|    lines_cleared_mean   | 5.82         |
|    perfect_clears_mean  | 0            |
|    pieces_placed_mean   | 26.1         |
| rollout/                |              |
|    ep_len_mean          | 29.4         |
|    ep_rew_mean          | 34.7         |
| time/                   |              |
|    fps                  | 894          |
|    iterations           | 428          |
|    time_elapsed         | 3920         |
|    total_timesteps      | 3506176      |
| train/                  |              |
|    approx_kl            | 0.0045993757 |
|    clip_fraction        | 0.0337       |
|    clip_range           | 0.2          |
|    entropy_loss         | -0.587       |
|    explained_variance   | 0.232        |
|    learning_rate        | 7e-05        |
|    loss                 | 0.254        |
|    n_updates            | 1708         |
|    policy_gradient_loss | -0.00466     |
|    value_loss           | 0.369        |
------------------------------------------
------------------------------------------
| episode/                |              |
|    lines_cleared_mean   | 5.9          |
|    perfect_clears_mean  | 0            |
|    pieces_placed_mean   | 26.6         |
| rollout/                |              |
|    ep_len_mean          | 28.8         |
|    ep_rew_mean          | 33.6         |
| time/                   |              |
|    fps                  | 894          |
|    iterations           | 429          |
|    time_elapsed         | 3929         |
|    total_timesteps      | 3514368      |
| train/                  |              |
|    approx_kl            | 0.0046772393 |
|    clip_fraction        | 0.036        |
|    clip_range           | 0.2          |
|    entropy_loss         | -0.598       |
|    explained_variance   | 0.226        |
|    learning_rate        | 7e-05        |
|    loss                 | 0.296        |
|    n_updates            | 1712         |
|    policy_gradient_loss | -0.00421     |
|    value_loss           | 0.386        |
------------------------------------------
------------------------------------------
| episode/                |              |
|    lines_cleared_mean   | 7.2          |
|    perfect_clears_mean  | 0            |
|    pieces_placed_mean   | 29.6         |
| rollout/                |              |
|    ep_len_mean          | 32           |
|    ep_rew_mean          | 39.2         |
| time/                   |              |
|    fps                  | 894          |
|    iterations           | 430          |
|    time_elapsed         | 3938         |
|    total_timesteps      | 3522560      |
| train/                  |              |
|    approx_kl            | 0.0046651447 |
|    clip_fraction        | 0.0389       |
|    clip_range           | 0.2          |
|    entropy_loss         | -0.592       |
|    explained_variance   | 0.288        |
|    learning_rate        | 7e-05        |
|    loss                 | 0.203        |
|    n_updates            | 1716         |
|    policy_gradient_loss | -0.00482     |
|    value_loss           | 0.315        |
------------------------------------------
------------------------------------------
| episode/                |              |
|    lines_cleared_mean   | 8.2          |
|    perfect_clears_mean  | 0            |
|    pieces_placed_mean   | 32           |
| rollout/                |              |
|    ep_len_mean          | 28           |
|    ep_rew_mean          | 31.9         |
| time/                   |              |
|    fps                  | 894          |
|    iterations           | 431          |
|    time_elapsed         | 3948         |
|    total_timesteps      | 3530752      |
| train/                  |              |
|    approx_kl            | 0.0050389376 |
|    clip_fraction        | 0.044        |
|    clip_range           | 0.2          |
|    entropy_loss         | -0.572       |
|    explained_variance   | 0.267        |
|    learning_rate        | 7e-05        |
|    loss                 | 0.195        |
|    n_updates            | 1720         |
|    policy_gradient_loss | -0.00479     |
|    value_loss           | 0.312        |
------------------------------------------
------------------------------------------
| episode/                |              |
|    lines_cleared_mean   | 7.5          |
|    perfect_clears_mean  | 0            |
|    pieces_placed_mean   | 30           |
| rollout/                |              |
|    ep_len_mean          | 28.6         |
|    ep_rew_mean          | 33.1         |
| time/                   |              |
|    fps                  | 894          |
|    iterations           | 432          |
|    time_elapsed         | 3957         |
|    total_timesteps      | 3538944      |
| train/                  |              |
|    approx_kl            | 0.0045169787 |
|    clip_fraction        | 0.0373       |
|    clip_range           | 0.2          |
|    entropy_loss         | -0.585       |
|    explained_variance   | 0.287        |
|    learning_rate        | 7e-05        |
|    loss                 | 0.227        |
|    n_updates            | 1724         |
|    policy_gradient_loss | -0.00531     |
|    value_loss           | 0.354        |
------------------------------------------
------------------------------------------
| episode/                |              |
|    lines_cleared_mean   | 7.6          |
|    perfect_clears_mean  | 0            |
|    pieces_placed_mean   | 30.4         |
| rollout/                |              |
|    ep_len_mean          | 28.7         |
|    ep_rew_mean          | 33.6         |
| time/                   |              |
|    fps                  | 894          |
|    iterations           | 433          |
|    time_elapsed         | 3966         |
|    total_timesteps      | 3547136      |
| train/                  |              |
|    approx_kl            | 0.0048440034 |
|    clip_fraction        | 0.0356       |
|    clip_range           | 0.2          |
|    entropy_loss         | -0.571       |
|    explained_variance   | 0.267        |
|    learning_rate        | 7e-05        |
|    loss                 | 0.198        |
|    n_updates            | 1728         |
|    policy_gradient_loss | -0.00534     |
|    value_loss           | 0.338        |
------------------------------------------
------------------------------------------
| episode/                |              |
|    lines_cleared_mean   | 7.55         |
|    perfect_clears_mean  | 0            |
|    pieces_placed_mean   | 30.1         |
| rollout/                |              |
|    ep_len_mean          | 31.3         |
|    ep_rew_mean          | 38.7         |
| time/                   |              |
|    fps                  | 894          |
|    iterations           | 434          |
|    time_elapsed         | 3975         |
|    total_timesteps      | 3555328      |
| train/                  |              |
|    approx_kl            | 0.0045308564 |
|    clip_fraction        | 0.036        |
|    clip_range           | 0.2          |
|    entropy_loss         | -0.573       |
|    explained_variance   | 0.275        |
|    learning_rate        | 7e-05        |
|    loss                 | 0.182        |
|    n_updates            | 1732         |
|    policy_gradient_loss | -0.00478     |
|    value_loss           | 0.319        |
------------------------------------------
------------------------------------------
| episode/                |              |
|    lines_cleared_mean   | 11.9         |
|    perfect_clears_mean  | 0            |
|    pieces_placed_mean   | 40.8         |
| rollout/                |              |
|    ep_len_mean          | 31.1         |
|    ep_rew_mean          | 37.5         |
| time/                   |              |
|    fps                  | 894          |
|    iterations           | 435          |
|    time_elapsed         | 3984         |
|    total_timesteps      | 3563520      |
| train/                  |              |
|    approx_kl            | 0.0041199233 |
|    clip_fraction        | 0.0295       |
|    clip_range           | 0.2          |
|    entropy_loss         | -0.562       |
|    explained_variance   | 0.268        |
|    learning_rate        | 7e-05        |
|    loss                 | 0.226        |
|    n_updates            | 1736         |
|    policy_gradient_loss | -0.00375     |
|    value_loss           | 0.354        |
------------------------------------------
-----------------------------------------
| episode/                |             |
|    lines_cleared_mean   | 6.9         |
|    perfect_clears_mean  | 0           |
|    pieces_placed_mean   | 29.4        |
| rollout/                |             |
|    ep_len_mean          | 27.2        |
|    ep_rew_mean          | 30          |
| time/                   |             |
|    fps                  | 894         |
|    iterations           | 436         |
|    time_elapsed         | 3994        |
|    total_timesteps      | 3571712     |
| train/                  |             |
|    approx_kl            | 0.004628772 |
|    clip_fraction        | 0.0343      |
|    clip_range           | 0.2         |
|    entropy_loss         | -0.591      |
|    explained_variance   | 0.295       |
|    learning_rate        | 7e-05       |
|    loss                 | 0.284       |
|    n_updates            | 1740        |
|    policy_gradient_loss | -0.00452    |
|    value_loss           | 0.342       |
-----------------------------------------
------------------------------------------
| episode/                |              |
|    lines_cleared_mean   | 8.4          |
|    perfect_clears_mean  | 0            |
|    pieces_placed_mean   | 32.1         |
| rollout/                |              |
|    ep_len_mean          | 28.8         |
|    ep_rew_mean          | 33.1         |
| time/                   |              |
|    fps                  | 894          |
|    iterations           | 437          |
|    time_elapsed         | 4003         |
|    total_timesteps      | 3579904      |
| train/                  |              |
|    approx_kl            | 0.0044456013 |
|    clip_fraction        | 0.0349       |
|    clip_range           | 0.2          |
|    entropy_loss         | -0.579       |
|    explained_variance   | 0.245        |
|    learning_rate        | 7e-05        |
|    loss                 | 0.205        |
|    n_updates            | 1744         |
|    policy_gradient_loss | -0.00383     |
|    value_loss           | 0.343        |
------------------------------------------
------------------------------------------
| episode/                |              |
|    lines_cleared_mean   | 7.6          |
|    perfect_clears_mean  | 0            |
|    pieces_placed_mean   | 30           |
| rollout/                |              |
|    ep_len_mean          | 29.5         |
|    ep_rew_mean          | 34.7         |
| time/                   |              |
|    fps                  | 894          |
|    iterations           | 438          |
|    time_elapsed         | 4012         |
|    total_timesteps      | 3588096      |
| train/                  |              |
|    approx_kl            | 0.0047692703 |
|    clip_fraction        | 0.039        |
|    clip_range           | 0.2          |
|    entropy_loss         | -0.588       |
|    explained_variance   | 0.316        |
|    learning_rate        | 7e-05        |
|    loss                 | 0.214        |
|    n_updates            | 1748         |
|    policy_gradient_loss | -0.0046      |
|    value_loss           | 0.32         |
------------------------------------------
------------------------------------------
| episode/                |              |
|    lines_cleared_mean   | 6.2          |
|    perfect_clears_mean  | 0            |
|    pieces_placed_mean   | 27.9         |
| rollout/                |              |
|    ep_len_mean          | 27.7         |
|    ep_rew_mean          | 31.5         |
| time/                   |              |
|    fps                  | 894          |
|    iterations           | 439          |
|    time_elapsed         | 4021         |
|    total_timesteps      | 3596288      |
| train/                  |              |
|    approx_kl            | 0.0046050968 |
|    clip_fraction        | 0.0404       |
|    clip_range           | 0.2          |
|    entropy_loss         | -0.577       |
|    explained_variance   | 0.301        |
|    learning_rate        | 7e-05        |
|    loss                 | 0.154        |
|    n_updates            | 1752         |
|    policy_gradient_loss | -0.00498     |
|    value_loss           | 0.312        |
------------------------------------------
------------------------------------------
| episode/                |              |
|    lines_cleared_mean   | 8.1          |
|    perfect_clears_mean  | 0            |
|    pieces_placed_mean   | 32.1         |
| rollout/                |              |
|    ep_len_mean          | 31           |
|    ep_rew_mean          | 38           |
| time/                   |              |
|    fps                  | 894          |
|    iterations           | 440          |
|    time_elapsed         | 4030         |
|    total_timesteps      | 3604480      |
| train/                  |              |
|    approx_kl            | 0.0046734614 |
|    clip_fraction        | 0.036        |
|    clip_range           | 0.2          |
|    entropy_loss         | -0.589       |
|    explained_variance   | 0.271        |
|    learning_rate        | 7e-05        |
|    loss                 | 0.19         |
|    n_updates            | 1756         |
|    policy_gradient_loss | -0.00416     |
|    value_loss           | 0.328        |
------------------------------------------
------------------------------------------
| episode/                |              |
|    lines_cleared_mean   | 6.73         |
|    perfect_clears_mean  | 0            |
|    pieces_placed_mean   | 27.7         |
| rollout/                |              |
|    ep_len_mean          | 28.9         |
|    ep_rew_mean          | 33.2         |
| time/                   |              |
|    fps                  | 894          |
|    iterations           | 441          |
|    time_elapsed         | 4040         |
|    total_timesteps      | 3612672      |
| train/                  |              |
|    approx_kl            | 0.0042015044 |
|    clip_fraction        | 0.0323       |
|    clip_range           | 0.2          |
|    entropy_loss         | -0.577       |
|    explained_variance   | 0.232        |
|    learning_rate        | 7e-05        |
|    loss                 | 0.246        |
|    n_updates            | 1760         |
|    policy_gradient_loss | -0.00433     |
|    value_loss           | 0.352        |
------------------------------------------
------------------------------------------
| episode/                |              |
|    lines_cleared_mean   | 6            |
|    perfect_clears_mean  | 0            |
|    pieces_placed_mean   | 26.7         |
| rollout/                |              |
|    ep_len_mean          | 29.4         |
|    ep_rew_mean          | 34.2         |
| time/                   |              |
|    fps                  | 894          |
|    iterations           | 442          |
|    time_elapsed         | 4049         |
|    total_timesteps      | 3620864      |
| train/                  |              |
|    approx_kl            | 0.0039868224 |
|    clip_fraction        | 0.0307       |
|    clip_range           | 0.2          |
|    entropy_loss         | -0.58        |
|    explained_variance   | 0.284        |
|    learning_rate        | 7e-05        |
|    loss                 | 0.21         |
|    n_updates            | 1764         |
|    policy_gradient_loss | -0.00399     |
|    value_loss           | 0.313        |
------------------------------------------
-----------------------------------------
| episode/                |             |
|    lines_cleared_mean   | 8           |
|    perfect_clears_mean  | 0           |
|    pieces_placed_mean   | 31.1        |
| rollout/                |             |
|    ep_len_mean          | 30.7        |
|    ep_rew_mean          | 37.7        |
| time/                   |             |
|    fps                  | 894         |
|    iterations           | 443         |
|    time_elapsed         | 4058        |
|    total_timesteps      | 3629056     |
| train/                  |             |
|    approx_kl            | 0.004352455 |
|    clip_fraction        | 0.0327      |
|    clip_range           | 0.2         |
|    entropy_loss         | -0.567      |
|    explained_variance   | 0.259       |
|    learning_rate        | 7e-05       |
|    loss                 | 0.205       |
|    n_updates            | 1768        |
|    policy_gradient_loss | -0.00418    |
|    value_loss           | 0.32        |
-----------------------------------------
------------------------------------------
| episode/                |              |
|    lines_cleared_mean   | 4.2          |
|    perfect_clears_mean  | 0            |
|    pieces_placed_mean   | 22.5         |
| rollout/                |              |
|    ep_len_mean          | 27.5         |
|    ep_rew_mean          | 30.7         |
| time/                   |              |
|    fps                  | 894          |
|    iterations           | 444          |
|    time_elapsed         | 4067         |
|    total_timesteps      | 3637248      |
| train/                  |              |
|    approx_kl            | 0.0042264876 |
|    clip_fraction        | 0.0319       |
|    clip_range           | 0.2          |
|    entropy_loss         | -0.556       |
|    explained_variance   | 0.282        |
|    learning_rate        | 7e-05        |
|    loss                 | 0.252        |
|    n_updates            | 1772         |
|    policy_gradient_loss | -0.00412     |
|    value_loss           | 0.344        |
------------------------------------------
-----------------------------------------
| episode/                |             |
|    lines_cleared_mean   | 6.2         |
|    perfect_clears_mean  | 0           |
|    pieces_placed_mean   | 26.3        |
| rollout/                |             |
|    ep_len_mean          | 30          |
|    ep_rew_mean          | 36.4        |
| time/                   |             |
|    fps                  | 894         |
|    iterations           | 445         |
|    time_elapsed         | 4076        |
|    total_timesteps      | 3645440     |
| train/                  |             |
|    approx_kl            | 0.004169374 |
|    clip_fraction        | 0.0359      |
|    clip_range           | 0.2         |
|    entropy_loss         | -0.585      |
|    explained_variance   | 0.321       |
|    learning_rate        | 7e-05       |
|    loss                 | 0.221       |
|    n_updates            | 1776        |
|    policy_gradient_loss | -0.00426    |
|    value_loss           | 0.328       |
-----------------------------------------
------------------------------------------
| episode/                |              |
|    lines_cleared_mean   | 6.6          |
|    perfect_clears_mean  | 0            |
|    pieces_placed_mean   | 28.6         |
| rollout/                |              |
|    ep_len_mean          | 30.4         |
|    ep_rew_mean          | 37.3         |
| time/                   |              |
|    fps                  | 894          |
|    iterations           | 446          |
|    time_elapsed         | 4086         |
|    total_timesteps      | 3653632      |
| train/                  |              |
|    approx_kl            | 0.0043781255 |
|    clip_fraction        | 0.0332       |
|    clip_range           | 0.2          |
|    entropy_loss         | -0.548       |
|    explained_variance   | 0.234        |
|    learning_rate        | 7e-05        |
|    loss                 | 0.228        |
|    n_updates            | 1780         |
|    policy_gradient_loss | -0.00414     |
|    value_loss           | 0.343        |
------------------------------------------
-----------------------------------------
| episode/                |             |
|    lines_cleared_mean   | 7.36        |
|    perfect_clears_mean  | 0           |
|    pieces_placed_mean   | 30.6        |
| rollout/                |             |
|    ep_len_mean          | 29.5        |
|    ep_rew_mean          | 34.4        |
| time/                   |             |
|    fps                  | 894         |
|    iterations           | 447         |
|    time_elapsed         | 4095        |
|    total_timesteps      | 3661824     |
| train/                  |             |
|    approx_kl            | 0.004491764 |
|    clip_fraction        | 0.0316      |
|    clip_range           | 0.2         |
|    entropy_loss         | -0.55       |
|    explained_variance   | 0.281       |
|    learning_rate        | 7e-05       |
|    loss                 | 0.206       |
|    n_updates            | 1784        |
|    policy_gradient_loss | -0.00469    |
|    value_loss           | 0.316       |
-----------------------------------------
------------------------------------------
| episode/                |              |
|    lines_cleared_mean   | 9.6          |
|    perfect_clears_mean  | 0            |
|    pieces_placed_mean   | 34.4         |
| rollout/                |              |
|    ep_len_mean          | 30.2         |
|    ep_rew_mean          | 35.5         |
| time/                   |              |
|    fps                  | 894          |
|    iterations           | 448          |
|    time_elapsed         | 4104         |
|    total_timesteps      | 3670016      |
| train/                  |              |
|    approx_kl            | 0.0043473677 |
|    clip_fraction        | 0.0324       |
|    clip_range           | 0.2          |
|    entropy_loss         | -0.556       |
|    explained_variance   | 0.27         |
|    learning_rate        | 7e-05        |
|    loss                 | 0.193        |
|    n_updates            | 1788         |
|    policy_gradient_loss | -0.0042      |
|    value_loss           | 0.312        |
------------------------------------------
-----------------------------------------
| episode/                |             |
|    lines_cleared_mean   | 5.73        |
|    perfect_clears_mean  | 0           |
|    pieces_placed_mean   | 25.6        |
| rollout/                |             |
|    ep_len_mean          | 31          |
|    ep_rew_mean          | 38.7        |
| time/                   |             |
|    fps                  | 894         |
|    iterations           | 449         |
|    time_elapsed         | 4113        |
|    total_timesteps      | 3678208     |
| train/                  |             |
|    approx_kl            | 0.004027841 |
|    clip_fraction        | 0.027       |
|    clip_range           | 0.2         |
|    entropy_loss         | -0.552      |
|    explained_variance   | 0.234       |
|    learning_rate        | 7e-05       |
|    loss                 | 0.202       |
|    n_updates            | 1792        |
|    policy_gradient_loss | -0.00395    |
|    value_loss           | 0.333       |
-----------------------------------------
------------------------------------------
| episode/                |              |
|    lines_cleared_mean   | 9.7          |
|    perfect_clears_mean  | 0.1          |
|    pieces_placed_mean   | 36           |
| rollout/                |              |
|    ep_len_mean          | 30.9         |
|    ep_rew_mean          | 37.4         |
| time/                   |              |
|    fps                  | 894          |
|    iterations           | 450          |
|    time_elapsed         | 4122         |
|    total_timesteps      | 3686400      |
| train/                  |              |
|    approx_kl            | 0.0040312894 |
|    clip_fraction        | 0.0286       |
|    clip_range           | 0.2          |
|    entropy_loss         | -0.561       |
|    explained_variance   | 0.214        |
|    learning_rate        | 7e-05        |
|    loss                 | 0.215        |
|    n_updates            | 1796         |
|    policy_gradient_loss | -0.00362     |
|    value_loss           | 0.332        |
------------------------------------------
------------------------------------------
| episode/                |              |
|    lines_cleared_mean   | 9.6          |
|    perfect_clears_mean  | 0            |
|    pieces_placed_mean   | 35.1         |
| rollout/                |              |
|    ep_len_mean          | 29.3         |
|    ep_rew_mean          | 34.4         |
| time/                   |              |
|    fps                  | 894          |
|    iterations           | 451          |
|    time_elapsed         | 4132         |
|    total_timesteps      | 3694592      |
| train/                  |              |
|    approx_kl            | 0.0039261216 |
|    clip_fraction        | 0.0311       |
|    clip_range           | 0.2          |
|    entropy_loss         | -0.557       |
|    explained_variance   | 0.294        |
|    learning_rate        | 7e-05        |
|    loss                 | 0.245        |
|    n_updates            | 1800         |
|    policy_gradient_loss | -0.00446     |
|    value_loss           | 0.336        |
------------------------------------------
------------------------------------------
| episode/                |              |
|    lines_cleared_mean   | 10.7         |
|    perfect_clears_mean  | 0            |
|    pieces_placed_mean   | 37.7         |
| rollout/                |              |
|    ep_len_mean          | 30.9         |
|    ep_rew_mean          | 37.4         |
| time/                   |              |
|    fps                  | 894          |
|    iterations           | 452          |
|    time_elapsed         | 4141         |
|    total_timesteps      | 3702784      |
| train/                  |              |
|    approx_kl            | 0.0038184696 |
|    clip_fraction        | 0.0305       |
|    clip_range           | 0.2          |
|    entropy_loss         | -0.552       |
|    explained_variance   | 0.258        |
|    learning_rate        | 7e-05        |
|    loss                 | 0.203        |
|    n_updates            | 1804         |
|    policy_gradient_loss | -0.00383     |
|    value_loss           | 0.318        |
------------------------------------------
-----------------------------------------
| episode/                |             |
|    lines_cleared_mean   | 5.9         |
|    perfect_clears_mean  | 0           |
|    pieces_placed_mean   | 26.7        |
| rollout/                |             |
|    ep_len_mean          | 32.6        |
|    ep_rew_mean          | 41.6        |
| time/                   |             |
|    fps                  | 894         |
|    iterations           | 453         |
|    time_elapsed         | 4150        |
|    total_timesteps      | 3710976     |
| train/                  |             |
|    approx_kl            | 0.004137989 |
|    clip_fraction        | 0.0349      |
|    clip_range           | 0.2         |
|    entropy_loss         | -0.554      |
|    explained_variance   | 0.323       |
|    learning_rate        | 7e-05       |
|    loss                 | 0.224       |
|    n_updates            | 1808        |
|    policy_gradient_loss | -0.00408    |
|    value_loss           | 0.294       |
-----------------------------------------
------------------------------------------
| episode/                |              |
|    lines_cleared_mean   | 10.4         |
|    perfect_clears_mean  | 0            |
|    pieces_placed_mean   | 36.6         |
| rollout/                |              |
|    ep_len_mean          | 30.6         |
|    ep_rew_mean          | 37.1         |
| time/                   |              |
|    fps                  | 894          |
|    iterations           | 454          |
|    time_elapsed         | 4159         |
|    total_timesteps      | 3719168      |
| train/                  |              |
|    approx_kl            | 0.0033112962 |
|    clip_fraction        | 0.0228       |
|    clip_range           | 0.2          |
|    entropy_loss         | -0.555       |
|    explained_variance   | 0.256        |
|    learning_rate        | 7e-05        |
|    loss                 | 0.222        |
|    n_updates            | 1812         |
|    policy_gradient_loss | -0.00315     |
|    value_loss           | 0.339        |
------------------------------------------
------------------------------------------
| episode/                |              |
|    lines_cleared_mean   | 8.5          |
|    perfect_clears_mean  | 0            |
|    pieces_placed_mean   | 32.1         |
| rollout/                |              |
|    ep_len_mean          | 29.8         |
|    ep_rew_mean          | 35.6         |
| time/                   |              |
|    fps                  | 894          |
|    iterations           | 455          |
|    time_elapsed         | 4168         |
|    total_timesteps      | 3727360      |
| train/                  |              |
|    approx_kl            | 0.0040366948 |
|    clip_fraction        | 0.0312       |
|    clip_range           | 0.2          |
|    entropy_loss         | -0.556       |
|    explained_variance   | 0.292        |
|    learning_rate        | 7e-05        |
|    loss                 | 0.229        |
|    n_updates            | 1816         |
|    policy_gradient_loss | -0.00379     |
|    value_loss           | 0.324        |
------------------------------------------
------------------------------------------
| episode/                |              |
|    lines_cleared_mean   | 7.36         |
|    perfect_clears_mean  | 0            |
|    pieces_placed_mean   | 29.4         |
| rollout/                |              |
|    ep_len_mean          | 28.6         |
|    ep_rew_mean          | 33.6         |
| time/                   |              |
|    fps                  | 894          |
|    iterations           | 456          |
|    time_elapsed         | 4178         |
|    total_timesteps      | 3735552      |
| train/                  |              |
|    approx_kl            | 0.0042871498 |
|    clip_fraction        | 0.0344       |
|    clip_range           | 0.2          |
|    entropy_loss         | -0.562       |
|    explained_variance   | 0.232        |
|    learning_rate        | 7e-05        |
|    loss                 | 0.197        |
|    n_updates            | 1820         |
|    policy_gradient_loss | -0.00395     |
|    value_loss           | 0.311        |
------------------------------------------
-----------------------------------------
| episode/                |             |
|    lines_cleared_mean   | 8.3         |
|    perfect_clears_mean  | 0           |
|    pieces_placed_mean   | 32.6        |
| rollout/                |             |
|    ep_len_mean          | 30.8        |
|    ep_rew_mean          | 37.3        |
| time/                   |             |
|    fps                  | 894         |
|    iterations           | 457         |
|    time_elapsed         | 4187        |
|    total_timesteps      | 3743744     |
| train/                  |             |
|    approx_kl            | 0.004082673 |
|    clip_fraction        | 0.0301      |
|    clip_range           | 0.2         |
|    entropy_loss         | -0.561      |
|    explained_variance   | 0.245       |
|    learning_rate        | 7e-05       |
|    loss                 | 0.25        |
|    n_updates            | 1824        |
|    policy_gradient_loss | -0.00434    |
|    value_loss           | 0.333       |
-----------------------------------------
------------------------------------------
| episode/                |              |
|    lines_cleared_mean   | 7.73         |
|    perfect_clears_mean  | 0            |
|    pieces_placed_mean   | 30.9         |
| rollout/                |              |
|    ep_len_mean          | 30.2         |
|    ep_rew_mean          | 37           |
| time/                   |              |
|    fps                  | 894          |
|    iterations           | 458          |
|    time_elapsed         | 4196         |
|    total_timesteps      | 3751936      |
| train/                  |              |
|    approx_kl            | 0.0038640574 |
|    clip_fraction        | 0.0255       |
|    clip_range           | 0.2          |
|    entropy_loss         | -0.561       |
|    explained_variance   | 0.263        |
|    learning_rate        | 7e-05        |
|    loss                 | 0.26         |
|    n_updates            | 1828         |
|    policy_gradient_loss | -0.00404     |
|    value_loss           | 0.336        |
------------------------------------------
------------------------------------------
| episode/                |              |
|    lines_cleared_mean   | 9.27         |
|    perfect_clears_mean  | 0            |
|    pieces_placed_mean   | 35.3         |
| rollout/                |              |
|    ep_len_mean          | 30.7         |
|    ep_rew_mean          | 36.9         |
| time/                   |              |
|    fps                  | 894          |
|    iterations           | 459          |
|    time_elapsed         | 4205         |
|    total_timesteps      | 3760128      |
| train/                  |              |
|    approx_kl            | 0.0035490124 |
|    clip_fraction        | 0.0289       |
|    clip_range           | 0.2          |
|    entropy_loss         | -0.572       |
|    explained_variance   | 0.252        |
|    learning_rate        | 7e-05        |
|    loss                 | 0.241        |
|    n_updates            | 1832         |
|    policy_gradient_loss | -0.00409     |
|    value_loss           | 0.361        |
------------------------------------------
------------------------------------------
| episode/                |              |
|    lines_cleared_mean   | 6.6          |
|    perfect_clears_mean  | 0            |
|    pieces_placed_mean   | 29           |
| rollout/                |              |
|    ep_len_mean          | 30.2         |
|    ep_rew_mean          | 35.9         |
| time/                   |              |
|    fps                  | 894          |
|    iterations           | 460          |
|    time_elapsed         | 4214         |
|    total_timesteps      | 3768320      |
| train/                  |              |
|    approx_kl            | 0.0050873295 |
|    clip_fraction        | 0.0361       |
|    clip_range           | 0.2          |
|    entropy_loss         | -0.564       |
|    explained_variance   | 0.281        |
|    learning_rate        | 7e-05        |
|    loss                 | 0.269        |
|    n_updates            | 1836         |
|    policy_gradient_loss | -0.00431     |
|    value_loss           | 0.325        |
------------------------------------------
------------------------------------------
| episode/                |              |
|    lines_cleared_mean   | 9.4          |
|    perfect_clears_mean  | 0            |
|    pieces_placed_mean   | 36.1         |
| rollout/                |              |
|    ep_len_mean          | 31.6         |
|    ep_rew_mean          | 38.6         |
| time/                   |              |
|    fps                  | 894          |
|    iterations           | 461          |
|    time_elapsed         | 4223         |
|    total_timesteps      | 3776512      |
| train/                  |              |
|    approx_kl            | 0.0042457944 |
|    clip_fraction        | 0.0278       |
|    clip_range           | 0.2          |
|    entropy_loss         | -0.565       |
|    explained_variance   | 0.303        |
|    learning_rate        | 7e-05        |
|    loss                 | 0.213        |
|    n_updates            | 1840         |
|    policy_gradient_loss | -0.00425     |
|    value_loss           | 0.334        |
------------------------------------------
-----------------------------------------
| episode/                |             |
|    lines_cleared_mean   | 5.27        |
|    perfect_clears_mean  | 0           |
|    pieces_placed_mean   | 25.2        |
| rollout/                |             |
|    ep_len_mean          | 31.6        |
|    ep_rew_mean          | 38.8        |
| time/                   |             |
|    fps                  | 894         |
|    iterations           | 462         |
|    time_elapsed         | 4233        |
|    total_timesteps      | 3784704     |
| train/                  |             |
|    approx_kl            | 0.004180272 |
|    clip_fraction        | 0.0331      |
|    clip_range           | 0.2         |
|    entropy_loss         | -0.544      |
|    explained_variance   | 0.278       |
|    learning_rate        | 7e-05       |
|    loss                 | 0.201       |
|    n_updates            | 1844        |
|    policy_gradient_loss | -0.00419    |
|    value_loss           | 0.33        |
-----------------------------------------
-----------------------------------------
| episode/                |             |
|    lines_cleared_mean   | 10.5        |
|    perfect_clears_mean  | 0           |
|    pieces_placed_mean   | 37          |
| rollout/                |             |
|    ep_len_mean          | 31.1        |
|    ep_rew_mean          | 37.7        |
| time/                   |             |
|    fps                  | 894         |
|    iterations           | 463         |
|    time_elapsed         | 4242        |
|    total_timesteps      | 3792896     |
| train/                  |             |
|    approx_kl            | 0.004439022 |
|    clip_fraction        | 0.0334      |
|    clip_range           | 0.2         |
|    entropy_loss         | -0.556      |
|    explained_variance   | 0.3         |
|    learning_rate        | 7e-05       |
|    loss                 | 0.2         |
|    n_updates            | 1848        |
|    policy_gradient_loss | -0.00378    |
|    value_loss           | 0.327       |
-----------------------------------------
-----------------------------------------
| episode/                |             |
|    lines_cleared_mean   | 7           |
|    perfect_clears_mean  | 0           |
|    pieces_placed_mean   | 28.9        |
| rollout/                |             |
|    ep_len_mean          | 29.8        |
|    ep_rew_mean          | 35.8        |
| time/                   |             |
|    fps                  | 894         |
|    iterations           | 464         |
|    time_elapsed         | 4251        |
|    total_timesteps      | 3801088     |
| train/                  |             |
|    approx_kl            | 0.004836524 |
|    clip_fraction        | 0.0369      |
|    clip_range           | 0.2         |
|    entropy_loss         | -0.557      |
|    explained_variance   | 0.281       |
|    learning_rate        | 7e-05       |
|    loss                 | 0.201       |
|    n_updates            | 1852        |
|    policy_gradient_loss | -0.00433    |
|    value_loss           | 0.32        |
-----------------------------------------
------------------------------------------
| episode/                |              |
|    lines_cleared_mean   | 7.7          |
|    perfect_clears_mean  | 0            |
|    pieces_placed_mean   | 30.8         |
| rollout/                |              |
|    ep_len_mean          | 29.7         |
|    ep_rew_mean          | 35.5         |
| time/                   |              |
|    fps                  | 894          |
|    iterations           | 465          |
|    time_elapsed         | 4260         |
|    total_timesteps      | 3809280      |
| train/                  |              |
|    approx_kl            | 0.0039500208 |
|    clip_fraction        | 0.0278       |
|    clip_range           | 0.2          |
|    entropy_loss         | -0.56        |
|    explained_variance   | 0.27         |
|    learning_rate        | 7e-05        |
|    loss                 | 0.301        |
|    n_updates            | 1856         |
|    policy_gradient_loss | -0.00428     |
|    value_loss           | 0.374        |
------------------------------------------
-----------------------------------------
| episode/                |             |
|    lines_cleared_mean   | 8           |
|    perfect_clears_mean  | 0           |
|    pieces_placed_mean   | 31.2        |
| rollout/                |             |
|    ep_len_mean          | 27.3        |
|    ep_rew_mean          | 30.4        |
| time/                   |             |
|    fps                  | 894         |
|    iterations           | 466         |
|    time_elapsed         | 4270        |
|    total_timesteps      | 3817472     |
| train/                  |             |
|    approx_kl            | 0.004227847 |
|    clip_fraction        | 0.0322      |
|    clip_range           | 0.2         |
|    entropy_loss         | -0.558      |
|    explained_variance   | 0.245       |
|    learning_rate        | 7e-05       |
|    loss                 | 0.259       |
|    n_updates            | 1860        |
|    policy_gradient_loss | -0.00378    |
|    value_loss           | 0.351       |
-----------------------------------------
-----------------------------------------
| episode/                |             |
|    lines_cleared_mean   | 7.1         |
|    perfect_clears_mean  | 0           |
|    pieces_placed_mean   | 29.6        |
| rollout/                |             |
|    ep_len_mean          | 31.2        |
|    ep_rew_mean          | 38.4        |
| time/                   |             |
|    fps                  | 894         |
|    iterations           | 467         |
|    time_elapsed         | 4279        |
|    total_timesteps      | 3825664     |
| train/                  |             |
|    approx_kl            | 0.004996846 |
|    clip_fraction        | 0.0373      |
|    clip_range           | 0.2         |
|    entropy_loss         | -0.574      |
|    explained_variance   | 0.222       |
|    learning_rate        | 7e-05       |
|    loss                 | 0.206       |
|    n_updates            | 1864        |
|    policy_gradient_loss | -0.00475    |
|    value_loss           | 0.331       |
-----------------------------------------
------------------------------------------
| episode/                |              |
|    lines_cleared_mean   | 7.3          |
|    perfect_clears_mean  | 0            |
|    pieces_placed_mean   | 29.2         |
| rollout/                |              |
|    ep_len_mean          | 27.6         |
|    ep_rew_mean          | 31.1         |
| time/                   |              |
|    fps                  | 894          |
|    iterations           | 468          |
|    time_elapsed         | 4288         |
|    total_timesteps      | 3833856      |
| train/                  |              |
|    approx_kl            | 0.0045355093 |
|    clip_fraction        | 0.0317       |
|    clip_range           | 0.2          |
|    entropy_loss         | -0.554       |
|    explained_variance   | 0.274        |
|    learning_rate        | 7e-05        |
|    loss                 | 0.198        |
|    n_updates            | 1868         |
|    policy_gradient_loss | -0.00492     |
|    value_loss           | 0.317        |
------------------------------------------
------------------------------------------
| episode/                |              |
|    lines_cleared_mean   | 9.6          |
|    perfect_clears_mean  | 0            |
|    pieces_placed_mean   | 34.6         |
| rollout/                |              |
|    ep_len_mean          | 29.6         |
|    ep_rew_mean          | 35.2         |
| time/                   |              |
|    fps                  | 894          |
|    iterations           | 469          |
|    time_elapsed         | 4297         |
|    total_timesteps      | 3842048      |
| train/                  |              |
|    approx_kl            | 0.0037351805 |
|    clip_fraction        | 0.0263       |
|    clip_range           | 0.2          |
|    entropy_loss         | -0.566       |
|    explained_variance   | 0.21         |
|    learning_rate        | 7e-05        |
|    loss                 | 0.228        |
|    n_updates            | 1872         |
|    policy_gradient_loss | -0.00397     |
|    value_loss           | 0.34         |
------------------------------------------
------------------------------------------
| episode/                |              |
|    lines_cleared_mean   | 4.82         |
|    perfect_clears_mean  | 0            |
|    pieces_placed_mean   | 23.4         |
| rollout/                |              |
|    ep_len_mean          | 27.3         |
|    ep_rew_mean          | 30.5         |
| time/                   |              |
|    fps                  | 893          |
|    iterations           | 470          |
|    time_elapsed         | 4306         |
|    total_timesteps      | 3850240      |
| train/                  |              |
|    approx_kl            | 0.0041519096 |
|    clip_fraction        | 0.0326       |
|    clip_range           | 0.2          |
|    entropy_loss         | -0.556       |
|    explained_variance   | 0.26         |
|    learning_rate        | 7e-05        |
|    loss                 | 0.196        |
|    n_updates            | 1876         |
|    policy_gradient_loss | -0.00306     |
|    value_loss           | 0.301        |
------------------------------------------
------------------------------------------
| episode/                |              |
|    lines_cleared_mean   | 8.5          |
|    perfect_clears_mean  | 0            |
|    pieces_placed_mean   | 32.2         |
| rollout/                |              |
|    ep_len_mean          | 30.9         |
|    ep_rew_mean          | 37.3         |
| time/                   |              |
|    fps                  | 893          |
|    iterations           | 471          |
|    time_elapsed         | 4315         |
|    total_timesteps      | 3858432      |
| train/                  |              |
|    approx_kl            | 0.0038600508 |
|    clip_fraction        | 0.0249       |
|    clip_range           | 0.2          |
|    entropy_loss         | -0.554       |
|    explained_variance   | 0.254        |
|    learning_rate        | 7e-05        |
|    loss                 | 0.198        |
|    n_updates            | 1880         |
|    policy_gradient_loss | -0.00333     |
|    value_loss           | 0.329        |
------------------------------------------
------------------------------------------
| episode/                |              |
|    lines_cleared_mean   | 8.36         |
|    perfect_clears_mean  | 0            |
|    pieces_placed_mean   | 32.3         |
| rollout/                |              |
|    ep_len_mean          | 31.6         |
|    ep_rew_mean          | 39.2         |
| time/                   |              |
|    fps                  | 893          |
|    iterations           | 472          |
|    time_elapsed         | 4325         |
|    total_timesteps      | 3866624      |
| train/                  |              |
|    approx_kl            | 0.0045195036 |
|    clip_fraction        | 0.0323       |
|    clip_range           | 0.2          |
|    entropy_loss         | -0.553       |
|    explained_variance   | 0.315        |
|    learning_rate        | 7e-05        |
|    loss                 | 0.213        |
|    n_updates            | 1884         |
|    policy_gradient_loss | -0.00445     |
|    value_loss           | 0.308        |
------------------------------------------
-----------------------------------------
| episode/                |             |
|    lines_cleared_mean   | 7.2         |
|    perfect_clears_mean  | 0           |
|    pieces_placed_mean   | 30          |
| rollout/                |             |
|    ep_len_mean          | 30.5        |
|    ep_rew_mean          | 37.1        |
| time/                   |             |
|    fps                  | 893         |
|    iterations           | 473         |
|    time_elapsed         | 4334        |
|    total_timesteps      | 3874816     |
| train/                  |             |
|    approx_kl            | 0.004273638 |
|    clip_fraction        | 0.0332      |
|    clip_range           | 0.2         |
|    entropy_loss         | -0.56       |
|    explained_variance   | 0.31        |
|    learning_rate        | 7e-05       |
|    loss                 | 0.189       |
|    n_updates            | 1888        |
|    policy_gradient_loss | -0.00398    |
|    value_loss           | 0.313       |
-----------------------------------------
------------------------------------------
| episode/                |              |
|    lines_cleared_mean   | 5.7          |
|    perfect_clears_mean  | 0            |
|    pieces_placed_mean   | 26.8         |
| rollout/                |              |
|    ep_len_mean          | 30.4         |
|    ep_rew_mean          | 36.6         |
| time/                   |              |
|    fps                  | 893          |
|    iterations           | 474          |
|    time_elapsed         | 4343         |
|    total_timesteps      | 3883008      |
| train/                  |              |
|    approx_kl            | 0.0042483616 |
|    clip_fraction        | 0.0345       |
|    clip_range           | 0.2          |
|    entropy_loss         | -0.557       |
|    explained_variance   | 0.352        |
|    learning_rate        | 7e-05        |
|    loss                 | 0.21         |
|    n_updates            | 1892         |
|    policy_gradient_loss | -0.0039      |
|    value_loss           | 0.277        |
------------------------------------------
-----------------------------------------
| episode/                |             |
|    lines_cleared_mean   | 6           |
|    perfect_clears_mean  | 0           |
|    pieces_placed_mean   | 27          |
| rollout/                |             |
|    ep_len_mean          | 27.6        |
|    ep_rew_mean          | 31.3        |
| time/                   |             |
|    fps                  | 893         |
|    iterations           | 475         |
|    time_elapsed         | 4352        |
|    total_timesteps      | 3891200     |
| train/                  |             |
|    approx_kl            | 0.004104348 |
|    clip_fraction        | 0.032       |
|    clip_range           | 0.2         |
|    entropy_loss         | -0.546      |
|    explained_variance   | 0.227       |
|    learning_rate        | 7e-05       |
|    loss                 | 0.21        |
|    n_updates            | 1896        |
|    policy_gradient_loss | -0.00363    |
|    value_loss           | 0.331       |
-----------------------------------------
-----------------------------------------
| episode/                |             |
|    lines_cleared_mean   | 6.7         |
|    perfect_clears_mean  | 0           |
|    pieces_placed_mean   | 29.8        |
| rollout/                |             |
|    ep_len_mean          | 31.7        |
|    ep_rew_mean          | 39.2        |
| time/                   |             |
|    fps                  | 893         |
|    iterations           | 476         |
|    time_elapsed         | 4361        |
|    total_timesteps      | 3899392     |
| train/                  |             |
|    approx_kl            | 0.005225206 |
|    clip_fraction        | 0.041       |
|    clip_range           | 0.2         |
|    entropy_loss         | -0.548      |
|    explained_variance   | 0.206       |
|    learning_rate        | 7e-05       |
|    loss                 | 0.187       |
|    n_updates            | 1900        |
|    policy_gradient_loss | -0.00579    |
|    value_loss           | 0.326       |
-----------------------------------------
------------------------------------------
| episode/                |              |
|    lines_cleared_mean   | 6.5          |
|    perfect_clears_mean  | 0            |
|    pieces_placed_mean   | 27           |
| rollout/                |              |
|    ep_len_mean          | 29.4         |
|    ep_rew_mean          | 34.3         |
| time/                   |              |
|    fps                  | 893          |
|    iterations           | 477          |
|    time_elapsed         | 4371         |
|    total_timesteps      | 3907584      |
| train/                  |              |
|    approx_kl            | 0.0044230204 |
|    clip_fraction        | 0.0352       |
|    clip_range           | 0.2          |
|    entropy_loss         | -0.54        |
|    explained_variance   | 0.255        |
|    learning_rate        | 7e-05        |
|    loss                 | 0.203        |
|    n_updates            | 1904         |
|    policy_gradient_loss | -0.0043      |
|    value_loss           | 0.311        |
------------------------------------------
------------------------------------------
| episode/                |              |
|    lines_cleared_mean   | 4.2          |
|    perfect_clears_mean  | 0            |
|    pieces_placed_mean   | 22.7         |
| rollout/                |              |
|    ep_len_mean          | 29.4         |
|    ep_rew_mean          | 34.2         |
| time/                   |              |
|    fps                  | 893          |
|    iterations           | 478          |
|    time_elapsed         | 4380         |
|    total_timesteps      | 3915776      |
| train/                  |              |
|    approx_kl            | 0.0040201107 |
|    clip_fraction        | 0.0273       |
|    clip_range           | 0.2          |
|    entropy_loss         | -0.544       |
|    explained_variance   | 0.251        |
|    learning_rate        | 7e-05        |
|    loss                 | 0.223        |
|    n_updates            | 1908         |
|    policy_gradient_loss | -0.00341     |
|    value_loss           | 0.318        |
------------------------------------------
------------------------------------------
| episode/                |              |
|    lines_cleared_mean   | 7.4          |
|    perfect_clears_mean  | 0            |
|    pieces_placed_mean   | 30           |
| rollout/                |              |
|    ep_len_mean          | 31           |
|    ep_rew_mean          | 37.6         |
| time/                   |              |
|    fps                  | 893          |
|    iterations           | 479          |
|    time_elapsed         | 4389         |
|    total_timesteps      | 3923968      |
| train/                  |              |
|    approx_kl            | 0.0056278408 |
|    clip_fraction        | 0.0417       |
|    clip_range           | 0.2          |
|    entropy_loss         | -0.547       |
|    explained_variance   | 0.274        |
|    learning_rate        | 7e-05        |
|    loss                 | 0.198        |
|    n_updates            | 1912         |
|    policy_gradient_loss | -0.00488     |
|    value_loss           | 0.283        |
------------------------------------------
-----------------------------------------
| episode/                |             |
|    lines_cleared_mean   | 9.2         |
|    perfect_clears_mean  | 0           |
|    pieces_placed_mean   | 34.3        |
| rollout/                |             |
|    ep_len_mean          | 30.6        |
|    ep_rew_mean          | 37.1        |
| time/                   |             |
|    fps                  | 893         |
|    iterations           | 480         |
|    time_elapsed         | 4398        |
|    total_timesteps      | 3932160     |
| train/                  |             |
|    approx_kl            | 0.004563275 |
|    clip_fraction        | 0.0349      |
|    clip_range           | 0.2         |
|    entropy_loss         | -0.535      |
|    explained_variance   | 0.294       |
|    learning_rate        | 7e-05       |
|    loss                 | 0.195       |
|    n_updates            | 1916        |
|    policy_gradient_loss | -0.00476    |
|    value_loss           | 0.318       |
-----------------------------------------
------------------------------------------
| episode/                |              |
|    lines_cleared_mean   | 8.6          |
|    perfect_clears_mean  | 0            |
|    pieces_placed_mean   | 33           |
| rollout/                |              |
|    ep_len_mean          | 31.2         |
|    ep_rew_mean          | 38.4         |
| time/                   |              |
|    fps                  | 893          |
|    iterations           | 481          |
|    time_elapsed         | 4407         |
|    total_timesteps      | 3940352      |
| train/                  |              |
|    approx_kl            | 0.0041558146 |
|    clip_fraction        | 0.0303       |
|    clip_range           | 0.2          |
|    entropy_loss         | -0.535       |
|    explained_variance   | 0.296        |
|    learning_rate        | 7e-05        |
|    loss                 | 0.208        |
|    n_updates            | 1920         |
|    policy_gradient_loss | -0.00363     |
|    value_loss           | 0.31         |
------------------------------------------
------------------------------------------
| episode/                |              |
|    lines_cleared_mean   | 8.2          |
|    perfect_clears_mean  | 0            |
|    pieces_placed_mean   | 32.3         |
| rollout/                |              |
|    ep_len_mean          | 30.1         |
|    ep_rew_mean          | 35.7         |
| time/                   |              |
|    fps                  | 893          |
|    iterations           | 482          |
|    time_elapsed         | 4417         |
|    total_timesteps      | 3948544      |
| train/                  |              |
|    approx_kl            | 0.0046894746 |
|    clip_fraction        | 0.0346       |
|    clip_range           | 0.2          |
|    entropy_loss         | -0.536       |
|    explained_variance   | 0.245        |
|    learning_rate        | 7e-05        |
|    loss                 | 0.182        |
|    n_updates            | 1924         |
|    policy_gradient_loss | -0.00481     |
|    value_loss           | 0.326        |
------------------------------------------
------------------------------------------
| episode/                |              |
|    lines_cleared_mean   | 9.1          |
|    perfect_clears_mean  | 0            |
|    pieces_placed_mean   | 34.6         |
| rollout/                |              |
|    ep_len_mean          | 31.1         |
|    ep_rew_mean          | 38.2         |
| time/                   |              |
|    fps                  | 893          |
|    iterations           | 483          |
|    time_elapsed         | 4426         |
|    total_timesteps      | 3956736      |
| train/                  |              |
|    approx_kl            | 0.0040925806 |
|    clip_fraction        | 0.0328       |
|    clip_range           | 0.2          |
|    entropy_loss         | -0.54        |
|    explained_variance   | 0.278        |
|    learning_rate        | 7e-05        |
|    loss                 | 0.214        |
|    n_updates            | 1928         |
|    policy_gradient_loss | -0.00518     |
|    value_loss           | 0.339        |
------------------------------------------
-----------------------------------------
| episode/                |             |
|    lines_cleared_mean   | 6.4         |
|    perfect_clears_mean  | 0           |
|    pieces_placed_mean   | 28          |
| rollout/                |             |
|    ep_len_mean          | 30.3        |
|    ep_rew_mean          | 36.1        |
| time/                   |             |
|    fps                  | 893         |
|    iterations           | 484         |
|    time_elapsed         | 4435        |
|    total_timesteps      | 3964928     |
| train/                  |             |
|    approx_kl            | 0.004368761 |
|    clip_fraction        | 0.0364      |
|    clip_range           | 0.2         |
|    entropy_loss         | -0.533      |
|    explained_variance   | 0.254       |
|    learning_rate        | 7e-05       |
|    loss                 | 0.22        |
|    n_updates            | 1932        |
|    policy_gradient_loss | -0.00499    |
|    value_loss           | 0.324       |
-----------------------------------------
-----------------------------------------
| episode/                |             |
|    lines_cleared_mean   | 5           |
|    perfect_clears_mean  | 0           |
|    pieces_placed_mean   | 25          |
| rollout/                |             |
|    ep_len_mean          | 30          |
|    ep_rew_mean          | 36.1        |
| time/                   |             |
|    fps                  | 893         |
|    iterations           | 485         |
|    time_elapsed         | 4444        |
|    total_timesteps      | 3973120     |
| train/                  |             |
|    approx_kl            | 0.004266005 |
|    clip_fraction        | 0.0282      |
|    clip_range           | 0.2         |
|    entropy_loss         | -0.528      |
|    explained_variance   | 0.233       |
|    learning_rate        | 7e-05       |
|    loss                 | 0.243       |
|    n_updates            | 1936        |
|    policy_gradient_loss | -0.00405    |
|    value_loss           | 0.338       |
-----------------------------------------
-----------------------------------------
| episode/                |             |
|    lines_cleared_mean   | 8.36        |
|    perfect_clears_mean  | 0           |
|    pieces_placed_mean   | 32.5        |
| rollout/                |             |
|    ep_len_mean          | 30          |
|    ep_rew_mean          | 35.5        |
| time/                   |             |
|    fps                  | 893         |
|    iterations           | 486         |
|    time_elapsed         | 4454        |
|    total_timesteps      | 3981312     |
| train/                  |             |
|    approx_kl            | 0.004242254 |
|    clip_fraction        | 0.0313      |
|    clip_range           | 0.2         |
|    entropy_loss         | -0.544      |
|    explained_variance   | 0.267       |
|    learning_rate        | 7e-05       |
|    loss                 | 0.212       |
|    n_updates            | 1940        |
|    policy_gradient_loss | -0.00466    |
|    value_loss           | 0.345       |
-----------------------------------------
-----------------------------------------
| episode/                |             |
|    lines_cleared_mean   | 6.5         |
|    perfect_clears_mean  | 0           |
|    pieces_placed_mean   | 26.4        |
| rollout/                |             |
|    ep_len_mean          | 30.4        |
|    ep_rew_mean          | 36.7        |
| time/                   |             |
|    fps                  | 893         |
|    iterations           | 487         |
|    time_elapsed         | 4463        |
|    total_timesteps      | 3989504     |
| train/                  |             |
|    approx_kl            | 0.004999863 |
|    clip_fraction        | 0.0357      |
|    clip_range           | 0.2         |
|    entropy_loss         | -0.543      |
|    explained_variance   | 0.252       |
|    learning_rate        | 7e-05       |
|    loss                 | 0.196       |
|    n_updates            | 1944        |
|    policy_gradient_loss | -0.00466    |
|    value_loss           | 0.337       |
-----------------------------------------
----------------------------------------
| episode/                |            |
|    lines_cleared_mean   | 5.8        |
|    perfect_clears_mean  | 0          |
|    pieces_placed_mean   | 25.9       |
| rollout/                |            |
|    ep_len_mean          | 30.2       |
|    ep_rew_mean          | 36.2       |
| time/                   |            |
|    fps                  | 893        |
|    iterations           | 488        |
|    time_elapsed         | 4472       |
|    total_timesteps      | 3997696    |
| train/                  |            |
|    approx_kl            | 0.00440986 |
|    clip_fraction        | 0.0336     |
|    clip_range           | 0.2        |
|    entropy_loss         | -0.541     |
|    explained_variance   | 0.245      |
|    learning_rate        | 7e-05      |
|    loss                 | 0.196      |
|    n_updates            | 1948       |
|    policy_gradient_loss | -0.00461   |
|    value_loss           | 0.338      |
----------------------------------------
------------------------------------------
| episode/                |              |
|    lines_cleared_mean   | 8.4          |
|    perfect_clears_mean  | 0            |
|    pieces_placed_mean   | 33.4         |
| rollout/                |              |
|    ep_len_mean          | 31.4         |
|    ep_rew_mean          | 38.7         |
| time/                   |              |
|    fps                  | 893          |
|    iterations           | 489          |
|    time_elapsed         | 4481         |
|    total_timesteps      | 4005888      |
| train/                  |              |
|    approx_kl            | 0.0046212194 |
|    clip_fraction        | 0.0316       |
|    clip_range           | 0.2          |
|    entropy_loss         | -0.544       |
|    explained_variance   | 0.316        |
|    learning_rate        | 7e-05        |
|    loss                 | 0.171        |
|    n_updates            | 1952         |
|    policy_gradient_loss | -0.00394     |
|    value_loss           | 0.279        |
------------------------------------------
-----------------------------------------
| episode/                |             |
|    lines_cleared_mean   | 5.4         |
|    perfect_clears_mean  | 0           |
|    pieces_placed_mean   | 25.8        |
| rollout/                |             |
|    ep_len_mean          | 30.3        |
|    ep_rew_mean          | 36.3        |
| time/                   |             |
|    fps                  | 893         |
|    iterations           | 490         |
|    time_elapsed         | 4490        |
|    total_timesteps      | 4014080     |
| train/                  |             |
|    approx_kl            | 0.004324363 |
|    clip_fraction        | 0.0328      |
|    clip_range           | 0.2         |
|    entropy_loss         | -0.537      |
|    explained_variance   | 0.275       |
|    learning_rate        | 7e-05       |
|    loss                 | 0.199       |
|    n_updates            | 1956        |
|    policy_gradient_loss | -0.00457    |
|    value_loss           | 0.303       |
-----------------------------------------
-----------------------------------------
| episode/                |             |
|    lines_cleared_mean   | 4.9         |
|    perfect_clears_mean  | 0           |
|    pieces_placed_mean   | 24          |
| rollout/                |             |
|    ep_len_mean          | 29.3        |
|    ep_rew_mean          | 34.3        |
| time/                   |             |
|    fps                  | 893         |
|    iterations           | 491         |
|    time_elapsed         | 4500        |
|    total_timesteps      | 4022272     |
| train/                  |             |
|    approx_kl            | 0.004901407 |
|    clip_fraction        | 0.0398      |
|    clip_range           | 0.2         |
|    entropy_loss         | -0.543      |
|    explained_variance   | 0.222       |
|    learning_rate        | 7e-05       |
|    loss                 | 0.201       |
|    n_updates            | 1960        |
|    policy_gradient_loss | -0.00503    |
|    value_loss           | 0.322       |
-----------------------------------------
------------------------------------------
| episode/                |              |
|    lines_cleared_mean   | 7.2          |
|    perfect_clears_mean  | 0            |
|    pieces_placed_mean   | 28.9         |
| rollout/                |              |
|    ep_len_mean          | 27.4         |
|    ep_rew_mean          | 30.1         |
| time/                   |              |
|    fps                  | 893          |
|    iterations           | 492          |
|    time_elapsed         | 4509         |
|    total_timesteps      | 4030464      |
| train/                  |              |
|    approx_kl            | 0.0044135624 |
|    clip_fraction        | 0.0331       |
|    clip_range           | 0.2          |
|    entropy_loss         | -0.537       |
|    explained_variance   | 0.268        |
|    learning_rate        | 7e-05        |
|    loss                 | 0.23         |
|    n_updates            | 1964         |
|    policy_gradient_loss | -0.0041      |
|    value_loss           | 0.319        |
------------------------------------------
------------------------------------------
| episode/                |              |
|    lines_cleared_mean   | 7.4          |
|    perfect_clears_mean  | 0            |
|    pieces_placed_mean   | 31           |
| rollout/                |              |
|    ep_len_mean          | 30.5         |
|    ep_rew_mean          | 36.6         |
| time/                   |              |
|    fps                  | 893          |
|    iterations           | 493          |
|    time_elapsed         | 4518         |
|    total_timesteps      | 4038656      |
| train/                  |              |
|    approx_kl            | 0.0050840797 |
|    clip_fraction        | 0.0428       |
|    clip_range           | 0.2          |
|    entropy_loss         | -0.543       |
|    explained_variance   | 0.277        |
|    learning_rate        | 7e-05        |
|    loss                 | 0.203        |
|    n_updates            | 1968         |
|    policy_gradient_loss | -0.00577     |
|    value_loss           | 0.293        |
------------------------------------------
------------------------------------------
| episode/                |              |
|    lines_cleared_mean   | 6.7          |
|    perfect_clears_mean  | 0            |
|    pieces_placed_mean   | 27.4         |
| rollout/                |              |
|    ep_len_mean          | 31.2         |
|    ep_rew_mean          | 38.2         |
| time/                   |              |
|    fps                  | 893          |
|    iterations           | 494          |
|    time_elapsed         | 4527         |
|    total_timesteps      | 4046848      |
| train/                  |              |
|    approx_kl            | 0.0041427175 |
|    clip_fraction        | 0.0349       |
|    clip_range           | 0.2          |
|    entropy_loss         | -0.536       |
|    explained_variance   | 0.338        |
|    learning_rate        | 7e-05        |
|    loss                 | 0.191        |
|    n_updates            | 1972         |
|    policy_gradient_loss | -0.00382     |
|    value_loss           | 0.294        |
------------------------------------------
------------------------------------------
| episode/                |              |
|    lines_cleared_mean   | 5.83         |
|    perfect_clears_mean  | 0            |
|    pieces_placed_mean   | 26.9         |
| rollout/                |              |
|    ep_len_mean          | 30.6         |
|    ep_rew_mean          | 36.4         |
| time/                   |              |
|    fps                  | 893          |
|    iterations           | 495          |
|    time_elapsed         | 4536         |
|    total_timesteps      | 4055040      |
| train/                  |              |
|    approx_kl            | 0.0039478284 |
|    clip_fraction        | 0.0288       |
|    clip_range           | 0.2          |
|    entropy_loss         | -0.534       |
|    explained_variance   | 0.312        |
|    learning_rate        | 7e-05        |
|    loss                 | 0.219        |
|    n_updates            | 1976         |
|    policy_gradient_loss | -0.00413     |
|    value_loss           | 0.334        |
------------------------------------------
------------------------------------------
| episode/                |              |
|    lines_cleared_mean   | 9.4          |
|    perfect_clears_mean  | 0            |
|    pieces_placed_mean   | 35.8         |
| rollout/                |              |
|    ep_len_mean          | 31           |
|    ep_rew_mean          | 37.2         |
| time/                   |              |
|    fps                  | 893          |
|    iterations           | 496          |
|    time_elapsed         | 4545         |
|    total_timesteps      | 4063232      |
| train/                  |              |
|    approx_kl            | 0.0046277866 |
|    clip_fraction        | 0.0364       |
|    clip_range           | 0.2          |
|    entropy_loss         | -0.534       |
|    explained_variance   | 0.334        |
|    learning_rate        | 7e-05        |
|    loss                 | 0.203        |
|    n_updates            | 1980         |
|    policy_gradient_loss | -0.00461     |
|    value_loss           | 0.309        |
------------------------------------------
------------------------------------------
| episode/                |              |
|    lines_cleared_mean   | 8            |
|    perfect_clears_mean  | 0            |
|    pieces_placed_mean   | 31.3         |
| rollout/                |              |
|    ep_len_mean          | 30.1         |
|    ep_rew_mean          | 36.8         |
| time/                   |              |
|    fps                  | 893          |
|    iterations           | 497          |
|    time_elapsed         | 4555         |
|    total_timesteps      | 4071424      |
| train/                  |              |
|    approx_kl            | 0.0037664913 |
|    clip_fraction        | 0.0288       |
|    clip_range           | 0.2          |
|    entropy_loss         | -0.532       |
|    explained_variance   | 0.232        |
|    learning_rate        | 7e-05        |
|    loss                 | 0.238        |
|    n_updates            | 1984         |
|    policy_gradient_loss | -0.00411     |
|    value_loss           | 0.344        |
------------------------------------------
------------------------------------------
| episode/                |              |
|    lines_cleared_mean   | 6.5          |
|    perfect_clears_mean  | 0            |
|    pieces_placed_mean   | 28.2         |
| rollout/                |              |
|    ep_len_mean          | 29.8         |
|    ep_rew_mean          | 35.1         |
| time/                   |              |
|    fps                  | 893          |
|    iterations           | 498          |
|    time_elapsed         | 4564         |
|    total_timesteps      | 4079616      |
| train/                  |              |
|    approx_kl            | 0.0038455448 |
|    clip_fraction        | 0.0274       |
|    clip_range           | 0.2          |
|    entropy_loss         | -0.526       |
|    explained_variance   | 0.224        |
|    learning_rate        | 7e-05        |
|    loss                 | 0.232        |
|    n_updates            | 1988         |
|    policy_gradient_loss | -0.00371     |
|    value_loss           | 0.338        |
------------------------------------------
------------------------------------------
| episode/                |              |
|    lines_cleared_mean   | 5.4          |
|    perfect_clears_mean  | 0.1          |
|    pieces_placed_mean   | 24.1         |
| rollout/                |              |
|    ep_len_mean          | 28           |
|    ep_rew_mean          | 32.3         |
| time/                   |              |
|    fps                  | 893          |
|    iterations           | 499          |
|    time_elapsed         | 4573         |
|    total_timesteps      | 4087808      |
| train/                  |              |
|    approx_kl            | 0.0041674795 |
|    clip_fraction        | 0.0294       |
|    clip_range           | 0.2          |
|    entropy_loss         | -0.523       |
|    explained_variance   | 0.262        |
|    learning_rate        | 7e-05        |
|    loss                 | 0.227        |
|    n_updates            | 1992         |
|    policy_gradient_loss | -0.0038      |
|    value_loss           | 0.351        |
------------------------------------------
------------------------------------------
| episode/                |              |
|    lines_cleared_mean   | 5.4          |
|    perfect_clears_mean  | 0            |
|    pieces_placed_mean   | 25.4         |
| rollout/                |              |
|    ep_len_mean          | 29.4         |
|    ep_rew_mean          | 33.8         |
| time/                   |              |
|    fps                  | 893          |
|    iterations           | 500          |
|    time_elapsed         | 4582         |
|    total_timesteps      | 4096000      |
| train/                  |              |
|    approx_kl            | 0.0043281773 |
|    clip_fraction        | 0.0314       |
|    clip_range           | 0.2          |
|    entropy_loss         | -0.534       |
|    explained_variance   | 0.281        |
|    learning_rate        | 7e-05        |
|    loss                 | 0.202        |
|    n_updates            | 1996         |
|    policy_gradient_loss | -0.00437     |
|    value_loss           | 0.33         |
------------------------------------------
------------------------------------------
| episode/                |              |
|    lines_cleared_mean   | 4.3          |
|    perfect_clears_mean  | 0            |
|    pieces_placed_mean   | 22.1         |
| rollout/                |              |
|    ep_len_mean          | 27.8         |
|    ep_rew_mean          | 31.5         |
| time/                   |              |
|    fps                  | 893          |
|    iterations           | 501          |
|    time_elapsed         | 4591         |
|    total_timesteps      | 4104192      |
| train/                  |              |
|    approx_kl            | 0.0036113192 |
|    clip_fraction        | 0.0314       |
|    clip_range           | 0.2          |
|    entropy_loss         | -0.534       |
|    explained_variance   | 0.236        |
|    learning_rate        | 7e-05        |
|    loss                 | 0.291        |
|    n_updates            | 2000         |
|    policy_gradient_loss | -0.00401     |
|    value_loss           | 0.337        |
------------------------------------------
------------------------------------------
| episode/                |              |
|    lines_cleared_mean   | 5.91         |
|    perfect_clears_mean  | 0            |
|    pieces_placed_mean   | 26.4         |
| rollout/                |              |
|    ep_len_mean          | 28.8         |
|    ep_rew_mean          | 33.6         |
| time/                   |              |
|    fps                  | 893          |
|    iterations           | 502          |
|    time_elapsed         | 4601         |
|    total_timesteps      | 4112384      |
| train/                  |              |
|    approx_kl            | 0.0051910216 |
|    clip_fraction        | 0.0429       |
|    clip_range           | 0.2          |
|    entropy_loss         | -0.531       |
|    explained_variance   | 0.263        |
|    learning_rate        | 7e-05        |
|    loss                 | 0.245        |
|    n_updates            | 2004         |
|    policy_gradient_loss | -0.00511     |
|    value_loss           | 0.316        |
------------------------------------------
-----------------------------------------
| episode/                |             |
|    lines_cleared_mean   | 10.9        |
|    perfect_clears_mean  | 0           |
|    pieces_placed_mean   | 38.2        |
| rollout/                |             |
|    ep_len_mean          | 31.8        |
|    ep_rew_mean          | 40.2        |
| time/                   |             |
|    fps                  | 893         |
|    iterations           | 503         |
|    time_elapsed         | 4610        |
|    total_timesteps      | 4120576     |
| train/                  |             |
|    approx_kl            | 0.004385408 |
|    clip_fraction        | 0.038       |
|    clip_range           | 0.2         |
|    entropy_loss         | -0.531      |
|    explained_variance   | 0.284       |
|    learning_rate        | 7e-05       |
|    loss                 | 0.164       |
|    n_updates            | 2008        |
|    policy_gradient_loss | -0.00402    |
|    value_loss           | 0.298       |
-----------------------------------------
------------------------------------------
| episode/                |              |
|    lines_cleared_mean   | 8.08         |
|    perfect_clears_mean  | 0            |
|    pieces_placed_mean   | 32.3         |
| rollout/                |              |
|    ep_len_mean          | 30.9         |
|    ep_rew_mean          | 37.2         |
| time/                   |              |
|    fps                  | 893          |
|    iterations           | 504          |
|    time_elapsed         | 4619         |
|    total_timesteps      | 4128768      |
| train/                  |              |
|    approx_kl            | 0.0038558403 |
|    clip_fraction        | 0.0328       |
|    clip_range           | 0.2          |
|    entropy_loss         | -0.518       |
|    explained_variance   | 0.254        |
|    learning_rate        | 7e-05        |
|    loss                 | 0.224        |
|    n_updates            | 2012         |
|    policy_gradient_loss | -0.00438     |
|    value_loss           | 0.346        |
------------------------------------------
-----------------------------------------
| episode/                |             |
|    lines_cleared_mean   | 6.8         |
|    perfect_clears_mean  | 0           |
|    pieces_placed_mean   | 27.8        |
| rollout/                |             |
|    ep_len_mean          | 29.7        |
|    ep_rew_mean          | 35.9        |
| time/                   |             |
|    fps                  | 893         |
|    iterations           | 505         |
|    time_elapsed         | 4628        |
|    total_timesteps      | 4136960     |
| train/                  |             |
|    approx_kl            | 0.004050631 |
|    clip_fraction        | 0.0325      |
|    clip_range           | 0.2         |
|    entropy_loss         | -0.507      |
|    explained_variance   | 0.256       |
|    learning_rate        | 7e-05       |
|    loss                 | 0.226       |
|    n_updates            | 2016        |
|    policy_gradient_loss | -0.00374    |
|    value_loss           | 0.338       |
-----------------------------------------
-----------------------------------------
| episode/                |             |
|    lines_cleared_mean   | 6.9         |
|    perfect_clears_mean  | 0           |
|    pieces_placed_mean   | 28.1        |
| rollout/                |             |
|    ep_len_mean          | 30.5        |
|    ep_rew_mean          | 37.3        |
| time/                   |             |
|    fps                  | 893         |
|    iterations           | 506         |
|    time_elapsed         | 4638        |
|    total_timesteps      | 4145152     |
| train/                  |             |
|    approx_kl            | 0.003739296 |
|    clip_fraction        | 0.0282      |
|    clip_range           | 0.2         |
|    entropy_loss         | -0.517      |
|    explained_variance   | 0.298       |
|    learning_rate        | 7e-05       |
|    loss                 | 0.255       |
|    n_updates            | 2020        |
|    policy_gradient_loss | -0.00385    |
|    value_loss           | 0.334       |
-----------------------------------------
-----------------------------------------
| episode/                |             |
|    lines_cleared_mean   | 6.1         |
|    perfect_clears_mean  | 0           |
|    pieces_placed_mean   | 25.8        |
| rollout/                |             |
|    ep_len_mean          | 29.1        |
|    ep_rew_mean          | 34.2        |
| time/                   |             |
|    fps                  | 893         |
|    iterations           | 507         |
|    time_elapsed         | 4647        |
|    total_timesteps      | 4153344     |
| train/                  |             |
|    approx_kl            | 0.004013086 |
|    clip_fraction        | 0.0261      |
|    clip_range           | 0.2         |
|    entropy_loss         | -0.503      |
|    explained_variance   | 0.305       |
|    learning_rate        | 7e-05       |
|    loss                 | 0.245       |
|    n_updates            | 2024        |
|    policy_gradient_loss | -0.00425    |
|    value_loss           | 0.339       |
-----------------------------------------
------------------------------------------
| episode/                |              |
|    lines_cleared_mean   | 9.4          |
|    perfect_clears_mean  | 0            |
|    pieces_placed_mean   | 34.5         |
| rollout/                |              |
|    ep_len_mean          | 29.4         |
|    ep_rew_mean          | 34.6         |
| time/                   |              |
|    fps                  | 893          |
|    iterations           | 508          |
|    time_elapsed         | 4656         |
|    total_timesteps      | 4161536      |
| train/                  |              |
|    approx_kl            | 0.0039065806 |
|    clip_fraction        | 0.0304       |
|    clip_range           | 0.2          |
|    entropy_loss         | -0.506       |
|    explained_variance   | 0.257        |
|    learning_rate        | 7e-05        |
|    loss                 | 0.248        |
|    n_updates            | 2028         |
|    policy_gradient_loss | -0.00492     |
|    value_loss           | 0.376        |
------------------------------------------
------------------------------------------
| episode/                |              |
|    lines_cleared_mean   | 5            |
|    perfect_clears_mean  | 0            |
|    pieces_placed_mean   | 24.8         |
| rollout/                |              |
|    ep_len_mean          | 29.5         |
|    ep_rew_mean          | 34.5         |
| time/                   |              |
|    fps                  | 893          |
|    iterations           | 509          |
|    time_elapsed         | 4666         |
|    total_timesteps      | 4169728      |
| train/                  |              |
|    approx_kl            | 0.0044544516 |
|    clip_fraction        | 0.0381       |
|    clip_range           | 0.2          |
|    entropy_loss         | -0.508       |
|    explained_variance   | 0.318        |
|    learning_rate        | 7e-05        |
|    loss                 | 0.207        |
|    n_updates            | 2032         |
|    policy_gradient_loss | -0.00469     |
|    value_loss           | 0.336        |
------------------------------------------
------------------------------------------
| episode/                |              |
|    lines_cleared_mean   | 8.5          |
|    perfect_clears_mean  | 0            |
|    pieces_placed_mean   | 32.4         |
| rollout/                |              |
|    ep_len_mean          | 29.5         |
|    ep_rew_mean          | 34.5         |
| time/                   |              |
|    fps                  | 893          |
|    iterations           | 510          |
|    time_elapsed         | 4675         |
|    total_timesteps      | 4177920      |
| train/                  |              |
|    approx_kl            | 0.0040152865 |
|    clip_fraction        | 0.0323       |
|    clip_range           | 0.2          |
|    entropy_loss         | -0.516       |
|    explained_variance   | 0.293        |
|    learning_rate        | 7e-05        |
|    loss                 | 0.217        |
|    n_updates            | 2036         |
|    policy_gradient_loss | -0.00369     |
|    value_loss           | 0.322        |
------------------------------------------
------------------------------------------
| episode/                |              |
|    lines_cleared_mean   | 10.2         |
|    perfect_clears_mean  | 0            |
|    pieces_placed_mean   | 35.9         |
| rollout/                |              |
|    ep_len_mean          | 30.9         |
|    ep_rew_mean          | 37.7         |
| time/                   |              |
|    fps                  | 893          |
|    iterations           | 511          |
|    time_elapsed         | 4684         |
|    total_timesteps      | 4186112      |
| train/                  |              |
|    approx_kl            | 0.0040283184 |
|    clip_fraction        | 0.0326       |
|    clip_range           | 0.2          |
|    entropy_loss         | -0.513       |
|    explained_variance   | 0.302        |
|    learning_rate        | 7e-05        |
|    loss                 | 0.214        |
|    n_updates            | 2040         |
|    policy_gradient_loss | -0.00403     |
|    value_loss           | 0.313        |
------------------------------------------
------------------------------------------
| episode/                |              |
|    lines_cleared_mean   | 9.8          |
|    perfect_clears_mean  | 0            |
|    pieces_placed_mean   | 35           |
| rollout/                |              |
|    ep_len_mean          | 30.9         |
|    ep_rew_mean          | 37.6         |
| time/                   |              |
|    fps                  | 893          |
|    iterations           | 512          |
|    time_elapsed         | 4693         |
|    total_timesteps      | 4194304      |
| train/                  |              |
|    approx_kl            | 0.0037598733 |
|    clip_fraction        | 0.0335       |
|    clip_range           | 0.2          |
|    entropy_loss         | -0.512       |
|    explained_variance   | 0.278        |
|    learning_rate        | 7e-05        |
|    loss                 | 0.207        |
|    n_updates            | 2044         |
|    policy_gradient_loss | -0.00453     |
|    value_loss           | 0.336        |
------------------------------------------
------------------------------------------
| episode/                |              |
|    lines_cleared_mean   | 4.6          |
|    perfect_clears_mean  | 0            |
|    pieces_placed_mean   | 23.7         |
| rollout/                |              |
|    ep_len_mean          | 28.4         |
|    ep_rew_mean          | 32.3         |
| time/                   |              |
|    fps                  | 893          |
|    iterations           | 513          |
|    time_elapsed         | 4702         |
|    total_timesteps      | 4202496      |
| train/                  |              |
|    approx_kl            | 0.0041694073 |
|    clip_fraction        | 0.029        |
|    clip_range           | 0.2          |
|    entropy_loss         | -0.515       |
|    explained_variance   | 0.279        |
|    learning_rate        | 7e-05        |
|    loss                 | 0.208        |
|    n_updates            | 2048         |
|    policy_gradient_loss | -0.00413     |
|    value_loss           | 0.318        |
------------------------------------------
------------------------------------------
| episode/                |              |
|    lines_cleared_mean   | 10.5         |
|    perfect_clears_mean  | 0            |
|    pieces_placed_mean   | 36.9         |
| rollout/                |              |
|    ep_len_mean          | 31.3         |
|    ep_rew_mean          | 38.7         |
| time/                   |              |
|    fps                  | 893          |
|    iterations           | 514          |
|    time_elapsed         | 4712         |
|    total_timesteps      | 4210688      |
| train/                  |              |
|    approx_kl            | 0.0041714646 |
|    clip_fraction        | 0.0349       |
|    clip_range           | 0.2          |
|    entropy_loss         | -0.52        |
|    explained_variance   | 0.255        |
|    learning_rate        | 7e-05        |
|    loss                 | 0.219        |
|    n_updates            | 2052         |
|    policy_gradient_loss | -0.00454     |
|    value_loss           | 0.349        |
------------------------------------------
------------------------------------------
| episode/                |              |
|    lines_cleared_mean   | 6.2          |
|    perfect_clears_mean  | 0            |
|    pieces_placed_mean   | 27.9         |
| rollout/                |              |
|    ep_len_mean          | 29.8         |
|    ep_rew_mean          | 35.8         |
| time/                   |              |
|    fps                  | 893          |
|    iterations           | 515          |
|    time_elapsed         | 4721         |
|    total_timesteps      | 4218880      |
| train/                  |              |
|    approx_kl            | 0.0041992753 |
|    clip_fraction        | 0.0295       |
|    clip_range           | 0.2          |
|    entropy_loss         | -0.504       |
|    explained_variance   | 0.217        |
|    learning_rate        | 7e-05        |
|    loss                 | 0.219        |
|    n_updates            | 2056         |
|    policy_gradient_loss | -0.00414     |
|    value_loss           | 0.355        |
------------------------------------------
------------------------------------------
| episode/                |              |
|    lines_cleared_mean   | 6.2          |
|    perfect_clears_mean  | 0            |
|    pieces_placed_mean   | 27.4         |
| rollout/                |              |
|    ep_len_mean          | 30           |
|    ep_rew_mean          | 36.6         |
| time/                   |              |
|    fps                  | 893          |
|    iterations           | 516          |
|    time_elapsed         | 4730         |
|    total_timesteps      | 4227072      |
| train/                  |              |
|    approx_kl            | 0.0041300626 |
|    clip_fraction        | 0.0294       |
|    clip_range           | 0.2          |
|    entropy_loss         | -0.508       |
|    explained_variance   | 0.339        |
|    learning_rate        | 7e-05        |
|    loss                 | 0.194        |
|    n_updates            | 2060         |
|    policy_gradient_loss | -0.00339     |
|    value_loss           | 0.296        |
------------------------------------------
------------------------------------------
| episode/                |              |
|    lines_cleared_mean   | 5            |
|    perfect_clears_mean  | 0            |
|    pieces_placed_mean   | 25.1         |
| rollout/                |              |
|    ep_len_mean          | 28.8         |
|    ep_rew_mean          | 33.6         |
| time/                   |              |
|    fps                  | 893          |
|    iterations           | 517          |
|    time_elapsed         | 4739         |
|    total_timesteps      | 4235264      |
| train/                  |              |
|    approx_kl            | 0.0034506484 |
|    clip_fraction        | 0.0262       |
|    clip_range           | 0.2          |
|    entropy_loss         | -0.497       |
|    explained_variance   | 0.294        |
|    learning_rate        | 7e-05        |
|    loss                 | 0.237        |
|    n_updates            | 2064         |
|    policy_gradient_loss | -0.00297     |
|    value_loss           | 0.326        |
------------------------------------------
-----------------------------------------
| episode/                |             |
|    lines_cleared_mean   | 6.8         |
|    perfect_clears_mean  | 0           |
|    pieces_placed_mean   | 28.8        |
| rollout/                |             |
|    ep_len_mean          | 29.9        |
|    ep_rew_mean          | 35.1        |
| time/                   |             |
|    fps                  | 893         |
|    iterations           | 518         |
|    time_elapsed         | 4748        |
|    total_timesteps      | 4243456     |
| train/                  |             |
|    approx_kl            | 0.004200233 |
|    clip_fraction        | 0.0327      |
|    clip_range           | 0.2         |
|    entropy_loss         | -0.494      |
|    explained_variance   | 0.256       |
|    learning_rate        | 7e-05       |
|    loss                 | 0.234       |
|    n_updates            | 2068        |
|    policy_gradient_loss | -0.00444    |
|    value_loss           | 0.323       |
-----------------------------------------
------------------------------------------
| episode/                |              |
|    lines_cleared_mean   | 7.5          |
|    perfect_clears_mean  | 0            |
|    pieces_placed_mean   | 30.2         |
| rollout/                |              |
|    ep_len_mean          | 31.2         |
|    ep_rew_mean          | 38.4         |
| time/                   |              |
|    fps                  | 893          |
|    iterations           | 519          |
|    time_elapsed         | 4758         |
|    total_timesteps      | 4251648      |
| train/                  |              |
|    approx_kl            | 0.0038356981 |
|    clip_fraction        | 0.034        |
|    clip_range           | 0.2          |
|    entropy_loss         | -0.509       |
|    explained_variance   | 0.273        |
|    learning_rate        | 7e-05        |
|    loss                 | 0.256        |
|    n_updates            | 2072         |
|    policy_gradient_loss | -0.00439     |
|    value_loss           | 0.335        |
------------------------------------------
------------------------------------------
| episode/                |              |
|    lines_cleared_mean   | 7.3          |
|    perfect_clears_mean  | 0            |
|    pieces_placed_mean   | 29.7         |
| rollout/                |              |
|    ep_len_mean          | 29.9         |
|    ep_rew_mean          | 35.8         |
| time/                   |              |
|    fps                  | 893          |
|    iterations           | 520          |
|    time_elapsed         | 4767         |
|    total_timesteps      | 4259840      |
| train/                  |              |
|    approx_kl            | 0.0033294016 |
|    clip_fraction        | 0.0226       |
|    clip_range           | 0.2          |
|    entropy_loss         | -0.51        |
|    explained_variance   | 0.317        |
|    learning_rate        | 7e-05        |
|    loss                 | 0.244        |
|    n_updates            | 2076         |
|    policy_gradient_loss | -0.00371     |
|    value_loss           | 0.329        |
------------------------------------------
------------------------------------------
| episode/                |              |
|    lines_cleared_mean   | 4            |
|    perfect_clears_mean  | 0            |
|    pieces_placed_mean   | 21.7         |
| rollout/                |              |
|    ep_len_mean          | 26.9         |
|    ep_rew_mean          | 29.6         |
| time/                   |              |
|    fps                  | 893          |
|    iterations           | 521          |
|    time_elapsed         | 4776         |
|    total_timesteps      | 4268032      |
| train/                  |              |
|    approx_kl            | 0.0037100366 |
|    clip_fraction        | 0.0278       |
|    clip_range           | 0.2          |
|    entropy_loss         | -0.501       |
|    explained_variance   | 0.26         |
|    learning_rate        | 7e-05        |
|    loss                 | 0.17         |
|    n_updates            | 2080         |
|    policy_gradient_loss | -0.00361     |
|    value_loss           | 0.324        |
------------------------------------------
-----------------------------------------
| episode/                |             |
|    lines_cleared_mean   | 6.8         |
|    perfect_clears_mean  | 0           |
|    pieces_placed_mean   | 28.7        |
| rollout/                |             |
|    ep_len_mean          | 29          |
|    ep_rew_mean          | 34.1        |
| time/                   |             |
|    fps                  | 893         |
|    iterations           | 522         |
|    time_elapsed         | 4785        |
|    total_timesteps      | 4276224     |
| train/                  |             |
|    approx_kl            | 0.004046442 |
|    clip_fraction        | 0.034       |
|    clip_range           | 0.2         |
|    entropy_loss         | -0.517      |
|    explained_variance   | 0.28        |
|    learning_rate        | 7e-05       |
|    loss                 | 0.182       |
|    n_updates            | 2084        |
|    policy_gradient_loss | -0.00421    |
|    value_loss           | 0.298       |
-----------------------------------------
------------------------------------------
| episode/                |              |
|    lines_cleared_mean   | 5.6          |
|    perfect_clears_mean  | 0            |
|    pieces_placed_mean   | 25.8         |
| rollout/                |              |
|    ep_len_mean          | 29.6         |
|    ep_rew_mean          | 35.1         |
| time/                   |              |
|    fps                  | 893          |
|    iterations           | 523          |
|    time_elapsed         | 4794         |
|    total_timesteps      | 4284416      |
| train/                  |              |
|    approx_kl            | 0.0040740143 |
|    clip_fraction        | 0.0272       |
|    clip_range           | 0.2          |
|    entropy_loss         | -0.5         |
|    explained_variance   | 0.271        |
|    learning_rate        | 7e-05        |
|    loss                 | 0.209        |
|    n_updates            | 2088         |
|    policy_gradient_loss | -0.00429     |
|    value_loss           | 0.332        |
------------------------------------------
------------------------------------------
| episode/                |              |
|    lines_cleared_mean   | 6.18         |
|    perfect_clears_mean  | 0            |
|    pieces_placed_mean   | 27.1         |
| rollout/                |              |
|    ep_len_mean          | 30.5         |
|    ep_rew_mean          | 36.7         |
| time/                   |              |
|    fps                  | 893          |
|    iterations           | 524          |
|    time_elapsed         | 4804         |
|    total_timesteps      | 4292608      |
| train/                  |              |
|    approx_kl            | 0.0037344554 |
|    clip_fraction        | 0.0254       |
|    clip_range           | 0.2          |
|    entropy_loss         | -0.511       |
|    explained_variance   | 0.251        |
|    learning_rate        | 7e-05        |
|    loss                 | 0.21         |
|    n_updates            | 2092         |
|    policy_gradient_loss | -0.00357     |
|    value_loss           | 0.349        |
------------------------------------------
------------------------------------------
| episode/                |              |
|    lines_cleared_mean   | 8.3          |
|    perfect_clears_mean  | 0            |
|    pieces_placed_mean   | 32.5         |
| rollout/                |              |
|    ep_len_mean          | 27.9         |
|    ep_rew_mean          | 31.3         |
| time/                   |              |
|    fps                  | 893          |
|    iterations           | 525          |
|    time_elapsed         | 4813         |
|    total_timesteps      | 4300800      |
| train/                  |              |
|    approx_kl            | 0.0040592533 |
|    clip_fraction        | 0.0332       |
|    clip_range           | 0.2          |
|    entropy_loss         | -0.514       |
|    explained_variance   | 0.258        |
|    learning_rate        | 7e-05        |
|    loss                 | 0.179        |
|    n_updates            | 2096         |
|    policy_gradient_loss | -0.00417     |
|    value_loss           | 0.315        |
------------------------------------------
-----------------------------------------
| episode/                |             |
|    lines_cleared_mean   | 6.1         |
|    perfect_clears_mean  | 0           |
|    pieces_placed_mean   | 26.8        |
| rollout/                |             |
|    ep_len_mean          | 30.8        |
|    ep_rew_mean          | 37.7        |
| time/                   |             |
|    fps                  | 893         |
|    iterations           | 526         |
|    time_elapsed         | 4822        |
|    total_timesteps      | 4308992     |
| train/                  |             |
|    approx_kl            | 0.003803135 |
|    clip_fraction        | 0.0284      |
|    clip_range           | 0.2         |
|    entropy_loss         | -0.512      |
|    explained_variance   | 0.295       |
|    learning_rate        | 7e-05       |
|    loss                 | 0.193       |
|    n_updates            | 2100        |
|    policy_gradient_loss | -0.00323    |
|    value_loss           | 0.313       |
-----------------------------------------
-----------------------------------------
| episode/                |             |
|    lines_cleared_mean   | 7.9         |
|    perfect_clears_mean  | 0           |
|    pieces_placed_mean   | 30.7        |
| rollout/                |             |
|    ep_len_mean          | 30.6        |
|    ep_rew_mean          | 36.9        |
| time/                   |             |
|    fps                  | 893         |
|    iterations           | 527         |
|    time_elapsed         | 4831        |
|    total_timesteps      | 4317184     |
| train/                  |             |
|    approx_kl            | 0.004000105 |
|    clip_fraction        | 0.026       |
|    clip_range           | 0.2         |
|    entropy_loss         | -0.513      |
|    explained_variance   | 0.319       |
|    learning_rate        | 7e-05       |
|    loss                 | 0.197       |
|    n_updates            | 2104        |
|    policy_gradient_loss | -0.00348    |
|    value_loss           | 0.307       |
-----------------------------------------
-----------------------------------------
| episode/                |             |
|    lines_cleared_mean   | 7.5         |
|    perfect_clears_mean  | 0           |
|    pieces_placed_mean   | 30.5        |
| rollout/                |             |
|    ep_len_mean          | 29.6        |
|    ep_rew_mean          | 35.1        |
| time/                   |             |
|    fps                  | 893         |
|    iterations           | 528         |
|    time_elapsed         | 4840        |
|    total_timesteps      | 4325376     |
| train/                  |             |
|    approx_kl            | 0.004439259 |
|    clip_fraction        | 0.0381      |
|    clip_range           | 0.2         |
|    entropy_loss         | -0.506      |
|    explained_variance   | 0.356       |
|    learning_rate        | 7e-05       |
|    loss                 | 0.188       |
|    n_updates            | 2108        |
|    policy_gradient_loss | -0.00438    |
|    value_loss           | 0.28        |
-----------------------------------------
------------------------------------------
| episode/                |              |
|    lines_cleared_mean   | 6.54         |
|    perfect_clears_mean  | 0            |
|    pieces_placed_mean   | 28.5         |
| rollout/                |              |
|    ep_len_mean          | 31.4         |
|    ep_rew_mean          | 38.5         |
| time/                   |              |
|    fps                  | 893          |
|    iterations           | 529          |
|    time_elapsed         | 4850         |
|    total_timesteps      | 4333568      |
| train/                  |              |
|    approx_kl            | 0.0044770064 |
|    clip_fraction        | 0.0338       |
|    clip_range           | 0.2          |
|    entropy_loss         | -0.51        |
|    explained_variance   | 0.32         |
|    learning_rate        | 7e-05        |
|    loss                 | 0.231        |
|    n_updates            | 2112         |
|    policy_gradient_loss | -0.00427     |
|    value_loss           | 0.326        |
------------------------------------------
------------------------------------------
| episode/                |              |
|    lines_cleared_mean   | 8.82         |
|    perfect_clears_mean  | 0            |
|    pieces_placed_mean   | 33.1         |
| rollout/                |              |
|    ep_len_mean          | 30.1         |
|    ep_rew_mean          | 35.6         |
| time/                   |              |
|    fps                  | 893          |
|    iterations           | 530          |
|    time_elapsed         | 4859         |
|    total_timesteps      | 4341760      |
| train/                  |              |
|    approx_kl            | 0.0036992012 |
|    clip_fraction        | 0.0312       |
|    clip_range           | 0.2          |
|    entropy_loss         | -0.501       |
|    explained_variance   | 0.284        |
|    learning_rate        | 7e-05        |
|    loss                 | 0.217        |
|    n_updates            | 2116         |
|    policy_gradient_loss | -0.00379     |
|    value_loss           | 0.336        |
------------------------------------------
----------------------------------------
| episode/                |            |
|    lines_cleared_mean   | 4.4        |
|    perfect_clears_mean  | 0          |
|    pieces_placed_mean   | 23.4       |
| rollout/                |            |
|    ep_len_mean          | 30         |
|    ep_rew_mean          | 35.7       |
| time/                   |            |
|    fps                  | 893        |
|    iterations           | 531        |
|    time_elapsed         | 4868       |
|    total_timesteps      | 4349952    |
| train/                  |            |
|    approx_kl            | 0.00344396 |
|    clip_fraction        | 0.0254     |
|    clip_range           | 0.2        |
|    entropy_loss         | -0.514     |
|    explained_variance   | 0.265      |
|    learning_rate        | 7e-05      |
|    loss                 | 0.258      |
|    n_updates            | 2120       |
|    policy_gradient_loss | -0.00395   |
|    value_loss           | 0.345      |
----------------------------------------
-----------------------------------------
| episode/                |             |
|    lines_cleared_mean   | 10          |
|    perfect_clears_mean  | 0           |
|    pieces_placed_mean   | 35          |
| rollout/                |             |
|    ep_len_mean          | 30.7        |
|    ep_rew_mean          | 37.3        |
| time/                   |             |
|    fps                  | 893         |
|    iterations           | 532         |
|    time_elapsed         | 4877        |
|    total_timesteps      | 4358144     |
| train/                  |             |
|    approx_kl            | 0.004929452 |
|    clip_fraction        | 0.0369      |
|    clip_range           | 0.2         |
|    entropy_loss         | -0.503      |
|    explained_variance   | 0.337       |
|    learning_rate        | 7e-05       |
|    loss                 | 0.171       |
|    n_updates            | 2124        |
|    policy_gradient_loss | -0.0048     |
|    value_loss           | 0.294       |
-----------------------------------------
-----------------------------------------
| episode/                |             |
|    lines_cleared_mean   | 7.67        |
|    perfect_clears_mean  | 0           |
|    pieces_placed_mean   | 30.4        |
| rollout/                |             |
|    ep_len_mean          | 31.1        |
|    ep_rew_mean          | 37.7        |
| time/                   |             |
|    fps                  | 893         |
|    iterations           | 533         |
|    time_elapsed         | 4886        |
|    total_timesteps      | 4366336     |
| train/                  |             |
|    approx_kl            | 0.004723683 |
|    clip_fraction        | 0.0392      |
|    clip_range           | 0.2         |
|    entropy_loss         | -0.508      |
|    explained_variance   | 0.267       |
|    learning_rate        | 7e-05       |
|    loss                 | 0.247       |
|    n_updates            | 2128        |
|    policy_gradient_loss | -0.00487    |
|    value_loss           | 0.331       |
-----------------------------------------
------------------------------------------
| episode/                |              |
|    lines_cleared_mean   | 7.73         |
|    perfect_clears_mean  | 0            |
|    pieces_placed_mean   | 30.9         |
| rollout/                |              |
|    ep_len_mean          | 32.1         |
|    ep_rew_mean          | 40.3         |
| time/                   |              |
|    fps                  | 893          |
|    iterations           | 534          |
|    time_elapsed         | 4896         |
|    total_timesteps      | 4374528      |
| train/                  |              |
|    approx_kl            | 0.0038989375 |
|    clip_fraction        | 0.0294       |
|    clip_range           | 0.2          |
|    entropy_loss         | -0.506       |
|    explained_variance   | 0.263        |
|    learning_rate        | 7e-05        |
|    loss                 | 0.195        |
|    n_updates            | 2132         |
|    policy_gradient_loss | -0.00417     |
|    value_loss           | 0.292        |
------------------------------------------
-----------------------------------------
| episode/                |             |
|    lines_cleared_mean   | 6.7         |
|    perfect_clears_mean  | 0           |
|    pieces_placed_mean   | 29.4        |
| rollout/                |             |
|    ep_len_mean          | 30.9        |
|    ep_rew_mean          | 37.7        |
| time/                   |             |
|    fps                  | 893         |
|    iterations           | 535         |
|    time_elapsed         | 4905        |
|    total_timesteps      | 4382720     |
| train/                  |             |
|    approx_kl            | 0.004419799 |
|    clip_fraction        | 0.0363      |
|    clip_range           | 0.2         |
|    entropy_loss         | -0.492      |
|    explained_variance   | 0.297       |
|    learning_rate        | 7e-05       |
|    loss                 | 0.223       |
|    n_updates            | 2136        |
|    policy_gradient_loss | -0.00523    |
|    value_loss           | 0.321       |
-----------------------------------------
------------------------------------------
| episode/                |              |
|    lines_cleared_mean   | 6.9          |
|    perfect_clears_mean  | 0            |
|    pieces_placed_mean   | 28           |
| rollout/                |              |
|    ep_len_mean          | 29.2         |
|    ep_rew_mean          | 33.9         |
| time/                   |              |
|    fps                  | 893          |
|    iterations           | 536          |
|    time_elapsed         | 4914         |
|    total_timesteps      | 4390912      |
| train/                  |              |
|    approx_kl            | 0.0037535513 |
|    clip_fraction        | 0.0295       |
|    clip_range           | 0.2          |
|    entropy_loss         | -0.492       |
|    explained_variance   | 0.262        |
|    learning_rate        | 7e-05        |
|    loss                 | 0.227        |
|    n_updates            | 2140         |
|    policy_gradient_loss | -0.00364     |
|    value_loss           | 0.312        |
------------------------------------------
-----------------------------------------
| episode/                |             |
|    lines_cleared_mean   | 5.55        |
|    perfect_clears_mean  | 0           |
|    pieces_placed_mean   | 26.3        |
| rollout/                |             |
|    ep_len_mean          | 31.3        |
|    ep_rew_mean          | 37.9        |
| time/                   |             |
|    fps                  | 893         |
|    iterations           | 537         |
|    time_elapsed         | 4923        |
|    total_timesteps      | 4399104     |
| train/                  |             |
|    approx_kl            | 0.003986953 |
|    clip_fraction        | 0.0313      |
|    clip_range           | 0.2         |
|    entropy_loss         | -0.507      |
|    explained_variance   | 0.334       |
|    learning_rate        | 7e-05       |
|    loss                 | 0.185       |
|    n_updates            | 2144        |
|    policy_gradient_loss | -0.00422    |
|    value_loss           | 0.286       |
-----------------------------------------
------------------------------------------
| episode/                |              |
|    lines_cleared_mean   | 9.2          |
|    perfect_clears_mean  | 0            |
|    pieces_placed_mean   | 34.9         |
| rollout/                |              |
|    ep_len_mean          | 30.8         |
|    ep_rew_mean          | 38           |
| time/                   |              |
|    fps                  | 893          |
|    iterations           | 538          |
|    time_elapsed         | 4933         |
|    total_timesteps      | 4407296      |
| train/                  |              |
|    approx_kl            | 0.0038055205 |
|    clip_fraction        | 0.0287       |
|    clip_range           | 0.2          |
|    entropy_loss         | -0.501       |
|    explained_variance   | 0.334        |
|    learning_rate        | 7e-05        |
|    loss                 | 0.17         |
|    n_updates            | 2148         |
|    policy_gradient_loss | -0.00373     |
|    value_loss           | 0.281        |
------------------------------------------
------------------------------------------
| episode/                |              |
|    lines_cleared_mean   | 6.45         |
|    perfect_clears_mean  | 0            |
|    pieces_placed_mean   | 28           |
| rollout/                |              |
|    ep_len_mean          | 29.5         |
|    ep_rew_mean          | 34.6         |
| time/                   |              |
|    fps                  | 893          |
|    iterations           | 539          |
|    time_elapsed         | 4942         |
|    total_timesteps      | 4415488      |
| train/                  |              |
|    approx_kl            | 0.0035817903 |
|    clip_fraction        | 0.0262       |
|    clip_range           | 0.2          |
|    entropy_loss         | -0.494       |
|    explained_variance   | 0.342        |
|    learning_rate        | 7e-05        |
|    loss                 | 0.184        |
|    n_updates            | 2152         |
|    policy_gradient_loss | -0.00399     |
|    value_loss           | 0.297        |
------------------------------------------
----------------------------------------
| episode/                |            |
|    lines_cleared_mean   | 7.3        |
|    perfect_clears_mean  | 0          |
|    pieces_placed_mean   | 30.5       |
| rollout/                |            |
|    ep_len_mean          | 30.1       |
|    ep_rew_mean          | 35         |
| time/                   |            |
|    fps                  | 893        |
|    iterations           | 540        |
|    time_elapsed         | 4951       |
|    total_timesteps      | 4423680    |
| train/                  |            |
|    approx_kl            | 0.00406826 |
|    clip_fraction        | 0.0307     |
|    clip_range           | 0.2        |
|    entropy_loss         | -0.493     |
|    explained_variance   | 0.232      |
|    learning_rate        | 7e-05      |
|    loss                 | 0.226      |
|    n_updates            | 2156       |
|    policy_gradient_loss | -0.00418   |
|    value_loss           | 0.348      |
----------------------------------------
------------------------------------------
| episode/                |              |
|    lines_cleared_mean   | 7.08         |
|    perfect_clears_mean  | 0            |
|    pieces_placed_mean   | 29.8         |
| rollout/                |              |
|    ep_len_mean          | 29.8         |
|    ep_rew_mean          | 35.2         |
| time/                   |              |
|    fps                  | 893          |
|    iterations           | 541          |
|    time_elapsed         | 4960         |
|    total_timesteps      | 4431872      |
| train/                  |              |
|    approx_kl            | 0.0037362608 |
|    clip_fraction        | 0.024        |
|    clip_range           | 0.2          |
|    entropy_loss         | -0.504       |
|    explained_variance   | 0.305        |
|    learning_rate        | 7e-05        |
|    loss                 | 0.18         |
|    n_updates            | 2160         |
|    policy_gradient_loss | -0.00299     |
|    value_loss           | 0.318        |
------------------------------------------
-----------------------------------------
| episode/                |             |
|    lines_cleared_mean   | 6.7         |
|    perfect_clears_mean  | 0           |
|    pieces_placed_mean   | 29.9        |
| rollout/                |             |
|    ep_len_mean          | 31.1        |
|    ep_rew_mean          | 37.2        |
| time/                   |             |
|    fps                  | 893         |
|    iterations           | 542         |
|    time_elapsed         | 4969        |
|    total_timesteps      | 4440064     |
| train/                  |             |
|    approx_kl            | 0.003779809 |
|    clip_fraction        | 0.0284      |
|    clip_range           | 0.2         |
|    entropy_loss         | -0.505      |
|    explained_variance   | 0.344       |
|    learning_rate        | 7e-05       |
|    loss                 | 0.198       |
|    n_updates            | 2164        |
|    policy_gradient_loss | -0.00424    |
|    value_loss           | 0.299       |
-----------------------------------------
------------------------------------------
| episode/                |              |
|    lines_cleared_mean   | 6            |
|    perfect_clears_mean  | 0            |
|    pieces_placed_mean   | 26.8         |
| rollout/                |              |
|    ep_len_mean          | 29.1         |
|    ep_rew_mean          | 34.1         |
| time/                   |              |
|    fps                  | 893          |
|    iterations           | 543          |
|    time_elapsed         | 4979         |
|    total_timesteps      | 4448256      |
| train/                  |              |
|    approx_kl            | 0.0043061213 |
|    clip_fraction        | 0.0339       |
|    clip_range           | 0.2          |
|    entropy_loss         | -0.495       |
|    explained_variance   | 0.309        |
|    learning_rate        | 7e-05        |
|    loss                 | 0.219        |
|    n_updates            | 2168         |
|    policy_gradient_loss | -0.00393     |
|    value_loss           | 0.274        |
------------------------------------------
------------------------------------------
| episode/                |              |
|    lines_cleared_mean   | 6.18         |
|    perfect_clears_mean  | 0            |
|    pieces_placed_mean   | 26.5         |
| rollout/                |              |
|    ep_len_mean          | 28           |
|    ep_rew_mean          | 32.5         |
| time/                   |              |
|    fps                  | 893          |
|    iterations           | 544          |
|    time_elapsed         | 4988         |
|    total_timesteps      | 4456448      |
| train/                  |              |
|    approx_kl            | 0.0035047275 |
|    clip_fraction        | 0.0299       |
|    clip_range           | 0.2          |
|    entropy_loss         | -0.493       |
|    explained_variance   | 0.275        |
|    learning_rate        | 7e-05        |
|    loss                 | 0.231        |
|    n_updates            | 2172         |
|    policy_gradient_loss | -0.00323     |
|    value_loss           | 0.336        |
------------------------------------------
------------------------------------------
| episode/                |              |
|    lines_cleared_mean   | 7.1          |
|    perfect_clears_mean  | 0            |
|    pieces_placed_mean   | 30.4         |
| rollout/                |              |
|    ep_len_mean          | 30.3         |
|    ep_rew_mean          | 36.3         |
| time/                   |              |
|    fps                  | 893          |
|    iterations           | 545          |
|    time_elapsed         | 4997         |
|    total_timesteps      | 4464640      |
| train/                  |              |
|    approx_kl            | 0.0042450596 |
|    clip_fraction        | 0.0301       |
|    clip_range           | 0.2          |
|    entropy_loss         | -0.492       |
|    explained_variance   | 0.334        |
|    learning_rate        | 7e-05        |
|    loss                 | 0.177        |
|    n_updates            | 2176         |
|    policy_gradient_loss | -0.0039      |
|    value_loss           | 0.297        |
------------------------------------------
------------------------------------------
| episode/                |              |
|    lines_cleared_mean   | 7.6          |
|    perfect_clears_mean  | 0            |
|    pieces_placed_mean   | 29.6         |
| rollout/                |              |
|    ep_len_mean          | 28.8         |
|    ep_rew_mean          | 33.7         |
| time/                   |              |
|    fps                  | 893          |
|    iterations           | 546          |
|    time_elapsed         | 5006         |
|    total_timesteps      | 4472832      |
| train/                  |              |
|    approx_kl            | 0.0035251607 |
|    clip_fraction        | 0.0279       |
|    clip_range           | 0.2          |
|    entropy_loss         | -0.494       |
|    explained_variance   | 0.288        |
|    learning_rate        | 7e-05        |
|    loss                 | 0.2          |
|    n_updates            | 2180         |
|    policy_gradient_loss | -0.00399     |
|    value_loss           | 0.302        |
------------------------------------------
------------------------------------------
| episode/                |              |
|    lines_cleared_mean   | 7.23         |
|    perfect_clears_mean  | 0            |
|    pieces_placed_mean   | 29.5         |
| rollout/                |              |
|    ep_len_mean          | 30.2         |
|    ep_rew_mean          | 36.1         |
| time/                   |              |
|    fps                  | 893          |
|    iterations           | 547          |
|    time_elapsed         | 5016         |
|    total_timesteps      | 4481024      |
| train/                  |              |
|    approx_kl            | 0.0042980183 |
|    clip_fraction        | 0.0385       |
|    clip_range           | 0.2          |
|    entropy_loss         | -0.496       |
|    explained_variance   | 0.312        |
|    learning_rate        | 7e-05        |
|    loss                 | 0.194        |
|    n_updates            | 2184         |
|    policy_gradient_loss | -0.00425     |
|    value_loss           | 0.307        |
------------------------------------------
------------------------------------------
| episode/                |              |
|    lines_cleared_mean   | 7.7          |
|    perfect_clears_mean  | 0            |
|    pieces_placed_mean   | 29.9         |
| rollout/                |              |
|    ep_len_mean          | 30.2         |
|    ep_rew_mean          | 36.5         |
| time/                   |              |
|    fps                  | 893          |
|    iterations           | 548          |
|    time_elapsed         | 5025         |
|    total_timesteps      | 4489216      |
| train/                  |              |
|    approx_kl            | 0.0032986454 |
|    clip_fraction        | 0.0285       |
|    clip_range           | 0.2          |
|    entropy_loss         | -0.497       |
|    explained_variance   | 0.311        |
|    learning_rate        | 7e-05        |
|    loss                 | 0.175        |
|    n_updates            | 2188         |
|    policy_gradient_loss | -0.00332     |
|    value_loss           | 0.31         |
------------------------------------------
-----------------------------------------
| episode/                |             |
|    lines_cleared_mean   | 8.5         |
|    perfect_clears_mean  | 0           |
|    pieces_placed_mean   | 32.5        |
| rollout/                |             |
|    ep_len_mean          | 32.3        |
|    ep_rew_mean          | 40.7        |
| time/                   |             |
|    fps                  | 893         |
|    iterations           | 549         |
|    time_elapsed         | 5034        |
|    total_timesteps      | 4497408     |
| train/                  |             |
|    approx_kl            | 0.004249232 |
|    clip_fraction        | 0.0407      |
|    clip_range           | 0.2         |
|    entropy_loss         | -0.492      |
|    explained_variance   | 0.346       |
|    learning_rate        | 7e-05       |
|    loss                 | 0.199       |
|    n_updates            | 2192        |
|    policy_gradient_loss | -0.00504    |
|    value_loss           | 0.274       |
-----------------------------------------
-----------------------------------------
| episode/                |             |
|    lines_cleared_mean   | 6.09        |
|    perfect_clears_mean  | 0           |
|    pieces_placed_mean   | 25.7        |
| rollout/                |             |
|    ep_len_mean          | 29.1        |
|    ep_rew_mean          | 34.5        |
| time/                   |             |
|    fps                  | 893         |
|    iterations           | 550         |
|    time_elapsed         | 5043        |
|    total_timesteps      | 4505600     |
| train/                  |             |
|    approx_kl            | 0.004249911 |
|    clip_fraction        | 0.0295      |
|    clip_range           | 0.2         |
|    entropy_loss         | -0.496      |
|    explained_variance   | 0.363       |
|    learning_rate        | 7e-05       |
|    loss                 | 0.19        |
|    n_updates            | 2196        |
|    policy_gradient_loss | -0.00406    |
|    value_loss           | 0.286       |
-----------------------------------------
------------------------------------------
| episode/                |              |
|    lines_cleared_mean   | 4.73         |
|    perfect_clears_mean  | 0            |
|    pieces_placed_mean   | 23.3         |
| rollout/                |              |
|    ep_len_mean          | 29.2         |
|    ep_rew_mean          | 34.6         |
| time/                   |              |
|    fps                  | 893          |
|    iterations           | 551          |
|    time_elapsed         | 5052         |
|    total_timesteps      | 4513792      |
| train/                  |              |
|    approx_kl            | 0.0044576414 |
|    clip_fraction        | 0.0398       |
|    clip_range           | 0.2          |
|    entropy_loss         | -0.491       |
|    explained_variance   | 0.342        |
|    learning_rate        | 7e-05        |
|    loss                 | 0.202        |
|    n_updates            | 2200         |
|    policy_gradient_loss | -0.00541     |
|    value_loss           | 0.285        |
------------------------------------------
------------------------------------------
| episode/                |              |
|    lines_cleared_mean   | 8.3          |
|    perfect_clears_mean  | 0            |
|    pieces_placed_mean   | 32           |
| rollout/                |              |
|    ep_len_mean          | 30.3         |
|    ep_rew_mean          | 35.9         |
| time/                   |              |
|    fps                  | 893          |
|    iterations           | 552          |
|    time_elapsed         | 5062         |
|    total_timesteps      | 4521984      |
| train/                  |              |
|    approx_kl            | 0.0046998607 |
|    clip_fraction        | 0.0408       |
|    clip_range           | 0.2          |
|    entropy_loss         | -0.494       |
|    explained_variance   | 0.375        |
|    learning_rate        | 7e-05        |
|    loss                 | 0.205        |
|    n_updates            | 2204         |
|    policy_gradient_loss | -0.00476     |
|    value_loss           | 0.279        |
------------------------------------------
-----------------------------------------
| episode/                |             |
|    lines_cleared_mean   | 4.9         |
|    perfect_clears_mean  | 0           |
|    pieces_placed_mean   | 24.5        |
| rollout/                |             |
|    ep_len_mean          | 31.4        |
|    ep_rew_mean          | 39.1        |
| time/                   |             |
|    fps                  | 893         |
|    iterations           | 553         |
|    time_elapsed         | 5071        |
|    total_timesteps      | 4530176     |
| train/                  |             |
|    approx_kl            | 0.004584829 |
|    clip_fraction        | 0.0393      |
|    clip_range           | 0.2         |
|    entropy_loss         | -0.51       |
|    explained_variance   | 0.294       |
|    learning_rate        | 7e-05       |
|    loss                 | 0.216       |
|    n_updates            | 2208        |
|    policy_gradient_loss | -0.00558    |
|    value_loss           | 0.307       |
-----------------------------------------
------------------------------------------
| episode/                |              |
|    lines_cleared_mean   | 8.3          |
|    perfect_clears_mean  | 0            |
|    pieces_placed_mean   | 32.3         |
| rollout/                |              |
|    ep_len_mean          | 30.5         |
|    ep_rew_mean          | 36.5         |
| time/                   |              |
|    fps                  | 893          |
|    iterations           | 554          |
|    time_elapsed         | 5080         |
|    total_timesteps      | 4538368      |
| train/                  |              |
|    approx_kl            | 0.0042167697 |
|    clip_fraction        | 0.0271       |
|    clip_range           | 0.2          |
|    entropy_loss         | -0.49        |
|    explained_variance   | 0.241        |
|    learning_rate        | 7e-05        |
|    loss                 | 0.25         |
|    n_updates            | 2212         |
|    policy_gradient_loss | -0.00327     |
|    value_loss           | 0.351        |
------------------------------------------
------------------------------------------
| episode/                |              |
|    lines_cleared_mean   | 6.2          |
|    perfect_clears_mean  | 0            |
|    pieces_placed_mean   | 27.4         |
| rollout/                |              |
|    ep_len_mean          | 30.3         |
|    ep_rew_mean          | 36.7         |
| time/                   |              |
|    fps                  | 893          |
|    iterations           | 555          |
|    time_elapsed         | 5089         |
|    total_timesteps      | 4546560      |
| train/                  |              |
|    approx_kl            | 0.0040096925 |
|    clip_fraction        | 0.0282       |
|    clip_range           | 0.2          |
|    entropy_loss         | -0.493       |
|    explained_variance   | 0.261        |
|    learning_rate        | 7e-05        |
|    loss                 | 0.19         |
|    n_updates            | 2216         |
|    policy_gradient_loss | -0.00436     |
|    value_loss           | 0.336        |
------------------------------------------
-----------------------------------------
| episode/                |             |
|    lines_cleared_mean   | 9.4         |
|    perfect_clears_mean  | 0           |
|    pieces_placed_mean   | 34.5        |
| rollout/                |             |
|    ep_len_mean          | 29.1        |
|    ep_rew_mean          | 34.2        |
| time/                   |             |
|    fps                  | 893         |
|    iterations           | 556         |
|    time_elapsed         | 5098        |
|    total_timesteps      | 4554752     |
| train/                  |             |
|    approx_kl            | 0.004226569 |
|    clip_fraction        | 0.0316      |
|    clip_range           | 0.2         |
|    entropy_loss         | -0.495      |
|    explained_variance   | 0.301       |
|    learning_rate        | 7e-05       |
|    loss                 | 0.221       |
|    n_updates            | 2220        |
|    policy_gradient_loss | -0.00474    |
|    value_loss           | 0.308       |
-----------------------------------------
------------------------------------------
| episode/                |              |
|    lines_cleared_mean   | 5.7          |
|    perfect_clears_mean  | 0            |
|    pieces_placed_mean   | 26.4         |
| rollout/                |              |
|    ep_len_mean          | 30.6         |
|    ep_rew_mean          | 37           |
| time/                   |              |
|    fps                  | 893          |
|    iterations           | 557          |
|    time_elapsed         | 5107         |
|    total_timesteps      | 4562944      |
| train/                  |              |
|    approx_kl            | 0.0039941594 |
|    clip_fraction        | 0.0268       |
|    clip_range           | 0.2          |
|    entropy_loss         | -0.493       |
|    explained_variance   | 0.231        |
|    learning_rate        | 7e-05        |
|    loss                 | 0.251        |
|    n_updates            | 2224         |
|    policy_gradient_loss | -0.00383     |
|    value_loss           | 0.357        |
------------------------------------------
-----------------------------------------
| episode/                |             |
|    lines_cleared_mean   | 11.6        |
|    perfect_clears_mean  | 0           |
|    pieces_placed_mean   | 39.8        |
| rollout/                |             |
|    ep_len_mean          | 29.6        |
|    ep_rew_mean          | 35.3        |
| time/                   |             |
|    fps                  | 893         |
|    iterations           | 558         |
|    time_elapsed         | 5117        |
|    total_timesteps      | 4571136     |
| train/                  |             |
|    approx_kl            | 0.004214312 |
|    clip_fraction        | 0.0346      |
|    clip_range           | 0.2         |
|    entropy_loss         | -0.501      |
|    explained_variance   | 0.318       |
|    learning_rate        | 7e-05       |
|    loss                 | 0.204       |
|    n_updates            | 2228        |
|    policy_gradient_loss | -0.00318    |
|    value_loss           | 0.305       |
-----------------------------------------
----------------------------------------
| episode/                |            |
|    lines_cleared_mean   | 7.9        |
|    perfect_clears_mean  | 0          |
|    pieces_placed_mean   | 32.3       |
| rollout/                |            |
|    ep_len_mean          | 33.7       |
|    ep_rew_mean          | 43.4       |
| time/                   |            |
|    fps                  | 893        |
|    iterations           | 559        |
|    time_elapsed         | 5126       |
|    total_timesteps      | 4579328    |
| train/                  |            |
|    approx_kl            | 0.00473689 |
|    clip_fraction        | 0.0316     |
|    clip_range           | 0.2        |
|    entropy_loss         | -0.493     |
|    explained_variance   | 0.294      |
|    learning_rate        | 7e-05      |
|    loss                 | 0.21       |
|    n_updates            | 2232       |
|    policy_gradient_loss | -0.0044    |
|    value_loss           | 0.329      |
----------------------------------------
------------------------------------------
| episode/                |              |
|    lines_cleared_mean   | 6            |
|    perfect_clears_mean  | 0            |
|    pieces_placed_mean   | 26.5         |
| rollout/                |              |
|    ep_len_mean          | 29.7         |
|    ep_rew_mean          | 35.1         |
| time/                   |              |
|    fps                  | 893          |
|    iterations           | 560          |
|    time_elapsed         | 5135         |
|    total_timesteps      | 4587520      |
| train/                  |              |
|    approx_kl            | 0.0044846423 |
|    clip_fraction        | 0.0349       |
|    clip_range           | 0.2          |
|    entropy_loss         | -0.495       |
|    explained_variance   | 0.335        |
|    learning_rate        | 7e-05        |
|    loss                 | 0.238        |
|    n_updates            | 2236         |
|    policy_gradient_loss | -0.00468     |
|    value_loss           | 0.31         |
------------------------------------------
-----------------------------------------
| episode/                |             |
|    lines_cleared_mean   | 6.8         |
|    perfect_clears_mean  | 0           |
|    pieces_placed_mean   | 29          |
| rollout/                |             |
|    ep_len_mean          | 29.8        |
|    ep_rew_mean          | 35.3        |
| time/                   |             |
|    fps                  | 893         |
|    iterations           | 561         |
|    time_elapsed         | 5144        |
|    total_timesteps      | 4595712     |
| train/                  |             |
|    approx_kl            | 0.003895059 |
|    clip_fraction        | 0.0337      |
|    clip_range           | 0.2         |
|    entropy_loss         | -0.495      |
|    explained_variance   | 0.382       |
|    learning_rate        | 7e-05       |
|    loss                 | 0.185       |
|    n_updates            | 2240        |
|    policy_gradient_loss | -0.0036     |
|    value_loss           | 0.286       |
-----------------------------------------
-----------------------------------------
| episode/                |             |
|    lines_cleared_mean   | 8.1         |
|    perfect_clears_mean  | 0           |
|    pieces_placed_mean   | 31.6        |
| rollout/                |             |
|    ep_len_mean          | 31.4        |
|    ep_rew_mean          | 38.5        |
| time/                   |             |
|    fps                  | 893         |
|    iterations           | 562         |
|    time_elapsed         | 5153        |
|    total_timesteps      | 4603904     |
| train/                  |             |
|    approx_kl            | 0.005044915 |
|    clip_fraction        | 0.0378      |
|    clip_range           | 0.2         |
|    entropy_loss         | -0.505      |
|    explained_variance   | 0.35        |
|    learning_rate        | 7e-05       |
|    loss                 | 0.218       |
|    n_updates            | 2244        |
|    policy_gradient_loss | -0.00513    |
|    value_loss           | 0.307       |
-----------------------------------------
------------------------------------------
| episode/                |              |
|    lines_cleared_mean   | 7.9          |
|    perfect_clears_mean  | 0            |
|    pieces_placed_mean   | 31.4         |
| rollout/                |              |
|    ep_len_mean          | 29.1         |
|    ep_rew_mean          | 34.2         |
| time/                   |              |
|    fps                  | 893          |
|    iterations           | 563          |
|    time_elapsed         | 5163         |
|    total_timesteps      | 4612096      |
| train/                  |              |
|    approx_kl            | 0.0044304645 |
|    clip_fraction        | 0.0332       |
|    clip_range           | 0.2          |
|    entropy_loss         | -0.49        |
|    explained_variance   | 0.297        |
|    learning_rate        | 7e-05        |
|    loss                 | 0.203        |
|    n_updates            | 2248         |
|    policy_gradient_loss | -0.005       |
|    value_loss           | 0.327        |
------------------------------------------
------------------------------------------
| episode/                |              |
|    lines_cleared_mean   | 6.7          |
|    perfect_clears_mean  | 0            |
|    pieces_placed_mean   | 28.4         |
| rollout/                |              |
|    ep_len_mean          | 28.6         |
|    ep_rew_mean          | 32.3         |
| time/                   |              |
|    fps                  | 893          |
|    iterations           | 564          |
|    time_elapsed         | 5172         |
|    total_timesteps      | 4620288      |
| train/                  |              |
|    approx_kl            | 0.0035302076 |
|    clip_fraction        | 0.0275       |
|    clip_range           | 0.2          |
|    entropy_loss         | -0.497       |
|    explained_variance   | 0.258        |
|    learning_rate        | 7e-05        |
|    loss                 | 0.321        |
|    n_updates            | 2252         |
|    policy_gradient_loss | -0.00378     |
|    value_loss           | 0.381        |
------------------------------------------
------------------------------------------
| episode/                |              |
|    lines_cleared_mean   | 7.18         |
|    perfect_clears_mean  | 0            |
|    pieces_placed_mean   | 29.5         |
| rollout/                |              |
|    ep_len_mean          | 30.7         |
|    ep_rew_mean          | 38           |
| time/                   |              |
|    fps                  | 893          |
|    iterations           | 565          |
|    time_elapsed         | 5181         |
|    total_timesteps      | 4628480      |
| train/                  |              |
|    approx_kl            | 0.0039624246 |
|    clip_fraction        | 0.0312       |
|    clip_range           | 0.2          |
|    entropy_loss         | -0.501       |
|    explained_variance   | 0.332        |
|    learning_rate        | 7e-05        |
|    loss                 | 0.275        |
|    n_updates            | 2256         |
|    policy_gradient_loss | -0.00385     |
|    value_loss           | 0.319        |
------------------------------------------
------------------------------------------
| episode/                |              |
|    lines_cleared_mean   | 6.25         |
|    perfect_clears_mean  | 0            |
|    pieces_placed_mean   | 26.9         |
| rollout/                |              |
|    ep_len_mean          | 31.5         |
|    ep_rew_mean          | 39.1         |
| time/                   |              |
|    fps                  | 893          |
|    iterations           | 566          |
|    time_elapsed         | 5190         |
|    total_timesteps      | 4636672      |
| train/                  |              |
|    approx_kl            | 0.0052741817 |
|    clip_fraction        | 0.0443       |
|    clip_range           | 0.2          |
|    entropy_loss         | -0.495       |
|    explained_variance   | 0.363        |
|    learning_rate        | 7e-05        |
|    loss                 | 0.263        |
|    n_updates            | 2260         |
|    policy_gradient_loss | -0.00525     |
|    value_loss           | 0.324        |
------------------------------------------
------------------------------------------
| episode/                |              |
|    lines_cleared_mean   | 5.1          |
|    perfect_clears_mean  | 0            |
|    pieces_placed_mean   | 24.8         |
| rollout/                |              |
|    ep_len_mean          | 30.9         |
|    ep_rew_mean          | 37.8         |
| time/                   |              |
|    fps                  | 893          |
|    iterations           | 567          |
|    time_elapsed         | 5199         |
|    total_timesteps      | 4644864      |
| train/                  |              |
|    approx_kl            | 0.0038983817 |
|    clip_fraction        | 0.0295       |
|    clip_range           | 0.2          |
|    entropy_loss         | -0.5         |
|    explained_variance   | 0.353        |
|    learning_rate        | 7e-05        |
|    loss                 | 0.235        |
|    n_updates            | 2264         |
|    policy_gradient_loss | -0.00409     |
|    value_loss           | 0.315        |
------------------------------------------
------------------------------------------
| episode/                |              |
|    lines_cleared_mean   | 5.2          |
|    perfect_clears_mean  | 0            |
|    pieces_placed_mean   | 25.6         |
| rollout/                |              |
|    ep_len_mean          | 28.3         |
|    ep_rew_mean          | 32.3         |
| time/                   |              |
|    fps                  | 893          |
|    iterations           | 568          |
|    time_elapsed         | 5209         |
|    total_timesteps      | 4653056      |
| train/                  |              |
|    approx_kl            | 0.0034266054 |
|    clip_fraction        | 0.0284       |
|    clip_range           | 0.2          |
|    entropy_loss         | -0.499       |
|    explained_variance   | 0.228        |
|    learning_rate        | 7e-05        |
|    loss                 | 0.254        |
|    n_updates            | 2268         |
|    policy_gradient_loss | -0.00392     |
|    value_loss           | 0.364        |
------------------------------------------
------------------------------------------
| episode/                |              |
|    lines_cleared_mean   | 7.7          |
|    perfect_clears_mean  | 0            |
|    pieces_placed_mean   | 32.3         |
| rollout/                |              |
|    ep_len_mean          | 28.8         |
|    ep_rew_mean          | 33.2         |
| time/                   |              |
|    fps                  | 893          |
|    iterations           | 569          |
|    time_elapsed         | 5218         |
|    total_timesteps      | 4661248      |
| train/                  |              |
|    approx_kl            | 0.0040254854 |
|    clip_fraction        | 0.0333       |
|    clip_range           | 0.2          |
|    entropy_loss         | -0.509       |
|    explained_variance   | 0.253        |
|    learning_rate        | 7e-05        |
|    loss                 | 0.204        |
|    n_updates            | 2272         |
|    policy_gradient_loss | -0.00444     |
|    value_loss           | 0.321        |
------------------------------------------
------------------------------------------
| episode/                |              |
|    lines_cleared_mean   | 5.9          |
|    perfect_clears_mean  | 0            |
|    pieces_placed_mean   | 27.2         |
| rollout/                |              |
|    ep_len_mean          | 30.4         |
|    ep_rew_mean          | 36.4         |
| time/                   |              |
|    fps                  | 893          |
|    iterations           | 570          |
|    time_elapsed         | 5227         |
|    total_timesteps      | 4669440      |
| train/                  |              |
|    approx_kl            | 0.0035020746 |
|    clip_fraction        | 0.0239       |
|    clip_range           | 0.2          |
|    entropy_loss         | -0.492       |
|    explained_variance   | 0.265        |
|    learning_rate        | 7e-05        |
|    loss                 | 0.234        |
|    n_updates            | 2276         |
|    policy_gradient_loss | -0.00353     |
|    value_loss           | 0.35         |
------------------------------------------
------------------------------------------
| episode/                |              |
|    lines_cleared_mean   | 6.5          |
|    perfect_clears_mean  | 0            |
|    pieces_placed_mean   | 28.3         |
| rollout/                |              |
|    ep_len_mean          | 30.9         |
|    ep_rew_mean          | 37           |
| time/                   |              |
|    fps                  | 893          |
|    iterations           | 571          |
|    time_elapsed         | 5236         |
|    total_timesteps      | 4677632      |
| train/                  |              |
|    approx_kl            | 0.0040177703 |
|    clip_fraction        | 0.0334       |
|    clip_range           | 0.2          |
|    entropy_loss         | -0.509       |
|    explained_variance   | 0.343        |
|    learning_rate        | 7e-05        |
|    loss                 | 0.202        |
|    n_updates            | 2280         |
|    policy_gradient_loss | -0.00399     |
|    value_loss           | 0.319        |
------------------------------------------
-----------------------------------------
| episode/                |             |
|    lines_cleared_mean   | 7.9         |
|    perfect_clears_mean  | 0           |
|    pieces_placed_mean   | 30.5        |
| rollout/                |             |
|    ep_len_mean          | 29          |
|    ep_rew_mean          | 33.7        |
| time/                   |             |
|    fps                  | 893         |
|    iterations           | 572         |
|    time_elapsed         | 5245        |
|    total_timesteps      | 4685824     |
| train/                  |             |
|    approx_kl            | 0.004005729 |
|    clip_fraction        | 0.0293      |
|    clip_range           | 0.2         |
|    entropy_loss         | -0.518      |
|    explained_variance   | 0.353       |
|    learning_rate        | 7e-05       |
|    loss                 | 0.157       |
|    n_updates            | 2284        |
|    policy_gradient_loss | -0.00386    |
|    value_loss           | 0.291       |
-----------------------------------------
------------------------------------------
| episode/                |              |
|    lines_cleared_mean   | 4.7          |
|    perfect_clears_mean  | 0            |
|    pieces_placed_mean   | 23.7         |
| rollout/                |              |
|    ep_len_mean          | 29.9         |
|    ep_rew_mean          | 36.2         |
| time/                   |              |
|    fps                  | 893          |
|    iterations           | 573          |
|    time_elapsed         | 5255         |
|    total_timesteps      | 4694016      |
| train/                  |              |
|    approx_kl            | 0.0047549508 |
|    clip_fraction        | 0.035        |
|    clip_range           | 0.2          |
|    entropy_loss         | -0.52        |
|    explained_variance   | 0.36         |
|    learning_rate        | 7e-05        |
|    loss                 | 0.197        |
|    n_updates            | 2288         |
|    policy_gradient_loss | -0.00422     |
|    value_loss           | 0.281        |
------------------------------------------
------------------------------------------
| episode/                |              |
|    lines_cleared_mean   | 8.4          |
|    perfect_clears_mean  | 0            |
|    pieces_placed_mean   | 31           |
| rollout/                |              |
|    ep_len_mean          | 29.6         |
|    ep_rew_mean          | 35.5         |
| time/                   |              |
|    fps                  | 893          |
|    iterations           | 574          |
|    time_elapsed         | 5265         |
|    total_timesteps      | 4702208      |
| train/                  |              |
|    approx_kl            | 0.0043619443 |
|    clip_fraction        | 0.0339       |
|    clip_range           | 0.2          |
|    entropy_loss         | -0.518       |
|    explained_variance   | 0.26         |
|    learning_rate        | 7e-05        |
|    loss                 | 0.177        |
|    n_updates            | 2292         |
|    policy_gradient_loss | -0.00454     |
|    value_loss           | 0.304        |
------------------------------------------
------------------------------------------
| episode/                |              |
|    lines_cleared_mean   | 8.64         |
|    perfect_clears_mean  | 0            |
|    pieces_placed_mean   | 31.5         |
| rollout/                |              |
|    ep_len_mean          | 30.7         |
|    ep_rew_mean          | 37.1         |
| time/                   |              |
|    fps                  | 892          |
|    iterations           | 575          |
|    time_elapsed         | 5276         |
|    total_timesteps      | 4710400      |
| train/                  |              |
|    approx_kl            | 0.0042778878 |
|    clip_fraction        | 0.0337       |
|    clip_range           | 0.2          |
|    entropy_loss         | -0.5         |
|    explained_variance   | 0.241        |
|    learning_rate        | 7e-05        |
|    loss                 | 0.188        |
|    n_updates            | 2296         |
|    policy_gradient_loss | -0.00417     |
|    value_loss           | 0.317        |
------------------------------------------
------------------------------------------
| episode/                |              |
|    lines_cleared_mean   | 11.1         |
|    perfect_clears_mean  | 0            |
|    pieces_placed_mean   | 38.3         |
| rollout/                |              |
|    ep_len_mean          | 31.9         |
|    ep_rew_mean          | 39.6         |
| time/                   |              |
|    fps                  | 892          |
|    iterations           | 576          |
|    time_elapsed         | 5285         |
|    total_timesteps      | 4718592      |
| train/                  |              |
|    approx_kl            | 0.0040980717 |
|    clip_fraction        | 0.0317       |
|    clip_range           | 0.2          |
|    entropy_loss         | -0.515       |
|    explained_variance   | 0.277        |
|    learning_rate        | 7e-05        |
|    loss                 | 0.193        |
|    n_updates            | 2300         |
|    policy_gradient_loss | -0.00445     |
|    value_loss           | 0.3          |
------------------------------------------
------------------------------------------
| episode/                |              |
|    lines_cleared_mean   | 7            |
|    perfect_clears_mean  | 0            |
|    pieces_placed_mean   | 29.5         |
| rollout/                |              |
|    ep_len_mean          | 31.9         |
|    ep_rew_mean          | 39.9         |
| time/                   |              |
|    fps                  | 892          |
|    iterations           | 577          |
|    time_elapsed         | 5294         |
|    total_timesteps      | 4726784      |
| train/                  |              |
|    approx_kl            | 0.0043734093 |
|    clip_fraction        | 0.0315       |
|    clip_range           | 0.2          |
|    entropy_loss         | -0.519       |
|    explained_variance   | 0.294        |
|    learning_rate        | 7e-05        |
|    loss                 | 0.195        |
|    n_updates            | 2304         |
|    policy_gradient_loss | -0.00486     |
|    value_loss           | 0.314        |
------------------------------------------
------------------------------------------
| episode/                |              |
|    lines_cleared_mean   | 5.4          |
|    perfect_clears_mean  | 0            |
|    pieces_placed_mean   | 25.2         |
| rollout/                |              |
|    ep_len_mean          | 29.5         |
|    ep_rew_mean          | 34.9         |
| time/                   |              |
|    fps                  | 892          |
|    iterations           | 578          |
|    time_elapsed         | 5304         |
|    total_timesteps      | 4734976      |
| train/                  |              |
|    approx_kl            | 0.0042405957 |
|    clip_fraction        | 0.0334       |
|    clip_range           | 0.2          |
|    entropy_loss         | -0.509       |
|    explained_variance   | 0.289        |
|    learning_rate        | 7e-05        |
|    loss                 | 0.205        |
|    n_updates            | 2308         |
|    policy_gradient_loss | -0.00477     |
|    value_loss           | 0.316        |
------------------------------------------
----------------------------------------
| episode/                |            |
|    lines_cleared_mean   | 9.1        |
|    perfect_clears_mean  | 0          |
|    pieces_placed_mean   | 32.4       |
| rollout/                |            |
|    ep_len_mean          | 31.6       |
|    ep_rew_mean          | 39.2       |
| time/                   |            |
|    fps                  | 892        |
|    iterations           | 579        |
|    time_elapsed         | 5313       |
|    total_timesteps      | 4743168    |
| train/                  |            |
|    approx_kl            | 0.00411311 |
|    clip_fraction        | 0.0361     |
|    clip_range           | 0.2        |
|    entropy_loss         | -0.521     |
|    explained_variance   | 0.303      |
|    learning_rate        | 7e-05      |
|    loss                 | 0.243      |
|    n_updates            | 2312       |
|    policy_gradient_loss | -0.00445   |
|    value_loss           | 0.304      |
----------------------------------------
------------------------------------------
| episode/                |              |
|    lines_cleared_mean   | 7.5          |
|    perfect_clears_mean  | 0.1          |
|    pieces_placed_mean   | 30.5         |
| rollout/                |              |
|    ep_len_mean          | 29.4         |
|    ep_rew_mean          | 35           |
| time/                   |              |
|    fps                  | 892          |
|    iterations           | 580          |
|    time_elapsed         | 5323         |
|    total_timesteps      | 4751360      |
| train/                  |              |
|    approx_kl            | 0.0042715655 |
|    clip_fraction        | 0.0327       |
|    clip_range           | 0.2          |
|    entropy_loss         | -0.505       |
|    explained_variance   | 0.317        |
|    learning_rate        | 7e-05        |
|    loss                 | 0.232        |
|    n_updates            | 2316         |
|    policy_gradient_loss | -0.00395     |
|    value_loss           | 0.32         |
------------------------------------------
------------------------------------------
| episode/                |              |
|    lines_cleared_mean   | 7.5          |
|    perfect_clears_mean  | 0            |
|    pieces_placed_mean   | 29.9         |
| rollout/                |              |
|    ep_len_mean          | 29.3         |
|    ep_rew_mean          | 34.7         |
| time/                   |              |
|    fps                  | 892          |
|    iterations           | 581          |
|    time_elapsed         | 5333         |
|    total_timesteps      | 4759552      |
| train/                  |              |
|    approx_kl            | 0.0037724455 |
|    clip_fraction        | 0.031        |
|    clip_range           | 0.2          |
|    entropy_loss         | -0.514       |
|    explained_variance   | 0.269        |
|    learning_rate        | 7e-05        |
|    loss                 | 0.237        |
|    n_updates            | 2320         |
|    policy_gradient_loss | -0.00442     |
|    value_loss           | 0.351        |
------------------------------------------
-----------------------------------------
| episode/                |             |
|    lines_cleared_mean   | 8.2         |
|    perfect_clears_mean  | 0           |
|    pieces_placed_mean   | 31.9        |
| rollout/                |             |
|    ep_len_mean          | 29.7        |
|    ep_rew_mean          | 35.3        |
| time/                   |             |
|    fps                  | 892         |
|    iterations           | 582         |
|    time_elapsed         | 5343        |
|    total_timesteps      | 4767744     |
| train/                  |             |
|    approx_kl            | 0.004067097 |
|    clip_fraction        | 0.0284      |
|    clip_range           | 0.2         |
|    entropy_loss         | -0.52       |
|    explained_variance   | 0.298       |
|    learning_rate        | 7e-05       |
|    loss                 | 0.229       |
|    n_updates            | 2324        |
|    policy_gradient_loss | -0.00405    |
|    value_loss           | 0.337       |
-----------------------------------------
-----------------------------------------
| episode/                |             |
|    lines_cleared_mean   | 7.55        |
|    perfect_clears_mean  | 0           |
|    pieces_placed_mean   | 30.4        |
| rollout/                |             |
|    ep_len_mean          | 30.1        |
|    ep_rew_mean          | 35.6        |
| time/                   |             |
|    fps                  | 892         |
|    iterations           | 583         |
|    time_elapsed         | 5352        |
|    total_timesteps      | 4775936     |
| train/                  |             |
|    approx_kl            | 0.005576405 |
|    clip_fraction        | 0.0417      |
|    clip_range           | 0.2         |
|    entropy_loss         | -0.523      |
|    explained_variance   | 0.334       |
|    learning_rate        | 7e-05       |
|    loss                 | 0.205       |
|    n_updates            | 2328        |
|    policy_gradient_loss | -0.00495    |
|    value_loss           | 0.297       |
-----------------------------------------
-----------------------------------------
| episode/                |             |
|    lines_cleared_mean   | 7.4         |
|    perfect_clears_mean  | 0           |
|    pieces_placed_mean   | 30.5        |
| rollout/                |             |
|    ep_len_mean          | 28.4        |
|    ep_rew_mean          | 32.5        |
| time/                   |             |
|    fps                  | 892         |
|    iterations           | 584         |
|    time_elapsed         | 5361        |
|    total_timesteps      | 4784128     |
| train/                  |             |
|    approx_kl            | 0.004015974 |
|    clip_fraction        | 0.033       |
|    clip_range           | 0.2         |
|    entropy_loss         | -0.519      |
|    explained_variance   | 0.257       |
|    learning_rate        | 7e-05       |
|    loss                 | 0.196       |
|    n_updates            | 2332        |
|    policy_gradient_loss | -0.0031     |
|    value_loss           | 0.318       |
-----------------------------------------
-----------------------------------------
| episode/                |             |
|    lines_cleared_mean   | 6.36        |
|    perfect_clears_mean  | 0           |
|    pieces_placed_mean   | 28.5        |
| rollout/                |             |
|    ep_len_mean          | 29.3        |
|    ep_rew_mean          | 34.3        |
| time/                   |             |
|    fps                  | 892         |
|    iterations           | 585         |
|    time_elapsed         | 5371        |
|    total_timesteps      | 4792320     |
| train/                  |             |
|    approx_kl            | 0.004094827 |
|    clip_fraction        | 0.0313      |
|    clip_range           | 0.2         |
|    entropy_loss         | -0.526      |
|    explained_variance   | 0.263       |
|    learning_rate        | 7e-05       |
|    loss                 | 0.231       |
|    n_updates            | 2336        |
|    policy_gradient_loss | -0.00377    |
|    value_loss           | 0.336       |
-----------------------------------------
------------------------------------------
| episode/                |              |
|    lines_cleared_mean   | 9.18         |
|    perfect_clears_mean  | 0            |
|    pieces_placed_mean   | 34.5         |
| rollout/                |              |
|    ep_len_mean          | 29.3         |
|    ep_rew_mean          | 34.2         |
| time/                   |              |
|    fps                  | 892          |
|    iterations           | 586          |
|    time_elapsed         | 5380         |
|    total_timesteps      | 4800512      |
| train/                  |              |
|    approx_kl            | 0.0041575553 |
|    clip_fraction        | 0.0338       |
|    clip_range           | 0.2          |
|    entropy_loss         | -0.517       |
|    explained_variance   | 0.342        |
|    learning_rate        | 7e-05        |
|    loss                 | 0.234        |
|    n_updates            | 2340         |
|    policy_gradient_loss | -0.00428     |
|    value_loss           | 0.308        |
------------------------------------------
------------------------------------------
| episode/                |              |
|    lines_cleared_mean   | 5.9          |
|    perfect_clears_mean  | 0            |
|    pieces_placed_mean   | 26.4         |
| rollout/                |              |
|    ep_len_mean          | 29.7         |
|    ep_rew_mean          | 35.4         |
| time/                   |              |
|    fps                  | 892          |
|    iterations           | 587          |
|    time_elapsed         | 5389         |
|    total_timesteps      | 4808704      |
| train/                  |              |
|    approx_kl            | 0.0035334039 |
|    clip_fraction        | 0.0245       |
|    clip_range           | 0.2          |
|    entropy_loss         | -0.51        |
|    explained_variance   | 0.296        |
|    learning_rate        | 7e-05        |
|    loss                 | 0.215        |
|    n_updates            | 2344         |
|    policy_gradient_loss | -0.00317     |
|    value_loss           | 0.32         |
------------------------------------------
-----------------------------------------
| episode/                |             |
|    lines_cleared_mean   | 10.2        |
|    perfect_clears_mean  | 0           |
|    pieces_placed_mean   | 36.8        |
| rollout/                |             |
|    ep_len_mean          | 30.3        |
|    ep_rew_mean          | 36          |
| time/                   |             |
|    fps                  | 892         |
|    iterations           | 588         |
|    time_elapsed         | 5398        |
|    total_timesteps      | 4816896     |
| train/                  |             |
|    approx_kl            | 0.004686542 |
|    clip_fraction        | 0.0365      |
|    clip_range           | 0.2         |
|    entropy_loss         | -0.511      |
|    explained_variance   | 0.365       |
|    learning_rate        | 7e-05       |
|    loss                 | 0.203       |
|    n_updates            | 2348        |
|    policy_gradient_loss | -0.00379    |
|    value_loss           | 0.292       |
-----------------------------------------
------------------------------------------
| episode/                |              |
|    lines_cleared_mean   | 6.9          |
|    perfect_clears_mean  | 0            |
|    pieces_placed_mean   | 28.5         |
| rollout/                |              |
|    ep_len_mean          | 32.1         |
|    ep_rew_mean          | 40.4         |
| time/                   |              |
|    fps                  | 892          |
|    iterations           | 589          |
|    time_elapsed         | 5407         |
|    total_timesteps      | 4825088      |
| train/                  |              |
|    approx_kl            | 0.0045050597 |
|    clip_fraction        | 0.0343       |
|    clip_range           | 0.2          |
|    entropy_loss         | -0.511       |
|    explained_variance   | 0.326        |
|    learning_rate        | 7e-05        |
|    loss                 | 0.216        |
|    n_updates            | 2352         |
|    policy_gradient_loss | -0.00501     |
|    value_loss           | 0.31         |
------------------------------------------
------------------------------------------
| episode/                |              |
|    lines_cleared_mean   | 5.2          |
|    perfect_clears_mean  | 0            |
|    pieces_placed_mean   | 25.6         |
| rollout/                |              |
|    ep_len_mean          | 29.1         |
|    ep_rew_mean          | 33.6         |
| time/                   |              |
|    fps                  | 892          |
|    iterations           | 590          |
|    time_elapsed         | 5416         |
|    total_timesteps      | 4833280      |
| train/                  |              |
|    approx_kl            | 0.0036821915 |
|    clip_fraction        | 0.0276       |
|    clip_range           | 0.2          |
|    entropy_loss         | -0.503       |
|    explained_variance   | 0.273        |
|    learning_rate        | 7e-05        |
|    loss                 | 0.211        |
|    n_updates            | 2356         |
|    policy_gradient_loss | -0.00436     |
|    value_loss           | 0.333        |
------------------------------------------
------------------------------------------
| episode/                |              |
|    lines_cleared_mean   | 5.5          |
|    perfect_clears_mean  | 0            |
|    pieces_placed_mean   | 25.2         |
| rollout/                |              |
|    ep_len_mean          | 31.3         |
|    ep_rew_mean          | 38.6         |
| time/                   |              |
|    fps                  | 892          |
|    iterations           | 591          |
|    time_elapsed         | 5426         |
|    total_timesteps      | 4841472      |
| train/                  |              |
|    approx_kl            | 0.0041862978 |
|    clip_fraction        | 0.028        |
|    clip_range           | 0.2          |
|    entropy_loss         | -0.514       |
|    explained_variance   | 0.287        |
|    learning_rate        | 7e-05        |
|    loss                 | 0.231        |
|    n_updates            | 2360         |
|    policy_gradient_loss | -0.00375     |
|    value_loss           | 0.332        |
------------------------------------------
-----------------------------------------
| episode/                |             |
|    lines_cleared_mean   | 6.73        |
|    perfect_clears_mean  | 0           |
|    pieces_placed_mean   | 28.5        |
| rollout/                |             |
|    ep_len_mean          | 30.1        |
|    ep_rew_mean          | 35.5        |
| time/                   |             |
|    fps                  | 892         |
|    iterations           | 592         |
|    time_elapsed         | 5435        |
|    total_timesteps      | 4849664     |
| train/                  |             |
|    approx_kl            | 0.004477522 |
|    clip_fraction        | 0.0411      |
|    clip_range           | 0.2         |
|    entropy_loss         | -0.513      |
|    explained_variance   | 0.326       |
|    learning_rate        | 7e-05       |
|    loss                 | 0.211       |
|    n_updates            | 2364        |
|    policy_gradient_loss | -0.00459    |
|    value_loss           | 0.286       |
-----------------------------------------
------------------------------------------
| episode/                |              |
|    lines_cleared_mean   | 4.8          |
|    perfect_clears_mean  | 0            |
|    pieces_placed_mean   | 23.7         |
| rollout/                |              |
|    ep_len_mean          | 28.5         |
|    ep_rew_mean          | 32.8         |
| time/                   |              |
|    fps                  | 892          |
|    iterations           | 593          |
|    time_elapsed         | 5444         |
|    total_timesteps      | 4857856      |
| train/                  |              |
|    approx_kl            | 0.0045961905 |
|    clip_fraction        | 0.0358       |
|    clip_range           | 0.2          |
|    entropy_loss         | -0.503       |
|    explained_variance   | 0.242        |
|    learning_rate        | 7e-05        |
|    loss                 | 0.225        |
|    n_updates            | 2368         |
|    policy_gradient_loss | -0.00465     |
|    value_loss           | 0.351        |
------------------------------------------
-----------------------------------------
| episode/                |             |
|    lines_cleared_mean   | 8.1         |
|    perfect_clears_mean  | 0           |
|    pieces_placed_mean   | 32.1        |
| rollout/                |             |
|    ep_len_mean          | 29.9        |
|    ep_rew_mean          | 35.2        |
| time/                   |             |
|    fps                  | 892         |
|    iterations           | 594         |
|    time_elapsed         | 5453        |
|    total_timesteps      | 4866048     |
| train/                  |             |
|    approx_kl            | 0.004195356 |
|    clip_fraction        | 0.033       |
|    clip_range           | 0.2         |
|    entropy_loss         | -0.515      |
|    explained_variance   | 0.286       |
|    learning_rate        | 7e-05       |
|    loss                 | 0.276       |
|    n_updates            | 2372        |
|    policy_gradient_loss | -0.00407    |
|    value_loss           | 0.32        |
-----------------------------------------
-----------------------------------------
| episode/                |             |
|    lines_cleared_mean   | 8           |
|    perfect_clears_mean  | 0           |
|    pieces_placed_mean   | 31.8        |
| rollout/                |             |
|    ep_len_mean          | 28.5        |
|    ep_rew_mean          | 32.6        |
| time/                   |             |
|    fps                  | 892         |
|    iterations           | 595         |
|    time_elapsed         | 5463        |
|    total_timesteps      | 4874240     |
| train/                  |             |
|    approx_kl            | 0.004390575 |
|    clip_fraction        | 0.0294      |
|    clip_range           | 0.2         |
|    entropy_loss         | -0.507      |
|    explained_variance   | 0.293       |
|    learning_rate        | 7e-05       |
|    loss                 | 0.203       |
|    n_updates            | 2376        |
|    policy_gradient_loss | -0.00386    |
|    value_loss           | 0.327       |
-----------------------------------------
------------------------------------------
| episode/                |              |
|    lines_cleared_mean   | 6.5          |
|    perfect_clears_mean  | 0            |
|    pieces_placed_mean   | 28.6         |
| rollout/                |              |
|    ep_len_mean          | 30.6         |
|    ep_rew_mean          | 36.8         |
| time/                   |              |
|    fps                  | 892          |
|    iterations           | 596          |
|    time_elapsed         | 5472         |
|    total_timesteps      | 4882432      |
| train/                  |              |
|    approx_kl            | 0.0042683994 |
|    clip_fraction        | 0.0325       |
|    clip_range           | 0.2          |
|    entropy_loss         | -0.507       |
|    explained_variance   | 0.3          |
|    learning_rate        | 7e-05        |
|    loss                 | 0.215        |
|    n_updates            | 2380         |
|    policy_gradient_loss | -0.00393     |
|    value_loss           | 0.296        |
------------------------------------------
------------------------------------------
| episode/                |              |
|    lines_cleared_mean   | 9.6          |
|    perfect_clears_mean  | 0            |
|    pieces_placed_mean   | 36.3         |
| rollout/                |              |
|    ep_len_mean          | 30.3         |
|    ep_rew_mean          | 36           |
| time/                   |              |
|    fps                  | 892          |
|    iterations           | 597          |
|    time_elapsed         | 5481         |
|    total_timesteps      | 4890624      |
| train/                  |              |
|    approx_kl            | 0.0037729922 |
|    clip_fraction        | 0.0274       |
|    clip_range           | 0.2          |
|    entropy_loss         | -0.503       |
|    explained_variance   | 0.35         |
|    learning_rate        | 7e-05        |
|    loss                 | 0.213        |
|    n_updates            | 2384         |
|    policy_gradient_loss | -0.00314     |
|    value_loss           | 0.304        |
------------------------------------------
------------------------------------------
| episode/                |              |
|    lines_cleared_mean   | 7.2          |
|    perfect_clears_mean  | 0            |
|    pieces_placed_mean   | 30.8         |
| rollout/                |              |
|    ep_len_mean          | 30.1         |
|    ep_rew_mean          | 36           |
| time/                   |              |
|    fps                  | 892          |
|    iterations           | 598          |
|    time_elapsed         | 5490         |
|    total_timesteps      | 4898816      |
| train/                  |              |
|    approx_kl            | 0.0041777003 |
|    clip_fraction        | 0.0306       |
|    clip_range           | 0.2          |
|    entropy_loss         | -0.506       |
|    explained_variance   | 0.286        |
|    learning_rate        | 7e-05        |
|    loss                 | 0.22         |
|    n_updates            | 2388         |
|    policy_gradient_loss | -0.00479     |
|    value_loss           | 0.332        |
------------------------------------------
-----------------------------------------
| episode/                |             |
|    lines_cleared_mean   | 7.4         |
|    perfect_clears_mean  | 0           |
|    pieces_placed_mean   | 30.1        |
| rollout/                |             |
|    ep_len_mean          | 30          |
|    ep_rew_mean          | 35.7        |
| time/                   |             |
|    fps                  | 892         |
|    iterations           | 599         |
|    time_elapsed         | 5499        |
|    total_timesteps      | 4907008     |
| train/                  |             |
|    approx_kl            | 0.004547054 |
|    clip_fraction        | 0.0359      |
|    clip_range           | 0.2         |
|    entropy_loss         | -0.512      |
|    explained_variance   | 0.293       |
|    learning_rate        | 7e-05       |
|    loss                 | 0.268       |
|    n_updates            | 2392        |
|    policy_gradient_loss | -0.0046     |
|    value_loss           | 0.335       |
-----------------------------------------
-----------------------------------------
| episode/                |             |
|    lines_cleared_mean   | 9.7         |
|    perfect_clears_mean  | 0           |
|    pieces_placed_mean   | 34.9        |
| rollout/                |             |
|    ep_len_mean          | 30.9        |
|    ep_rew_mean          | 37.6        |
| time/                   |             |
|    fps                  | 892         |
|    iterations           | 600         |
|    time_elapsed         | 5508        |
|    total_timesteps      | 4915200     |
| train/                  |             |
|    approx_kl            | 0.003582897 |
|    clip_fraction        | 0.0267      |
|    clip_range           | 0.2         |
|    entropy_loss         | -0.494      |
|    explained_variance   | 0.274       |
|    learning_rate        | 7e-05       |
|    loss                 | 0.195       |
|    n_updates            | 2396        |
|    policy_gradient_loss | -0.00304    |
|    value_loss           | 0.315       |
-----------------------------------------
-----------------------------------------
| episode/                |             |
|    lines_cleared_mean   | 4.6         |
|    perfect_clears_mean  | 0           |
|    pieces_placed_mean   | 23.1        |
| rollout/                |             |
|    ep_len_mean          | 30.9        |
|    ep_rew_mean          | 37.9        |
| time/                   |             |
|    fps                  | 892         |
|    iterations           | 601         |
|    time_elapsed         | 5518        |
|    total_timesteps      | 4923392     |
| train/                  |             |
|    approx_kl            | 0.004258381 |
|    clip_fraction        | 0.0315      |
|    clip_range           | 0.2         |
|    entropy_loss         | -0.503      |
|    explained_variance   | 0.245       |
|    learning_rate        | 7e-05       |
|    loss                 | 0.245       |
|    n_updates            | 2400        |
|    policy_gradient_loss | -0.00417    |
|    value_loss           | 0.355       |
-----------------------------------------
-----------------------------------------
| episode/                |             |
|    lines_cleared_mean   | 8           |
|    perfect_clears_mean  | 0           |
|    pieces_placed_mean   | 31.9        |
| rollout/                |             |
|    ep_len_mean          | 30.4        |
|    ep_rew_mean          | 36.3        |
| time/                   |             |
|    fps                  | 892         |
|    iterations           | 602         |
|    time_elapsed         | 5527        |
|    total_timesteps      | 4931584     |
| train/                  |             |
|    approx_kl            | 0.004891446 |
|    clip_fraction        | 0.036       |
|    clip_range           | 0.2         |
|    entropy_loss         | -0.504      |
|    explained_variance   | 0.276       |
|    learning_rate        | 7e-05       |
|    loss                 | 0.244       |
|    n_updates            | 2404        |
|    policy_gradient_loss | -0.00453    |
|    value_loss           | 0.352       |
-----------------------------------------
------------------------------------------
| episode/                |              |
|    lines_cleared_mean   | 8.1          |
|    perfect_clears_mean  | 0            |
|    pieces_placed_mean   | 32.2         |
| rollout/                |              |
|    ep_len_mean          | 31.4         |
|    ep_rew_mean          | 38.6         |
| time/                   |              |
|    fps                  | 892          |
|    iterations           | 603          |
|    time_elapsed         | 5536         |
|    total_timesteps      | 4939776      |
| train/                  |              |
|    approx_kl            | 0.0035035065 |
|    clip_fraction        | 0.0287       |
|    clip_range           | 0.2          |
|    entropy_loss         | -0.506       |
|    explained_variance   | 0.298        |
|    learning_rate        | 7e-05        |
|    loss                 | 0.247        |
|    n_updates            | 2408         |
|    policy_gradient_loss | -0.00397     |
|    value_loss           | 0.326        |
------------------------------------------
-----------------------------------------
| episode/                |             |
|    lines_cleared_mean   | 8.1         |
|    perfect_clears_mean  | 0           |
|    pieces_placed_mean   | 30.8        |
| rollout/                |             |
|    ep_len_mean          | 29.8        |
|    ep_rew_mean          | 35.3        |
| time/                   |             |
|    fps                  | 892         |
|    iterations           | 604         |
|    time_elapsed         | 5545        |
|    total_timesteps      | 4947968     |
| train/                  |             |
|    approx_kl            | 0.003945905 |
|    clip_fraction        | 0.0303      |
|    clip_range           | 0.2         |
|    entropy_loss         | -0.502      |
|    explained_variance   | 0.297       |
|    learning_rate        | 7e-05       |
|    loss                 | 0.237       |
|    n_updates            | 2412        |
|    policy_gradient_loss | -0.00358    |
|    value_loss           | 0.334       |
-----------------------------------------
------------------------------------------
| episode/                |              |
|    lines_cleared_mean   | 9.55         |
|    perfect_clears_mean  | 0            |
|    pieces_placed_mean   | 34.9         |
| rollout/                |              |
|    ep_len_mean          | 31.9         |
|    ep_rew_mean          | 39.5         |
| time/                   |              |
|    fps                  | 892          |
|    iterations           | 605          |
|    time_elapsed         | 5555         |
|    total_timesteps      | 4956160      |
| train/                  |              |
|    approx_kl            | 0.0041558947 |
|    clip_fraction        | 0.0332       |
|    clip_range           | 0.2          |
|    entropy_loss         | -0.503       |
|    explained_variance   | 0.272        |
|    learning_rate        | 7e-05        |
|    loss                 | 0.242        |
|    n_updates            | 2416         |
|    policy_gradient_loss | -0.00404     |
|    value_loss           | 0.321        |
------------------------------------------
------------------------------------------
| episode/                |              |
|    lines_cleared_mean   | 6.8          |
|    perfect_clears_mean  | 0            |
|    pieces_placed_mean   | 28.4         |
| rollout/                |              |
|    ep_len_mean          | 29           |
|    ep_rew_mean          | 33.4         |
| time/                   |              |
|    fps                  | 892          |
|    iterations           | 606          |
|    time_elapsed         | 5564         |
|    total_timesteps      | 4964352      |
| train/                  |              |
|    approx_kl            | 0.0048261657 |
|    clip_fraction        | 0.0401       |
|    clip_range           | 0.2          |
|    entropy_loss         | -0.501       |
|    explained_variance   | 0.277        |
|    learning_rate        | 7e-05        |
|    loss                 | 0.202        |
|    n_updates            | 2420         |
|    policy_gradient_loss | -0.00477     |
|    value_loss           | 0.309        |
------------------------------------------
-----------------------------------------
| episode/                |             |
|    lines_cleared_mean   | 8.8         |
|    perfect_clears_mean  | 0           |
|    pieces_placed_mean   | 33.1        |
| rollout/                |             |
|    ep_len_mean          | 31          |
|    ep_rew_mean          | 37.9        |
| time/                   |             |
|    fps                  | 892         |
|    iterations           | 607         |
|    time_elapsed         | 5573        |
|    total_timesteps      | 4972544     |
| train/                  |             |
|    approx_kl            | 0.004604211 |
|    clip_fraction        | 0.0337      |
|    clip_range           | 0.2         |
|    entropy_loss         | -0.499      |
|    explained_variance   | 0.316       |
|    learning_rate        | 7e-05       |
|    loss                 | 0.251       |
|    n_updates            | 2424        |
|    policy_gradient_loss | -0.00426    |
|    value_loss           | 0.322       |
-----------------------------------------
------------------------------------------
| episode/                |              |
|    lines_cleared_mean   | 7.45         |
|    perfect_clears_mean  | 0            |
|    pieces_placed_mean   | 29.8         |
| rollout/                |              |
|    ep_len_mean          | 30.2         |
|    ep_rew_mean          | 35.5         |
| time/                   |              |
|    fps                  | 892          |
|    iterations           | 608          |
|    time_elapsed         | 5582         |
|    total_timesteps      | 4980736      |
| train/                  |              |
|    approx_kl            | 0.0049443776 |
|    clip_fraction        | 0.039        |
|    clip_range           | 0.2          |
|    entropy_loss         | -0.502       |
|    explained_variance   | 0.316        |
|    learning_rate        | 7e-05        |
|    loss                 | 0.274        |
|    n_updates            | 2428         |
|    policy_gradient_loss | -0.00426     |
|    value_loss           | 0.327        |
------------------------------------------
-----------------------------------------
| episode/                |             |
|    lines_cleared_mean   | 6.4         |
|    perfect_clears_mean  | 0           |
|    pieces_placed_mean   | 27.6        |
| rollout/                |             |
|    ep_len_mean          | 30.5        |
|    ep_rew_mean          | 37          |
| time/                   |             |
|    fps                  | 892         |
|    iterations           | 609         |
|    time_elapsed         | 5591        |
|    total_timesteps      | 4988928     |
| train/                  |             |
|    approx_kl            | 0.004753257 |
|    clip_fraction        | 0.0324      |
|    clip_range           | 0.2         |
|    entropy_loss         | -0.496      |
|    explained_variance   | 0.364       |
|    learning_rate        | 7e-05       |
|    loss                 | 0.234       |
|    n_updates            | 2432        |
|    policy_gradient_loss | -0.00476    |
|    value_loss           | 0.333       |
-----------------------------------------
------------------------------------------
| episode/                |              |
|    lines_cleared_mean   | 10.2         |
|    perfect_clears_mean  | 0            |
|    pieces_placed_mean   | 36.6         |
| rollout/                |              |
|    ep_len_mean          | 29.7         |
|    ep_rew_mean          | 35.5         |
| time/                   |              |
|    fps                  | 892          |
|    iterations           | 610          |
|    time_elapsed         | 5601         |
|    total_timesteps      | 4997120      |
| train/                  |              |
|    approx_kl            | 0.0034839427 |
|    clip_fraction        | 0.0313       |
|    clip_range           | 0.2          |
|    entropy_loss         | -0.5         |
|    explained_variance   | 0.342        |
|    learning_rate        | 7e-05        |
|    loss                 | 0.244        |
|    n_updates            | 2436         |
|    policy_gradient_loss | -0.00374     |
|    value_loss           | 0.308        |
------------------------------------------
------------------------------------------
| episode/                |              |
|    lines_cleared_mean   | 8.1          |
|    perfect_clears_mean  | 0            |
|    pieces_placed_mean   | 31.6         |
| rollout/                |              |
|    ep_len_mean          | 30.3         |
|    ep_rew_mean          | 36.2         |
| time/                   |              |
|    fps                  | 892          |
|    iterations           | 611          |
|    time_elapsed         | 5610         |
|    total_timesteps      | 5005312      |
| train/                  |              |
|    approx_kl            | 0.0038512652 |
|    clip_fraction        | 0.0285       |
|    clip_range           | 0.2          |
|    entropy_loss         | -0.502       |
|    explained_variance   | 0.321        |
|    learning_rate        | 7e-05        |
|    loss                 | 0.235        |
|    n_updates            | 2440         |
|    policy_gradient_loss | -0.00362     |
|    value_loss           | 0.324        |
------------------------------------------
 100% ━━━━━━━━━━━━━━━━━━━━━━━━━━━━━━━━━━━━━━━━━━━━━━━━━━━━━━━━━━━━━━━━━━━━━━━━━━━━━━━━━ 5,005,312/5,000,000  [ 1:33:27 < 0:00:00 , 886 it/s ]
[run_training] Модель сохранена: ./models/cnn_2_final.zip
[run_training] VecNormalize сохранён: ./models/cnn_2_vecnormalize.pkl
[run_training] При оценке указывай --vecnormalize ./models/cnn_2_vecnormalize.pkl
