=== TRAINING LOG: 2026-04-09 16:58:06 ===

=== 1. ARCHITECTURE ===
Algorithm: MaskablePPO
Architecture Type: MLP (Multi-Layer Perceptron)
Policy Class: MaskableActorCriticPolicy
Feature Extractor: FlattenExtractor
Network Architecture (net_arch): {'pi': [256, 256], 'vf': [512, 512]}

=== 2. TRAINING PARAMETERS ===
--- ARCH ---
MLP

--- normalize_reward ---
True

--- TRAIN ---
n_envs: 16
total_timesteps: 5000000
learning_rate: 0.0001
n_steps: 512
batch_size: 256
n_epochs: 4
gamma: 0.99
gae_lambda: 0.95
clip_range: 0.2
ent_coef: 0.005
vf_coef: 1.0
max_grad_norm: 0.5
policy: MlpPolicy
net_arch: {'pi': [256, 256], 'vf': [512, 512]}
features_extractor: flatten

--- REWARD ---
place_piece: 0.2
line_cleared: 3.0
combo_multiplier: 1.0
perfect_clear: 15.0
cell_potential: 0.3
invalid_move: -2.0
game_over: -5.0
game_over_per_cell: -0.1

--- ENV ---
board_size: 8
pieces_per_round: 3
max_steps: 2000

=== 3. CONSOLE OUTPUT ===
[run_training] Начинаем обучение на 5,000,000 шагов...
[run_training] Ожидаемый explained_variance > 0.5 после 500k шагов

Logging to ./runs/mlp_2_1
-------------------------------------
| episode/               |          |
|    lines_cleared_mean  | 2        |
|    perfect_clears_mean | 0        |
|    pieces_placed_mean  | 16.2     |
| rollout/               |          |
|    ep_len_mean         | 16.2     |
|    ep_rew_mean         | 8.25     |
| time/                  |          |
|    fps                 | 2068     |
|    iterations          | 1        |
|    time_elapsed        | 3        |
|    total_timesteps     | 8192     |
-------------------------------------
-----------------------------------------
| episode/                |             |
|    lines_cleared_mean   | 2.3         |
|    perfect_clears_mean  | 0           |
|    pieces_placed_mean   | 17.6        |
| rollout/                |             |
|    ep_len_mean          | 15.7        |
|    ep_rew_mean          | 6.79        |
| time/                   |             |
|    fps                  | 1825        |
|    iterations           | 2           |
|    time_elapsed         | 8           |
|    total_timesteps      | 16384       |
| train/                  |             |
|    approx_kl            | 0.006231742 |
|    clip_fraction        | 0.02        |
|    clip_range           | 0.2         |
|    entropy_loss         | -2.82       |
|    explained_variance   | -0.00434    |
|    learning_rate        | 0.0001      |
|    loss                 | 2.37        |
|    n_updates            | 4           |
|    policy_gradient_loss | -0.0134     |
|    value_loss           | 1.3         |
-----------------------------------------
-----------------------------------------
| episode/                |             |
|    lines_cleared_mean   | 1.3         |
|    perfect_clears_mean  | 0           |
|    pieces_placed_mean   | 15          |
| rollout/                |             |
|    ep_len_mean          | 15.6        |
|    ep_rew_mean          | 6.97        |
| time/                   |             |
|    fps                  | 1754        |
|    iterations           | 3           |
|    time_elapsed         | 14          |
|    total_timesteps      | 24576       |
| train/                  |             |
|    approx_kl            | 0.006693097 |
|    clip_fraction        | 0.0366      |
|    clip_range           | 0.2         |
|    entropy_loss         | -2.86       |
|    explained_variance   | 0.0274      |
|    learning_rate        | 0.0001      |
|    loss                 | 0.575       |
|    n_updates            | 8           |
|    policy_gradient_loss | -0.015      |
|    value_loss           | 0.642       |
-----------------------------------------
------------------------------------------
| episode/                |              |
|    lines_cleared_mean   | 1.8          |
|    perfect_clears_mean  | 0            |
|    pieces_placed_mean   | 16.3         |
| rollout/                |              |
|    ep_len_mean          | 16.5         |
|    ep_rew_mean          | 8.47         |
| time/                   |              |
|    fps                  | 1721         |
|    iterations           | 4            |
|    time_elapsed         | 19           |
|    total_timesteps      | 32768        |
| train/                  |              |
|    approx_kl            | 0.0072922288 |
|    clip_fraction        | 0.0412       |
|    clip_range           | 0.2          |
|    entropy_loss         | -2.82        |
|    explained_variance   | 0.0476       |
|    learning_rate        | 0.0001       |
|    loss                 | 0.636        |
|    n_updates            | 12           |
|    policy_gradient_loss | -0.0144      |
|    value_loss           | 0.666        |
------------------------------------------
------------------------------------------
| episode/                |              |
|    lines_cleared_mean   | 1            |
|    perfect_clears_mean  | 0            |
|    pieces_placed_mean   | 14.1         |
| rollout/                |              |
|    ep_len_mean          | 16.9         |
|    ep_rew_mean          | 9.54         |
| time/                   |              |
|    fps                  | 1700         |
|    iterations           | 5            |
|    time_elapsed         | 24           |
|    total_timesteps      | 40960        |
| train/                  |              |
|    approx_kl            | 0.0058034174 |
|    clip_fraction        | 0.0224       |
|    clip_range           | 0.2          |
|    entropy_loss         | -2.79        |
|    explained_variance   | 0.00031      |
|    learning_rate        | 0.0001       |
|    loss                 | 0.609        |
|    n_updates            | 16           |
|    policy_gradient_loss | -0.013       |
|    value_loss           | 0.626        |
------------------------------------------
-----------------------------------------
| episode/                |             |
|    lines_cleared_mean   | 2.7         |
|    perfect_clears_mean  | 0           |
|    pieces_placed_mean   | 18.2        |
| rollout/                |             |
|    ep_len_mean          | 16.5        |
|    ep_rew_mean          | 8.82        |
| time/                   |             |
|    fps                  | 1685        |
|    iterations           | 6           |
|    time_elapsed         | 29          |
|    total_timesteps      | 49152       |
| train/                  |             |
|    approx_kl            | 0.006602808 |
|    clip_fraction        | 0.0349      |
|    clip_range           | 0.2         |
|    entropy_loss         | -2.79       |
|    explained_variance   | 0.0165      |
|    learning_rate        | 0.0001      |
|    loss                 | 0.532       |
|    n_updates            | 20          |
|    policy_gradient_loss | -0.0132     |
|    value_loss           | 0.652       |
-----------------------------------------
------------------------------------------
| episode/                |              |
|    lines_cleared_mean   | 2.36         |
|    perfect_clears_mean  | 0            |
|    pieces_placed_mean   | 17.3         |
| rollout/                |              |
|    ep_len_mean          | 16.1         |
|    ep_rew_mean          | 7.7          |
| time/                   |              |
|    fps                  | 1673         |
|    iterations           | 7            |
|    time_elapsed         | 34           |
|    total_timesteps      | 57344        |
| train/                  |              |
|    approx_kl            | 0.0065435646 |
|    clip_fraction        | 0.0324       |
|    clip_range           | 0.2          |
|    entropy_loss         | -2.78        |
|    explained_variance   | 0.0588       |
|    learning_rate        | 0.0001       |
|    loss                 | 0.589        |
|    n_updates            | 24           |
|    policy_gradient_loss | -0.0141      |
|    value_loss           | 0.663        |
------------------------------------------
------------------------------------------
| episode/                |              |
|    lines_cleared_mean   | 1.82         |
|    perfect_clears_mean  | 0            |
|    pieces_placed_mean   | 16.8         |
| rollout/                |              |
|    ep_len_mean          | 16           |
|    ep_rew_mean          | 7.57         |
| time/                   |              |
|    fps                  | 1664         |
|    iterations           | 8            |
|    time_elapsed         | 39           |
|    total_timesteps      | 65536        |
| train/                  |              |
|    approx_kl            | 0.0059354333 |
|    clip_fraction        | 0.0253       |
|    clip_range           | 0.2          |
|    entropy_loss         | -2.78        |
|    explained_variance   | 0.035        |
|    learning_rate        | 0.0001       |
|    loss                 | 0.574        |
|    n_updates            | 28           |
|    policy_gradient_loss | -0.0126      |
|    value_loss           | 0.674        |
------------------------------------------
------------------------------------------
| episode/                |              |
|    lines_cleared_mean   | 1.2          |
|    perfect_clears_mean  | 0            |
|    pieces_placed_mean   | 14.3         |
| rollout/                |              |
|    ep_len_mean          | 15.7         |
|    ep_rew_mean          | 6.74         |
| time/                   |              |
|    fps                  | 1658         |
|    iterations           | 9            |
|    time_elapsed         | 44           |
|    total_timesteps      | 73728        |
| train/                  |              |
|    approx_kl            | 0.0062948084 |
|    clip_fraction        | 0.0292       |
|    clip_range           | 0.2          |
|    entropy_loss         | -2.79        |
|    explained_variance   | 0.0311       |
|    learning_rate        | 0.0001       |
|    loss                 | 0.558        |
|    n_updates            | 32           |
|    policy_gradient_loss | -0.0135      |
|    value_loss           | 0.641        |
------------------------------------------
------------------------------------------
| episode/                |              |
|    lines_cleared_mean   | 1.1          |
|    perfect_clears_mean  | 0            |
|    pieces_placed_mean   | 14.2         |
| rollout/                |              |
|    ep_len_mean          | 16.1         |
|    ep_rew_mean          | 7.63         |
| time/                   |              |
|    fps                  | 1652         |
|    iterations           | 10           |
|    time_elapsed         | 49           |
|    total_timesteps      | 81920        |
| train/                  |              |
|    approx_kl            | 0.0071871188 |
|    clip_fraction        | 0.0363       |
|    clip_range           | 0.2          |
|    entropy_loss         | -2.76        |
|    explained_variance   | 0.0595       |
|    learning_rate        | 0.0001       |
|    loss                 | 0.614        |
|    n_updates            | 36           |
|    policy_gradient_loss | -0.0145      |
|    value_loss           | 0.641        |
------------------------------------------
------------------------------------------
| episode/                |              |
|    lines_cleared_mean   | 0.636        |
|    perfect_clears_mean  | 0            |
|    pieces_placed_mean   | 13.9         |
| rollout/                |              |
|    ep_len_mean          | 15.7         |
|    ep_rew_mean          | 6.91         |
| time/                   |              |
|    fps                  | 1648         |
|    iterations           | 11           |
|    time_elapsed         | 54           |
|    total_timesteps      | 90112        |
| train/                  |              |
|    approx_kl            | 0.0073272716 |
|    clip_fraction        | 0.0447       |
|    clip_range           | 0.2          |
|    entropy_loss         | -2.77        |
|    explained_variance   | 0.0267       |
|    learning_rate        | 0.0001       |
|    loss                 | 0.56         |
|    n_updates            | 40           |
|    policy_gradient_loss | -0.0147      |
|    value_loss           | 0.636        |
------------------------------------------
-----------------------------------------
| episode/                |             |
|    lines_cleared_mean   | 1.9         |
|    perfect_clears_mean  | 0           |
|    pieces_placed_mean   | 17.1        |
| rollout/                |             |
|    ep_len_mean          | 16.2        |
|    ep_rew_mean          | 8.01        |
| time/                   |             |
|    fps                  | 1644        |
|    iterations           | 12          |
|    time_elapsed         | 59          |
|    total_timesteps      | 98304       |
| train/                  |             |
|    approx_kl            | 0.007552905 |
|    clip_fraction        | 0.0509      |
|    clip_range           | 0.2         |
|    entropy_loss         | -2.75       |
|    explained_variance   | 0.0696      |
|    learning_rate        | 0.0001      |
|    loss                 | 0.571       |
|    n_updates            | 44          |
|    policy_gradient_loss | -0.0153     |
|    value_loss           | 0.628       |
-----------------------------------------

[WARNING] explained_variance=0.062 после 100,016 шагов. Критик не обучается — проверь нормализацию наград.

------------------------------------------
| episode/                |              |
|    lines_cleared_mean   | 2.55         |
|    perfect_clears_mean  | 0            |
|    pieces_placed_mean   | 18.5         |
| rollout/                |              |
|    ep_len_mean          | 16.2         |
|    ep_rew_mean          | 7.99         |
| time/                   |              |
|    fps                  | 1639         |
|    iterations           | 13           |
|    time_elapsed         | 64           |
|    total_timesteps      | 106496       |
| train/                  |              |
|    approx_kl            | 0.0070194947 |
|    clip_fraction        | 0.0421       |
|    clip_range           | 0.2          |
|    entropy_loss         | -2.78        |
|    explained_variance   | 0.0619       |
|    learning_rate        | 0.0001       |
|    loss                 | 0.581        |
|    n_updates            | 48           |
|    policy_gradient_loss | -0.0145      |
|    value_loss           | 0.663        |
------------------------------------------
------------------------------------------
| episode/                |              |
|    lines_cleared_mean   | 1.6          |
|    perfect_clears_mean  | 0            |
|    pieces_placed_mean   | 15.9         |
| rollout/                |              |
|    ep_len_mean          | 16.7         |
|    ep_rew_mean          | 9.26         |
| time/                   |              |
|    fps                  | 1636         |
|    iterations           | 14           |
|    time_elapsed         | 70           |
|    total_timesteps      | 114688       |
| train/                  |              |
|    approx_kl            | 0.0068612997 |
|    clip_fraction        | 0.0378       |
|    clip_range           | 0.2          |
|    entropy_loss         | -2.74        |
|    explained_variance   | 0.0558       |
|    learning_rate        | 0.0001       |
|    loss                 | 0.544        |
|    n_updates            | 52           |
|    policy_gradient_loss | -0.0135      |
|    value_loss           | 0.617        |
------------------------------------------
-----------------------------------------
| episode/                |             |
|    lines_cleared_mean   | 1.8         |
|    perfect_clears_mean  | 0           |
|    pieces_placed_mean   | 16.4        |
| rollout/                |             |
|    ep_len_mean          | 17.2        |
|    ep_rew_mean          | 9.67        |
| time/                   |             |
|    fps                  | 1633        |
|    iterations           | 15          |
|    time_elapsed         | 75          |
|    total_timesteps      | 122880      |
| train/                  |             |
|    approx_kl            | 0.008136794 |
|    clip_fraction        | 0.0537      |
|    clip_range           | 0.2         |
|    entropy_loss         | -2.75       |
|    explained_variance   | 0.0676      |
|    learning_rate        | 0.0001      |
|    loss                 | 0.544       |
|    n_updates            | 56          |
|    policy_gradient_loss | -0.0159     |
|    value_loss           | 0.69        |
-----------------------------------------
-----------------------------------------
| episode/                |             |
|    lines_cleared_mean   | 2.6         |
|    perfect_clears_mean  | 0           |
|    pieces_placed_mean   | 18.9        |
| rollout/                |             |
|    ep_len_mean          | 16.5        |
|    ep_rew_mean          | 8.21        |
| time/                   |             |
|    fps                  | 1630        |
|    iterations           | 16          |
|    time_elapsed         | 80          |
|    total_timesteps      | 131072      |
| train/                  |             |
|    approx_kl            | 0.007331799 |
|    clip_fraction        | 0.0417      |
|    clip_range           | 0.2         |
|    entropy_loss         | -2.74       |
|    explained_variance   | 0.0412      |
|    learning_rate        | 0.0001      |
|    loss                 | 0.59        |
|    n_updates            | 60          |
|    policy_gradient_loss | -0.0151     |
|    value_loss           | 0.68        |
-----------------------------------------
-----------------------------------------
| episode/                |             |
|    lines_cleared_mean   | 1.9         |
|    perfect_clears_mean  | 0           |
|    pieces_placed_mean   | 16.5        |
| rollout/                |             |
|    ep_len_mean          | 16.7        |
|    ep_rew_mean          | 8.85        |
| time/                   |             |
|    fps                  | 1628        |
|    iterations           | 17          |
|    time_elapsed         | 85          |
|    total_timesteps      | 139264      |
| train/                  |             |
|    approx_kl            | 0.007226163 |
|    clip_fraction        | 0.0485      |
|    clip_range           | 0.2         |
|    entropy_loss         | -2.74       |
|    explained_variance   | 0.0251      |
|    learning_rate        | 0.0001      |
|    loss                 | 0.602       |
|    n_updates            | 64          |
|    policy_gradient_loss | -0.015      |
|    value_loss           | 0.69        |
-----------------------------------------
-----------------------------------------
| episode/                |             |
|    lines_cleared_mean   | 2           |
|    perfect_clears_mean  | 0           |
|    pieces_placed_mean   | 17.8        |
| rollout/                |             |
|    ep_len_mean          | 17          |
|    ep_rew_mean          | 9.04        |
| time/                   |             |
|    fps                  | 1625        |
|    iterations           | 18          |
|    time_elapsed         | 90          |
|    total_timesteps      | 147456      |
| train/                  |             |
|    approx_kl            | 0.007935773 |
|    clip_fraction        | 0.0587      |
|    clip_range           | 0.2         |
|    entropy_loss         | -2.73       |
|    explained_variance   | 0.0954      |
|    learning_rate        | 0.0001      |
|    loss                 | 0.546       |
|    n_updates            | 68          |
|    policy_gradient_loss | -0.0162     |
|    value_loss           | 0.557       |
-----------------------------------------
-----------------------------------------
| episode/                |             |
|    lines_cleared_mean   | 2.3         |
|    perfect_clears_mean  | 0           |
|    pieces_placed_mean   | 17.1        |
| rollout/                |             |
|    ep_len_mean          | 17          |
|    ep_rew_mean          | 9.52        |
| time/                   |             |
|    fps                  | 1623        |
|    iterations           | 19          |
|    time_elapsed         | 95          |
|    total_timesteps      | 155648      |
| train/                  |             |
|    approx_kl            | 0.007430178 |
|    clip_fraction        | 0.0455      |
|    clip_range           | 0.2         |
|    entropy_loss         | -2.68       |
|    explained_variance   | 0.0457      |
|    learning_rate        | 0.0001      |
|    loss                 | 0.732       |
|    n_updates            | 72          |
|    policy_gradient_loss | -0.0125     |
|    value_loss           | 0.668       |
-----------------------------------------
----------------------------------------
| episode/                |            |
|    lines_cleared_mean   | 2          |
|    perfect_clears_mean  | 0          |
|    pieces_placed_mean   | 18.1       |
| rollout/                |            |
|    ep_len_mean          | 16         |
|    ep_rew_mean          | 7.33       |
| time/                   |            |
|    fps                  | 1621       |
|    iterations           | 20         |
|    time_elapsed         | 101        |
|    total_timesteps      | 163840     |
| train/                  |            |
|    approx_kl            | 0.00800531 |
|    clip_fraction        | 0.0616     |
|    clip_range           | 0.2        |
|    entropy_loss         | -2.64      |
|    explained_variance   | 0.0388     |
|    learning_rate        | 0.0001     |
|    loss                 | 0.613      |
|    n_updates            | 76         |
|    policy_gradient_loss | -0.0155    |
|    value_loss           | 0.685      |
----------------------------------------
-----------------------------------------
| episode/                |             |
|    lines_cleared_mean   | 2.5         |
|    perfect_clears_mean  | 0           |
|    pieces_placed_mean   | 18          |
| rollout/                |             |
|    ep_len_mean          | 17.3        |
|    ep_rew_mean          | 10          |
| time/                   |             |
|    fps                  | 1618        |
|    iterations           | 21          |
|    time_elapsed         | 106         |
|    total_timesteps      | 172032      |
| train/                  |             |
|    approx_kl            | 0.007099897 |
|    clip_fraction        | 0.0431      |
|    clip_range           | 0.2         |
|    entropy_loss         | -2.67       |
|    explained_variance   | 0.0442      |
|    learning_rate        | 0.0001      |
|    loss                 | 0.556       |
|    n_updates            | 80          |
|    policy_gradient_loss | -0.013      |
|    value_loss           | 0.645       |
-----------------------------------------
------------------------------------------
| episode/                |              |
|    lines_cleared_mean   | 3.4          |
|    perfect_clears_mean  | 0            |
|    pieces_placed_mean   | 20.2         |
| rollout/                |              |
|    ep_len_mean          | 17.3         |
|    ep_rew_mean          | 9.73         |
| time/                   |              |
|    fps                  | 1617         |
|    iterations           | 22           |
|    time_elapsed         | 111          |
|    total_timesteps      | 180224       |
| train/                  |              |
|    approx_kl            | 0.0077629737 |
|    clip_fraction        | 0.0527       |
|    clip_range           | 0.2          |
|    entropy_loss         | -2.64        |
|    explained_variance   | 0.0398       |
|    learning_rate        | 0.0001       |
|    loss                 | 0.646        |
|    n_updates            | 84           |
|    policy_gradient_loss | -0.0146      |
|    value_loss           | 0.656        |
------------------------------------------
-----------------------------------------
| episode/                |             |
|    lines_cleared_mean   | 0.7         |
|    perfect_clears_mean  | 0           |
|    pieces_placed_mean   | 14.5        |
| rollout/                |             |
|    ep_len_mean          | 17.6        |
|    ep_rew_mean          | 10.9        |
| time/                   |             |
|    fps                  | 1615        |
|    iterations           | 23          |
|    time_elapsed         | 116         |
|    total_timesteps      | 188416      |
| train/                  |             |
|    approx_kl            | 0.008014474 |
|    clip_fraction        | 0.0492      |
|    clip_range           | 0.2         |
|    entropy_loss         | -2.62       |
|    explained_variance   | 0.0758      |
|    learning_rate        | 0.0001      |
|    loss                 | 0.632       |
|    n_updates            | 88          |
|    policy_gradient_loss | -0.0148     |
|    value_loss           | 0.654       |
-----------------------------------------
------------------------------------------
| episode/                |              |
|    lines_cleared_mean   | 2.83         |
|    perfect_clears_mean  | 0            |
|    pieces_placed_mean   | 19.2         |
| rollout/                |              |
|    ep_len_mean          | 17.1         |
|    ep_rew_mean          | 9.68         |
| time/                   |              |
|    fps                  | 1613         |
|    iterations           | 24           |
|    time_elapsed         | 121          |
|    total_timesteps      | 196608       |
| train/                  |              |
|    approx_kl            | 0.0062504006 |
|    clip_fraction        | 0.0414       |
|    clip_range           | 0.2          |
|    entropy_loss         | -2.62        |
|    explained_variance   | 0.0568       |
|    learning_rate        | 0.0001       |
|    loss                 | 0.525        |
|    n_updates            | 92           |
|    policy_gradient_loss | -0.0133      |
|    value_loss           | 0.724        |
------------------------------------------
-----------------------------------------
| episode/                |             |
|    lines_cleared_mean   | 0.8         |
|    perfect_clears_mean  | 0           |
|    pieces_placed_mean   | 14.8        |
| rollout/                |             |
|    ep_len_mean          | 15.7        |
|    ep_rew_mean          | 6.48        |
| time/                   |             |
|    fps                  | 1611        |
|    iterations           | 25          |
|    time_elapsed         | 127         |
|    total_timesteps      | 204800      |
| train/                  |             |
|    approx_kl            | 0.008160211 |
|    clip_fraction        | 0.0538      |
|    clip_range           | 0.2         |
|    entropy_loss         | -2.59       |
|    explained_variance   | 0.0391      |
|    learning_rate        | 0.0001      |
|    loss                 | 0.622       |
|    n_updates            | 96          |
|    policy_gradient_loss | -0.0156     |
|    value_loss           | 0.741       |
-----------------------------------------
----------------------------------------
| episode/                |            |
|    lines_cleared_mean   | 0.727      |
|    perfect_clears_mean  | 0          |
|    pieces_placed_mean   | 13.6       |
| rollout/                |            |
|    ep_len_mean          | 16.4       |
|    ep_rew_mean          | 8.33       |
| time/                   |            |
|    fps                  | 1610       |
|    iterations           | 26         |
|    time_elapsed         | 132        |
|    total_timesteps      | 212992     |
| train/                  |            |
|    approx_kl            | 0.00872436 |
|    clip_fraction        | 0.0618     |
|    clip_range           | 0.2        |
|    entropy_loss         | -2.63      |
|    explained_variance   | 0.0658     |
|    learning_rate        | 0.0001     |
|    loss                 | 0.436      |
|    n_updates            | 100        |
|    policy_gradient_loss | -0.0151    |
|    value_loss           | 0.575      |
----------------------------------------
-----------------------------------------
| episode/                |             |
|    lines_cleared_mean   | 2           |
|    perfect_clears_mean  | 0           |
|    pieces_placed_mean   | 16.7        |
| rollout/                |             |
|    ep_len_mean          | 16.8        |
|    ep_rew_mean          | 8.88        |
| time/                   |             |
|    fps                  | 1608        |
|    iterations           | 27          |
|    time_elapsed         | 137         |
|    total_timesteps      | 221184      |
| train/                  |             |
|    approx_kl            | 0.008757191 |
|    clip_fraction        | 0.0665      |
|    clip_range           | 0.2         |
|    entropy_loss         | -2.58       |
|    explained_variance   | 0.0752      |
|    learning_rate        | 0.0001      |
|    loss                 | 0.605       |
|    n_updates            | 104         |
|    policy_gradient_loss | -0.0159     |
|    value_loss           | 0.676       |
-----------------------------------------
-----------------------------------------
| episode/                |             |
|    lines_cleared_mean   | 3.3         |
|    perfect_clears_mean  | 0           |
|    pieces_placed_mean   | 20.1        |
| rollout/                |             |
|    ep_len_mean          | 17.1        |
|    ep_rew_mean          | 9.81        |
| time/                   |             |
|    fps                  | 1607        |
|    iterations           | 28          |
|    time_elapsed         | 142         |
|    total_timesteps      | 229376      |
| train/                  |             |
|    approx_kl            | 0.008347794 |
|    clip_fraction        | 0.0685      |
|    clip_range           | 0.2         |
|    entropy_loss         | -2.55       |
|    explained_variance   | 0.0907      |
|    learning_rate        | 0.0001      |
|    loss                 | 0.505       |
|    n_updates            | 108         |
|    policy_gradient_loss | -0.0149     |
|    value_loss           | 0.618       |
-----------------------------------------
-----------------------------------------
| episode/                |             |
|    lines_cleared_mean   | 1.7         |
|    perfect_clears_mean  | 0           |
|    pieces_placed_mean   | 16.5        |
| rollout/                |             |
|    ep_len_mean          | 17.9        |
|    ep_rew_mean          | 11.7        |
| time/                   |             |
|    fps                  | 1605        |
|    iterations           | 29          |
|    time_elapsed         | 147         |
|    total_timesteps      | 237568      |
| train/                  |             |
|    approx_kl            | 0.008642459 |
|    clip_fraction        | 0.06        |
|    clip_range           | 0.2         |
|    entropy_loss         | -2.59       |
|    explained_variance   | 0.135       |
|    learning_rate        | 0.0001      |
|    loss                 | 0.408       |
|    n_updates            | 112         |
|    policy_gradient_loss | -0.0137     |
|    value_loss           | 0.525       |
-----------------------------------------
------------------------------------------
| episode/                |              |
|    lines_cleared_mean   | 1.2          |
|    perfect_clears_mean  | 0            |
|    pieces_placed_mean   | 15.4         |
| rollout/                |              |
|    ep_len_mean          | 17.4         |
|    ep_rew_mean          | 9.92         |
| time/                   |              |
|    fps                  | 1604         |
|    iterations           | 30           |
|    time_elapsed         | 153          |
|    total_timesteps      | 245760       |
| train/                  |              |
|    approx_kl            | 0.0076338374 |
|    clip_fraction        | 0.0604       |
|    clip_range           | 0.2          |
|    entropy_loss         | -2.5         |
|    explained_variance   | 0.0781       |
|    learning_rate        | 0.0001       |
|    loss                 | 0.589        |
|    n_updates            | 116          |
|    policy_gradient_loss | -0.0127      |
|    value_loss           | 0.65         |
------------------------------------------
-----------------------------------------
| episode/                |             |
|    lines_cleared_mean   | 1.9         |
|    perfect_clears_mean  | 0           |
|    pieces_placed_mean   | 16.2        |
| rollout/                |             |
|    ep_len_mean          | 17.3        |
|    ep_rew_mean          | 9.94        |
| time/                   |             |
|    fps                  | 1603        |
|    iterations           | 31          |
|    time_elapsed         | 158         |
|    total_timesteps      | 253952      |
| train/                  |             |
|    approx_kl            | 0.007974782 |
|    clip_fraction        | 0.0682      |
|    clip_range           | 0.2         |
|    entropy_loss         | -2.5        |
|    explained_variance   | 0.0625      |
|    learning_rate        | 0.0001      |
|    loss                 | 0.36        |
|    n_updates            | 120         |
|    policy_gradient_loss | -0.0147     |
|    value_loss           | 0.631       |
-----------------------------------------
-----------------------------------------
| episode/                |             |
|    lines_cleared_mean   | 2.7         |
|    perfect_clears_mean  | 0           |
|    pieces_placed_mean   | 17.6        |
| rollout/                |             |
|    ep_len_mean          | 17.6        |
|    ep_rew_mean          | 10.5        |
| time/                   |             |
|    fps                  | 1602        |
|    iterations           | 32          |
|    time_elapsed         | 163         |
|    total_timesteps      | 262144      |
| train/                  |             |
|    approx_kl            | 0.007840773 |
|    clip_fraction        | 0.0592      |
|    clip_range           | 0.2         |
|    entropy_loss         | -2.45       |
|    explained_variance   | 0.0811      |
|    learning_rate        | 0.0001      |
|    loss                 | 0.505       |
|    n_updates            | 124         |
|    policy_gradient_loss | -0.013      |
|    value_loss           | 0.634       |
-----------------------------------------
-----------------------------------------
| episode/                |             |
|    lines_cleared_mean   | 1.2         |
|    perfect_clears_mean  | 0           |
|    pieces_placed_mean   | 15.6        |
| rollout/                |             |
|    ep_len_mean          | 17.3        |
|    ep_rew_mean          | 9.56        |
| time/                   |             |
|    fps                  | 1601        |
|    iterations           | 33          |
|    time_elapsed         | 168         |
|    total_timesteps      | 270336      |
| train/                  |             |
|    approx_kl            | 0.008063604 |
|    clip_fraction        | 0.0606      |
|    clip_range           | 0.2         |
|    entropy_loss         | -2.43       |
|    explained_variance   | 0.0908      |
|    learning_rate        | 0.0001      |
|    loss                 | 0.671       |
|    n_updates            | 128         |
|    policy_gradient_loss | -0.0136     |
|    value_loss           | 0.67        |
-----------------------------------------
-----------------------------------------
| episode/                |             |
|    lines_cleared_mean   | 3.62        |
|    perfect_clears_mean  | 0           |
|    pieces_placed_mean   | 20.6        |
| rollout/                |             |
|    ep_len_mean          | 17.6        |
|    ep_rew_mean          | 10.7        |
| time/                   |             |
|    fps                  | 1599        |
|    iterations           | 34          |
|    time_elapsed         | 174         |
|    total_timesteps      | 278528      |
| train/                  |             |
|    approx_kl            | 0.008476889 |
|    clip_fraction        | 0.0698      |
|    clip_range           | 0.2         |
|    entropy_loss         | -2.42       |
|    explained_variance   | 0.0747      |
|    learning_rate        | 0.0001      |
|    loss                 | 0.609       |
|    n_updates            | 132         |
|    policy_gradient_loss | -0.0146     |
|    value_loss           | 0.76        |
-----------------------------------------
---------------------------------------
| episode/                |           |
|    lines_cleared_mean   | 4.7       |
|    perfect_clears_mean  | 0         |
|    pieces_placed_mean   | 23.6      |
| rollout/                |           |
|    ep_len_mean          | 18.3      |
|    ep_rew_mean          | 12.3      |
| time/                   |           |
|    fps                  | 1598      |
|    iterations           | 35        |
|    time_elapsed         | 179       |
|    total_timesteps      | 286720    |
| train/                  |           |
|    approx_kl            | 0.0093898 |
|    clip_fraction        | 0.0761    |
|    clip_range           | 0.2       |
|    entropy_loss         | -2.39     |
|    explained_variance   | 0.0556    |
|    learning_rate        | 0.0001    |
|    loss                 | 0.635     |
|    n_updates            | 136       |
|    policy_gradient_loss | -0.0152   |
|    value_loss           | 0.717     |
---------------------------------------
-----------------------------------------
| episode/                |             |
|    lines_cleared_mean   | 2.8         |
|    perfect_clears_mean  | 0           |
|    pieces_placed_mean   | 18.9        |
| rollout/                |             |
|    ep_len_mean          | 17.9        |
|    ep_rew_mean          | 11.4        |
| time/                   |             |
|    fps                  | 1597        |
|    iterations           | 36          |
|    time_elapsed         | 184         |
|    total_timesteps      | 294912      |
| train/                  |             |
|    approx_kl            | 0.007799643 |
|    clip_fraction        | 0.0663      |
|    clip_range           | 0.2         |
|    entropy_loss         | -2.39       |
|    explained_variance   | 0.0929      |
|    learning_rate        | 0.0001      |
|    loss                 | 0.696       |
|    n_updates            | 140         |
|    policy_gradient_loss | -0.0135     |
|    value_loss           | 0.639       |
-----------------------------------------
-----------------------------------------
| episode/                |             |
|    lines_cleared_mean   | 1.7         |
|    perfect_clears_mean  | 0           |
|    pieces_placed_mean   | 16          |
| rollout/                |             |
|    ep_len_mean          | 17.8        |
|    ep_rew_mean          | 10.6        |
| time/                   |             |
|    fps                  | 1597        |
|    iterations           | 37          |
|    time_elapsed         | 189         |
|    total_timesteps      | 303104      |
| train/                  |             |
|    approx_kl            | 0.008238607 |
|    clip_fraction        | 0.0691      |
|    clip_range           | 0.2         |
|    entropy_loss         | -2.32       |
|    explained_variance   | 0.0954      |
|    learning_rate        | 0.0001      |
|    loss                 | 0.699       |
|    n_updates            | 144         |
|    policy_gradient_loss | -0.0131     |
|    value_loss           | 0.648       |
-----------------------------------------
-----------------------------------------
| episode/                |             |
|    lines_cleared_mean   | 1           |
|    perfect_clears_mean  | 0           |
|    pieces_placed_mean   | 15.6        |
| rollout/                |             |
|    ep_len_mean          | 18.5        |
|    ep_rew_mean          | 12.3        |
| time/                   |             |
|    fps                  | 1596        |
|    iterations           | 38          |
|    time_elapsed         | 194         |
|    total_timesteps      | 311296      |
| train/                  |             |
|    approx_kl            | 0.008841457 |
|    clip_fraction        | 0.0831      |
|    clip_range           | 0.2         |
|    entropy_loss         | -2.37       |
|    explained_variance   | 0.126       |
|    learning_rate        | 0.0001      |
|    loss                 | 0.53        |
|    n_updates            | 148         |
|    policy_gradient_loss | -0.0147     |
|    value_loss           | 0.589       |
-----------------------------------------
-----------------------------------------
| episode/                |             |
|    lines_cleared_mean   | 1.9         |
|    perfect_clears_mean  | 0           |
|    pieces_placed_mean   | 16.7        |
| rollout/                |             |
|    ep_len_mean          | 17.6        |
|    ep_rew_mean          | 10.4        |
| time/                   |             |
|    fps                  | 1595        |
|    iterations           | 39          |
|    time_elapsed         | 200         |
|    total_timesteps      | 319488      |
| train/                  |             |
|    approx_kl            | 0.008816487 |
|    clip_fraction        | 0.0688      |
|    clip_range           | 0.2         |
|    entropy_loss         | -2.3        |
|    explained_variance   | 0.0706      |
|    learning_rate        | 0.0001      |
|    loss                 | 0.553       |
|    n_updates            | 152         |
|    policy_gradient_loss | -0.0127     |
|    value_loss           | 0.717       |
-----------------------------------------
-----------------------------------------
| episode/                |             |
|    lines_cleared_mean   | 3.2         |
|    perfect_clears_mean  | 0           |
|    pieces_placed_mean   | 20.6        |
| rollout/                |             |
|    ep_len_mean          | 18.2        |
|    ep_rew_mean          | 11.5        |
| time/                   |             |
|    fps                  | 1594        |
|    iterations           | 40          |
|    time_elapsed         | 205         |
|    total_timesteps      | 327680      |
| train/                  |             |
|    approx_kl            | 0.008459775 |
|    clip_fraction        | 0.0679      |
|    clip_range           | 0.2         |
|    entropy_loss         | -2.29       |
|    explained_variance   | 0.105       |
|    learning_rate        | 0.0001      |
|    loss                 | 0.677       |
|    n_updates            | 156         |
|    policy_gradient_loss | -0.013      |
|    value_loss           | 0.676       |
-----------------------------------------
-----------------------------------------
| episode/                |             |
|    lines_cleared_mean   | 1.9         |
|    perfect_clears_mean  | 0           |
|    pieces_placed_mean   | 17.9        |
| rollout/                |             |
|    ep_len_mean          | 17.5        |
|    ep_rew_mean          | 10.3        |
| time/                   |             |
|    fps                  | 1594        |
|    iterations           | 41          |
|    time_elapsed         | 210         |
|    total_timesteps      | 335872      |
| train/                  |             |
|    approx_kl            | 0.008223965 |
|    clip_fraction        | 0.0741      |
|    clip_range           | 0.2         |
|    entropy_loss         | -2.25       |
|    explained_variance   | 0.0431      |
|    learning_rate        | 0.0001      |
|    loss                 | 0.607       |
|    n_updates            | 160         |
|    policy_gradient_loss | -0.0137     |
|    value_loss           | 0.689       |
-----------------------------------------
-----------------------------------------
| episode/                |             |
|    lines_cleared_mean   | 2.55        |
|    perfect_clears_mean  | 0           |
|    pieces_placed_mean   | 18.1        |
| rollout/                |             |
|    ep_len_mean          | 18.2        |
|    ep_rew_mean          | 12          |
| time/                   |             |
|    fps                  | 1593        |
|    iterations           | 42          |
|    time_elapsed         | 215         |
|    total_timesteps      | 344064      |
| train/                  |             |
|    approx_kl            | 0.007561423 |
|    clip_fraction        | 0.0599      |
|    clip_range           | 0.2         |
|    entropy_loss         | -2.18       |
|    explained_variance   | 0.111       |
|    learning_rate        | 0.0001      |
|    loss                 | 0.758       |
|    n_updates            | 164         |
|    policy_gradient_loss | -0.0116     |
|    value_loss           | 0.745       |
-----------------------------------------
------------------------------------------
| episode/                |              |
|    lines_cleared_mean   | 3.36         |
|    perfect_clears_mean  | 0            |
|    pieces_placed_mean   | 21.3         |
| rollout/                |              |
|    ep_len_mean          | 18.8         |
|    ep_rew_mean          | 12.8         |
| time/                   |              |
|    fps                  | 1593         |
|    iterations           | 43           |
|    time_elapsed         | 221          |
|    total_timesteps      | 352256       |
| train/                  |              |
|    approx_kl            | 0.0080908965 |
|    clip_fraction        | 0.0681       |
|    clip_range           | 0.2          |
|    entropy_loss         | -2.15        |
|    explained_variance   | 0.107        |
|    learning_rate        | 0.0001       |
|    loss                 | 0.651        |
|    n_updates            | 168          |
|    policy_gradient_loss | -0.0125      |
|    value_loss           | 0.793        |
------------------------------------------
-----------------------------------------
| episode/                |             |
|    lines_cleared_mean   | 2.2         |
|    perfect_clears_mean  | 0           |
|    pieces_placed_mean   | 18.5        |
| rollout/                |             |
|    ep_len_mean          | 19.9        |
|    ep_rew_mean          | 14.5        |
| time/                   |             |
|    fps                  | 1592        |
|    iterations           | 44          |
|    time_elapsed         | 226         |
|    total_timesteps      | 360448      |
| train/                  |             |
|    approx_kl            | 0.007216881 |
|    clip_fraction        | 0.0626      |
|    clip_range           | 0.2         |
|    entropy_loss         | -2.12       |
|    explained_variance   | 0.104       |
|    learning_rate        | 0.0001      |
|    loss                 | 0.693       |
|    n_updates            | 172         |
|    policy_gradient_loss | -0.0114     |
|    value_loss           | 0.746       |
-----------------------------------------
-----------------------------------------
| episode/                |             |
|    lines_cleared_mean   | 2           |
|    perfect_clears_mean  | 0           |
|    pieces_placed_mean   | 17.2        |
| rollout/                |             |
|    ep_len_mean          | 18.8        |
|    ep_rew_mean          | 12.6        |
| time/                   |             |
|    fps                  | 1592        |
|    iterations           | 45          |
|    time_elapsed         | 231         |
|    total_timesteps      | 368640      |
| train/                  |             |
|    approx_kl            | 0.007911809 |
|    clip_fraction        | 0.0716      |
|    clip_range           | 0.2         |
|    entropy_loss         | -2.1        |
|    explained_variance   | 0.144       |
|    learning_rate        | 0.0001      |
|    loss                 | 0.743       |
|    n_updates            | 176         |
|    policy_gradient_loss | -0.0118     |
|    value_loss           | 0.707       |
-----------------------------------------
-----------------------------------------
| episode/                |             |
|    lines_cleared_mean   | 2.1         |
|    perfect_clears_mean  | 0           |
|    pieces_placed_mean   | 16.7        |
| rollout/                |             |
|    ep_len_mean          | 19.1        |
|    ep_rew_mean          | 13.2        |
| time/                   |             |
|    fps                  | 1592        |
|    iterations           | 46          |
|    time_elapsed         | 236         |
|    total_timesteps      | 376832      |
| train/                  |             |
|    approx_kl            | 0.009416703 |
|    clip_fraction        | 0.0887      |
|    clip_range           | 0.2         |
|    entropy_loss         | -2.1        |
|    explained_variance   | 0.13        |
|    learning_rate        | 0.0001      |
|    loss                 | 0.506       |
|    n_updates            | 180         |
|    policy_gradient_loss | -0.0137     |
|    value_loss           | 0.713       |
-----------------------------------------
-----------------------------------------
| episode/                |             |
|    lines_cleared_mean   | 2.1         |
|    perfect_clears_mean  | 0           |
|    pieces_placed_mean   | 17.5        |
| rollout/                |             |
|    ep_len_mean          | 17.8        |
|    ep_rew_mean          | 10.5        |
| time/                   |             |
|    fps                  | 1591        |
|    iterations           | 47          |
|    time_elapsed         | 241         |
|    total_timesteps      | 385024      |
| train/                  |             |
|    approx_kl            | 0.008646918 |
|    clip_fraction        | 0.0741      |
|    clip_range           | 0.2         |
|    entropy_loss         | -2.08       |
|    explained_variance   | 0.125       |
|    learning_rate        | 0.0001      |
|    loss                 | 0.737       |
|    n_updates            | 184         |
|    policy_gradient_loss | -0.0115     |
|    value_loss           | 0.714       |
-----------------------------------------
-----------------------------------------
| episode/                |             |
|    lines_cleared_mean   | 3.5         |
|    perfect_clears_mean  | 0           |
|    pieces_placed_mean   | 20.3        |
| rollout/                |             |
|    ep_len_mean          | 19.8        |
|    ep_rew_mean          | 14.8        |
| time/                   |             |
|    fps                  | 1591        |
|    iterations           | 48          |
|    time_elapsed         | 247         |
|    total_timesteps      | 393216      |
| train/                  |             |
|    approx_kl            | 0.008431651 |
|    clip_fraction        | 0.0602      |
|    clip_range           | 0.2         |
|    entropy_loss         | -2.02       |
|    explained_variance   | 0.106       |
|    learning_rate        | 0.0001      |
|    loss                 | 0.705       |
|    n_updates            | 188         |
|    policy_gradient_loss | -0.0109     |
|    value_loss           | 0.712       |
-----------------------------------------
-----------------------------------------
| episode/                |             |
|    lines_cleared_mean   | 2.2         |
|    perfect_clears_mean  | 0           |
|    pieces_placed_mean   | 18          |
| rollout/                |             |
|    ep_len_mean          | 18.9        |
|    ep_rew_mean          | 12.9        |
| time/                   |             |
|    fps                  | 1590        |
|    iterations           | 49          |
|    time_elapsed         | 252         |
|    total_timesteps      | 401408      |
| train/                  |             |
|    approx_kl            | 0.007955838 |
|    clip_fraction        | 0.0741      |
|    clip_range           | 0.2         |
|    entropy_loss         | -2.01       |
|    explained_variance   | 0.143       |
|    learning_rate        | 0.0001      |
|    loss                 | 0.74        |
|    n_updates            | 192         |
|    policy_gradient_loss | -0.0114     |
|    value_loss           | 0.761       |
-----------------------------------------
----------------------------------------
| episode/                |            |
|    lines_cleared_mean   | 2.91       |
|    perfect_clears_mean  | 0          |
|    pieces_placed_mean   | 18.8       |
| rollout/                |            |
|    ep_len_mean          | 21         |
|    ep_rew_mean          | 17.3       |
| time/                   |            |
|    fps                  | 1589       |
|    iterations           | 50         |
|    time_elapsed         | 257        |
|    total_timesteps      | 409600     |
| train/                  |            |
|    approx_kl            | 0.00808599 |
|    clip_fraction        | 0.0754     |
|    clip_range           | 0.2        |
|    entropy_loss         | -2.01      |
|    explained_variance   | 0.125      |
|    learning_rate        | 0.0001     |
|    loss                 | 0.708      |
|    n_updates            | 196        |
|    policy_gradient_loss | -0.0127    |
|    value_loss           | 0.718      |
----------------------------------------
-----------------------------------------
| episode/                |             |
|    lines_cleared_mean   | 3.58        |
|    perfect_clears_mean  | 0           |
|    pieces_placed_mean   | 20.7        |
| rollout/                |             |
|    ep_len_mean          | 20.1        |
|    ep_rew_mean          | 15.6        |
| time/                   |             |
|    fps                  | 1589        |
|    iterations           | 51          |
|    time_elapsed         | 262         |
|    total_timesteps      | 417792      |
| train/                  |             |
|    approx_kl            | 0.007946393 |
|    clip_fraction        | 0.0747      |
|    clip_range           | 0.2         |
|    entropy_loss         | -1.93       |
|    explained_variance   | 0.115       |
|    learning_rate        | 0.0001      |
|    loss                 | 0.696       |
|    n_updates            | 200         |
|    policy_gradient_loss | -0.0112     |
|    value_loss           | 0.758       |
-----------------------------------------
-----------------------------------------
| episode/                |             |
|    lines_cleared_mean   | 2.55        |
|    perfect_clears_mean  | 0           |
|    pieces_placed_mean   | 18.8        |
| rollout/                |             |
|    ep_len_mean          | 19.1        |
|    ep_rew_mean          | 12.9        |
| time/                   |             |
|    fps                  | 1589        |
|    iterations           | 52          |
|    time_elapsed         | 268         |
|    total_timesteps      | 425984      |
| train/                  |             |
|    approx_kl            | 0.008495339 |
|    clip_fraction        | 0.0763      |
|    clip_range           | 0.2         |
|    entropy_loss         | -1.93       |
|    explained_variance   | 0.151       |
|    learning_rate        | 0.0001      |
|    loss                 | 0.726       |
|    n_updates            | 204         |
|    policy_gradient_loss | -0.0119     |
|    value_loss           | 0.723       |
-----------------------------------------
-----------------------------------------
| episode/                |             |
|    lines_cleared_mean   | 4.17        |
|    perfect_clears_mean  | 0           |
|    pieces_placed_mean   | 23.1        |
| rollout/                |             |
|    ep_len_mean          | 20.3        |
|    ep_rew_mean          | 15.9        |
| time/                   |             |
|    fps                  | 1589        |
|    iterations           | 53          |
|    time_elapsed         | 273         |
|    total_timesteps      | 434176      |
| train/                  |             |
|    approx_kl            | 0.007286245 |
|    clip_fraction        | 0.0672      |
|    clip_range           | 0.2         |
|    entropy_loss         | -1.91       |
|    explained_variance   | 0.178       |
|    learning_rate        | 0.0001      |
|    loss                 | 0.626       |
|    n_updates            | 208         |
|    policy_gradient_loss | -0.0105     |
|    value_loss           | 0.676       |
-----------------------------------------
-----------------------------------------
| episode/                |             |
|    lines_cleared_mean   | 3.1         |
|    perfect_clears_mean  | 0           |
|    pieces_placed_mean   | 19.6        |
| rollout/                |             |
|    ep_len_mean          | 20.5        |
|    ep_rew_mean          | 16          |
| time/                   |             |
|    fps                  | 1588        |
|    iterations           | 54          |
|    time_elapsed         | 278         |
|    total_timesteps      | 442368      |
| train/                  |             |
|    approx_kl            | 0.008437673 |
|    clip_fraction        | 0.0791      |
|    clip_range           | 0.2         |
|    entropy_loss         | -1.86       |
|    explained_variance   | 0.13        |
|    learning_rate        | 0.0001      |
|    loss                 | 0.599       |
|    n_updates            | 212         |
|    policy_gradient_loss | -0.0125     |
|    value_loss           | 0.735       |
-----------------------------------------
----------------------------------------
| episode/                |            |
|    lines_cleared_mean   | 3.73       |
|    perfect_clears_mean  | 0          |
|    pieces_placed_mean   | 21.7       |
| rollout/                |            |
|    ep_len_mean          | 20         |
|    ep_rew_mean          | 15.2       |
| time/                   |            |
|    fps                  | 1588       |
|    iterations           | 55         |
|    time_elapsed         | 283        |
|    total_timesteps      | 450560     |
| train/                  |            |
|    approx_kl            | 0.00785674 |
|    clip_fraction        | 0.0685     |
|    clip_range           | 0.2        |
|    entropy_loss         | -1.8       |
|    explained_variance   | 0.104      |
|    learning_rate        | 0.0001     |
|    loss                 | 0.815      |
|    n_updates            | 216        |
|    policy_gradient_loss | -0.0106    |
|    value_loss           | 0.836      |
----------------------------------------
------------------------------------------
| episode/                |              |
|    lines_cleared_mean   | 3            |
|    perfect_clears_mean  | 0            |
|    pieces_placed_mean   | 19.4         |
| rollout/                |              |
|    ep_len_mean          | 20           |
|    ep_rew_mean          | 15.5         |
| time/                   |              |
|    fps                  | 1588         |
|    iterations           | 56           |
|    time_elapsed         | 288          |
|    total_timesteps      | 458752       |
| train/                  |              |
|    approx_kl            | 0.0073529216 |
|    clip_fraction        | 0.0576       |
|    clip_range           | 0.2          |
|    entropy_loss         | -1.82        |
|    explained_variance   | 0.123        |
|    learning_rate        | 0.0001       |
|    loss                 | 0.734        |
|    n_updates            | 220          |
|    policy_gradient_loss | -0.0104      |
|    value_loss           | 0.865        |
------------------------------------------
-----------------------------------------
| episode/                |             |
|    lines_cleared_mean   | 2.2         |
|    perfect_clears_mean  | 0           |
|    pieces_placed_mean   | 17.5        |
| rollout/                |             |
|    ep_len_mean          | 20.5        |
|    ep_rew_mean          | 16          |
| time/                   |             |
|    fps                  | 1587        |
|    iterations           | 57          |
|    time_elapsed         | 294         |
|    total_timesteps      | 466944      |
| train/                  |             |
|    approx_kl            | 0.007831579 |
|    clip_fraction        | 0.067       |
|    clip_range           | 0.2         |
|    entropy_loss         | -1.76       |
|    explained_variance   | 0.14        |
|    learning_rate        | 0.0001      |
|    loss                 | 0.812       |
|    n_updates            | 224         |
|    policy_gradient_loss | -0.011      |
|    value_loss           | 0.84        |
-----------------------------------------
------------------------------------------
| episode/                |              |
|    lines_cleared_mean   | 3.4          |
|    perfect_clears_mean  | 0            |
|    pieces_placed_mean   | 21.1         |
| rollout/                |              |
|    ep_len_mean          | 20.9         |
|    ep_rew_mean          | 17.3         |
| time/                   |              |
|    fps                  | 1587         |
|    iterations           | 58           |
|    time_elapsed         | 299          |
|    total_timesteps      | 475136       |
| train/                  |              |
|    approx_kl            | 0.0083615845 |
|    clip_fraction        | 0.0835       |
|    clip_range           | 0.2          |
|    entropy_loss         | -1.75        |
|    explained_variance   | 0.121        |
|    learning_rate        | 0.0001       |
|    loss                 | 0.686        |
|    n_updates            | 228          |
|    policy_gradient_loss | -0.0128      |
|    value_loss           | 0.811        |
------------------------------------------
-----------------------------------------
| episode/                |             |
|    lines_cleared_mean   | 2.91        |
|    perfect_clears_mean  | 0           |
|    pieces_placed_mean   | 18.8        |
| rollout/                |             |
|    ep_len_mean          | 21          |
|    ep_rew_mean          | 17.4        |
| time/                   |             |
|    fps                  | 1587        |
|    iterations           | 59          |
|    time_elapsed         | 304         |
|    total_timesteps      | 483328      |
| train/                  |             |
|    approx_kl            | 0.008543549 |
|    clip_fraction        | 0.0757      |
|    clip_range           | 0.2         |
|    entropy_loss         | -1.71       |
|    explained_variance   | 0.131       |
|    learning_rate        | 0.0001      |
|    loss                 | 0.765       |
|    n_updates            | 232         |
|    policy_gradient_loss | -0.0115     |
|    value_loss           | 0.766       |
-----------------------------------------
----------------------------------------
| episode/                |            |
|    lines_cleared_mean   | 5.8        |
|    perfect_clears_mean  | 0          |
|    pieces_placed_mean   | 25.8       |
| rollout/                |            |
|    ep_len_mean          | 21.2       |
|    ep_rew_mean          | 18         |
| time/                   |            |
|    fps                  | 1587       |
|    iterations           | 60         |
|    time_elapsed         | 309        |
|    total_timesteps      | 491520     |
| train/                  |            |
|    approx_kl            | 0.00756196 |
|    clip_fraction        | 0.0711     |
|    clip_range           | 0.2        |
|    entropy_loss         | -1.71      |
|    explained_variance   | 0.141      |
|    learning_rate        | 0.0001     |
|    loss                 | 0.72       |
|    n_updates            | 236        |
|    policy_gradient_loss | -0.0102    |
|    value_loss           | 0.808      |
----------------------------------------
-----------------------------------------
| episode/                |             |
|    lines_cleared_mean   | 4.5         |
|    perfect_clears_mean  | 0           |
|    pieces_placed_mean   | 23.2        |
| rollout/                |             |
|    ep_len_mean          | 20.5        |
|    ep_rew_mean          | 16.2        |
| time/                   |             |
|    fps                  | 1586        |
|    iterations           | 61          |
|    time_elapsed         | 314         |
|    total_timesteps      | 499712      |
| train/                  |             |
|    approx_kl            | 0.008472245 |
|    clip_fraction        | 0.0918      |
|    clip_range           | 0.2         |
|    entropy_loss         | -1.67       |
|    explained_variance   | 0.166       |
|    learning_rate        | 0.0001      |
|    loss                 | 0.621       |
|    n_updates            | 240         |
|    policy_gradient_loss | -0.0117     |
|    value_loss           | 0.79        |
-----------------------------------------
-----------------------------------------
| episode/                |             |
|    lines_cleared_mean   | 2.58        |
|    perfect_clears_mean  | 0           |
|    pieces_placed_mean   | 19.1        |
| rollout/                |             |
|    ep_len_mean          | 20.8        |
|    ep_rew_mean          | 16.8        |
| time/                   |             |
|    fps                  | 1586        |
|    iterations           | 62          |
|    time_elapsed         | 320         |
|    total_timesteps      | 507904      |
| train/                  |             |
|    approx_kl            | 0.007763802 |
|    clip_fraction        | 0.0699      |
|    clip_range           | 0.2         |
|    entropy_loss         | -1.69       |
|    explained_variance   | 0.183       |
|    learning_rate        | 0.0001      |
|    loss                 | 0.67        |
|    n_updates            | 244         |
|    policy_gradient_loss | -0.00942    |
|    value_loss           | 0.725       |
-----------------------------------------
-----------------------------------------
| episode/                |             |
|    lines_cleared_mean   | 5.5         |
|    perfect_clears_mean  | 0           |
|    pieces_placed_mean   | 26.1        |
| rollout/                |             |
|    ep_len_mean          | 21.1        |
|    ep_rew_mean          | 17.5        |
| time/                   |             |
|    fps                  | 1586        |
|    iterations           | 63          |
|    time_elapsed         | 325         |
|    total_timesteps      | 516096      |
| train/                  |             |
|    approx_kl            | 0.008387778 |
|    clip_fraction        | 0.0836      |
|    clip_range           | 0.2         |
|    entropy_loss         | -1.67       |
|    explained_variance   | 0.195       |
|    learning_rate        | 0.0001      |
|    loss                 | 0.573       |
|    n_updates            | 248         |
|    policy_gradient_loss | -0.0118     |
|    value_loss           | 0.71        |
-----------------------------------------
-----------------------------------------
| episode/                |             |
|    lines_cleared_mean   | 4.91        |
|    perfect_clears_mean  | 0           |
|    pieces_placed_mean   | 23.5        |
| rollout/                |             |
|    ep_len_mean          | 21.1        |
|    ep_rew_mean          | 17.4        |
| time/                   |             |
|    fps                  | 1586        |
|    iterations           | 64          |
|    time_elapsed         | 330         |
|    total_timesteps      | 524288      |
| train/                  |             |
|    approx_kl            | 0.007666978 |
|    clip_fraction        | 0.0734      |
|    clip_range           | 0.2         |
|    entropy_loss         | -1.59       |
|    explained_variance   | 0.141       |
|    learning_rate        | 0.0001      |
|    loss                 | 0.75        |
|    n_updates            | 252         |
|    policy_gradient_loss | -0.00985    |
|    value_loss           | 0.811       |
-----------------------------------------
------------------------------------------
| episode/                |              |
|    lines_cleared_mean   | 4.8          |
|    perfect_clears_mean  | 0            |
|    pieces_placed_mean   | 24.8         |
| rollout/                |              |
|    ep_len_mean          | 20.6         |
|    ep_rew_mean          | 16.5         |
| time/                   |              |
|    fps                  | 1585         |
|    iterations           | 65           |
|    time_elapsed         | 335          |
|    total_timesteps      | 532480       |
| train/                  |              |
|    approx_kl            | 0.0075073065 |
|    clip_fraction        | 0.0653       |
|    clip_range           | 0.2          |
|    entropy_loss         | -1.62        |
|    explained_variance   | 0.178        |
|    learning_rate        | 0.0001       |
|    loss                 | 0.617        |
|    n_updates            | 256          |
|    policy_gradient_loss | -0.00941     |
|    value_loss           | 0.792        |
------------------------------------------
-----------------------------------------
| episode/                |             |
|    lines_cleared_mean   | 3.9         |
|    perfect_clears_mean  | 0           |
|    pieces_placed_mean   | 22.6        |
| rollout/                |             |
|    ep_len_mean          | 20.1        |
|    ep_rew_mean          | 15.6        |
| time/                   |             |
|    fps                  | 1585        |
|    iterations           | 66          |
|    time_elapsed         | 341         |
|    total_timesteps      | 540672      |
| train/                  |             |
|    approx_kl            | 0.007958908 |
|    clip_fraction        | 0.0711      |
|    clip_range           | 0.2         |
|    entropy_loss         | -1.6        |
|    explained_variance   | 0.161       |
|    learning_rate        | 0.0001      |
|    loss                 | 0.636       |
|    n_updates            | 260         |
|    policy_gradient_loss | -0.0095     |
|    value_loss           | 0.721       |
-----------------------------------------
------------------------------------------
| episode/                |              |
|    lines_cleared_mean   | 2            |
|    perfect_clears_mean  | 0            |
|    pieces_placed_mean   | 17.2         |
| rollout/                |              |
|    ep_len_mean          | 21.1         |
|    ep_rew_mean          | 17.5         |
| time/                   |              |
|    fps                  | 1585         |
|    iterations           | 67           |
|    time_elapsed         | 346          |
|    total_timesteps      | 548864       |
| train/                  |              |
|    approx_kl            | 0.0071607535 |
|    clip_fraction        | 0.0687       |
|    clip_range           | 0.2          |
|    entropy_loss         | -1.57        |
|    explained_variance   | 0.178        |
|    learning_rate        | 0.0001       |
|    loss                 | 0.739        |
|    n_updates            | 264          |
|    policy_gradient_loss | -0.00899     |
|    value_loss           | 0.749        |
------------------------------------------
----------------------------------------
| episode/                |            |
|    lines_cleared_mean   | 2.45       |
|    perfect_clears_mean  | 0          |
|    pieces_placed_mean   | 17.9       |
| rollout/                |            |
|    ep_len_mean          | 21         |
|    ep_rew_mean          | 17.5       |
| time/                   |            |
|    fps                  | 1585       |
|    iterations           | 68         |
|    time_elapsed         | 351        |
|    total_timesteps      | 557056     |
| train/                  |            |
|    approx_kl            | 0.00740002 |
|    clip_fraction        | 0.0612     |
|    clip_range           | 0.2        |
|    entropy_loss         | -1.56      |
|    explained_variance   | 0.194      |
|    learning_rate        | 0.0001     |
|    loss                 | 0.789      |
|    n_updates            | 268        |
|    policy_gradient_loss | -0.00904   |
|    value_loss           | 0.76       |
----------------------------------------
------------------------------------------
| episode/                |              |
|    lines_cleared_mean   | 6.27         |
|    perfect_clears_mean  | 0            |
|    pieces_placed_mean   | 27.7         |
| rollout/                |              |
|    ep_len_mean          | 22.2         |
|    ep_rew_mean          | 19.6         |
| time/                   |              |
|    fps                  | 1585         |
|    iterations           | 69           |
|    time_elapsed         | 356          |
|    total_timesteps      | 565248       |
| train/                  |              |
|    approx_kl            | 0.0071627363 |
|    clip_fraction        | 0.0662       |
|    clip_range           | 0.2          |
|    entropy_loss         | -1.55        |
|    explained_variance   | 0.107        |
|    learning_rate        | 0.0001       |
|    loss                 | 0.703        |
|    n_updates            | 272          |
|    policy_gradient_loss | -0.00874     |
|    value_loss           | 0.845        |
------------------------------------------
-----------------------------------------
| episode/                |             |
|    lines_cleared_mean   | 3.1         |
|    perfect_clears_mean  | 0           |
|    pieces_placed_mean   | 20.1        |
| rollout/                |             |
|    ep_len_mean          | 21.2        |
|    ep_rew_mean          | 17.1        |
| time/                   |             |
|    fps                  | 1584        |
|    iterations           | 70          |
|    time_elapsed         | 361         |
|    total_timesteps      | 573440      |
| train/                  |             |
|    approx_kl            | 0.007785404 |
|    clip_fraction        | 0.064       |
|    clip_range           | 0.2         |
|    entropy_loss         | -1.55       |
|    explained_variance   | 0.142       |
|    learning_rate        | 0.0001      |
|    loss                 | 0.709       |
|    n_updates            | 276         |
|    policy_gradient_loss | -0.00925    |
|    value_loss           | 0.85        |
-----------------------------------------
-----------------------------------------
| episode/                |             |
|    lines_cleared_mean   | 5.42        |
|    perfect_clears_mean  | 0           |
|    pieces_placed_mean   | 24.7        |
| rollout/                |             |
|    ep_len_mean          | 23.3        |
|    ep_rew_mean          | 22          |
| time/                   |             |
|    fps                  | 1584        |
|    iterations           | 71          |
|    time_elapsed         | 367         |
|    total_timesteps      | 581632      |
| train/                  |             |
|    approx_kl            | 0.007517159 |
|    clip_fraction        | 0.066       |
|    clip_range           | 0.2         |
|    entropy_loss         | -1.56       |
|    explained_variance   | 0.162       |
|    learning_rate        | 0.0001      |
|    loss                 | 0.819       |
|    n_updates            | 280         |
|    policy_gradient_loss | -0.00909    |
|    value_loss           | 0.795       |
-----------------------------------------
-----------------------------------------
| episode/                |             |
|    lines_cleared_mean   | 4.5         |
|    perfect_clears_mean  | 0           |
|    pieces_placed_mean   | 23.2        |
| rollout/                |             |
|    ep_len_mean          | 21.8        |
|    ep_rew_mean          | 18.8        |
| time/                   |             |
|    fps                  | 1584        |
|    iterations           | 72          |
|    time_elapsed         | 372         |
|    total_timesteps      | 589824      |
| train/                  |             |
|    approx_kl            | 0.007544304 |
|    clip_fraction        | 0.0608      |
|    clip_range           | 0.2         |
|    entropy_loss         | -1.51       |
|    explained_variance   | 0.182       |
|    learning_rate        | 0.0001      |
|    loss                 | 0.757       |
|    n_updates            | 284         |
|    policy_gradient_loss | -0.00939    |
|    value_loss           | 0.734       |
-----------------------------------------
------------------------------------------
| episode/                |              |
|    lines_cleared_mean   | 3.36         |
|    perfect_clears_mean  | 0            |
|    pieces_placed_mean   | 20.5         |
| rollout/                |              |
|    ep_len_mean          | 21.9         |
|    ep_rew_mean          | 19.1         |
| time/                   |              |
|    fps                  | 1584         |
|    iterations           | 73           |
|    time_elapsed         | 377          |
|    total_timesteps      | 598016       |
| train/                  |              |
|    approx_kl            | 0.0071419533 |
|    clip_fraction        | 0.061        |
|    clip_range           | 0.2          |
|    entropy_loss         | -1.51        |
|    explained_variance   | 0.167        |
|    learning_rate        | 0.0001       |
|    loss                 | 0.748        |
|    n_updates            | 288          |
|    policy_gradient_loss | -0.00967     |
|    value_loss           | 0.863        |
------------------------------------------
-----------------------------------------
| episode/                |             |
|    lines_cleared_mean   | 5.3         |
|    perfect_clears_mean  | 0           |
|    pieces_placed_mean   | 25.6        |
| rollout/                |             |
|    ep_len_mean          | 22.9        |
|    ep_rew_mean          | 21.2        |
| time/                   |             |
|    fps                  | 1583        |
|    iterations           | 74          |
|    time_elapsed         | 382         |
|    total_timesteps      | 606208      |
| train/                  |             |
|    approx_kl            | 0.007104721 |
|    clip_fraction        | 0.0597      |
|    clip_range           | 0.2         |
|    entropy_loss         | -1.51       |
|    explained_variance   | 0.195       |
|    learning_rate        | 0.0001      |
|    loss                 | 0.642       |
|    n_updates            | 292         |
|    policy_gradient_loss | -0.00888    |
|    value_loss           | 0.725       |
-----------------------------------------
-----------------------------------------
| episode/                |             |
|    lines_cleared_mean   | 4.5         |
|    perfect_clears_mean  | 0           |
|    pieces_placed_mean   | 23.2        |
| rollout/                |             |
|    ep_len_mean          | 23.3        |
|    ep_rew_mean          | 22.1        |
| time/                   |             |
|    fps                  | 1583        |
|    iterations           | 75          |
|    time_elapsed         | 387         |
|    total_timesteps      | 614400      |
| train/                  |             |
|    approx_kl            | 0.008468779 |
|    clip_fraction        | 0.0844      |
|    clip_range           | 0.2         |
|    entropy_loss         | -1.46       |
|    explained_variance   | 0.214       |
|    learning_rate        | 0.0001      |
|    loss                 | 0.658       |
|    n_updates            | 296         |
|    policy_gradient_loss | -0.0107     |
|    value_loss           | 0.718       |
-----------------------------------------
------------------------------------------
| episode/                |              |
|    lines_cleared_mean   | 3.6          |
|    perfect_clears_mean  | 0            |
|    pieces_placed_mean   | 21.1         |
| rollout/                |              |
|    ep_len_mean          | 22.8         |
|    ep_rew_mean          | 20.7         |
| time/                   |              |
|    fps                  | 1583         |
|    iterations           | 76           |
|    time_elapsed         | 393          |
|    total_timesteps      | 622592       |
| train/                  |              |
|    approx_kl            | 0.0070135905 |
|    clip_fraction        | 0.0623       |
|    clip_range           | 0.2          |
|    entropy_loss         | -1.43        |
|    explained_variance   | 0.182        |
|    learning_rate        | 0.0001       |
|    loss                 | 0.649        |
|    n_updates            | 300          |
|    policy_gradient_loss | -0.00975     |
|    value_loss           | 0.755        |
------------------------------------------
-----------------------------------------
| episode/                |             |
|    lines_cleared_mean   | 4.27        |
|    perfect_clears_mean  | 0           |
|    pieces_placed_mean   | 22.8        |
| rollout/                |             |
|    ep_len_mean          | 22.1        |
|    ep_rew_mean          | 19.6        |
| time/                   |             |
|    fps                  | 1583        |
|    iterations           | 77          |
|    time_elapsed         | 398         |
|    total_timesteps      | 630784      |
| train/                  |             |
|    approx_kl            | 0.006861549 |
|    clip_fraction        | 0.0566      |
|    clip_range           | 0.2         |
|    entropy_loss         | -1.43       |
|    explained_variance   | 0.162       |
|    learning_rate        | 0.0001      |
|    loss                 | 0.636       |
|    n_updates            | 304         |
|    policy_gradient_loss | -0.00932    |
|    value_loss           | 0.725       |
-----------------------------------------
-----------------------------------------
| episode/                |             |
|    lines_cleared_mean   | 3.5         |
|    perfect_clears_mean  | 0           |
|    pieces_placed_mean   | 20.4        |
| rollout/                |             |
|    ep_len_mean          | 22.3        |
|    ep_rew_mean          | 19.9        |
| time/                   |             |
|    fps                  | 1583        |
|    iterations           | 78          |
|    time_elapsed         | 403         |
|    total_timesteps      | 638976      |
| train/                  |             |
|    approx_kl            | 0.007826168 |
|    clip_fraction        | 0.0732      |
|    clip_range           | 0.2         |
|    entropy_loss         | -1.42       |
|    explained_variance   | 0.192       |
|    learning_rate        | 0.0001      |
|    loss                 | 0.604       |
|    n_updates            | 308         |
|    policy_gradient_loss | -0.0109     |
|    value_loss           | 0.673       |
-----------------------------------------
-----------------------------------------
| episode/                |             |
|    lines_cleared_mean   | 5.9         |
|    perfect_clears_mean  | 0           |
|    pieces_placed_mean   | 26.5        |
| rollout/                |             |
|    ep_len_mean          | 22.5        |
|    ep_rew_mean          | 20.6        |
| time/                   |             |
|    fps                  | 1582        |
|    iterations           | 79          |
|    time_elapsed         | 408         |
|    total_timesteps      | 647168      |
| train/                  |             |
|    approx_kl            | 0.007326549 |
|    clip_fraction        | 0.0619      |
|    clip_range           | 0.2         |
|    entropy_loss         | -1.39       |
|    explained_variance   | 0.153       |
|    learning_rate        | 0.0001      |
|    loss                 | 0.73        |
|    n_updates            | 312         |
|    policy_gradient_loss | -0.00851    |
|    value_loss           | 0.737       |
-----------------------------------------
----------------------------------------
| episode/                |            |
|    lines_cleared_mean   | 6.45       |
|    perfect_clears_mean  | 0          |
|    pieces_placed_mean   | 27.5       |
| rollout/                |            |
|    ep_len_mean          | 22.5       |
|    ep_rew_mean          | 20.3       |
| time/                   |            |
|    fps                  | 1582       |
|    iterations           | 80         |
|    time_elapsed         | 414        |
|    total_timesteps      | 655360     |
| train/                  |            |
|    approx_kl            | 0.00677804 |
|    clip_fraction        | 0.0623     |
|    clip_range           | 0.2        |
|    entropy_loss         | -1.37      |
|    explained_variance   | 0.18       |
|    learning_rate        | 0.0001     |
|    loss                 | 0.666      |
|    n_updates            | 316        |
|    policy_gradient_loss | -0.00869   |
|    value_loss           | 0.72       |
----------------------------------------
----------------------------------------
| episode/                |            |
|    lines_cleared_mean   | 3.33       |
|    perfect_clears_mean  | 0          |
|    pieces_placed_mean   | 21.1       |
| rollout/                |            |
|    ep_len_mean          | 21.3       |
|    ep_rew_mean          | 17.4       |
| time/                   |            |
|    fps                  | 1582       |
|    iterations           | 81         |
|    time_elapsed         | 419        |
|    total_timesteps      | 663552     |
| train/                  |            |
|    approx_kl            | 0.00663546 |
|    clip_fraction        | 0.0562     |
|    clip_range           | 0.2        |
|    entropy_loss         | -1.36      |
|    explained_variance   | 0.124      |
|    learning_rate        | 0.0001     |
|    loss                 | 0.755      |
|    n_updates            | 320        |
|    policy_gradient_loss | -0.00896   |
|    value_loss           | 0.797      |
----------------------------------------
------------------------------------------
| episode/                |              |
|    lines_cleared_mean   | 4.7          |
|    perfect_clears_mean  | 0            |
|    pieces_placed_mean   | 24.3         |
| rollout/                |              |
|    ep_len_mean          | 24           |
|    ep_rew_mean          | 23.1         |
| time/                   |              |
|    fps                  | 1582         |
|    iterations           | 82           |
|    time_elapsed         | 424          |
|    total_timesteps      | 671744       |
| train/                  |              |
|    approx_kl            | 0.0077066277 |
|    clip_fraction        | 0.0712       |
|    clip_range           | 0.2          |
|    entropy_loss         | -1.37        |
|    explained_variance   | 0.163        |
|    learning_rate        | 0.0001       |
|    loss                 | 0.695        |
|    n_updates            | 324          |
|    policy_gradient_loss | -0.01        |
|    value_loss           | 0.74         |
------------------------------------------
-----------------------------------------
| episode/                |             |
|    lines_cleared_mean   | 7.73        |
|    perfect_clears_mean  | 0           |
|    pieces_placed_mean   | 31.5        |
| rollout/                |             |
|    ep_len_mean          | 22.4        |
|    ep_rew_mean          | 20.2        |
| time/                   |             |
|    fps                  | 1582        |
|    iterations           | 83          |
|    time_elapsed         | 429         |
|    total_timesteps      | 679936      |
| train/                  |             |
|    approx_kl            | 0.006703005 |
|    clip_fraction        | 0.0584      |
|    clip_range           | 0.2         |
|    entropy_loss         | -1.33       |
|    explained_variance   | 0.214       |
|    learning_rate        | 0.0001      |
|    loss                 | 0.597       |
|    n_updates            | 328         |
|    policy_gradient_loss | -0.00882    |
|    value_loss           | 0.675       |
-----------------------------------------
-----------------------------------------
| episode/                |             |
|    lines_cleared_mean   | 3.9         |
|    perfect_clears_mean  | 0           |
|    pieces_placed_mean   | 21.9        |
| rollout/                |             |
|    ep_len_mean          | 22.6        |
|    ep_rew_mean          | 20.5        |
| time/                   |             |
|    fps                  | 1582        |
|    iterations           | 84          |
|    time_elapsed         | 434         |
|    total_timesteps      | 688128      |
| train/                  |             |
|    approx_kl            | 0.007038923 |
|    clip_fraction        | 0.0636      |
|    clip_range           | 0.2         |
|    entropy_loss         | -1.34       |
|    explained_variance   | 0.2         |
|    learning_rate        | 0.0001      |
|    loss                 | 0.62        |
|    n_updates            | 332         |
|    policy_gradient_loss | -0.00911    |
|    value_loss           | 0.666       |
-----------------------------------------
-----------------------------------------
| episode/                |             |
|    lines_cleared_mean   | 2.1         |
|    perfect_clears_mean  | 0           |
|    pieces_placed_mean   | 17.2        |
| rollout/                |             |
|    ep_len_mean          | 23.2        |
|    ep_rew_mean          | 21.5        |
| time/                   |             |
|    fps                  | 1582        |
|    iterations           | 85          |
|    time_elapsed         | 440         |
|    total_timesteps      | 696320      |
| train/                  |             |
|    approx_kl            | 0.007937174 |
|    clip_fraction        | 0.0745      |
|    clip_range           | 0.2         |
|    entropy_loss         | -1.33       |
|    explained_variance   | 0.234       |
|    learning_rate        | 0.0001      |
|    loss                 | 0.569       |
|    n_updates            | 336         |
|    policy_gradient_loss | -0.00975    |
|    value_loss           | 0.638       |
-----------------------------------------
-----------------------------------------
| episode/                |             |
|    lines_cleared_mean   | 4.55        |
|    perfect_clears_mean  | 0           |
|    pieces_placed_mean   | 22.7        |
| rollout/                |             |
|    ep_len_mean          | 24.5        |
|    ep_rew_mean          | 24.9        |
| time/                   |             |
|    fps                  | 1582        |
|    iterations           | 86          |
|    time_elapsed         | 445         |
|    total_timesteps      | 704512      |
| train/                  |             |
|    approx_kl            | 0.008027954 |
|    clip_fraction        | 0.0764      |
|    clip_range           | 0.2         |
|    entropy_loss         | -1.34       |
|    explained_variance   | 0.172       |
|    learning_rate        | 0.0001      |
|    loss                 | 0.614       |
|    n_updates            | 340         |
|    policy_gradient_loss | -0.00995    |
|    value_loss           | 0.67        |
-----------------------------------------
------------------------------------------
| episode/                |              |
|    lines_cleared_mean   | 2.4          |
|    perfect_clears_mean  | 0            |
|    pieces_placed_mean   | 18.5         |
| rollout/                |              |
|    ep_len_mean          | 24.4         |
|    ep_rew_mean          | 24.3         |
| time/                   |              |
|    fps                  | 1581         |
|    iterations           | 87           |
|    time_elapsed         | 450          |
|    total_timesteps      | 712704       |
| train/                  |              |
|    approx_kl            | 0.0068806084 |
|    clip_fraction        | 0.0654       |
|    clip_range           | 0.2          |
|    entropy_loss         | -1.31        |
|    explained_variance   | 0.194        |
|    learning_rate        | 0.0001       |
|    loss                 | 0.634        |
|    n_updates            | 344          |
|    policy_gradient_loss | -0.01        |
|    value_loss           | 0.739        |
------------------------------------------
------------------------------------------
| episode/                |              |
|    lines_cleared_mean   | 3.7          |
|    perfect_clears_mean  | 0            |
|    pieces_placed_mean   | 21.3         |
| rollout/                |              |
|    ep_len_mean          | 22.9         |
|    ep_rew_mean          | 21.4         |
| time/                   |              |
|    fps                  | 1581         |
|    iterations           | 88           |
|    time_elapsed         | 455          |
|    total_timesteps      | 720896       |
| train/                  |              |
|    approx_kl            | 0.0071909586 |
|    clip_fraction        | 0.0609       |
|    clip_range           | 0.2          |
|    entropy_loss         | -1.29        |
|    explained_variance   | 0.17         |
|    learning_rate        | 0.0001       |
|    loss                 | 0.633        |
|    n_updates            | 348          |
|    policy_gradient_loss | -0.00895     |
|    value_loss           | 0.734        |
------------------------------------------
-----------------------------------------
| episode/                |             |
|    lines_cleared_mean   | 5.1         |
|    perfect_clears_mean  | 0           |
|    pieces_placed_mean   | 24          |
| rollout/                |             |
|    ep_len_mean          | 22.4        |
|    ep_rew_mean          | 20.7        |
| time/                   |             |
|    fps                  | 1581        |
|    iterations           | 89          |
|    time_elapsed         | 460         |
|    total_timesteps      | 729088      |
| train/                  |             |
|    approx_kl            | 0.007614568 |
|    clip_fraction        | 0.0663      |
|    clip_range           | 0.2         |
|    entropy_loss         | -1.29       |
|    explained_variance   | 0.218       |
|    learning_rate        | 0.0001      |
|    loss                 | 0.687       |
|    n_updates            | 352         |
|    policy_gradient_loss | -0.0104     |
|    value_loss           | 0.678       |
-----------------------------------------
------------------------------------------
| episode/                |              |
|    lines_cleared_mean   | 5.3          |
|    perfect_clears_mean  | 0            |
|    pieces_placed_mean   | 25.3         |
| rollout/                |              |
|    ep_len_mean          | 23.1         |
|    ep_rew_mean          | 21.8         |
| time/                   |              |
|    fps                  | 1581         |
|    iterations           | 90           |
|    time_elapsed         | 466          |
|    total_timesteps      | 737280       |
| train/                  |              |
|    approx_kl            | 0.0070407777 |
|    clip_fraction        | 0.0659       |
|    clip_range           | 0.2          |
|    entropy_loss         | -1.27        |
|    explained_variance   | 0.237        |
|    learning_rate        | 0.0001       |
|    loss                 | 0.561        |
|    n_updates            | 356          |
|    policy_gradient_loss | -0.0102      |
|    value_loss           | 0.63         |
------------------------------------------
------------------------------------------
| episode/                |              |
|    lines_cleared_mean   | 4.73         |
|    perfect_clears_mean  | 0            |
|    pieces_placed_mean   | 23.1         |
| rollout/                |              |
|    ep_len_mean          | 23.3         |
|    ep_rew_mean          | 21.9         |
| time/                   |              |
|    fps                  | 1581         |
|    iterations           | 91           |
|    time_elapsed         | 471          |
|    total_timesteps      | 745472       |
| train/                  |              |
|    approx_kl            | 0.0066745053 |
|    clip_fraction        | 0.0703       |
|    clip_range           | 0.2          |
|    entropy_loss         | -1.26        |
|    explained_variance   | 0.21         |
|    learning_rate        | 0.0001       |
|    loss                 | 0.556        |
|    n_updates            | 360          |
|    policy_gradient_loss | -0.0104      |
|    value_loss           | 0.688        |
------------------------------------------
-----------------------------------------
| episode/                |             |
|    lines_cleared_mean   | 3.4         |
|    perfect_clears_mean  | 0           |
|    pieces_placed_mean   | 20.9        |
| rollout/                |             |
|    ep_len_mean          | 22.9        |
|    ep_rew_mean          | 20.8        |
| time/                   |             |
|    fps                  | 1581        |
|    iterations           | 92          |
|    time_elapsed         | 476         |
|    total_timesteps      | 753664      |
| train/                  |             |
|    approx_kl            | 0.007187151 |
|    clip_fraction        | 0.0647      |
|    clip_range           | 0.2         |
|    entropy_loss         | -1.25       |
|    explained_variance   | 0.226       |
|    learning_rate        | 0.0001      |
|    loss                 | 0.678       |
|    n_updates            | 364         |
|    policy_gradient_loss | -0.00958    |
|    value_loss           | 0.68        |
-----------------------------------------
------------------------------------------
| episode/                |              |
|    lines_cleared_mean   | 3.15         |
|    perfect_clears_mean  | 0            |
|    pieces_placed_mean   | 19.8         |
| rollout/                |              |
|    ep_len_mean          | 22.8         |
|    ep_rew_mean          | 21.6         |
| time/                   |              |
|    fps                  | 1581         |
|    iterations           | 93           |
|    time_elapsed         | 481          |
|    total_timesteps      | 761856       |
| train/                  |              |
|    approx_kl            | 0.0066548744 |
|    clip_fraction        | 0.0629       |
|    clip_range           | 0.2          |
|    entropy_loss         | -1.26        |
|    explained_variance   | 0.187        |
|    learning_rate        | 0.0001       |
|    loss                 | 0.644        |
|    n_updates            | 368          |
|    policy_gradient_loss | -0.00954     |
|    value_loss           | 0.663        |
------------------------------------------
------------------------------------------
| episode/                |              |
|    lines_cleared_mean   | 4.7          |
|    perfect_clears_mean  | 0            |
|    pieces_placed_mean   | 24.2         |
| rollout/                |              |
|    ep_len_mean          | 24.5         |
|    ep_rew_mean          | 24.5         |
| time/                   |              |
|    fps                  | 1581         |
|    iterations           | 94           |
|    time_elapsed         | 487          |
|    total_timesteps      | 770048       |
| train/                  |              |
|    approx_kl            | 0.0071759876 |
|    clip_fraction        | 0.0567       |
|    clip_range           | 0.2          |
|    entropy_loss         | -1.26        |
|    explained_variance   | 0.202        |
|    learning_rate        | 0.0001       |
|    loss                 | 0.593        |
|    n_updates            | 372          |
|    policy_gradient_loss | -0.00831     |
|    value_loss           | 0.681        |
------------------------------------------
-----------------------------------------
| episode/                |             |
|    lines_cleared_mean   | 4.2         |
|    perfect_clears_mean  | 0           |
|    pieces_placed_mean   | 22.6        |
| rollout/                |             |
|    ep_len_mean          | 24.9        |
|    ep_rew_mean          | 25.7        |
| time/                   |             |
|    fps                  | 1581        |
|    iterations           | 95          |
|    time_elapsed         | 492         |
|    total_timesteps      | 778240      |
| train/                  |             |
|    approx_kl            | 0.007476271 |
|    clip_fraction        | 0.0732      |
|    clip_range           | 0.2         |
|    entropy_loss         | -1.24       |
|    explained_variance   | 0.241       |
|    learning_rate        | 0.0001      |
|    loss                 | 0.57        |
|    n_updates            | 376         |
|    policy_gradient_loss | -0.0107     |
|    value_loss           | 0.648       |
-----------------------------------------
------------------------------------------
| episode/                |              |
|    lines_cleared_mean   | 3.7          |
|    perfect_clears_mean  | 0            |
|    pieces_placed_mean   | 21.4         |
| rollout/                |              |
|    ep_len_mean          | 24.1         |
|    ep_rew_mean          | 23.6         |
| time/                   |              |
|    fps                  | 1581         |
|    iterations           | 96           |
|    time_elapsed         | 497          |
|    total_timesteps      | 786432       |
| train/                  |              |
|    approx_kl            | 0.0067991307 |
|    clip_fraction        | 0.0565       |
|    clip_range           | 0.2          |
|    entropy_loss         | -1.24        |
|    explained_variance   | 0.228        |
|    learning_rate        | 0.0001       |
|    loss                 | 0.635        |
|    n_updates            | 380          |
|    policy_gradient_loss | -0.00783     |
|    value_loss           | 0.667        |
------------------------------------------
------------------------------------------
| episode/                |              |
|    lines_cleared_mean   | 4.6          |
|    perfect_clears_mean  | 0            |
|    pieces_placed_mean   | 23.7         |
| rollout/                |              |
|    ep_len_mean          | 24.8         |
|    ep_rew_mean          | 25.2         |
| time/                   |              |
|    fps                  | 1580         |
|    iterations           | 97           |
|    time_elapsed         | 502          |
|    total_timesteps      | 794624       |
| train/                  |              |
|    approx_kl            | 0.0077800415 |
|    clip_fraction        | 0.071        |
|    clip_range           | 0.2          |
|    entropy_loss         | -1.21        |
|    explained_variance   | 0.197        |
|    learning_rate        | 0.0001       |
|    loss                 | 0.556        |
|    n_updates            | 384          |
|    policy_gradient_loss | -0.00924     |
|    value_loss           | 0.699        |
------------------------------------------
-----------------------------------------
| episode/                |             |
|    lines_cleared_mean   | 5           |
|    perfect_clears_mean  | 0           |
|    pieces_placed_mean   | 24.7        |
| rollout/                |             |
|    ep_len_mean          | 23.7        |
|    ep_rew_mean          | 22.5        |
| time/                   |             |
|    fps                  | 1580        |
|    iterations           | 98          |
|    time_elapsed         | 507         |
|    total_timesteps      | 802816      |
| train/                  |             |
|    approx_kl            | 0.007912877 |
|    clip_fraction        | 0.0703      |
|    clip_range           | 0.2         |
|    entropy_loss         | -1.21       |
|    explained_variance   | 0.23        |
|    learning_rate        | 0.0001      |
|    loss                 | 0.652       |
|    n_updates            | 388         |
|    policy_gradient_loss | -0.00959    |
|    value_loss           | 0.661       |
-----------------------------------------
-----------------------------------------
| episode/                |             |
|    lines_cleared_mean   | 4.9         |
|    perfect_clears_mean  | 0           |
|    pieces_placed_mean   | 23.2        |
| rollout/                |             |
|    ep_len_mean          | 22.8        |
|    ep_rew_mean          | 21.1        |
| time/                   |             |
|    fps                  | 1580        |
|    iterations           | 99          |
|    time_elapsed         | 513         |
|    total_timesteps      | 811008      |
| train/                  |             |
|    approx_kl            | 0.006596297 |
|    clip_fraction        | 0.0536      |
|    clip_range           | 0.2         |
|    entropy_loss         | -1.22       |
|    explained_variance   | 0.195       |
|    learning_rate        | 0.0001      |
|    loss                 | 0.569       |
|    n_updates            | 392         |
|    policy_gradient_loss | -0.00829    |
|    value_loss           | 0.72        |
-----------------------------------------
------------------------------------------
| episode/                |              |
|    lines_cleared_mean   | 4.8          |
|    perfect_clears_mean  | 0            |
|    pieces_placed_mean   | 24.3         |
| rollout/                |              |
|    ep_len_mean          | 22.3         |
|    ep_rew_mean          | 20           |
| time/                   |              |
|    fps                  | 1580         |
|    iterations           | 100          |
|    time_elapsed         | 518          |
|    total_timesteps      | 819200       |
| train/                  |              |
|    approx_kl            | 0.0071819182 |
|    clip_fraction        | 0.0658       |
|    clip_range           | 0.2          |
|    entropy_loss         | -1.22        |
|    explained_variance   | 0.262        |
|    learning_rate        | 0.0001       |
|    loss                 | 0.488        |
|    n_updates            | 396          |
|    policy_gradient_loss | -0.00936     |
|    value_loss           | 0.582        |
------------------------------------------
-----------------------------------------
| episode/                |             |
|    lines_cleared_mean   | 6           |
|    perfect_clears_mean  | 0           |
|    pieces_placed_mean   | 25.6        |
| rollout/                |             |
|    ep_len_mean          | 25.1        |
|    ep_rew_mean          | 26.3        |
| time/                   |             |
|    fps                  | 1580        |
|    iterations           | 101         |
|    time_elapsed         | 523         |
|    total_timesteps      | 827392      |
| train/                  |             |
|    approx_kl            | 0.007469282 |
|    clip_fraction        | 0.0771      |
|    clip_range           | 0.2         |
|    entropy_loss         | -1.22       |
|    explained_variance   | 0.181       |
|    learning_rate        | 0.0001      |
|    loss                 | 0.576       |
|    n_updates            | 400         |
|    policy_gradient_loss | -0.0108     |
|    value_loss           | 0.658       |
-----------------------------------------
-----------------------------------------
| episode/                |             |
|    lines_cleared_mean   | 6.4         |
|    perfect_clears_mean  | 0           |
|    pieces_placed_mean   | 26.7        |
| rollout/                |             |
|    ep_len_mean          | 24.4        |
|    ep_rew_mean          | 24.5        |
| time/                   |             |
|    fps                  | 1580        |
|    iterations           | 102         |
|    time_elapsed         | 528         |
|    total_timesteps      | 835584      |
| train/                  |             |
|    approx_kl            | 0.005924916 |
|    clip_fraction        | 0.0522      |
|    clip_range           | 0.2         |
|    entropy_loss         | -1.17       |
|    explained_variance   | 0.188       |
|    learning_rate        | 0.0001      |
|    loss                 | 0.713       |
|    n_updates            | 404         |
|    policy_gradient_loss | -0.00892    |
|    value_loss           | 0.65        |
-----------------------------------------
-----------------------------------------
| episode/                |             |
|    lines_cleared_mean   | 4.3         |
|    perfect_clears_mean  | 0           |
|    pieces_placed_mean   | 23          |
| rollout/                |             |
|    ep_len_mean          | 24.4        |
|    ep_rew_mean          | 24.4        |
| time/                   |             |
|    fps                  | 1579        |
|    iterations           | 103         |
|    time_elapsed         | 534         |
|    total_timesteps      | 843776      |
| train/                  |             |
|    approx_kl            | 0.006752464 |
|    clip_fraction        | 0.064       |
|    clip_range           | 0.2         |
|    entropy_loss         | -1.16       |
|    explained_variance   | 0.194       |
|    learning_rate        | 0.0001      |
|    loss                 | 0.569       |
|    n_updates            | 408         |
|    policy_gradient_loss | -0.00962    |
|    value_loss           | 0.618       |
-----------------------------------------
------------------------------------------
| episode/                |              |
|    lines_cleared_mean   | 5.73         |
|    perfect_clears_mean  | 0            |
|    pieces_placed_mean   | 26.1         |
| rollout/                |              |
|    ep_len_mean          | 23.4         |
|    ep_rew_mean          | 21.9         |
| time/                   |              |
|    fps                  | 1579         |
|    iterations           | 104          |
|    time_elapsed         | 539          |
|    total_timesteps      | 851968       |
| train/                  |              |
|    approx_kl            | 0.0066890917 |
|    clip_fraction        | 0.0585       |
|    clip_range           | 0.2          |
|    entropy_loss         | -1.15        |
|    explained_variance   | 0.199        |
|    learning_rate        | 0.0001       |
|    loss                 | 0.58         |
|    n_updates            | 412          |
|    policy_gradient_loss | -0.00858     |
|    value_loss           | 0.701        |
------------------------------------------
-----------------------------------------
| episode/                |             |
|    lines_cleared_mean   | 3.5         |
|    perfect_clears_mean  | 0           |
|    pieces_placed_mean   | 21.2        |
| rollout/                |             |
|    ep_len_mean          | 24          |
|    ep_rew_mean          | 23.5        |
| time/                   |             |
|    fps                  | 1579        |
|    iterations           | 105         |
|    time_elapsed         | 544         |
|    total_timesteps      | 860160      |
| train/                  |             |
|    approx_kl            | 0.005742196 |
|    clip_fraction        | 0.0522      |
|    clip_range           | 0.2         |
|    entropy_loss         | -1.15       |
|    explained_variance   | 0.166       |
|    learning_rate        | 0.0001      |
|    loss                 | 0.664       |
|    n_updates            | 416         |
|    policy_gradient_loss | -0.00812    |
|    value_loss           | 0.782       |
-----------------------------------------
------------------------------------------
| episode/                |              |
|    lines_cleared_mean   | 5.1          |
|    perfect_clears_mean  | 0            |
|    pieces_placed_mean   | 25.1         |
| rollout/                |              |
|    ep_len_mean          | 26.4         |
|    ep_rew_mean          | 28.1         |
| time/                   |              |
|    fps                  | 1578         |
|    iterations           | 106          |
|    time_elapsed         | 549          |
|    total_timesteps      | 868352       |
| train/                  |              |
|    approx_kl            | 0.0067674415 |
|    clip_fraction        | 0.0591       |
|    clip_range           | 0.2          |
|    entropy_loss         | -1.14        |
|    explained_variance   | 0.218        |
|    learning_rate        | 0.0001       |
|    loss                 | 0.598        |
|    n_updates            | 420          |
|    policy_gradient_loss | -0.00846     |
|    value_loss           | 0.662        |
------------------------------------------
-----------------------------------------
| episode/                |             |
|    lines_cleared_mean   | 3.7         |
|    perfect_clears_mean  | 0           |
|    pieces_placed_mean   | 21.6        |
| rollout/                |             |
|    ep_len_mean          | 23.9        |
|    ep_rew_mean          | 22.9        |
| time/                   |             |
|    fps                  | 1578        |
|    iterations           | 107         |
|    time_elapsed         | 555         |
|    total_timesteps      | 876544      |
| train/                  |             |
|    approx_kl            | 0.006011283 |
|    clip_fraction        | 0.0527      |
|    clip_range           | 0.2         |
|    entropy_loss         | -1.14       |
|    explained_variance   | 0.187       |
|    learning_rate        | 0.0001      |
|    loss                 | 0.714       |
|    n_updates            | 424         |
|    policy_gradient_loss | -0.00852    |
|    value_loss           | 0.735       |
-----------------------------------------
-----------------------------------------
| episode/                |             |
|    lines_cleared_mean   | 5.1         |
|    perfect_clears_mean  | 0           |
|    pieces_placed_mean   | 23.8        |
| rollout/                |             |
|    ep_len_mean          | 24.6        |
|    ep_rew_mean          | 24.7        |
| time/                   |             |
|    fps                  | 1578        |
|    iterations           | 108         |
|    time_elapsed         | 560         |
|    total_timesteps      | 884736      |
| train/                  |             |
|    approx_kl            | 0.006854335 |
|    clip_fraction        | 0.0642      |
|    clip_range           | 0.2         |
|    entropy_loss         | -1.13       |
|    explained_variance   | 0.234       |
|    learning_rate        | 0.0001      |
|    loss                 | 0.544       |
|    n_updates            | 428         |
|    policy_gradient_loss | -0.00887    |
|    value_loss           | 0.621       |
-----------------------------------------
-----------------------------------------
| episode/                |             |
|    lines_cleared_mean   | 4           |
|    perfect_clears_mean  | 0           |
|    pieces_placed_mean   | 21.5        |
| rollout/                |             |
|    ep_len_mean          | 24.5        |
|    ep_rew_mean          | 24.8        |
| time/                   |             |
|    fps                  | 1577        |
|    iterations           | 109         |
|    time_elapsed         | 566         |
|    total_timesteps      | 892928      |
| train/                  |             |
|    approx_kl            | 0.007437367 |
|    clip_fraction        | 0.0714      |
|    clip_range           | 0.2         |
|    entropy_loss         | -1.11       |
|    explained_variance   | 0.24        |
|    learning_rate        | 0.0001      |
|    loss                 | 0.521       |
|    n_updates            | 432         |
|    policy_gradient_loss | -0.00918    |
|    value_loss           | 0.627       |
-----------------------------------------
------------------------------------------
| episode/                |              |
|    lines_cleared_mean   | 4.9          |
|    perfect_clears_mean  | 0            |
|    pieces_placed_mean   | 23.5         |
| rollout/                |              |
|    ep_len_mean          | 24.3         |
|    ep_rew_mean          | 25           |
| time/                   |              |
|    fps                  | 1577         |
|    iterations           | 110          |
|    time_elapsed         | 571          |
|    total_timesteps      | 901120       |
| train/                  |              |
|    approx_kl            | 0.0057953596 |
|    clip_fraction        | 0.0622       |
|    clip_range           | 0.2          |
|    entropy_loss         | -1.11        |
|    explained_variance   | 0.235        |
|    learning_rate        | 0.0001       |
|    loss                 | 0.611        |
|    n_updates            | 436          |
|    policy_gradient_loss | -0.00914     |
|    value_loss           | 0.612        |
------------------------------------------
------------------------------------------
| episode/                |              |
|    lines_cleared_mean   | 5            |
|    perfect_clears_mean  | 0            |
|    pieces_placed_mean   | 25           |
| rollout/                |              |
|    ep_len_mean          | 25.3         |
|    ep_rew_mean          | 25.7         |
| time/                   |              |
|    fps                  | 1576         |
|    iterations           | 111          |
|    time_elapsed         | 576          |
|    total_timesteps      | 909312       |
| train/                  |              |
|    approx_kl            | 0.0069123376 |
|    clip_fraction        | 0.0734       |
|    clip_range           | 0.2          |
|    entropy_loss         | -1.08        |
|    explained_variance   | 0.257        |
|    learning_rate        | 0.0001       |
|    loss                 | 0.532        |
|    n_updates            | 440          |
|    policy_gradient_loss | -0.00964     |
|    value_loss           | 0.563        |
------------------------------------------
------------------------------------------
| episode/                |              |
|    lines_cleared_mean   | 6.4          |
|    perfect_clears_mean  | 0            |
|    pieces_placed_mean   | 27.1         |
| rollout/                |              |
|    ep_len_mean          | 24.1         |
|    ep_rew_mean          | 23.4         |
| time/                   |              |
|    fps                  | 1576         |
|    iterations           | 112          |
|    time_elapsed         | 582          |
|    total_timesteps      | 917504       |
| train/                  |              |
|    approx_kl            | 0.0063116513 |
|    clip_fraction        | 0.0531       |
|    clip_range           | 0.2          |
|    entropy_loss         | -1.07        |
|    explained_variance   | 0.182        |
|    learning_rate        | 0.0001       |
|    loss                 | 0.707        |
|    n_updates            | 444          |
|    policy_gradient_loss | -0.00924     |
|    value_loss           | 0.764        |
------------------------------------------
------------------------------------------
| episode/                |              |
|    lines_cleared_mean   | 4.3          |
|    perfect_clears_mean  | 0            |
|    pieces_placed_mean   | 21.8         |
| rollout/                |              |
|    ep_len_mean          | 25.4         |
|    ep_rew_mean          | 27.1         |
| time/                   |              |
|    fps                  | 1575         |
|    iterations           | 113          |
|    time_elapsed         | 587          |
|    total_timesteps      | 925696       |
| train/                  |              |
|    approx_kl            | 0.0057657994 |
|    clip_fraction        | 0.051        |
|    clip_range           | 0.2          |
|    entropy_loss         | -1.08        |
|    explained_variance   | 0.222        |
|    learning_rate        | 0.0001       |
|    loss                 | 0.709        |
|    n_updates            | 448          |
|    policy_gradient_loss | -0.00756     |
|    value_loss           | 0.719        |
------------------------------------------
-----------------------------------------
| episode/                |             |
|    lines_cleared_mean   | 4.82        |
|    perfect_clears_mean  | 0           |
|    pieces_placed_mean   | 24.2        |
| rollout/                |             |
|    ep_len_mean          | 24.8        |
|    ep_rew_mean          | 24.9        |
| time/                   |             |
|    fps                  | 1575        |
|    iterations           | 114         |
|    time_elapsed         | 592         |
|    total_timesteps      | 933888      |
| train/                  |             |
|    approx_kl            | 0.006314236 |
|    clip_fraction        | 0.0595      |
|    clip_range           | 0.2         |
|    entropy_loss         | -1.06       |
|    explained_variance   | 0.251       |
|    learning_rate        | 0.0001      |
|    loss                 | 0.695       |
|    n_updates            | 452         |
|    policy_gradient_loss | -0.00958    |
|    value_loss           | 0.683       |
-----------------------------------------
------------------------------------------
| episode/                |              |
|    lines_cleared_mean   | 4.1          |
|    perfect_clears_mean  | 0            |
|    pieces_placed_mean   | 22.2         |
| rollout/                |              |
|    ep_len_mean          | 24.6         |
|    ep_rew_mean          | 24.9         |
| time/                   |              |
|    fps                  | 1575         |
|    iterations           | 115          |
|    time_elapsed         | 598          |
|    total_timesteps      | 942080       |
| train/                  |              |
|    approx_kl            | 0.0065691173 |
|    clip_fraction        | 0.0652       |
|    clip_range           | 0.2          |
|    entropy_loss         | -1.08        |
|    explained_variance   | 0.248        |
|    learning_rate        | 0.0001       |
|    loss                 | 0.595        |
|    n_updates            | 456          |
|    policy_gradient_loss | -0.0092      |
|    value_loss           | 0.596        |
------------------------------------------
-----------------------------------------
| episode/                |             |
|    lines_cleared_mean   | 2.55        |
|    perfect_clears_mean  | 0           |
|    pieces_placed_mean   | 19.2        |
| rollout/                |             |
|    ep_len_mean          | 24.7        |
|    ep_rew_mean          | 24.8        |
| time/                   |             |
|    fps                  | 1574        |
|    iterations           | 116         |
|    time_elapsed         | 603         |
|    total_timesteps      | 950272      |
| train/                  |             |
|    approx_kl            | 0.006568824 |
|    clip_fraction        | 0.0637      |
|    clip_range           | 0.2         |
|    entropy_loss         | -1.05       |
|    explained_variance   | 0.216       |
|    learning_rate        | 0.0001      |
|    loss                 | 0.507       |
|    n_updates            | 460         |
|    policy_gradient_loss | -0.00854    |
|    value_loss           | 0.63        |
-----------------------------------------
------------------------------------------
| episode/                |              |
|    lines_cleared_mean   | 4.4          |
|    perfect_clears_mean  | 0            |
|    pieces_placed_mean   | 22.2         |
| rollout/                |              |
|    ep_len_mean          | 24.4         |
|    ep_rew_mean          | 24           |
| time/                   |              |
|    fps                  | 1574         |
|    iterations           | 117          |
|    time_elapsed         | 608          |
|    total_timesteps      | 958464       |
| train/                  |              |
|    approx_kl            | 0.0059534404 |
|    clip_fraction        | 0.0528       |
|    clip_range           | 0.2          |
|    entropy_loss         | -1.07        |
|    explained_variance   | 0.229        |
|    learning_rate        | 0.0001       |
|    loss                 | 0.579        |
|    n_updates            | 464          |
|    policy_gradient_loss | -0.00883     |
|    value_loss           | 0.659        |
------------------------------------------
-----------------------------------------
| episode/                |             |
|    lines_cleared_mean   | 5.7         |
|    perfect_clears_mean  | 0           |
|    pieces_placed_mean   | 26.3        |
| rollout/                |             |
|    ep_len_mean          | 25.4        |
|    ep_rew_mean          | 26.5        |
| time/                   |             |
|    fps                  | 1574        |
|    iterations           | 118         |
|    time_elapsed         | 614         |
|    total_timesteps      | 966656      |
| train/                  |             |
|    approx_kl            | 0.007157851 |
|    clip_fraction        | 0.0614      |
|    clip_range           | 0.2         |
|    entropy_loss         | -1.06       |
|    explained_variance   | 0.218       |
|    learning_rate        | 0.0001      |
|    loss                 | 0.546       |
|    n_updates            | 468         |
|    policy_gradient_loss | -0.00966    |
|    value_loss           | 0.625       |
-----------------------------------------
------------------------------------------
| episode/                |              |
|    lines_cleared_mean   | 5.7          |
|    perfect_clears_mean  | 0            |
|    pieces_placed_mean   | 25.7         |
| rollout/                |              |
|    ep_len_mean          | 25.1         |
|    ep_rew_mean          | 25.7         |
| time/                   |              |
|    fps                  | 1573         |
|    iterations           | 119          |
|    time_elapsed         | 619          |
|    total_timesteps      | 974848       |
| train/                  |              |
|    approx_kl            | 0.0064397343 |
|    clip_fraction        | 0.064        |
|    clip_range           | 0.2          |
|    entropy_loss         | -1.06        |
|    explained_variance   | 0.234        |
|    learning_rate        | 0.0001       |
|    loss                 | 0.455        |
|    n_updates            | 472          |
|    policy_gradient_loss | -0.00883     |
|    value_loss           | 0.63         |
------------------------------------------
------------------------------------------
| episode/                |              |
|    lines_cleared_mean   | 4.9          |
|    perfect_clears_mean  | 0            |
|    pieces_placed_mean   | 24.9         |
| rollout/                |              |
|    ep_len_mean          | 25.9         |
|    ep_rew_mean          | 27.4         |
| time/                   |              |
|    fps                  | 1573         |
|    iterations           | 120          |
|    time_elapsed         | 624          |
|    total_timesteps      | 983040       |
| train/                  |              |
|    approx_kl            | 0.0068555987 |
|    clip_fraction        | 0.0567       |
|    clip_range           | 0.2          |
|    entropy_loss         | -1.08        |
|    explained_variance   | 0.239        |
|    learning_rate        | 0.0001       |
|    loss                 | 0.556        |
|    n_updates            | 476          |
|    policy_gradient_loss | -0.00859     |
|    value_loss           | 0.593        |
------------------------------------------
-----------------------------------------
| episode/                |             |
|    lines_cleared_mean   | 5.18        |
|    perfect_clears_mean  | 0           |
|    pieces_placed_mean   | 25.1        |
| rollout/                |             |
|    ep_len_mean          | 25.9        |
|    ep_rew_mean          | 27.3        |
| time/                   |             |
|    fps                  | 1573        |
|    iterations           | 121         |
|    time_elapsed         | 630         |
|    total_timesteps      | 991232      |
| train/                  |             |
|    approx_kl            | 0.006694042 |
|    clip_fraction        | 0.0566      |
|    clip_range           | 0.2         |
|    entropy_loss         | -1.03       |
|    explained_variance   | 0.254       |
|    learning_rate        | 0.0001      |
|    loss                 | 0.486       |
|    n_updates            | 480         |
|    policy_gradient_loss | -0.00845    |
|    value_loss           | 0.574       |
-----------------------------------------
-----------------------------------------
| episode/                |             |
|    lines_cleared_mean   | 4.3         |
|    perfect_clears_mean  | 0           |
|    pieces_placed_mean   | 22.6        |
| rollout/                |             |
|    ep_len_mean          | 23.5        |
|    ep_rew_mean          | 22.8        |
| time/                   |             |
|    fps                  | 1572        |
|    iterations           | 122         |
|    time_elapsed         | 635         |
|    total_timesteps      | 999424      |
| train/                  |             |
|    approx_kl            | 0.007309579 |
|    clip_fraction        | 0.0653      |
|    clip_range           | 0.2         |
|    entropy_loss         | -1.09       |
|    explained_variance   | 0.28        |
|    learning_rate        | 0.0001      |
|    loss                 | 0.528       |
|    n_updates            | 484         |
|    policy_gradient_loss | -0.00951    |
|    value_loss           | 0.568       |
-----------------------------------------
------------------------------------------
| episode/                |              |
|    lines_cleared_mean   | 8.1          |
|    perfect_clears_mean  | 0            |
|    pieces_placed_mean   | 32.1         |
| rollout/                |              |
|    ep_len_mean          | 26.2         |
|    ep_rew_mean          | 27.6         |
| time/                   |              |
|    fps                  | 1572         |
|    iterations           | 123          |
|    time_elapsed         | 640          |
|    total_timesteps      | 1007616      |
| train/                  |              |
|    approx_kl            | 0.0074758185 |
|    clip_fraction        | 0.0741       |
|    clip_range           | 0.2          |
|    entropy_loss         | -1.07        |
|    explained_variance   | 0.243        |
|    learning_rate        | 0.0001       |
|    loss                 | 0.431        |
|    n_updates            | 488          |
|    policy_gradient_loss | -0.0101      |
|    value_loss           | 0.542        |
------------------------------------------
------------------------------------------
| episode/                |              |
|    lines_cleared_mean   | 5.1          |
|    perfect_clears_mean  | 0            |
|    pieces_placed_mean   | 24.9         |
| rollout/                |              |
|    ep_len_mean          | 24.9         |
|    ep_rew_mean          | 25.2         |
| time/                   |              |
|    fps                  | 1571         |
|    iterations           | 124          |
|    time_elapsed         | 646          |
|    total_timesteps      | 1015808      |
| train/                  |              |
|    approx_kl            | 0.0059289364 |
|    clip_fraction        | 0.0543       |
|    clip_range           | 0.2          |
|    entropy_loss         | -1.05        |
|    explained_variance   | 0.232        |
|    learning_rate        | 0.0001       |
|    loss                 | 0.552        |
|    n_updates            | 492          |
|    policy_gradient_loss | -0.00871     |
|    value_loss           | 0.6          |
------------------------------------------
-----------------------------------------
| episode/                |             |
|    lines_cleared_mean   | 5.8         |
|    perfect_clears_mean  | 0           |
|    pieces_placed_mean   | 25.8        |
| rollout/                |             |
|    ep_len_mean          | 24.3        |
|    ep_rew_mean          | 24.7        |
| time/                   |             |
|    fps                  | 1571        |
|    iterations           | 125         |
|    time_elapsed         | 651         |
|    total_timesteps      | 1024000     |
| train/                  |             |
|    approx_kl            | 0.005882379 |
|    clip_fraction        | 0.0579      |
|    clip_range           | 0.2         |
|    entropy_loss         | -1.03       |
|    explained_variance   | 0.256       |
|    learning_rate        | 0.0001      |
|    loss                 | 0.661       |
|    n_updates            | 496         |
|    policy_gradient_loss | -0.00893    |
|    value_loss           | 0.617       |
-----------------------------------------
------------------------------------------
| episode/                |              |
|    lines_cleared_mean   | 4.91         |
|    perfect_clears_mean  | 0            |
|    pieces_placed_mean   | 24.3         |
| rollout/                |              |
|    ep_len_mean          | 25           |
|    ep_rew_mean          | 26           |
| time/                   |              |
|    fps                  | 1571         |
|    iterations           | 126          |
|    time_elapsed         | 656          |
|    total_timesteps      | 1032192      |
| train/                  |              |
|    approx_kl            | 0.0065007163 |
|    clip_fraction        | 0.0586       |
|    clip_range           | 0.2          |
|    entropy_loss         | -1.04        |
|    explained_variance   | 0.2          |
|    learning_rate        | 0.0001       |
|    loss                 | 0.52         |
|    n_updates            | 500          |
|    policy_gradient_loss | -0.00866     |
|    value_loss           | 0.634        |
------------------------------------------
------------------------------------------
| episode/                |              |
|    lines_cleared_mean   | 6.5          |
|    perfect_clears_mean  | 0            |
|    pieces_placed_mean   | 27.1         |
| rollout/                |              |
|    ep_len_mean          | 24.8         |
|    ep_rew_mean          | 26.3         |
| time/                   |              |
|    fps                  | 1571         |
|    iterations           | 127          |
|    time_elapsed         | 662          |
|    total_timesteps      | 1040384      |
| train/                  |              |
|    approx_kl            | 0.0063761193 |
|    clip_fraction        | 0.0566       |
|    clip_range           | 0.2          |
|    entropy_loss         | -1.05        |
|    explained_variance   | 0.184        |
|    learning_rate        | 0.0001       |
|    loss                 | 0.65         |
|    n_updates            | 504          |
|    policy_gradient_loss | -0.00864     |
|    value_loss           | 0.628        |
------------------------------------------
-----------------------------------------
| episode/                |             |
|    lines_cleared_mean   | 4.2         |
|    perfect_clears_mean  | 0           |
|    pieces_placed_mean   | 22.4        |
| rollout/                |             |
|    ep_len_mean          | 24.5        |
|    ep_rew_mean          | 24.4        |
| time/                   |             |
|    fps                  | 1570        |
|    iterations           | 128         |
|    time_elapsed         | 667         |
|    total_timesteps      | 1048576     |
| train/                  |             |
|    approx_kl            | 0.006633632 |
|    clip_fraction        | 0.0509      |
|    clip_range           | 0.2         |
|    entropy_loss         | -1.05       |
|    explained_variance   | 0.19        |
|    learning_rate        | 0.0001      |
|    loss                 | 0.54        |
|    n_updates            | 508         |
|    policy_gradient_loss | -0.00833    |
|    value_loss           | 0.593       |
-----------------------------------------
------------------------------------------
| episode/                |              |
|    lines_cleared_mean   | 3.64         |
|    perfect_clears_mean  | 0            |
|    pieces_placed_mean   | 21.2         |
| rollout/                |              |
|    ep_len_mean          | 25.2         |
|    ep_rew_mean          | 26.1         |
| time/                   |              |
|    fps                  | 1570         |
|    iterations           | 129          |
|    time_elapsed         | 672          |
|    total_timesteps      | 1056768      |
| train/                  |              |
|    approx_kl            | 0.0066878074 |
|    clip_fraction        | 0.0659       |
|    clip_range           | 0.2          |
|    entropy_loss         | -1.05        |
|    explained_variance   | 0.224        |
|    learning_rate        | 0.0001       |
|    loss                 | 0.595        |
|    n_updates            | 512          |
|    policy_gradient_loss | -0.00925     |
|    value_loss           | 0.647        |
------------------------------------------
------------------------------------------
| episode/                |              |
|    lines_cleared_mean   | 4.73         |
|    perfect_clears_mean  | 0            |
|    pieces_placed_mean   | 24.5         |
| rollout/                |              |
|    ep_len_mean          | 25.5         |
|    ep_rew_mean          | 26.6         |
| time/                   |              |
|    fps                  | 1570         |
|    iterations           | 130          |
|    time_elapsed         | 678          |
|    total_timesteps      | 1064960      |
| train/                  |              |
|    approx_kl            | 0.0063546207 |
|    clip_fraction        | 0.0641       |
|    clip_range           | 0.2          |
|    entropy_loss         | -1.02        |
|    explained_variance   | 0.267        |
|    learning_rate        | 0.0001       |
|    loss                 | 0.579        |
|    n_updates            | 516          |
|    policy_gradient_loss | -0.00957     |
|    value_loss           | 0.604        |
------------------------------------------
----------------------------------------
| episode/                |            |
|    lines_cleared_mean   | 5          |
|    perfect_clears_mean  | 0          |
|    pieces_placed_mean   | 24.6       |
| rollout/                |            |
|    ep_len_mean          | 25.4       |
|    ep_rew_mean          | 26.4       |
| time/                   |            |
|    fps                  | 1570       |
|    iterations           | 131        |
|    time_elapsed         | 683        |
|    total_timesteps      | 1073152    |
| train/                  |            |
|    approx_kl            | 0.00625902 |
|    clip_fraction        | 0.0543     |
|    clip_range           | 0.2        |
|    entropy_loss         | -1.02      |
|    explained_variance   | 0.264      |
|    learning_rate        | 0.0001     |
|    loss                 | 0.486      |
|    n_updates            | 520        |
|    policy_gradient_loss | -0.00816   |
|    value_loss           | 0.607      |
----------------------------------------
-----------------------------------------
| episode/                |             |
|    lines_cleared_mean   | 2.9         |
|    perfect_clears_mean  | 0           |
|    pieces_placed_mean   | 19.4        |
| rollout/                |             |
|    ep_len_mean          | 23.8        |
|    ep_rew_mean          | 23          |
| time/                   |             |
|    fps                  | 1569        |
|    iterations           | 132         |
|    time_elapsed         | 688         |
|    total_timesteps      | 1081344     |
| train/                  |             |
|    approx_kl            | 0.006497288 |
|    clip_fraction        | 0.0621      |
|    clip_range           | 0.2         |
|    entropy_loss         | -1.02       |
|    explained_variance   | 0.221       |
|    learning_rate        | 0.0001      |
|    loss                 | 0.498       |
|    n_updates            | 524         |
|    policy_gradient_loss | -0.00925    |
|    value_loss           | 0.604       |
-----------------------------------------
------------------------------------------
| episode/                |              |
|    lines_cleared_mean   | 2.4          |
|    perfect_clears_mean  | 0            |
|    pieces_placed_mean   | 19.2         |
| rollout/                |              |
|    ep_len_mean          | 23.7         |
|    ep_rew_mean          | 23.4         |
| time/                   |              |
|    fps                  | 1569         |
|    iterations           | 133          |
|    time_elapsed         | 694          |
|    total_timesteps      | 1089536      |
| train/                  |              |
|    approx_kl            | 0.0066276295 |
|    clip_fraction        | 0.0612       |
|    clip_range           | 0.2          |
|    entropy_loss         | -1.02        |
|    explained_variance   | 0.268        |
|    learning_rate        | 0.0001       |
|    loss                 | 0.49         |
|    n_updates            | 528          |
|    policy_gradient_loss | -0.00905     |
|    value_loss           | 0.559        |
------------------------------------------
------------------------------------------
| episode/                |              |
|    lines_cleared_mean   | 10.3         |
|    perfect_clears_mean  | 0            |
|    pieces_placed_mean   | 37.5         |
| rollout/                |              |
|    ep_len_mean          | 28           |
|    ep_rew_mean          | 31.7         |
| time/                   |              |
|    fps                  | 1569         |
|    iterations           | 134          |
|    time_elapsed         | 699          |
|    total_timesteps      | 1097728      |
| train/                  |              |
|    approx_kl            | 0.0064189057 |
|    clip_fraction        | 0.0565       |
|    clip_range           | 0.2          |
|    entropy_loss         | -0.996       |
|    explained_variance   | 0.286        |
|    learning_rate        | 0.0001       |
|    loss                 | 0.503        |
|    n_updates            | 532          |
|    policy_gradient_loss | -0.00837     |
|    value_loss           | 0.551        |
------------------------------------------
------------------------------------------
| episode/                |              |
|    lines_cleared_mean   | 5.58         |
|    perfect_clears_mean  | 0            |
|    pieces_placed_mean   | 26.2         |
| rollout/                |              |
|    ep_len_mean          | 26.4         |
|    ep_rew_mean          | 28.6         |
| time/                   |              |
|    fps                  | 1569         |
|    iterations           | 135          |
|    time_elapsed         | 704          |
|    total_timesteps      | 1105920      |
| train/                  |              |
|    approx_kl            | 0.0060888403 |
|    clip_fraction        | 0.0563       |
|    clip_range           | 0.2          |
|    entropy_loss         | -1           |
|    explained_variance   | 0.244        |
|    learning_rate        | 0.0001       |
|    loss                 | 0.584        |
|    n_updates            | 536          |
|    policy_gradient_loss | -0.00852     |
|    value_loss           | 0.611        |
------------------------------------------
------------------------------------------
| episode/                |              |
|    lines_cleared_mean   | 7            |
|    perfect_clears_mean  | 0            |
|    pieces_placed_mean   | 29.8         |
| rollout/                |              |
|    ep_len_mean          | 27.5         |
|    ep_rew_mean          | 30.5         |
| time/                   |              |
|    fps                  | 1568         |
|    iterations           | 136          |
|    time_elapsed         | 710          |
|    total_timesteps      | 1114112      |
| train/                  |              |
|    approx_kl            | 0.0066238875 |
|    clip_fraction        | 0.063        |
|    clip_range           | 0.2          |
|    entropy_loss         | -1           |
|    explained_variance   | 0.194        |
|    learning_rate        | 0.0001       |
|    loss                 | 0.676        |
|    n_updates            | 540          |
|    policy_gradient_loss | -0.0104      |
|    value_loss           | 0.701        |
------------------------------------------
------------------------------------------
| episode/                |              |
|    lines_cleared_mean   | 4.42         |
|    perfect_clears_mean  | 0            |
|    pieces_placed_mean   | 23           |
| rollout/                |              |
|    ep_len_mean          | 23.6         |
|    ep_rew_mean          | 22.1         |
| time/                   |              |
|    fps                  | 1568         |
|    iterations           | 137          |
|    time_elapsed         | 715          |
|    total_timesteps      | 1122304      |
| train/                  |              |
|    approx_kl            | 0.0057180943 |
|    clip_fraction        | 0.0486       |
|    clip_range           | 0.2          |
|    entropy_loss         | -0.985       |
|    explained_variance   | 0.25         |
|    learning_rate        | 0.0001       |
|    loss                 | 0.522        |
|    n_updates            | 544          |
|    policy_gradient_loss | -0.00826     |
|    value_loss           | 0.659        |
------------------------------------------
-----------------------------------------
| episode/                |             |
|    lines_cleared_mean   | 4.1         |
|    perfect_clears_mean  | 0           |
|    pieces_placed_mean   | 22.8        |
| rollout/                |             |
|    ep_len_mean          | 25.2        |
|    ep_rew_mean          | 25.8        |
| time/                   |             |
|    fps                  | 1568        |
|    iterations           | 138         |
|    time_elapsed         | 720         |
|    total_timesteps      | 1130496     |
| train/                  |             |
|    approx_kl            | 0.007066858 |
|    clip_fraction        | 0.0677      |
|    clip_range           | 0.2         |
|    entropy_loss         | -0.99       |
|    explained_variance   | 0.293       |
|    learning_rate        | 0.0001      |
|    loss                 | 0.534       |
|    n_updates            | 548         |
|    policy_gradient_loss | -0.0097     |
|    value_loss           | 0.559       |
-----------------------------------------
------------------------------------------
| episode/                |              |
|    lines_cleared_mean   | 5.1          |
|    perfect_clears_mean  | 0            |
|    pieces_placed_mean   | 25.5         |
| rollout/                |              |
|    ep_len_mean          | 25.6         |
|    ep_rew_mean          | 26.7         |
| time/                   |              |
|    fps                  | 1568         |
|    iterations           | 139          |
|    time_elapsed         | 726          |
|    total_timesteps      | 1138688      |
| train/                  |              |
|    approx_kl            | 0.0060241045 |
|    clip_fraction        | 0.0502       |
|    clip_range           | 0.2          |
|    entropy_loss         | -0.981       |
|    explained_variance   | 0.241        |
|    learning_rate        | 0.0001       |
|    loss                 | 0.524        |
|    n_updates            | 552          |
|    policy_gradient_loss | -0.00768     |
|    value_loss           | 0.597        |
------------------------------------------
------------------------------------------
| episode/                |              |
|    lines_cleared_mean   | 5.36         |
|    perfect_clears_mean  | 0            |
|    pieces_placed_mean   | 26.3         |
| rollout/                |              |
|    ep_len_mean          | 26.1         |
|    ep_rew_mean          | 27.1         |
| time/                   |              |
|    fps                  | 1567         |
|    iterations           | 140          |
|    time_elapsed         | 731          |
|    total_timesteps      | 1146880      |
| train/                  |              |
|    approx_kl            | 0.0062089767 |
|    clip_fraction        | 0.06         |
|    clip_range           | 0.2          |
|    entropy_loss         | -0.987       |
|    explained_variance   | 0.247        |
|    learning_rate        | 0.0001       |
|    loss                 | 0.529        |
|    n_updates            | 556          |
|    policy_gradient_loss | -0.00921     |
|    value_loss           | 0.572        |
------------------------------------------
-----------------------------------------
| episode/                |             |
|    lines_cleared_mean   | 4.3         |
|    perfect_clears_mean  | 0           |
|    pieces_placed_mean   | 22.8        |
| rollout/                |             |
|    ep_len_mean          | 24.4        |
|    ep_rew_mean          | 24.6        |
| time/                   |             |
|    fps                  | 1567        |
|    iterations           | 141         |
|    time_elapsed         | 736         |
|    total_timesteps      | 1155072     |
| train/                  |             |
|    approx_kl            | 0.006537569 |
|    clip_fraction        | 0.06        |
|    clip_range           | 0.2         |
|    entropy_loss         | -0.995      |
|    explained_variance   | 0.301       |
|    learning_rate        | 0.0001      |
|    loss                 | 0.506       |
|    n_updates            | 560         |
|    policy_gradient_loss | -0.0102     |
|    value_loss           | 0.549       |
-----------------------------------------
------------------------------------------
| episode/                |              |
|    lines_cleared_mean   | 4.45         |
|    perfect_clears_mean  | 0            |
|    pieces_placed_mean   | 22.5         |
| rollout/                |              |
|    ep_len_mean          | 26.1         |
|    ep_rew_mean          | 27.8         |
| time/                   |              |
|    fps                  | 1567         |
|    iterations           | 142          |
|    time_elapsed         | 742          |
|    total_timesteps      | 1163264      |
| train/                  |              |
|    approx_kl            | 0.0066277906 |
|    clip_fraction        | 0.0609       |
|    clip_range           | 0.2          |
|    entropy_loss         | -0.976       |
|    explained_variance   | 0.315        |
|    learning_rate        | 0.0001       |
|    loss                 | 0.444        |
|    n_updates            | 564          |
|    policy_gradient_loss | -0.0109      |
|    value_loss           | 0.48         |
------------------------------------------
------------------------------------------
| episode/                |              |
|    lines_cleared_mean   | 3.7          |
|    perfect_clears_mean  | 0            |
|    pieces_placed_mean   | 21.3         |
| rollout/                |              |
|    ep_len_mean          | 25.5         |
|    ep_rew_mean          | 26.3         |
| time/                   |              |
|    fps                  | 1567         |
|    iterations           | 143          |
|    time_elapsed         | 747          |
|    total_timesteps      | 1171456      |
| train/                  |              |
|    approx_kl            | 0.0062900144 |
|    clip_fraction        | 0.0586       |
|    clip_range           | 0.2          |
|    entropy_loss         | -0.983       |
|    explained_variance   | 0.273        |
|    learning_rate        | 0.0001       |
|    loss                 | 0.459        |
|    n_updates            | 568          |
|    policy_gradient_loss | -0.00895     |
|    value_loss           | 0.569        |
------------------------------------------
-----------------------------------------
| episode/                |             |
|    lines_cleared_mean   | 7.36        |
|    perfect_clears_mean  | 0           |
|    pieces_placed_mean   | 29.8        |
| rollout/                |             |
|    ep_len_mean          | 25.6        |
|    ep_rew_mean          | 26.9        |
| time/                   |             |
|    fps                  | 1566        |
|    iterations           | 144         |
|    time_elapsed         | 752         |
|    total_timesteps      | 1179648     |
| train/                  |             |
|    approx_kl            | 0.006113312 |
|    clip_fraction        | 0.0583      |
|    clip_range           | 0.2         |
|    entropy_loss         | -0.999      |
|    explained_variance   | 0.273       |
|    learning_rate        | 0.0001      |
|    loss                 | 0.437       |
|    n_updates            | 572         |
|    policy_gradient_loss | -0.00859    |
|    value_loss           | 0.538       |
-----------------------------------------
------------------------------------------
| episode/                |              |
|    lines_cleared_mean   | 4.8          |
|    perfect_clears_mean  | 0            |
|    pieces_placed_mean   | 24.7         |
| rollout/                |              |
|    ep_len_mean          | 26.1         |
|    ep_rew_mean          | 27.4         |
| time/                   |              |
|    fps                  | 1566         |
|    iterations           | 145          |
|    time_elapsed         | 758          |
|    total_timesteps      | 1187840      |
| train/                  |              |
|    approx_kl            | 0.0060232077 |
|    clip_fraction        | 0.0503       |
|    clip_range           | 0.2          |
|    entropy_loss         | -0.99        |
|    explained_variance   | 0.279        |
|    learning_rate        | 0.0001       |
|    loss                 | 0.462        |
|    n_updates            | 576          |
|    policy_gradient_loss | -0.00847     |
|    value_loss           | 0.538        |
------------------------------------------
-----------------------------------------
| episode/                |             |
|    lines_cleared_mean   | 4.4         |
|    perfect_clears_mean  | 0           |
|    pieces_placed_mean   | 23.5        |
| rollout/                |             |
|    ep_len_mean          | 26.5        |
|    ep_rew_mean          | 28.5        |
| time/                   |             |
|    fps                  | 1566        |
|    iterations           | 146         |
|    time_elapsed         | 763         |
|    total_timesteps      | 1196032     |
| train/                  |             |
|    approx_kl            | 0.006199563 |
|    clip_fraction        | 0.0569      |
|    clip_range           | 0.2         |
|    entropy_loss         | -0.962      |
|    explained_variance   | 0.227       |
|    learning_rate        | 0.0001      |
|    loss                 | 0.571       |
|    n_updates            | 580         |
|    policy_gradient_loss | -0.00969    |
|    value_loss           | 0.623       |
-----------------------------------------
------------------------------------------
| episode/                |              |
|    lines_cleared_mean   | 4.1          |
|    perfect_clears_mean  | 0            |
|    pieces_placed_mean   | 21.6         |
| rollout/                |              |
|    ep_len_mean          | 26.3         |
|    ep_rew_mean          | 28.2         |
| time/                   |              |
|    fps                  | 1566         |
|    iterations           | 147          |
|    time_elapsed         | 768          |
|    total_timesteps      | 1204224      |
| train/                  |              |
|    approx_kl            | 0.0059652496 |
|    clip_fraction        | 0.0548       |
|    clip_range           | 0.2          |
|    entropy_loss         | -0.982       |
|    explained_variance   | 0.263        |
|    learning_rate        | 0.0001       |
|    loss                 | 0.571        |
|    n_updates            | 584          |
|    policy_gradient_loss | -0.01        |
|    value_loss           | 0.561        |
------------------------------------------
------------------------------------------
| episode/                |              |
|    lines_cleared_mean   | 4.8          |
|    perfect_clears_mean  | 0            |
|    pieces_placed_mean   | 25.1         |
| rollout/                |              |
|    ep_len_mean          | 26.7         |
|    ep_rew_mean          | 29.1         |
| time/                   |              |
|    fps                  | 1566         |
|    iterations           | 148          |
|    time_elapsed         | 774          |
|    total_timesteps      | 1212416      |
| train/                  |              |
|    approx_kl            | 0.0066518085 |
|    clip_fraction        | 0.0586       |
|    clip_range           | 0.2          |
|    entropy_loss         | -0.992       |
|    explained_variance   | 0.245        |
|    learning_rate        | 0.0001       |
|    loss                 | 0.569        |
|    n_updates            | 588          |
|    policy_gradient_loss | -0.00895     |
|    value_loss           | 0.607        |
------------------------------------------
-----------------------------------------
| episode/                |             |
|    lines_cleared_mean   | 4.18        |
|    perfect_clears_mean  | 0           |
|    pieces_placed_mean   | 22.4        |
| rollout/                |             |
|    ep_len_mean          | 27.6        |
|    ep_rew_mean          | 30.8        |
| time/                   |             |
|    fps                  | 1566        |
|    iterations           | 149         |
|    time_elapsed         | 779         |
|    total_timesteps      | 1220608     |
| train/                  |             |
|    approx_kl            | 0.006249631 |
|    clip_fraction        | 0.0541      |
|    clip_range           | 0.2         |
|    entropy_loss         | -0.959      |
|    explained_variance   | 0.246       |
|    learning_rate        | 0.0001      |
|    loss                 | 0.581       |
|    n_updates            | 592         |
|    policy_gradient_loss | -0.00886    |
|    value_loss           | 0.598       |
-----------------------------------------
-----------------------------------------
| episode/                |             |
|    lines_cleared_mean   | 6.2         |
|    perfect_clears_mean  | 0           |
|    pieces_placed_mean   | 27.7        |
| rollout/                |             |
|    ep_len_mean          | 28.2        |
|    ep_rew_mean          | 31.8        |
| time/                   |             |
|    fps                  | 1565        |
|    iterations           | 150         |
|    time_elapsed         | 784         |
|    total_timesteps      | 1228800     |
| train/                  |             |
|    approx_kl            | 0.006264271 |
|    clip_fraction        | 0.0602      |
|    clip_range           | 0.2         |
|    entropy_loss         | -0.965      |
|    explained_variance   | 0.256       |
|    learning_rate        | 0.0001      |
|    loss                 | 0.628       |
|    n_updates            | 596         |
|    policy_gradient_loss | -0.00997    |
|    value_loss           | 0.636       |
-----------------------------------------
------------------------------------------
| episode/                |              |
|    lines_cleared_mean   | 9            |
|    perfect_clears_mean  | 0            |
|    pieces_placed_mean   | 33.7         |
| rollout/                |              |
|    ep_len_mean          | 27.1         |
|    ep_rew_mean          | 29.7         |
| time/                   |              |
|    fps                  | 1565         |
|    iterations           | 151          |
|    time_elapsed         | 790          |
|    total_timesteps      | 1236992      |
| train/                  |              |
|    approx_kl            | 0.0061144093 |
|    clip_fraction        | 0.062        |
|    clip_range           | 0.2          |
|    entropy_loss         | -0.959       |
|    explained_variance   | 0.323        |
|    learning_rate        | 0.0001       |
|    loss                 | 0.53         |
|    n_updates            | 600          |
|    policy_gradient_loss | -0.00938     |
|    value_loss           | 0.577        |
------------------------------------------
------------------------------------------
| episode/                |              |
|    lines_cleared_mean   | 5.1          |
|    perfect_clears_mean  | 0            |
|    pieces_placed_mean   | 24.9         |
| rollout/                |              |
|    ep_len_mean          | 26.7         |
|    ep_rew_mean          | 28.6         |
| time/                   |              |
|    fps                  | 1565         |
|    iterations           | 152          |
|    time_elapsed         | 795          |
|    total_timesteps      | 1245184      |
| train/                  |              |
|    approx_kl            | 0.0060279146 |
|    clip_fraction        | 0.0561       |
|    clip_range           | 0.2          |
|    entropy_loss         | -0.951       |
|    explained_variance   | 0.291        |
|    learning_rate        | 0.0001       |
|    loss                 | 0.413        |
|    n_updates            | 604          |
|    policy_gradient_loss | -0.0093      |
|    value_loss           | 0.563        |
------------------------------------------
------------------------------------------
| episode/                |              |
|    lines_cleared_mean   | 8.2          |
|    perfect_clears_mean  | 0            |
|    pieces_placed_mean   | 31.5         |
| rollout/                |              |
|    ep_len_mean          | 26.4         |
|    ep_rew_mean          | 28.5         |
| time/                   |              |
|    fps                  | 1565         |
|    iterations           | 153          |
|    time_elapsed         | 800          |
|    total_timesteps      | 1253376      |
| train/                  |              |
|    approx_kl            | 0.0061114663 |
|    clip_fraction        | 0.0543       |
|    clip_range           | 0.2          |
|    entropy_loss         | -0.95        |
|    explained_variance   | 0.326        |
|    learning_rate        | 0.0001       |
|    loss                 | 0.447        |
|    n_updates            | 608          |
|    policy_gradient_loss | -0.00929     |
|    value_loss           | 0.517        |
------------------------------------------
------------------------------------------
| episode/                |              |
|    lines_cleared_mean   | 4.82         |
|    perfect_clears_mean  | 0            |
|    pieces_placed_mean   | 23.5         |
| rollout/                |              |
|    ep_len_mean          | 26.1         |
|    ep_rew_mean          | 28.2         |
| time/                   |              |
|    fps                  | 1565         |
|    iterations           | 154          |
|    time_elapsed         | 805          |
|    total_timesteps      | 1261568      |
| train/                  |              |
|    approx_kl            | 0.0059711994 |
|    clip_fraction        | 0.0563       |
|    clip_range           | 0.2          |
|    entropy_loss         | -0.95        |
|    explained_variance   | 0.256        |
|    learning_rate        | 0.0001       |
|    loss                 | 0.433        |
|    n_updates            | 612          |
|    policy_gradient_loss | -0.00901     |
|    value_loss           | 0.542        |
------------------------------------------
-----------------------------------------
| episode/                |             |
|    lines_cleared_mean   | 9.2         |
|    perfect_clears_mean  | 0           |
|    pieces_placed_mean   | 34.3        |
| rollout/                |             |
|    ep_len_mean          | 28.1        |
|    ep_rew_mean          | 32          |
| time/                   |             |
|    fps                  | 1565        |
|    iterations           | 155         |
|    time_elapsed         | 811         |
|    total_timesteps      | 1269760     |
| train/                  |             |
|    approx_kl            | 0.006263692 |
|    clip_fraction        | 0.0583      |
|    clip_range           | 0.2         |
|    entropy_loss         | -0.944      |
|    explained_variance   | 0.341       |
|    learning_rate        | 0.0001      |
|    loss                 | 0.464       |
|    n_updates            | 616         |
|    policy_gradient_loss | -0.00905    |
|    value_loss           | 0.499       |
-----------------------------------------
-----------------------------------------
| episode/                |             |
|    lines_cleared_mean   | 5.1         |
|    perfect_clears_mean  | 0           |
|    pieces_placed_mean   | 25.5        |
| rollout/                |             |
|    ep_len_mean          | 27.9        |
|    ep_rew_mean          | 30.9        |
| time/                   |             |
|    fps                  | 1565        |
|    iterations           | 156         |
|    time_elapsed         | 816         |
|    total_timesteps      | 1277952     |
| train/                  |             |
|    approx_kl            | 0.005933835 |
|    clip_fraction        | 0.0471      |
|    clip_range           | 0.2         |
|    entropy_loss         | -0.916      |
|    explained_variance   | 0.284       |
|    learning_rate        | 0.0001      |
|    loss                 | 0.519       |
|    n_updates            | 620         |
|    policy_gradient_loss | -0.00905    |
|    value_loss           | 0.54        |
-----------------------------------------
-----------------------------------------
| episode/                |             |
|    lines_cleared_mean   | 7.9         |
|    perfect_clears_mean  | 0           |
|    pieces_placed_mean   | 31.7        |
| rollout/                |             |
|    ep_len_mean          | 27.6        |
|    ep_rew_mean          | 30.8        |
| time/                   |             |
|    fps                  | 1564        |
|    iterations           | 157         |
|    time_elapsed         | 821         |
|    total_timesteps      | 1286144     |
| train/                  |             |
|    approx_kl            | 0.006148669 |
|    clip_fraction        | 0.0559      |
|    clip_range           | 0.2         |
|    entropy_loss         | -0.943      |
|    explained_variance   | 0.282       |
|    learning_rate        | 0.0001      |
|    loss                 | 0.477       |
|    n_updates            | 624         |
|    policy_gradient_loss | -0.00898    |
|    value_loss           | 0.531       |
-----------------------------------------
-----------------------------------------
| episode/                |             |
|    lines_cleared_mean   | 5.6         |
|    perfect_clears_mean  | 0           |
|    pieces_placed_mean   | 25.9        |
| rollout/                |             |
|    ep_len_mean          | 25.1        |
|    ep_rew_mean          | 25.2        |
| time/                   |             |
|    fps                  | 1564        |
|    iterations           | 158         |
|    time_elapsed         | 827         |
|    total_timesteps      | 1294336     |
| train/                  |             |
|    approx_kl            | 0.005772776 |
|    clip_fraction        | 0.0541      |
|    clip_range           | 0.2         |
|    entropy_loss         | -0.952      |
|    explained_variance   | 0.304       |
|    learning_rate        | 0.0001      |
|    loss                 | 0.568       |
|    n_updates            | 628         |
|    policy_gradient_loss | -0.00905    |
|    value_loss           | 0.522       |
-----------------------------------------
-----------------------------------------
| episode/                |             |
|    lines_cleared_mean   | 5.17        |
|    perfect_clears_mean  | 0           |
|    pieces_placed_mean   | 24.8        |
| rollout/                |             |
|    ep_len_mean          | 25.3        |
|    ep_rew_mean          | 26.4        |
| time/                   |             |
|    fps                  | 1564        |
|    iterations           | 159         |
|    time_elapsed         | 832         |
|    total_timesteps      | 1302528     |
| train/                  |             |
|    approx_kl            | 0.006645475 |
|    clip_fraction        | 0.0604      |
|    clip_range           | 0.2         |
|    entropy_loss         | -0.955      |
|    explained_variance   | 0.286       |
|    learning_rate        | 0.0001      |
|    loss                 | 0.4         |
|    n_updates            | 632         |
|    policy_gradient_loss | -0.00972    |
|    value_loss           | 0.525       |
-----------------------------------------
-----------------------------------------
| episode/                |             |
|    lines_cleared_mean   | 6.1         |
|    perfect_clears_mean  | 0           |
|    pieces_placed_mean   | 28.2        |
| rollout/                |             |
|    ep_len_mean          | 27.9        |
|    ep_rew_mean          | 31.2        |
| time/                   |             |
|    fps                  | 1564        |
|    iterations           | 160         |
|    time_elapsed         | 837         |
|    total_timesteps      | 1310720     |
| train/                  |             |
|    approx_kl            | 0.006607963 |
|    clip_fraction        | 0.0625      |
|    clip_range           | 0.2         |
|    entropy_loss         | -0.936      |
|    explained_variance   | 0.247       |
|    learning_rate        | 0.0001      |
|    loss                 | 0.548       |
|    n_updates            | 636         |
|    policy_gradient_loss | -0.00989    |
|    value_loss           | 0.546       |
-----------------------------------------
------------------------------------------
| episode/                |              |
|    lines_cleared_mean   | 5.1          |
|    perfect_clears_mean  | 0            |
|    pieces_placed_mean   | 24.4         |
| rollout/                |              |
|    ep_len_mean          | 26.1         |
|    ep_rew_mean          | 28.8         |
| time/                   |              |
|    fps                  | 1564         |
|    iterations           | 161          |
|    time_elapsed         | 843          |
|    total_timesteps      | 1318912      |
| train/                  |              |
|    approx_kl            | 0.0059573157 |
|    clip_fraction        | 0.0497       |
|    clip_range           | 0.2          |
|    entropy_loss         | -0.93        |
|    explained_variance   | 0.227        |
|    learning_rate        | 0.0001       |
|    loss                 | 0.423        |
|    n_updates            | 640          |
|    policy_gradient_loss | -0.00954     |
|    value_loss           | 0.55         |
------------------------------------------
-----------------------------------------
| episode/                |             |
|    lines_cleared_mean   | 5.3         |
|    perfect_clears_mean  | 0           |
|    pieces_placed_mean   | 25.8        |
| rollout/                |             |
|    ep_len_mean          | 26.6        |
|    ep_rew_mean          | 28.8        |
| time/                   |             |
|    fps                  | 1564        |
|    iterations           | 162         |
|    time_elapsed         | 848         |
|    total_timesteps      | 1327104     |
| train/                  |             |
|    approx_kl            | 0.006188889 |
|    clip_fraction        | 0.0492      |
|    clip_range           | 0.2         |
|    entropy_loss         | -0.922      |
|    explained_variance   | 0.31        |
|    learning_rate        | 0.0001      |
|    loss                 | 0.52        |
|    n_updates            | 644         |
|    policy_gradient_loss | -0.00846    |
|    value_loss           | 0.545       |
-----------------------------------------
-----------------------------------------
| episode/                |             |
|    lines_cleared_mean   | 4.8         |
|    perfect_clears_mean  | 0           |
|    pieces_placed_mean   | 24.1        |
| rollout/                |             |
|    ep_len_mean          | 25.6        |
|    ep_rew_mean          | 26          |
| time/                   |             |
|    fps                  | 1564        |
|    iterations           | 163         |
|    time_elapsed         | 853         |
|    total_timesteps      | 1335296     |
| train/                  |             |
|    approx_kl            | 0.005739705 |
|    clip_fraction        | 0.0497      |
|    clip_range           | 0.2         |
|    entropy_loss         | -0.903      |
|    explained_variance   | 0.31        |
|    learning_rate        | 0.0001      |
|    loss                 | 0.502       |
|    n_updates            | 648         |
|    policy_gradient_loss | -0.00891    |
|    value_loss           | 0.532       |
-----------------------------------------
----------------------------------------
| episode/                |            |
|    lines_cleared_mean   | 7.5        |
|    perfect_clears_mean  | 0          |
|    pieces_placed_mean   | 29.9       |
| rollout/                |            |
|    ep_len_mean          | 26.4       |
|    ep_rew_mean          | 28.3       |
| time/                   |            |
|    fps                  | 1564       |
|    iterations           | 164        |
|    time_elapsed         | 858        |
|    total_timesteps      | 1343488    |
| train/                  |            |
|    approx_kl            | 0.00625591 |
|    clip_fraction        | 0.0539     |
|    clip_range           | 0.2        |
|    entropy_loss         | -0.923     |
|    explained_variance   | 0.345      |
|    learning_rate        | 0.0001     |
|    loss                 | 0.442      |
|    n_updates            | 652        |
|    policy_gradient_loss | -0.00842   |
|    value_loss           | 0.485      |
----------------------------------------
------------------------------------------
| episode/                |              |
|    lines_cleared_mean   | 4.1          |
|    perfect_clears_mean  | 0            |
|    pieces_placed_mean   | 22.3         |
| rollout/                |              |
|    ep_len_mean          | 24.6         |
|    ep_rew_mean          | 24.8         |
| time/                   |              |
|    fps                  | 1564         |
|    iterations           | 165          |
|    time_elapsed         | 864          |
|    total_timesteps      | 1351680      |
| train/                  |              |
|    approx_kl            | 0.0062932842 |
|    clip_fraction        | 0.0589       |
|    clip_range           | 0.2          |
|    entropy_loss         | -0.901       |
|    explained_variance   | 0.261        |
|    learning_rate        | 0.0001       |
|    loss                 | 0.521        |
|    n_updates            | 656          |
|    policy_gradient_loss | -0.00896     |
|    value_loss           | 0.564        |
------------------------------------------
-----------------------------------------
| episode/                |             |
|    lines_cleared_mean   | 4.6         |
|    perfect_clears_mean  | 0           |
|    pieces_placed_mean   | 23          |
| rollout/                |             |
|    ep_len_mean          | 25.6        |
|    ep_rew_mean          | 26.4        |
| time/                   |             |
|    fps                  | 1563        |
|    iterations           | 166         |
|    time_elapsed         | 869         |
|    total_timesteps      | 1359872     |
| train/                  |             |
|    approx_kl            | 0.006879212 |
|    clip_fraction        | 0.0696      |
|    clip_range           | 0.2         |
|    entropy_loss         | -0.91       |
|    explained_variance   | 0.247       |
|    learning_rate        | 0.0001      |
|    loss                 | 0.436       |
|    n_updates            | 660         |
|    policy_gradient_loss | -0.0102     |
|    value_loss           | 0.511       |
-----------------------------------------
-----------------------------------------
| episode/                |             |
|    lines_cleared_mean   | 10.1        |
|    perfect_clears_mean  | 0           |
|    pieces_placed_mean   | 36.4        |
| rollout/                |             |
|    ep_len_mean          | 27.9        |
|    ep_rew_mean          | 31.3        |
| time/                   |             |
|    fps                  | 1563        |
|    iterations           | 167         |
|    time_elapsed         | 874         |
|    total_timesteps      | 1368064     |
| train/                  |             |
|    approx_kl            | 0.006370563 |
|    clip_fraction        | 0.0563      |
|    clip_range           | 0.2         |
|    entropy_loss         | -0.904      |
|    explained_variance   | 0.304       |
|    learning_rate        | 0.0001      |
|    loss                 | 0.427       |
|    n_updates            | 664         |
|    policy_gradient_loss | -0.0096     |
|    value_loss           | 0.481       |
-----------------------------------------
------------------------------------------
| episode/                |              |
|    lines_cleared_mean   | 8.3          |
|    perfect_clears_mean  | 0            |
|    pieces_placed_mean   | 32.6         |
| rollout/                |              |
|    ep_len_mean          | 27.4         |
|    ep_rew_mean          | 30.6         |
| time/                   |              |
|    fps                  | 1563         |
|    iterations           | 168          |
|    time_elapsed         | 880          |
|    total_timesteps      | 1376256      |
| train/                  |              |
|    approx_kl            | 0.0060011772 |
|    clip_fraction        | 0.0536       |
|    clip_range           | 0.2          |
|    entropy_loss         | -0.885       |
|    explained_variance   | 0.267        |
|    learning_rate        | 0.0001       |
|    loss                 | 0.476        |
|    n_updates            | 668          |
|    policy_gradient_loss | -0.00905     |
|    value_loss           | 0.558        |
------------------------------------------
-----------------------------------------
| episode/                |             |
|    lines_cleared_mean   | 4.4         |
|    perfect_clears_mean  | 0           |
|    pieces_placed_mean   | 24.5        |
| rollout/                |             |
|    ep_len_mean          | 25.1        |
|    ep_rew_mean          | 25.1        |
| time/                   |             |
|    fps                  | 1563        |
|    iterations           | 169         |
|    time_elapsed         | 885         |
|    total_timesteps      | 1384448     |
| train/                  |             |
|    approx_kl            | 0.005424692 |
|    clip_fraction        | 0.0443      |
|    clip_range           | 0.2         |
|    entropy_loss         | -0.898      |
|    explained_variance   | 0.306       |
|    learning_rate        | 0.0001      |
|    loss                 | 0.509       |
|    n_updates            | 672         |
|    policy_gradient_loss | -0.00732    |
|    value_loss           | 0.549       |
-----------------------------------------
----------------------------------------
| episode/                |            |
|    lines_cleared_mean   | 6.7        |
|    perfect_clears_mean  | 0          |
|    pieces_placed_mean   | 29.3       |
| rollout/                |            |
|    ep_len_mean          | 27         |
|    ep_rew_mean          | 29.6       |
| time/                   |            |
|    fps                  | 1563       |
|    iterations           | 170        |
|    time_elapsed         | 890        |
|    total_timesteps      | 1392640    |
| train/                  |            |
|    approx_kl            | 0.00607811 |
|    clip_fraction        | 0.0545     |
|    clip_range           | 0.2        |
|    entropy_loss         | -0.897     |
|    explained_variance   | 0.312      |
|    learning_rate        | 0.0001     |
|    loss                 | 0.399      |
|    n_updates            | 676        |
|    policy_gradient_loss | -0.00934   |
|    value_loss           | 0.516      |
----------------------------------------
------------------------------------------
| episode/                |              |
|    lines_cleared_mean   | 5.4          |
|    perfect_clears_mean  | 0            |
|    pieces_placed_mean   | 24.7         |
| rollout/                |              |
|    ep_len_mean          | 25.9         |
|    ep_rew_mean          | 27.7         |
| time/                   |              |
|    fps                  | 1563         |
|    iterations           | 171          |
|    time_elapsed         | 895          |
|    total_timesteps      | 1400832      |
| train/                  |              |
|    approx_kl            | 0.0053627556 |
|    clip_fraction        | 0.0468       |
|    clip_range           | 0.2          |
|    entropy_loss         | -0.888       |
|    explained_variance   | 0.279        |
|    learning_rate        | 0.0001       |
|    loss                 | 0.551        |
|    n_updates            | 680          |
|    policy_gradient_loss | -0.00944     |
|    value_loss           | 0.576        |
------------------------------------------
------------------------------------------
| episode/                |              |
|    lines_cleared_mean   | 5.6          |
|    perfect_clears_mean  | 0            |
|    pieces_placed_mean   | 26.4         |
| rollout/                |              |
|    ep_len_mean          | 27.7         |
|    ep_rew_mean          | 30.8         |
| time/                   |              |
|    fps                  | 1563         |
|    iterations           | 172          |
|    time_elapsed         | 901          |
|    total_timesteps      | 1409024      |
| train/                  |              |
|    approx_kl            | 0.0057535134 |
|    clip_fraction        | 0.0511       |
|    clip_range           | 0.2          |
|    entropy_loss         | -0.886       |
|    explained_variance   | 0.298        |
|    learning_rate        | 0.0001       |
|    loss                 | 0.542        |
|    n_updates            | 684          |
|    policy_gradient_loss | -0.00879     |
|    value_loss           | 0.552        |
------------------------------------------
------------------------------------------
| episode/                |              |
|    lines_cleared_mean   | 7.4          |
|    perfect_clears_mean  | 0            |
|    pieces_placed_mean   | 30.4         |
| rollout/                |              |
|    ep_len_mean          | 28.1         |
|    ep_rew_mean          | 32.1         |
| time/                   |              |
|    fps                  | 1563         |
|    iterations           | 173          |
|    time_elapsed         | 906          |
|    total_timesteps      | 1417216      |
| train/                  |              |
|    approx_kl            | 0.0051906826 |
|    clip_fraction        | 0.0442       |
|    clip_range           | 0.2          |
|    entropy_loss         | -0.895       |
|    explained_variance   | 0.276        |
|    learning_rate        | 0.0001       |
|    loss                 | 0.539        |
|    n_updates            | 688          |
|    policy_gradient_loss | -0.0079      |
|    value_loss           | 0.582        |
------------------------------------------
-----------------------------------------
| episode/                |             |
|    lines_cleared_mean   | 7.1         |
|    perfect_clears_mean  | 0           |
|    pieces_placed_mean   | 29.8        |
| rollout/                |             |
|    ep_len_mean          | 27.3        |
|    ep_rew_mean          | 29.9        |
| time/                   |             |
|    fps                  | 1563        |
|    iterations           | 174         |
|    time_elapsed         | 911         |
|    total_timesteps      | 1425408     |
| train/                  |             |
|    approx_kl            | 0.006238194 |
|    clip_fraction        | 0.054       |
|    clip_range           | 0.2         |
|    entropy_loss         | -0.876      |
|    explained_variance   | 0.285       |
|    learning_rate        | 0.0001      |
|    loss                 | 0.515       |
|    n_updates            | 692         |
|    policy_gradient_loss | -0.00883    |
|    value_loss           | 0.579       |
-----------------------------------------
----------------------------------------
| episode/                |            |
|    lines_cleared_mean   | 6.4        |
|    perfect_clears_mean  | 0          |
|    pieces_placed_mean   | 28.8       |
| rollout/                |            |
|    ep_len_mean          | 26.4       |
|    ep_rew_mean          | 28.3       |
| time/                   |            |
|    fps                  | 1563       |
|    iterations           | 175        |
|    time_elapsed         | 917        |
|    total_timesteps      | 1433600    |
| train/                  |            |
|    approx_kl            | 0.00610473 |
|    clip_fraction        | 0.0557     |
|    clip_range           | 0.2        |
|    entropy_loss         | -0.887     |
|    explained_variance   | 0.314      |
|    learning_rate        | 0.0001     |
|    loss                 | 0.523      |
|    n_updates            | 696        |
|    policy_gradient_loss | -0.00917   |
|    value_loss           | 0.561      |
----------------------------------------
-----------------------------------------
| episode/                |             |
|    lines_cleared_mean   | 5.9         |
|    perfect_clears_mean  | 0           |
|    pieces_placed_mean   | 27.1        |
| rollout/                |             |
|    ep_len_mean          | 26.9        |
|    ep_rew_mean          | 29.5        |
| time/                   |             |
|    fps                  | 1563        |
|    iterations           | 176         |
|    time_elapsed         | 922         |
|    total_timesteps      | 1441792     |
| train/                  |             |
|    approx_kl            | 0.006058004 |
|    clip_fraction        | 0.0532      |
|    clip_range           | 0.2         |
|    entropy_loss         | -0.881      |
|    explained_variance   | 0.263       |
|    learning_rate        | 0.0001      |
|    loss                 | 0.438       |
|    n_updates            | 700         |
|    policy_gradient_loss | -0.00945    |
|    value_loss           | 0.55        |
-----------------------------------------
-----------------------------------------
| episode/                |             |
|    lines_cleared_mean   | 8.6         |
|    perfect_clears_mean  | 0           |
|    pieces_placed_mean   | 32.4        |
| rollout/                |             |
|    ep_len_mean          | 26.2        |
|    ep_rew_mean          | 28.3        |
| time/                   |             |
|    fps                  | 1563        |
|    iterations           | 177         |
|    time_elapsed         | 927         |
|    total_timesteps      | 1449984     |
| train/                  |             |
|    approx_kl            | 0.005931453 |
|    clip_fraction        | 0.0493      |
|    clip_range           | 0.2         |
|    entropy_loss         | -0.879      |
|    explained_variance   | 0.294       |
|    learning_rate        | 0.0001      |
|    loss                 | 0.478       |
|    n_updates            | 704         |
|    policy_gradient_loss | -0.00955    |
|    value_loss           | 0.523       |
-----------------------------------------
------------------------------------------
| episode/                |              |
|    lines_cleared_mean   | 6.3          |
|    perfect_clears_mean  | 0            |
|    pieces_placed_mean   | 26.9         |
| rollout/                |              |
|    ep_len_mean          | 27.8         |
|    ep_rew_mean          | 31.2         |
| time/                   |              |
|    fps                  | 1563         |
|    iterations           | 178          |
|    time_elapsed         | 932          |
|    total_timesteps      | 1458176      |
| train/                  |              |
|    approx_kl            | 0.0060352404 |
|    clip_fraction        | 0.0564       |
|    clip_range           | 0.2          |
|    entropy_loss         | -0.879       |
|    explained_variance   | 0.328        |
|    learning_rate        | 0.0001       |
|    loss                 | 0.489        |
|    n_updates            | 708          |
|    policy_gradient_loss | -0.0096      |
|    value_loss           | 0.492        |
------------------------------------------
-----------------------------------------
| episode/                |             |
|    lines_cleared_mean   | 8.2         |
|    perfect_clears_mean  | 0           |
|    pieces_placed_mean   | 31.7        |
| rollout/                |             |
|    ep_len_mean          | 28.1        |
|    ep_rew_mean          | 31.9        |
| time/                   |             |
|    fps                  | 1563        |
|    iterations           | 179         |
|    time_elapsed         | 938         |
|    total_timesteps      | 1466368     |
| train/                  |             |
|    approx_kl            | 0.005866602 |
|    clip_fraction        | 0.0523      |
|    clip_range           | 0.2         |
|    entropy_loss         | -0.869      |
|    explained_variance   | 0.315       |
|    learning_rate        | 0.0001      |
|    loss                 | 0.425       |
|    n_updates            | 712         |
|    policy_gradient_loss | -0.00863    |
|    value_loss           | 0.477       |
-----------------------------------------
------------------------------------------
| episode/                |              |
|    lines_cleared_mean   | 5            |
|    perfect_clears_mean  | 0            |
|    pieces_placed_mean   | 25           |
| rollout/                |              |
|    ep_len_mean          | 26.8         |
|    ep_rew_mean          | 29.3         |
| time/                   |              |
|    fps                  | 1562         |
|    iterations           | 180          |
|    time_elapsed         | 943          |
|    total_timesteps      | 1474560      |
| train/                  |              |
|    approx_kl            | 0.0048069847 |
|    clip_fraction        | 0.0494       |
|    clip_range           | 0.2          |
|    entropy_loss         | -0.849       |
|    explained_variance   | 0.322        |
|    learning_rate        | 0.0001       |
|    loss                 | 0.463        |
|    n_updates            | 716          |
|    policy_gradient_loss | -0.00791     |
|    value_loss           | 0.485        |
------------------------------------------
------------------------------------------
| episode/                |              |
|    lines_cleared_mean   | 4.8          |
|    perfect_clears_mean  | 0            |
|    pieces_placed_mean   | 24.2         |
| rollout/                |              |
|    ep_len_mean          | 27.5         |
|    ep_rew_mean          | 30.2         |
| time/                   |              |
|    fps                  | 1562         |
|    iterations           | 181          |
|    time_elapsed         | 948          |
|    total_timesteps      | 1482752      |
| train/                  |              |
|    approx_kl            | 0.0060976394 |
|    clip_fraction        | 0.0545       |
|    clip_range           | 0.2          |
|    entropy_loss         | -0.869       |
|    explained_variance   | 0.341        |
|    learning_rate        | 0.0001       |
|    loss                 | 0.478        |
|    n_updates            | 720          |
|    policy_gradient_loss | -0.0102      |
|    value_loss           | 0.497        |
------------------------------------------
-----------------------------------------
| episode/                |             |
|    lines_cleared_mean   | 4.6         |
|    perfect_clears_mean  | 0           |
|    pieces_placed_mean   | 23          |
| rollout/                |             |
|    ep_len_mean          | 26.7        |
|    ep_rew_mean          | 29          |
| time/                   |             |
|    fps                  | 1562        |
|    iterations           | 182         |
|    time_elapsed         | 954         |
|    total_timesteps      | 1490944     |
| train/                  |             |
|    approx_kl            | 0.005675828 |
|    clip_fraction        | 0.0449      |
|    clip_range           | 0.2         |
|    entropy_loss         | -0.872      |
|    explained_variance   | 0.323       |
|    learning_rate        | 0.0001      |
|    loss                 | 0.453       |
|    n_updates            | 724         |
|    policy_gradient_loss | -0.00836    |
|    value_loss           | 0.532       |
-----------------------------------------
-----------------------------------------
| episode/                |             |
|    lines_cleared_mean   | 4.36        |
|    perfect_clears_mean  | 0           |
|    pieces_placed_mean   | 23.3        |
| rollout/                |             |
|    ep_len_mean          | 26          |
|    ep_rew_mean          | 27.7        |
| time/                   |             |
|    fps                  | 1562        |
|    iterations           | 183         |
|    time_elapsed         | 959         |
|    total_timesteps      | 1499136     |
| train/                  |             |
|    approx_kl            | 0.005947547 |
|    clip_fraction        | 0.0516      |
|    clip_range           | 0.2         |
|    entropy_loss         | -0.868      |
|    explained_variance   | 0.313       |
|    learning_rate        | 0.0001      |
|    loss                 | 0.479       |
|    n_updates            | 728         |
|    policy_gradient_loss | -0.00936    |
|    value_loss           | 0.505       |
-----------------------------------------
-----------------------------------------
| episode/                |             |
|    lines_cleared_mean   | 5.09        |
|    perfect_clears_mean  | 0           |
|    pieces_placed_mean   | 24.8        |
| rollout/                |             |
|    ep_len_mean          | 26.6        |
|    ep_rew_mean          | 28.4        |
| time/                   |             |
|    fps                  | 1562        |
|    iterations           | 184         |
|    time_elapsed         | 964         |
|    total_timesteps      | 1507328     |
| train/                  |             |
|    approx_kl            | 0.005549472 |
|    clip_fraction        | 0.0568      |
|    clip_range           | 0.2         |
|    entropy_loss         | -0.874      |
|    explained_variance   | 0.329       |
|    learning_rate        | 0.0001      |
|    loss                 | 0.421       |
|    n_updates            | 732         |
|    policy_gradient_loss | -0.00939    |
|    value_loss           | 0.465       |
-----------------------------------------
------------------------------------------
| episode/                |              |
|    lines_cleared_mean   | 3.7          |
|    perfect_clears_mean  | 0            |
|    pieces_placed_mean   | 22.6         |
| rollout/                |              |
|    ep_len_mean          | 25           |
|    ep_rew_mean          | 24.9         |
| time/                   |              |
|    fps                  | 1562         |
|    iterations           | 185          |
|    time_elapsed         | 969          |
|    total_timesteps      | 1515520      |
| train/                  |              |
|    approx_kl            | 0.0061529446 |
|    clip_fraction        | 0.0543       |
|    clip_range           | 0.2          |
|    entropy_loss         | -0.864       |
|    explained_variance   | 0.319        |
|    learning_rate        | 0.0001       |
|    loss                 | 0.441        |
|    n_updates            | 736          |
|    policy_gradient_loss | -0.00872     |
|    value_loss           | 0.448        |
------------------------------------------
------------------------------------------
| episode/                |              |
|    lines_cleared_mean   | 4.5          |
|    perfect_clears_mean  | 0            |
|    pieces_placed_mean   | 23           |
| rollout/                |              |
|    ep_len_mean          | 25.7         |
|    ep_rew_mean          | 27.4         |
| time/                   |              |
|    fps                  | 1562         |
|    iterations           | 186          |
|    time_elapsed         | 975          |
|    total_timesteps      | 1523712      |
| train/                  |              |
|    approx_kl            | 0.0061456803 |
|    clip_fraction        | 0.0509       |
|    clip_range           | 0.2          |
|    entropy_loss         | -0.857       |
|    explained_variance   | 0.318        |
|    learning_rate        | 0.0001       |
|    loss                 | 0.453        |
|    n_updates            | 740          |
|    policy_gradient_loss | -0.00843     |
|    value_loss           | 0.487        |
------------------------------------------
------------------------------------------
| episode/                |              |
|    lines_cleared_mean   | 7.82         |
|    perfect_clears_mean  | 0            |
|    pieces_placed_mean   | 30.7         |
| rollout/                |              |
|    ep_len_mean          | 26.5         |
|    ep_rew_mean          | 29.1         |
| time/                   |              |
|    fps                  | 1562         |
|    iterations           | 187          |
|    time_elapsed         | 980          |
|    total_timesteps      | 1531904      |
| train/                  |              |
|    approx_kl            | 0.0056383037 |
|    clip_fraction        | 0.0498       |
|    clip_range           | 0.2          |
|    entropy_loss         | -0.855       |
|    explained_variance   | 0.303        |
|    learning_rate        | 0.0001       |
|    loss                 | 0.42         |
|    n_updates            | 744          |
|    policy_gradient_loss | -0.00819     |
|    value_loss           | 0.472        |
------------------------------------------
------------------------------------------
| episode/                |              |
|    lines_cleared_mean   | 5.27         |
|    perfect_clears_mean  | 0            |
|    pieces_placed_mean   | 23.9         |
| rollout/                |              |
|    ep_len_mean          | 25.9         |
|    ep_rew_mean          | 27.4         |
| time/                   |              |
|    fps                  | 1562         |
|    iterations           | 188          |
|    time_elapsed         | 985          |
|    total_timesteps      | 1540096      |
| train/                  |              |
|    approx_kl            | 0.0056073843 |
|    clip_fraction        | 0.0515       |
|    clip_range           | 0.2          |
|    entropy_loss         | -0.848       |
|    explained_variance   | 0.303        |
|    learning_rate        | 0.0001       |
|    loss                 | 0.445        |
|    n_updates            | 748          |
|    policy_gradient_loss | -0.00878     |
|    value_loss           | 0.471        |
------------------------------------------
-----------------------------------------
| episode/                |             |
|    lines_cleared_mean   | 5.4         |
|    perfect_clears_mean  | 0           |
|    pieces_placed_mean   | 24.6        |
| rollout/                |             |
|    ep_len_mean          | 26.5        |
|    ep_rew_mean          | 28.7        |
| time/                   |             |
|    fps                  | 1562        |
|    iterations           | 189         |
|    time_elapsed         | 991         |
|    total_timesteps      | 1548288     |
| train/                  |             |
|    approx_kl            | 0.005450685 |
|    clip_fraction        | 0.0479      |
|    clip_range           | 0.2         |
|    entropy_loss         | -0.848      |
|    explained_variance   | 0.307       |
|    learning_rate        | 0.0001      |
|    loss                 | 0.406       |
|    n_updates            | 752         |
|    policy_gradient_loss | -0.0088     |
|    value_loss           | 0.498       |
-----------------------------------------
-----------------------------------------
| episode/                |             |
|    lines_cleared_mean   | 5.6         |
|    perfect_clears_mean  | 0           |
|    pieces_placed_mean   | 25.8        |
| rollout/                |             |
|    ep_len_mean          | 27.6        |
|    ep_rew_mean          | 30.4        |
| time/                   |             |
|    fps                  | 1562        |
|    iterations           | 190         |
|    time_elapsed         | 996         |
|    total_timesteps      | 1556480     |
| train/                  |             |
|    approx_kl            | 0.005687313 |
|    clip_fraction        | 0.0474      |
|    clip_range           | 0.2         |
|    entropy_loss         | -0.851      |
|    explained_variance   | 0.302       |
|    learning_rate        | 0.0001      |
|    loss                 | 0.391       |
|    n_updates            | 756         |
|    policy_gradient_loss | -0.00814    |
|    value_loss           | 0.455       |
-----------------------------------------
------------------------------------------
| episode/                |              |
|    lines_cleared_mean   | 5            |
|    perfect_clears_mean  | 0            |
|    pieces_placed_mean   | 24.7         |
| rollout/                |              |
|    ep_len_mean          | 26.3         |
|    ep_rew_mean          | 28           |
| time/                   |              |
|    fps                  | 1562         |
|    iterations           | 191          |
|    time_elapsed         | 1001         |
|    total_timesteps      | 1564672      |
| train/                  |              |
|    approx_kl            | 0.0061700614 |
|    clip_fraction        | 0.0546       |
|    clip_range           | 0.2          |
|    entropy_loss         | -0.835       |
|    explained_variance   | 0.308        |
|    learning_rate        | 0.0001       |
|    loss                 | 0.471        |
|    n_updates            | 760          |
|    policy_gradient_loss | -0.0102      |
|    value_loss           | 0.443        |
------------------------------------------
-----------------------------------------
| episode/                |             |
|    lines_cleared_mean   | 5.4         |
|    perfect_clears_mean  | 0           |
|    pieces_placed_mean   | 24.7        |
| rollout/                |             |
|    ep_len_mean          | 26.6        |
|    ep_rew_mean          | 29.1        |
| time/                   |             |
|    fps                  | 1562        |
|    iterations           | 192         |
|    time_elapsed         | 1006        |
|    total_timesteps      | 1572864     |
| train/                  |             |
|    approx_kl            | 0.005550975 |
|    clip_fraction        | 0.0467      |
|    clip_range           | 0.2         |
|    entropy_loss         | -0.825      |
|    explained_variance   | 0.345       |
|    learning_rate        | 0.0001      |
|    loss                 | 0.421       |
|    n_updates            | 764         |
|    policy_gradient_loss | -0.00829    |
|    value_loss           | 0.506       |
-----------------------------------------
-----------------------------------------
| episode/                |             |
|    lines_cleared_mean   | 7.58        |
|    perfect_clears_mean  | 0           |
|    pieces_placed_mean   | 30          |
| rollout/                |             |
|    ep_len_mean          | 28.1        |
|    ep_rew_mean          | 32.4        |
| time/                   |             |
|    fps                  | 1562        |
|    iterations           | 193         |
|    time_elapsed         | 1012        |
|    total_timesteps      | 1581056     |
| train/                  |             |
|    approx_kl            | 0.005173869 |
|    clip_fraction        | 0.0467      |
|    clip_range           | 0.2         |
|    entropy_loss         | -0.811      |
|    explained_variance   | 0.346       |
|    learning_rate        | 0.0001      |
|    loss                 | 0.445       |
|    n_updates            | 768         |
|    policy_gradient_loss | -0.00854    |
|    value_loss           | 0.489       |
-----------------------------------------
-----------------------------------------
| episode/                |             |
|    lines_cleared_mean   | 6.27        |
|    perfect_clears_mean  | 0           |
|    pieces_placed_mean   | 26.8        |
| rollout/                |             |
|    ep_len_mean          | 26          |
|    ep_rew_mean          | 27.6        |
| time/                   |             |
|    fps                  | 1561        |
|    iterations           | 194         |
|    time_elapsed         | 1017        |
|    total_timesteps      | 1589248     |
| train/                  |             |
|    approx_kl            | 0.005533267 |
|    clip_fraction        | 0.0511      |
|    clip_range           | 0.2         |
|    entropy_loss         | -0.815      |
|    explained_variance   | 0.327       |
|    learning_rate        | 0.0001      |
|    loss                 | 0.423       |
|    n_updates            | 772         |
|    policy_gradient_loss | -0.00845    |
|    value_loss           | 0.485       |
-----------------------------------------
------------------------------------------
| episode/                |              |
|    lines_cleared_mean   | 5.1          |
|    perfect_clears_mean  | 0            |
|    pieces_placed_mean   | 25.1         |
| rollout/                |              |
|    ep_len_mean          | 29.1         |
|    ep_rew_mean          | 34.2         |
| time/                   |              |
|    fps                  | 1561         |
|    iterations           | 195          |
|    time_elapsed         | 1022         |
|    total_timesteps      | 1597440      |
| train/                  |              |
|    approx_kl            | 0.0055041476 |
|    clip_fraction        | 0.0476       |
|    clip_range           | 0.2          |
|    entropy_loss         | -0.821       |
|    explained_variance   | 0.312        |
|    learning_rate        | 0.0001       |
|    loss                 | 0.474        |
|    n_updates            | 776          |
|    policy_gradient_loss | -0.00888     |
|    value_loss           | 0.483        |
------------------------------------------
------------------------------------------
| episode/                |              |
|    lines_cleared_mean   | 7.3          |
|    perfect_clears_mean  | 0            |
|    pieces_placed_mean   | 30.6         |
| rollout/                |              |
|    ep_len_mean          | 27.1         |
|    ep_rew_mean          | 29.6         |
| time/                   |              |
|    fps                  | 1561         |
|    iterations           | 196          |
|    time_elapsed         | 1028         |
|    total_timesteps      | 1605632      |
| train/                  |              |
|    approx_kl            | 0.0056146905 |
|    clip_fraction        | 0.0507       |
|    clip_range           | 0.2          |
|    entropy_loss         | -0.797       |
|    explained_variance   | 0.296        |
|    learning_rate        | 0.0001       |
|    loss                 | 0.506        |
|    n_updates            | 780          |
|    policy_gradient_loss | -0.00973     |
|    value_loss           | 0.525        |
------------------------------------------
-----------------------------------------
| episode/                |             |
|    lines_cleared_mean   | 4.9         |
|    perfect_clears_mean  | 0           |
|    pieces_placed_mean   | 24          |
| rollout/                |             |
|    ep_len_mean          | 27.4        |
|    ep_rew_mean          | 30.2        |
| time/                   |             |
|    fps                  | 1561        |
|    iterations           | 197         |
|    time_elapsed         | 1033        |
|    total_timesteps      | 1613824     |
| train/                  |             |
|    approx_kl            | 0.005845734 |
|    clip_fraction        | 0.055       |
|    clip_range           | 0.2         |
|    entropy_loss         | -0.794      |
|    explained_variance   | 0.303       |
|    learning_rate        | 0.0001      |
|    loss                 | 0.469       |
|    n_updates            | 784         |
|    policy_gradient_loss | -0.00902    |
|    value_loss           | 0.479       |
-----------------------------------------
-----------------------------------------
| episode/                |             |
|    lines_cleared_mean   | 7.8         |
|    perfect_clears_mean  | 0           |
|    pieces_placed_mean   | 31          |
| rollout/                |             |
|    ep_len_mean          | 26.2        |
|    ep_rew_mean          | 27.6        |
| time/                   |             |
|    fps                  | 1561        |
|    iterations           | 198         |
|    time_elapsed         | 1038        |
|    total_timesteps      | 1622016     |
| train/                  |             |
|    approx_kl            | 0.005486576 |
|    clip_fraction        | 0.05        |
|    clip_range           | 0.2         |
|    entropy_loss         | -0.795      |
|    explained_variance   | 0.296       |
|    learning_rate        | 0.0001      |
|    loss                 | 0.53        |
|    n_updates            | 788         |
|    policy_gradient_loss | -0.00892    |
|    value_loss           | 0.522       |
-----------------------------------------
-----------------------------------------
| episode/                |             |
|    lines_cleared_mean   | 6.3         |
|    perfect_clears_mean  | 0           |
|    pieces_placed_mean   | 27.4        |
| rollout/                |             |
|    ep_len_mean          | 27.3        |
|    ep_rew_mean          | 30.4        |
| time/                   |             |
|    fps                  | 1561        |
|    iterations           | 199         |
|    time_elapsed         | 1043        |
|    total_timesteps      | 1630208     |
| train/                  |             |
|    approx_kl            | 0.005096952 |
|    clip_fraction        | 0.0462      |
|    clip_range           | 0.2         |
|    entropy_loss         | -0.793      |
|    explained_variance   | 0.366       |
|    learning_rate        | 0.0001      |
|    loss                 | 0.48        |
|    n_updates            | 792         |
|    policy_gradient_loss | -0.00864    |
|    value_loss           | 0.471       |
-----------------------------------------
------------------------------------------
| episode/                |              |
|    lines_cleared_mean   | 7.36         |
|    perfect_clears_mean  | 0            |
|    pieces_placed_mean   | 29.5         |
| rollout/                |              |
|    ep_len_mean          | 27.3         |
|    ep_rew_mean          | 30.2         |
| time/                   |              |
|    fps                  | 1561         |
|    iterations           | 200          |
|    time_elapsed         | 1049         |
|    total_timesteps      | 1638400      |
| train/                  |              |
|    approx_kl            | 0.0059057595 |
|    clip_fraction        | 0.0493       |
|    clip_range           | 0.2          |
|    entropy_loss         | -0.788       |
|    explained_variance   | 0.278        |
|    learning_rate        | 0.0001       |
|    loss                 | 0.421        |
|    n_updates            | 796          |
|    policy_gradient_loss | -0.00905     |
|    value_loss           | 0.501        |
------------------------------------------
------------------------------------------
| episode/                |              |
|    lines_cleared_mean   | 6.3          |
|    perfect_clears_mean  | 0            |
|    pieces_placed_mean   | 27.3         |
| rollout/                |              |
|    ep_len_mean          | 27.5         |
|    ep_rew_mean          | 30.8         |
| time/                   |              |
|    fps                  | 1561         |
|    iterations           | 201          |
|    time_elapsed         | 1054         |
|    total_timesteps      | 1646592      |
| train/                  |              |
|    approx_kl            | 0.0061967694 |
|    clip_fraction        | 0.055        |
|    clip_range           | 0.2          |
|    entropy_loss         | -0.788       |
|    explained_variance   | 0.276        |
|    learning_rate        | 0.0001       |
|    loss                 | 0.431        |
|    n_updates            | 800          |
|    policy_gradient_loss | -0.00942     |
|    value_loss           | 0.541        |
------------------------------------------
------------------------------------------
| episode/                |              |
|    lines_cleared_mean   | 6.8          |
|    perfect_clears_mean  | 0            |
|    pieces_placed_mean   | 28.1         |
| rollout/                |              |
|    ep_len_mean          | 29.8         |
|    ep_rew_mean          | 35.5         |
| time/                   |              |
|    fps                  | 1561         |
|    iterations           | 202          |
|    time_elapsed         | 1059         |
|    total_timesteps      | 1654784      |
| train/                  |              |
|    approx_kl            | 0.0058493963 |
|    clip_fraction        | 0.0476       |
|    clip_range           | 0.2          |
|    entropy_loss         | -0.775       |
|    explained_variance   | 0.326        |
|    learning_rate        | 0.0001       |
|    loss                 | 0.457        |
|    n_updates            | 804          |
|    policy_gradient_loss | -0.00858     |
|    value_loss           | 0.495        |
------------------------------------------
-----------------------------------------
| episode/                |             |
|    lines_cleared_mean   | 4.58        |
|    perfect_clears_mean  | 0           |
|    pieces_placed_mean   | 23.8        |
| rollout/                |             |
|    ep_len_mean          | 28.1        |
|    ep_rew_mean          | 31.6        |
| time/                   |             |
|    fps                  | 1561        |
|    iterations           | 203         |
|    time_elapsed         | 1065        |
|    total_timesteps      | 1662976     |
| train/                  |             |
|    approx_kl            | 0.005338124 |
|    clip_fraction        | 0.0441      |
|    clip_range           | 0.2         |
|    entropy_loss         | -0.764      |
|    explained_variance   | 0.274       |
|    learning_rate        | 0.0001      |
|    loss                 | 0.512       |
|    n_updates            | 808         |
|    policy_gradient_loss | -0.0081     |
|    value_loss           | 0.563       |
-----------------------------------------
------------------------------------------
| episode/                |              |
|    lines_cleared_mean   | 4.3          |
|    perfect_clears_mean  | 0            |
|    pieces_placed_mean   | 22.7         |
| rollout/                |              |
|    ep_len_mean          | 25.6         |
|    ep_rew_mean          | 26.4         |
| time/                   |              |
|    fps                  | 1561         |
|    iterations           | 204          |
|    time_elapsed         | 1070         |
|    total_timesteps      | 1671168      |
| train/                  |              |
|    approx_kl            | 0.0058960747 |
|    clip_fraction        | 0.0592       |
|    clip_range           | 0.2          |
|    entropy_loss         | -0.781       |
|    explained_variance   | 0.354        |
|    learning_rate        | 0.0001       |
|    loss                 | 0.421        |
|    n_updates            | 812          |
|    policy_gradient_loss | -0.00942     |
|    value_loss           | 0.479        |
------------------------------------------
------------------------------------------
| episode/                |              |
|    lines_cleared_mean   | 8.73         |
|    perfect_clears_mean  | 0            |
|    pieces_placed_mean   | 33.2         |
| rollout/                |              |
|    ep_len_mean          | 28.8         |
|    ep_rew_mean          | 33.7         |
| time/                   |              |
|    fps                  | 1561         |
|    iterations           | 205          |
|    time_elapsed         | 1075         |
|    total_timesteps      | 1679360      |
| train/                  |              |
|    approx_kl            | 0.0060941204 |
|    clip_fraction        | 0.0567       |
|    clip_range           | 0.2          |
|    entropy_loss         | -0.764       |
|    explained_variance   | 0.296        |
|    learning_rate        | 0.0001       |
|    loss                 | 0.384        |
|    n_updates            | 816          |
|    policy_gradient_loss | -0.00903     |
|    value_loss           | 0.481        |
------------------------------------------
------------------------------------------
| episode/                |              |
|    lines_cleared_mean   | 5.3          |
|    perfect_clears_mean  | 0            |
|    pieces_placed_mean   | 24.9         |
| rollout/                |              |
|    ep_len_mean          | 28.5         |
|    ep_rew_mean          | 33.3         |
| time/                   |              |
|    fps                  | 1561         |
|    iterations           | 206          |
|    time_elapsed         | 1080         |
|    total_timesteps      | 1687552      |
| train/                  |              |
|    approx_kl            | 0.0048921336 |
|    clip_fraction        | 0.0448       |
|    clip_range           | 0.2          |
|    entropy_loss         | -0.755       |
|    explained_variance   | 0.285        |
|    learning_rate        | 0.0001       |
|    loss                 | 0.387        |
|    n_updates            | 820          |
|    policy_gradient_loss | -0.00755     |
|    value_loss           | 0.525        |
------------------------------------------
------------------------------------------
| episode/                |              |
|    lines_cleared_mean   | 7.8          |
|    perfect_clears_mean  | 0            |
|    pieces_placed_mean   | 30.6         |
| rollout/                |              |
|    ep_len_mean          | 27.8         |
|    ep_rew_mean          | 31.5         |
| time/                   |              |
|    fps                  | 1561         |
|    iterations           | 207          |
|    time_elapsed         | 1086         |
|    total_timesteps      | 1695744      |
| train/                  |              |
|    approx_kl            | 0.0055605895 |
|    clip_fraction        | 0.0504       |
|    clip_range           | 0.2          |
|    entropy_loss         | -0.756       |
|    explained_variance   | 0.326        |
|    learning_rate        | 0.0001       |
|    loss                 | 0.511        |
|    n_updates            | 824          |
|    policy_gradient_loss | -0.0091      |
|    value_loss           | 0.508        |
------------------------------------------
------------------------------------------
| episode/                |              |
|    lines_cleared_mean   | 6.09         |
|    perfect_clears_mean  | 0            |
|    pieces_placed_mean   | 27.8         |
| rollout/                |              |
|    ep_len_mean          | 26.7         |
|    ep_rew_mean          | 29.2         |
| time/                   |              |
|    fps                  | 1561         |
|    iterations           | 208          |
|    time_elapsed         | 1091         |
|    total_timesteps      | 1703936      |
| train/                  |              |
|    approx_kl            | 0.0061410544 |
|    clip_fraction        | 0.0549       |
|    clip_range           | 0.2          |
|    entropy_loss         | -0.744       |
|    explained_variance   | 0.286        |
|    learning_rate        | 0.0001       |
|    loss                 | 0.484        |
|    n_updates            | 828          |
|    policy_gradient_loss | -0.00915     |
|    value_loss           | 0.545        |
------------------------------------------
-----------------------------------------
| episode/                |             |
|    lines_cleared_mean   | 7.7         |
|    perfect_clears_mean  | 0           |
|    pieces_placed_mean   | 30.5        |
| rollout/                |             |
|    ep_len_mean          | 27.6        |
|    ep_rew_mean          | 31.6        |
| time/                   |             |
|    fps                  | 1560        |
|    iterations           | 209         |
|    time_elapsed         | 1096        |
|    total_timesteps      | 1712128     |
| train/                  |             |
|    approx_kl            | 0.006059018 |
|    clip_fraction        | 0.0552      |
|    clip_range           | 0.2         |
|    entropy_loss         | -0.75       |
|    explained_variance   | 0.31        |
|    learning_rate        | 0.0001      |
|    loss                 | 0.491       |
|    n_updates            | 832         |
|    policy_gradient_loss | -0.00898    |
|    value_loss           | 0.533       |
-----------------------------------------
-----------------------------------------
| episode/                |             |
|    lines_cleared_mean   | 4.9         |
|    perfect_clears_mean  | 0           |
|    pieces_placed_mean   | 23          |
| rollout/                |             |
|    ep_len_mean          | 29.5        |
|    ep_rew_mean          | 35.4        |
| time/                   |             |
|    fps                  | 1560        |
|    iterations           | 210         |
|    time_elapsed         | 1102        |
|    total_timesteps      | 1720320     |
| train/                  |             |
|    approx_kl            | 0.005758704 |
|    clip_fraction        | 0.045       |
|    clip_range           | 0.2         |
|    entropy_loss         | -0.751      |
|    explained_variance   | 0.318       |
|    learning_rate        | 0.0001      |
|    loss                 | 0.501       |
|    n_updates            | 836         |
|    policy_gradient_loss | -0.00805    |
|    value_loss           | 0.5         |
-----------------------------------------
------------------------------------------
| episode/                |              |
|    lines_cleared_mean   | 5.42         |
|    perfect_clears_mean  | 0            |
|    pieces_placed_mean   | 25.5         |
| rollout/                |              |
|    ep_len_mean          | 28.6         |
|    ep_rew_mean          | 33.6         |
| time/                   |              |
|    fps                  | 1560         |
|    iterations           | 211          |
|    time_elapsed         | 1107         |
|    total_timesteps      | 1728512      |
| train/                  |              |
|    approx_kl            | 0.0055543007 |
|    clip_fraction        | 0.0499       |
|    clip_range           | 0.2          |
|    entropy_loss         | -0.757       |
|    explained_variance   | 0.241        |
|    learning_rate        | 0.0001       |
|    loss                 | 0.517        |
|    n_updates            | 840          |
|    policy_gradient_loss | -0.00887     |
|    value_loss           | 0.593        |
------------------------------------------
------------------------------------------
| episode/                |              |
|    lines_cleared_mean   | 7.3          |
|    perfect_clears_mean  | 0            |
|    pieces_placed_mean   | 29           |
| rollout/                |              |
|    ep_len_mean          | 28           |
|    ep_rew_mean          | 31.9         |
| time/                   |              |
|    fps                  | 1560         |
|    iterations           | 212          |
|    time_elapsed         | 1112         |
|    total_timesteps      | 1736704      |
| train/                  |              |
|    approx_kl            | 0.0052045356 |
|    clip_fraction        | 0.0531       |
|    clip_range           | 0.2          |
|    entropy_loss         | -0.751       |
|    explained_variance   | 0.284        |
|    learning_rate        | 0.0001       |
|    loss                 | 0.606        |
|    n_updates            | 844          |
|    policy_gradient_loss | -0.00901     |
|    value_loss           | 0.537        |
------------------------------------------
------------------------------------------
| episode/                |              |
|    lines_cleared_mean   | 7            |
|    perfect_clears_mean  | 0            |
|    pieces_placed_mean   | 28.9         |
| rollout/                |              |
|    ep_len_mean          | 26.6         |
|    ep_rew_mean          | 29           |
| time/                   |              |
|    fps                  | 1560         |
|    iterations           | 213          |
|    time_elapsed         | 1118         |
|    total_timesteps      | 1744896      |
| train/                  |              |
|    approx_kl            | 0.0065928455 |
|    clip_fraction        | 0.0636       |
|    clip_range           | 0.2          |
|    entropy_loss         | -0.749       |
|    explained_variance   | 0.335        |
|    learning_rate        | 0.0001       |
|    loss                 | 0.452        |
|    n_updates            | 848          |
|    policy_gradient_loss | -0.0107      |
|    value_loss           | 0.503        |
------------------------------------------
------------------------------------------
| episode/                |              |
|    lines_cleared_mean   | 4.1          |
|    perfect_clears_mean  | 0            |
|    pieces_placed_mean   | 23.1         |
| rollout/                |              |
|    ep_len_mean          | 26.7         |
|    ep_rew_mean          | 28.2         |
| time/                   |              |
|    fps                  | 1560         |
|    iterations           | 214          |
|    time_elapsed         | 1123         |
|    total_timesteps      | 1753088      |
| train/                  |              |
|    approx_kl            | 0.0068210764 |
|    clip_fraction        | 0.0581       |
|    clip_range           | 0.2          |
|    entropy_loss         | -0.736       |
|    explained_variance   | 0.342        |
|    learning_rate        | 0.0001       |
|    loss                 | 0.393        |
|    n_updates            | 852          |
|    policy_gradient_loss | -0.0101      |
|    value_loss           | 0.481        |
------------------------------------------
-----------------------------------------
| episode/                |             |
|    lines_cleared_mean   | 6.2         |
|    perfect_clears_mean  | 0           |
|    pieces_placed_mean   | 26.8        |
| rollout/                |             |
|    ep_len_mean          | 27.5        |
|    ep_rew_mean          | 31          |
| time/                   |             |
|    fps                  | 1560        |
|    iterations           | 215         |
|    time_elapsed         | 1128        |
|    total_timesteps      | 1761280     |
| train/                  |             |
|    approx_kl            | 0.006565746 |
|    clip_fraction        | 0.0576      |
|    clip_range           | 0.2         |
|    entropy_loss         | -0.751      |
|    explained_variance   | 0.35        |
|    learning_rate        | 0.0001      |
|    loss                 | 0.409       |
|    n_updates            | 856         |
|    policy_gradient_loss | -0.009      |
|    value_loss           | 0.462       |
-----------------------------------------
------------------------------------------
| episode/                |              |
|    lines_cleared_mean   | 5.5          |
|    perfect_clears_mean  | 0            |
|    pieces_placed_mean   | 25.9         |
| rollout/                |              |
|    ep_len_mean          | 29.2         |
|    ep_rew_mean          | 34.2         |
| time/                   |              |
|    fps                  | 1560         |
|    iterations           | 216          |
|    time_elapsed         | 1133         |
|    total_timesteps      | 1769472      |
| train/                  |              |
|    approx_kl            | 0.0054559316 |
|    clip_fraction        | 0.0507       |
|    clip_range           | 0.2          |
|    entropy_loss         | -0.743       |
|    explained_variance   | 0.317        |
|    learning_rate        | 0.0001       |
|    loss                 | 0.445        |
|    n_updates            | 860          |
|    policy_gradient_loss | -0.00847     |
|    value_loss           | 0.474        |
------------------------------------------
------------------------------------------
| episode/                |              |
|    lines_cleared_mean   | 8            |
|    perfect_clears_mean  | 0            |
|    pieces_placed_mean   | 32           |
| rollout/                |              |
|    ep_len_mean          | 28.1         |
|    ep_rew_mean          | 32.3         |
| time/                   |              |
|    fps                  | 1560         |
|    iterations           | 217          |
|    time_elapsed         | 1139         |
|    total_timesteps      | 1777664      |
| train/                  |              |
|    approx_kl            | 0.0056692143 |
|    clip_fraction        | 0.0508       |
|    clip_range           | 0.2          |
|    entropy_loss         | -0.745       |
|    explained_variance   | 0.277        |
|    learning_rate        | 0.0001       |
|    loss                 | 0.484        |
|    n_updates            | 864          |
|    policy_gradient_loss | -0.00874     |
|    value_loss           | 0.491        |
------------------------------------------
------------------------------------------
| episode/                |              |
|    lines_cleared_mean   | 5.5          |
|    perfect_clears_mean  | 0            |
|    pieces_placed_mean   | 25.3         |
| rollout/                |              |
|    ep_len_mean          | 27.8         |
|    ep_rew_mean          | 31.1         |
| time/                   |              |
|    fps                  | 1560         |
|    iterations           | 218          |
|    time_elapsed         | 1144         |
|    total_timesteps      | 1785856      |
| train/                  |              |
|    approx_kl            | 0.0052713174 |
|    clip_fraction        | 0.0517       |
|    clip_range           | 0.2          |
|    entropy_loss         | -0.75        |
|    explained_variance   | 0.293        |
|    learning_rate        | 0.0001       |
|    loss                 | 0.392        |
|    n_updates            | 868          |
|    policy_gradient_loss | -0.00885     |
|    value_loss           | 0.494        |
------------------------------------------
-----------------------------------------
| episode/                |             |
|    lines_cleared_mean   | 5.73        |
|    perfect_clears_mean  | 0           |
|    pieces_placed_mean   | 26          |
| rollout/                |             |
|    ep_len_mean          | 28.1        |
|    ep_rew_mean          | 31.9        |
| time/                   |             |
|    fps                  | 1560        |
|    iterations           | 219         |
|    time_elapsed         | 1149        |
|    total_timesteps      | 1794048     |
| train/                  |             |
|    approx_kl            | 0.006010377 |
|    clip_fraction        | 0.0523      |
|    clip_range           | 0.2         |
|    entropy_loss         | -0.736      |
|    explained_variance   | 0.317       |
|    learning_rate        | 0.0001      |
|    loss                 | 0.424       |
|    n_updates            | 872         |
|    policy_gradient_loss | -0.008      |
|    value_loss           | 0.458       |
-----------------------------------------
------------------------------------------
| episode/                |              |
|    lines_cleared_mean   | 7.45         |
|    perfect_clears_mean  | 0            |
|    pieces_placed_mean   | 30.5         |
| rollout/                |              |
|    ep_len_mean          | 30.1         |
|    ep_rew_mean          | 36.8         |
| time/                   |              |
|    fps                  | 1560         |
|    iterations           | 220          |
|    time_elapsed         | 1155         |
|    total_timesteps      | 1802240      |
| train/                  |              |
|    approx_kl            | 0.0056414334 |
|    clip_fraction        | 0.0537       |
|    clip_range           | 0.2          |
|    entropy_loss         | -0.734       |
|    explained_variance   | 0.316        |
|    learning_rate        | 0.0001       |
|    loss                 | 0.401        |
|    n_updates            | 876          |
|    policy_gradient_loss | -0.00968     |
|    value_loss           | 0.486        |
------------------------------------------
------------------------------------------
| episode/                |              |
|    lines_cleared_mean   | 5.9          |
|    perfect_clears_mean  | 0            |
|    pieces_placed_mean   | 26.5         |
| rollout/                |              |
|    ep_len_mean          | 27.5         |
|    ep_rew_mean          | 30.7         |
| time/                   |              |
|    fps                  | 1560         |
|    iterations           | 221          |
|    time_elapsed         | 1160         |
|    total_timesteps      | 1810432      |
| train/                  |              |
|    approx_kl            | 0.0054138247 |
|    clip_fraction        | 0.0431       |
|    clip_range           | 0.2          |
|    entropy_loss         | -0.722       |
|    explained_variance   | 0.3          |
|    learning_rate        | 0.0001       |
|    loss                 | 0.471        |
|    n_updates            | 880          |
|    policy_gradient_loss | -0.00775     |
|    value_loss           | 0.536        |
------------------------------------------
------------------------------------------
| episode/                |              |
|    lines_cleared_mean   | 7.27         |
|    perfect_clears_mean  | 0            |
|    pieces_placed_mean   | 28.5         |
| rollout/                |              |
|    ep_len_mean          | 27.7         |
|    ep_rew_mean          | 31.2         |
| time/                   |              |
|    fps                  | 1560         |
|    iterations           | 222          |
|    time_elapsed         | 1165         |
|    total_timesteps      | 1818624      |
| train/                  |              |
|    approx_kl            | 0.0058129653 |
|    clip_fraction        | 0.0532       |
|    clip_range           | 0.2          |
|    entropy_loss         | -0.746       |
|    explained_variance   | 0.311        |
|    learning_rate        | 0.0001       |
|    loss                 | 0.482        |
|    n_updates            | 884          |
|    policy_gradient_loss | -0.00908     |
|    value_loss           | 0.518        |
------------------------------------------
------------------------------------------
| episode/                |              |
|    lines_cleared_mean   | 7.18         |
|    perfect_clears_mean  | 0            |
|    pieces_placed_mean   | 29.6         |
| rollout/                |              |
|    ep_len_mean          | 27.2         |
|    ep_rew_mean          | 30.4         |
| time/                   |              |
|    fps                  | 1559         |
|    iterations           | 223          |
|    time_elapsed         | 1171         |
|    total_timesteps      | 1826816      |
| train/                  |              |
|    approx_kl            | 0.0056123687 |
|    clip_fraction        | 0.0553       |
|    clip_range           | 0.2          |
|    entropy_loss         | -0.718       |
|    explained_variance   | 0.327        |
|    learning_rate        | 0.0001       |
|    loss                 | 0.438        |
|    n_updates            | 888          |
|    policy_gradient_loss | -0.00933     |
|    value_loss           | 0.518        |
------------------------------------------
------------------------------------------
| episode/                |              |
|    lines_cleared_mean   | 9.1          |
|    perfect_clears_mean  | 0            |
|    pieces_placed_mean   | 34.5         |
| rollout/                |              |
|    ep_len_mean          | 27.9         |
|    ep_rew_mean          | 31.3         |
| time/                   |              |
|    fps                  | 1559         |
|    iterations           | 224          |
|    time_elapsed         | 1176         |
|    total_timesteps      | 1835008      |
| train/                  |              |
|    approx_kl            | 0.0058149393 |
|    clip_fraction        | 0.0535       |
|    clip_range           | 0.2          |
|    entropy_loss         | -0.698       |
|    explained_variance   | 0.254        |
|    learning_rate        | 0.0001       |
|    loss                 | 0.478        |
|    n_updates            | 892          |
|    policy_gradient_loss | -0.0085      |
|    value_loss           | 0.536        |
------------------------------------------
------------------------------------------
| episode/                |              |
|    lines_cleared_mean   | 7.7          |
|    perfect_clears_mean  | 0            |
|    pieces_placed_mean   | 30.9         |
| rollout/                |              |
|    ep_len_mean          | 30.1         |
|    ep_rew_mean          | 35.9         |
| time/                   |              |
|    fps                  | 1559         |
|    iterations           | 225          |
|    time_elapsed         | 1181         |
|    total_timesteps      | 1843200      |
| train/                  |              |
|    approx_kl            | 0.0050373124 |
|    clip_fraction        | 0.0445       |
|    clip_range           | 0.2          |
|    entropy_loss         | -0.699       |
|    explained_variance   | 0.295        |
|    learning_rate        | 0.0001       |
|    loss                 | 0.429        |
|    n_updates            | 896          |
|    policy_gradient_loss | -0.00838     |
|    value_loss           | 0.514        |
------------------------------------------
-----------------------------------------
| episode/                |             |
|    lines_cleared_mean   | 7.6         |
|    perfect_clears_mean  | 0           |
|    pieces_placed_mean   | 30.3        |
| rollout/                |             |
|    ep_len_mean          | 27.9        |
|    ep_rew_mean          | 31.3        |
| time/                   |             |
|    fps                  | 1559        |
|    iterations           | 226         |
|    time_elapsed         | 1186        |
|    total_timesteps      | 1851392     |
| train/                  |             |
|    approx_kl            | 0.005242386 |
|    clip_fraction        | 0.0465      |
|    clip_range           | 0.2         |
|    entropy_loss         | -0.705      |
|    explained_variance   | 0.357       |
|    learning_rate        | 0.0001      |
|    loss                 | 0.332       |
|    n_updates            | 900         |
|    policy_gradient_loss | -0.00762    |
|    value_loss           | 0.46        |
-----------------------------------------
-----------------------------------------
| episode/                |             |
|    lines_cleared_mean   | 5.7         |
|    perfect_clears_mean  | 0           |
|    pieces_placed_mean   | 25.3        |
| rollout/                |             |
|    ep_len_mean          | 27.1        |
|    ep_rew_mean          | 30          |
| time/                   |             |
|    fps                  | 1559        |
|    iterations           | 227         |
|    time_elapsed         | 1192        |
|    total_timesteps      | 1859584     |
| train/                  |             |
|    approx_kl            | 0.005505884 |
|    clip_fraction        | 0.0536      |
|    clip_range           | 0.2         |
|    entropy_loss         | -0.697      |
|    explained_variance   | 0.286       |
|    learning_rate        | 0.0001      |
|    loss                 | 0.486       |
|    n_updates            | 904         |
|    policy_gradient_loss | -0.00838    |
|    value_loss           | 0.482       |
-----------------------------------------
------------------------------------------
| episode/                |              |
|    lines_cleared_mean   | 5.82         |
|    perfect_clears_mean  | 0            |
|    pieces_placed_mean   | 27           |
| rollout/                |              |
|    ep_len_mean          | 28.7         |
|    ep_rew_mean          | 33           |
| time/                   |              |
|    fps                  | 1559         |
|    iterations           | 228          |
|    time_elapsed         | 1197         |
|    total_timesteps      | 1867776      |
| train/                  |              |
|    approx_kl            | 0.0050314604 |
|    clip_fraction        | 0.0459       |
|    clip_range           | 0.2          |
|    entropy_loss         | -0.7         |
|    explained_variance   | 0.337        |
|    learning_rate        | 0.0001       |
|    loss                 | 0.406        |
|    n_updates            | 908          |
|    policy_gradient_loss | -0.0083      |
|    value_loss           | 0.466        |
------------------------------------------
------------------------------------------
| episode/                |              |
|    lines_cleared_mean   | 6.2          |
|    perfect_clears_mean  | 0            |
|    pieces_placed_mean   | 27.5         |
| rollout/                |              |
|    ep_len_mean          | 28.7         |
|    ep_rew_mean          | 33.1         |
| time/                   |              |
|    fps                  | 1559         |
|    iterations           | 229          |
|    time_elapsed         | 1202         |
|    total_timesteps      | 1875968      |
| train/                  |              |
|    approx_kl            | 0.0055511156 |
|    clip_fraction        | 0.0468       |
|    clip_range           | 0.2          |
|    entropy_loss         | -0.709       |
|    explained_variance   | 0.318        |
|    learning_rate        | 0.0001       |
|    loss                 | 0.436        |
|    n_updates            | 912          |
|    policy_gradient_loss | -0.00835     |
|    value_loss           | 0.505        |
------------------------------------------
------------------------------------------
| episode/                |              |
|    lines_cleared_mean   | 8.7          |
|    perfect_clears_mean  | 0            |
|    pieces_placed_mean   | 33.5         |
| rollout/                |              |
|    ep_len_mean          | 29.3         |
|    ep_rew_mean          | 34.5         |
| time/                   |              |
|    fps                  | 1559         |
|    iterations           | 230          |
|    time_elapsed         | 1208         |
|    total_timesteps      | 1884160      |
| train/                  |              |
|    approx_kl            | 0.0053526154 |
|    clip_fraction        | 0.0465       |
|    clip_range           | 0.2          |
|    entropy_loss         | -0.707       |
|    explained_variance   | 0.288        |
|    learning_rate        | 0.0001       |
|    loss                 | 0.454        |
|    n_updates            | 916          |
|    policy_gradient_loss | -0.00854     |
|    value_loss           | 0.505        |
------------------------------------------
-----------------------------------------
| episode/                |             |
|    lines_cleared_mean   | 7.58        |
|    perfect_clears_mean  | 0           |
|    pieces_placed_mean   | 29.8        |
| rollout/                |             |
|    ep_len_mean          | 28.1        |
|    ep_rew_mean          | 32.6        |
| time/                   |             |
|    fps                  | 1559        |
|    iterations           | 231         |
|    time_elapsed         | 1213        |
|    total_timesteps      | 1892352     |
| train/                  |             |
|    approx_kl            | 0.005363729 |
|    clip_fraction        | 0.0511      |
|    clip_range           | 0.2         |
|    entropy_loss         | -0.69       |
|    explained_variance   | 0.273       |
|    learning_rate        | 0.0001      |
|    loss                 | 0.451       |
|    n_updates            | 920         |
|    policy_gradient_loss | -0.00782    |
|    value_loss           | 0.502       |
-----------------------------------------
------------------------------------------
| episode/                |              |
|    lines_cleared_mean   | 6            |
|    perfect_clears_mean  | 0            |
|    pieces_placed_mean   | 26.7         |
| rollout/                |              |
|    ep_len_mean          | 26           |
|    ep_rew_mean          | 27.5         |
| time/                   |              |
|    fps                  | 1559         |
|    iterations           | 232          |
|    time_elapsed         | 1218         |
|    total_timesteps      | 1900544      |
| train/                  |              |
|    approx_kl            | 0.0052136052 |
|    clip_fraction        | 0.0471       |
|    clip_range           | 0.2          |
|    entropy_loss         | -0.709       |
|    explained_variance   | 0.267        |
|    learning_rate        | 0.0001       |
|    loss                 | 0.457        |
|    n_updates            | 924          |
|    policy_gradient_loss | -0.00811     |
|    value_loss           | 0.518        |
------------------------------------------
------------------------------------------
| episode/                |              |
|    lines_cleared_mean   | 4.3          |
|    perfect_clears_mean  | 0            |
|    pieces_placed_mean   | 23.1         |
| rollout/                |              |
|    ep_len_mean          | 28.7         |
|    ep_rew_mean          | 33.2         |
| time/                   |              |
|    fps                  | 1559         |
|    iterations           | 233          |
|    time_elapsed         | 1224         |
|    total_timesteps      | 1908736      |
| train/                  |              |
|    approx_kl            | 0.0052414443 |
|    clip_fraction        | 0.0484       |
|    clip_range           | 0.2          |
|    entropy_loss         | -0.696       |
|    explained_variance   | 0.316        |
|    learning_rate        | 0.0001       |
|    loss                 | 0.431        |
|    n_updates            | 928          |
|    policy_gradient_loss | -0.00832     |
|    value_loss           | 0.485        |
------------------------------------------
------------------------------------------
| episode/                |              |
|    lines_cleared_mean   | 5            |
|    perfect_clears_mean  | 0            |
|    pieces_placed_mean   | 25.3         |
| rollout/                |              |
|    ep_len_mean          | 26.5         |
|    ep_rew_mean          | 28.6         |
| time/                   |              |
|    fps                  | 1559         |
|    iterations           | 234          |
|    time_elapsed         | 1229         |
|    total_timesteps      | 1916928      |
| train/                  |              |
|    approx_kl            | 0.0057400516 |
|    clip_fraction        | 0.054        |
|    clip_range           | 0.2          |
|    entropy_loss         | -0.696       |
|    explained_variance   | 0.305        |
|    learning_rate        | 0.0001       |
|    loss                 | 0.383        |
|    n_updates            | 932          |
|    policy_gradient_loss | -0.00893     |
|    value_loss           | 0.483        |
------------------------------------------
------------------------------------------
| episode/                |              |
|    lines_cleared_mean   | 10.2         |
|    perfect_clears_mean  | 0            |
|    pieces_placed_mean   | 37.4         |
| rollout/                |              |
|    ep_len_mean          | 28.4         |
|    ep_rew_mean          | 32.6         |
| time/                   |              |
|    fps                  | 1559         |
|    iterations           | 235          |
|    time_elapsed         | 1234         |
|    total_timesteps      | 1925120      |
| train/                  |              |
|    approx_kl            | 0.0052728793 |
|    clip_fraction        | 0.0458       |
|    clip_range           | 0.2          |
|    entropy_loss         | -0.689       |
|    explained_variance   | 0.314        |
|    learning_rate        | 0.0001       |
|    loss                 | 0.404        |
|    n_updates            | 936          |
|    policy_gradient_loss | -0.00886     |
|    value_loss           | 0.458        |
------------------------------------------
-----------------------------------------
| episode/                |             |
|    lines_cleared_mean   | 6.2         |
|    perfect_clears_mean  | 0           |
|    pieces_placed_mean   | 28.6        |
| rollout/                |             |
|    ep_len_mean          | 28.8        |
|    ep_rew_mean          | 33.8        |
| time/                   |             |
|    fps                  | 1558        |
|    iterations           | 236         |
|    time_elapsed         | 1240        |
|    total_timesteps      | 1933312     |
| train/                  |             |
|    approx_kl            | 0.006214668 |
|    clip_fraction        | 0.0519      |
|    clip_range           | 0.2         |
|    entropy_loss         | -0.693      |
|    explained_variance   | 0.386       |
|    learning_rate        | 0.0001      |
|    loss                 | 0.342       |
|    n_updates            | 940         |
|    policy_gradient_loss | -0.00863    |
|    value_loss           | 0.449       |
-----------------------------------------
------------------------------------------
| episode/                |              |
|    lines_cleared_mean   | 6.4          |
|    perfect_clears_mean  | 0            |
|    pieces_placed_mean   | 28.9         |
| rollout/                |              |
|    ep_len_mean          | 29.2         |
|    ep_rew_mean          | 33.7         |
| time/                   |              |
|    fps                  | 1558         |
|    iterations           | 237          |
|    time_elapsed         | 1245         |
|    total_timesteps      | 1941504      |
| train/                  |              |
|    approx_kl            | 0.0059137484 |
|    clip_fraction        | 0.0557       |
|    clip_range           | 0.2          |
|    entropy_loss         | -0.71        |
|    explained_variance   | 0.367        |
|    learning_rate        | 0.0001       |
|    loss                 | 0.4          |
|    n_updates            | 944          |
|    policy_gradient_loss | -0.00914     |
|    value_loss           | 0.453        |
------------------------------------------
------------------------------------------
| episode/                |              |
|    lines_cleared_mean   | 6.7          |
|    perfect_clears_mean  | 0            |
|    pieces_placed_mean   | 28.6         |
| rollout/                |              |
|    ep_len_mean          | 29.4         |
|    ep_rew_mean          | 34.4         |
| time/                   |              |
|    fps                  | 1558         |
|    iterations           | 238          |
|    time_elapsed         | 1250         |
|    total_timesteps      | 1949696      |
| train/                  |              |
|    approx_kl            | 0.0052914973 |
|    clip_fraction        | 0.0495       |
|    clip_range           | 0.2          |
|    entropy_loss         | -0.712       |
|    explained_variance   | 0.324        |
|    learning_rate        | 0.0001       |
|    loss                 | 0.376        |
|    n_updates            | 948          |
|    policy_gradient_loss | -0.00901     |
|    value_loss           | 0.464        |
------------------------------------------
------------------------------------------
| episode/                |              |
|    lines_cleared_mean   | 5.18         |
|    perfect_clears_mean  | 0            |
|    pieces_placed_mean   | 25.2         |
| rollout/                |              |
|    ep_len_mean          | 27.5         |
|    ep_rew_mean          | 30.7         |
| time/                   |              |
|    fps                  | 1558         |
|    iterations           | 239          |
|    time_elapsed         | 1256         |
|    total_timesteps      | 1957888      |
| train/                  |              |
|    approx_kl            | 0.0060744723 |
|    clip_fraction        | 0.0556       |
|    clip_range           | 0.2          |
|    entropy_loss         | -0.691       |
|    explained_variance   | 0.303        |
|    learning_rate        | 0.0001       |
|    loss                 | 0.483        |
|    n_updates            | 952          |
|    policy_gradient_loss | -0.00961     |
|    value_loss           | 0.53         |
------------------------------------------
------------------------------------------
| episode/                |              |
|    lines_cleared_mean   | 9.5          |
|    perfect_clears_mean  | 0            |
|    pieces_placed_mean   | 34.8         |
| rollout/                |              |
|    ep_len_mean          | 27.9         |
|    ep_rew_mean          | 31.4         |
| time/                   |              |
|    fps                  | 1558         |
|    iterations           | 240          |
|    time_elapsed         | 1261         |
|    total_timesteps      | 1966080      |
| train/                  |              |
|    approx_kl            | 0.0056072827 |
|    clip_fraction        | 0.0512       |
|    clip_range           | 0.2          |
|    entropy_loss         | -0.702       |
|    explained_variance   | 0.314        |
|    learning_rate        | 0.0001       |
|    loss                 | 0.484        |
|    n_updates            | 956          |
|    policy_gradient_loss | -0.00911     |
|    value_loss           | 0.484        |
------------------------------------------
-----------------------------------------
| episode/                |             |
|    lines_cleared_mean   | 9.7         |
|    perfect_clears_mean  | 0           |
|    pieces_placed_mean   | 35.3        |
| rollout/                |             |
|    ep_len_mean          | 30.7        |
|    ep_rew_mean          | 37.3        |
| time/                   |             |
|    fps                  | 1558        |
|    iterations           | 241         |
|    time_elapsed         | 1266        |
|    total_timesteps      | 1974272     |
| train/                  |             |
|    approx_kl            | 0.006311585 |
|    clip_fraction        | 0.0522      |
|    clip_range           | 0.2         |
|    entropy_loss         | -0.715      |
|    explained_variance   | 0.281       |
|    learning_rate        | 0.0001      |
|    loss                 | 0.488       |
|    n_updates            | 960         |
|    policy_gradient_loss | -0.00982    |
|    value_loss           | 0.507       |
-----------------------------------------
------------------------------------------
| episode/                |              |
|    lines_cleared_mean   | 7.2          |
|    perfect_clears_mean  | 0            |
|    pieces_placed_mean   | 30           |
| rollout/                |              |
|    ep_len_mean          | 28.3         |
|    ep_rew_mean          | 32.1         |
| time/                   |              |
|    fps                  | 1558         |
|    iterations           | 242          |
|    time_elapsed         | 1272         |
|    total_timesteps      | 1982464      |
| train/                  |              |
|    approx_kl            | 0.0065057687 |
|    clip_fraction        | 0.0598       |
|    clip_range           | 0.2          |
|    entropy_loss         | -0.704       |
|    explained_variance   | 0.331        |
|    learning_rate        | 0.0001       |
|    loss                 | 0.456        |
|    n_updates            | 964          |
|    policy_gradient_loss | -0.00987     |
|    value_loss           | 0.496        |
------------------------------------------
-----------------------------------------
| episode/                |             |
|    lines_cleared_mean   | 7.5         |
|    perfect_clears_mean  | 0           |
|    pieces_placed_mean   | 29.4        |
| rollout/                |             |
|    ep_len_mean          | 28.9        |
|    ep_rew_mean          | 34.1        |
| time/                   |             |
|    fps                  | 1558        |
|    iterations           | 243         |
|    time_elapsed         | 1277        |
|    total_timesteps      | 1990656     |
| train/                  |             |
|    approx_kl            | 0.005004625 |
|    clip_fraction        | 0.049       |
|    clip_range           | 0.2         |
|    entropy_loss         | -0.718      |
|    explained_variance   | 0.368       |
|    learning_rate        | 0.0001      |
|    loss                 | 0.45        |
|    n_updates            | 968         |
|    policy_gradient_loss | -0.00803    |
|    value_loss           | 0.469       |
-----------------------------------------
------------------------------------------
| episode/                |              |
|    lines_cleared_mean   | 8.2          |
|    perfect_clears_mean  | 0            |
|    pieces_placed_mean   | 33.4         |
| rollout/                |              |
|    ep_len_mean          | 28.3         |
|    ep_rew_mean          | 32.2         |
| time/                   |              |
|    fps                  | 1558         |
|    iterations           | 244          |
|    time_elapsed         | 1282         |
|    total_timesteps      | 1998848      |
| train/                  |              |
|    approx_kl            | 0.0067845844 |
|    clip_fraction        | 0.0595       |
|    clip_range           | 0.2          |
|    entropy_loss         | -0.714       |
|    explained_variance   | 0.34         |
|    learning_rate        | 0.0001       |
|    loss                 | 0.455        |
|    n_updates            | 972          |
|    policy_gradient_loss | -0.00972     |
|    value_loss           | 0.452        |
------------------------------------------
----------------------------------------
| episode/                |            |
|    lines_cleared_mean   | 5.5        |
|    perfect_clears_mean  | 0          |
|    pieces_placed_mean   | 25.8       |
| rollout/                |            |
|    ep_len_mean          | 29.9       |
|    ep_rew_mean          | 35.3       |
| time/                   |            |
|    fps                  | 1558       |
|    iterations           | 245        |
|    time_elapsed         | 1287       |
|    total_timesteps      | 2007040    |
| train/                  |            |
|    approx_kl            | 0.00633067 |
|    clip_fraction        | 0.0532     |
|    clip_range           | 0.2        |
|    entropy_loss         | -0.727     |
|    explained_variance   | 0.33       |
|    learning_rate        | 0.0001     |
|    loss                 | 0.535      |
|    n_updates            | 976        |
|    policy_gradient_loss | -0.00939   |
|    value_loss           | 0.467      |
----------------------------------------
------------------------------------------
| episode/                |              |
|    lines_cleared_mean   | 7            |
|    perfect_clears_mean  | 0            |
|    pieces_placed_mean   | 29.2         |
| rollout/                |              |
|    ep_len_mean          | 28.9         |
|    ep_rew_mean          | 33           |
| time/                   |              |
|    fps                  | 1558         |
|    iterations           | 246          |
|    time_elapsed         | 1293         |
|    total_timesteps      | 2015232      |
| train/                  |              |
|    approx_kl            | 0.0059311534 |
|    clip_fraction        | 0.057        |
|    clip_range           | 0.2          |
|    entropy_loss         | -0.711       |
|    explained_variance   | 0.317        |
|    learning_rate        | 0.0001       |
|    loss                 | 0.43         |
|    n_updates            | 980          |
|    policy_gradient_loss | -0.0097      |
|    value_loss           | 0.496        |
------------------------------------------
------------------------------------------
| episode/                |              |
|    lines_cleared_mean   | 4.3          |
|    perfect_clears_mean  | 0            |
|    pieces_placed_mean   | 22.6         |
| rollout/                |              |
|    ep_len_mean          | 28.4         |
|    ep_rew_mean          | 32.8         |
| time/                   |              |
|    fps                  | 1558         |
|    iterations           | 247          |
|    time_elapsed         | 1298         |
|    total_timesteps      | 2023424      |
| train/                  |              |
|    approx_kl            | 0.0052026836 |
|    clip_fraction        | 0.0474       |
|    clip_range           | 0.2          |
|    entropy_loss         | -0.697       |
|    explained_variance   | 0.311        |
|    learning_rate        | 0.0001       |
|    loss                 | 0.463        |
|    n_updates            | 984          |
|    policy_gradient_loss | -0.00836     |
|    value_loss           | 0.507        |
------------------------------------------
------------------------------------------
| episode/                |              |
|    lines_cleared_mean   | 5.36         |
|    perfect_clears_mean  | 0            |
|    pieces_placed_mean   | 24.5         |
| rollout/                |              |
|    ep_len_mean          | 30.5         |
|    ep_rew_mean          | 37.3         |
| time/                   |              |
|    fps                  | 1558         |
|    iterations           | 248          |
|    time_elapsed         | 1303         |
|    total_timesteps      | 2031616      |
| train/                  |              |
|    approx_kl            | 0.0059304815 |
|    clip_fraction        | 0.0534       |
|    clip_range           | 0.2          |
|    entropy_loss         | -0.715       |
|    explained_variance   | 0.373        |
|    learning_rate        | 0.0001       |
|    loss                 | 0.435        |
|    n_updates            | 988          |
|    policy_gradient_loss | -0.00943     |
|    value_loss           | 0.464        |
------------------------------------------
-----------------------------------------
| episode/                |             |
|    lines_cleared_mean   | 6           |
|    perfect_clears_mean  | 0           |
|    pieces_placed_mean   | 25.8        |
| rollout/                |             |
|    ep_len_mean          | 27.6        |
|    ep_rew_mean          | 31.5        |
| time/                   |             |
|    fps                  | 1558        |
|    iterations           | 249         |
|    time_elapsed         | 1309        |
|    total_timesteps      | 2039808     |
| train/                  |             |
|    approx_kl            | 0.005998607 |
|    clip_fraction        | 0.0513      |
|    clip_range           | 0.2         |
|    entropy_loss         | -0.707      |
|    explained_variance   | 0.313       |
|    learning_rate        | 0.0001      |
|    loss                 | 0.433       |
|    n_updates            | 992         |
|    policy_gradient_loss | -0.00968    |
|    value_loss           | 0.503       |
-----------------------------------------
-----------------------------------------
| episode/                |             |
|    lines_cleared_mean   | 8.9         |
|    perfect_clears_mean  | 0           |
|    pieces_placed_mean   | 34.9        |
| rollout/                |             |
|    ep_len_mean          | 26.7        |
|    ep_rew_mean          | 28.4        |
| time/                   |             |
|    fps                  | 1558        |
|    iterations           | 250         |
|    time_elapsed         | 1314        |
|    total_timesteps      | 2048000     |
| train/                  |             |
|    approx_kl            | 0.004504284 |
|    clip_fraction        | 0.0475      |
|    clip_range           | 0.2         |
|    entropy_loss         | -0.716      |
|    explained_variance   | 0.333       |
|    learning_rate        | 0.0001      |
|    loss                 | 0.386       |
|    n_updates            | 996         |
|    policy_gradient_loss | -0.00798    |
|    value_loss           | 0.487       |
-----------------------------------------
-----------------------------------------
| episode/                |             |
|    lines_cleared_mean   | 6.73        |
|    perfect_clears_mean  | 0           |
|    pieces_placed_mean   | 28.9        |
| rollout/                |             |
|    ep_len_mean          | 28.7        |
|    ep_rew_mean          | 33.2        |
| time/                   |             |
|    fps                  | 1558        |
|    iterations           | 251         |
|    time_elapsed         | 1319        |
|    total_timesteps      | 2056192     |
| train/                  |             |
|    approx_kl            | 0.005501889 |
|    clip_fraction        | 0.0482      |
|    clip_range           | 0.2         |
|    entropy_loss         | -0.72       |
|    explained_variance   | 0.294       |
|    learning_rate        | 0.0001      |
|    loss                 | 0.44        |
|    n_updates            | 1000        |
|    policy_gradient_loss | -0.00889    |
|    value_loss           | 0.481       |
-----------------------------------------
------------------------------------------
| episode/                |              |
|    lines_cleared_mean   | 5.6          |
|    perfect_clears_mean  | 0            |
|    pieces_placed_mean   | 25.2         |
| rollout/                |              |
|    ep_len_mean          | 27.4         |
|    ep_rew_mean          | 31           |
| time/                   |              |
|    fps                  | 1558         |
|    iterations           | 252          |
|    time_elapsed         | 1324         |
|    total_timesteps      | 2064384      |
| train/                  |              |
|    approx_kl            | 0.0061738463 |
|    clip_fraction        | 0.0587       |
|    clip_range           | 0.2          |
|    entropy_loss         | -0.697       |
|    explained_variance   | 0.322        |
|    learning_rate        | 0.0001       |
|    loss                 | 0.413        |
|    n_updates            | 1004         |
|    policy_gradient_loss | -0.0103      |
|    value_loss           | 0.46         |
------------------------------------------
-----------------------------------------
| episode/                |             |
|    lines_cleared_mean   | 6.91        |
|    perfect_clears_mean  | 0           |
|    pieces_placed_mean   | 28.3        |
| rollout/                |             |
|    ep_len_mean          | 30.8        |
|    ep_rew_mean          | 38          |
| time/                   |             |
|    fps                  | 1558        |
|    iterations           | 253         |
|    time_elapsed         | 1330        |
|    total_timesteps      | 2072576     |
| train/                  |             |
|    approx_kl            | 0.005732621 |
|    clip_fraction        | 0.0577      |
|    clip_range           | 0.2         |
|    entropy_loss         | -0.697      |
|    explained_variance   | 0.298       |
|    learning_rate        | 0.0001      |
|    loss                 | 0.438       |
|    n_updates            | 1008        |
|    policy_gradient_loss | -0.00971    |
|    value_loss           | 0.464       |
-----------------------------------------
------------------------------------------
| episode/                |              |
|    lines_cleared_mean   | 6.3          |
|    perfect_clears_mean  | 0            |
|    pieces_placed_mean   | 27.8         |
| rollout/                |              |
|    ep_len_mean          | 29           |
|    ep_rew_mean          | 34.1         |
| time/                   |              |
|    fps                  | 1558         |
|    iterations           | 254          |
|    time_elapsed         | 1335         |
|    total_timesteps      | 2080768      |
| train/                  |              |
|    approx_kl            | 0.0053346306 |
|    clip_fraction        | 0.0478       |
|    clip_range           | 0.2          |
|    entropy_loss         | -0.699       |
|    explained_variance   | 0.27         |
|    learning_rate        | 0.0001       |
|    loss                 | 0.486        |
|    n_updates            | 1012         |
|    policy_gradient_loss | -0.00933     |
|    value_loss           | 0.515        |
------------------------------------------
-----------------------------------------
| episode/                |             |
|    lines_cleared_mean   | 7.7         |
|    perfect_clears_mean  | 0           |
|    pieces_placed_mean   | 31.2        |
| rollout/                |             |
|    ep_len_mean          | 28.3        |
|    ep_rew_mean          | 32.2        |
| time/                   |             |
|    fps                  | 1558        |
|    iterations           | 255         |
|    time_elapsed         | 1340        |
|    total_timesteps      | 2088960     |
| train/                  |             |
|    approx_kl            | 0.005966664 |
|    clip_fraction        | 0.0487      |
|    clip_range           | 0.2         |
|    entropy_loss         | -0.703      |
|    explained_variance   | 0.263       |
|    learning_rate        | 0.0001      |
|    loss                 | 0.495       |
|    n_updates            | 1016        |
|    policy_gradient_loss | -0.00872    |
|    value_loss           | 0.51        |
-----------------------------------------
-----------------------------------------
| episode/                |             |
|    lines_cleared_mean   | 7.4         |
|    perfect_clears_mean  | 0           |
|    pieces_placed_mean   | 30          |
| rollout/                |             |
|    ep_len_mean          | 28.2        |
|    ep_rew_mean          | 32.5        |
| time/                   |             |
|    fps                  | 1558        |
|    iterations           | 256         |
|    time_elapsed         | 1345        |
|    total_timesteps      | 2097152     |
| train/                  |             |
|    approx_kl            | 0.005007702 |
|    clip_fraction        | 0.0506      |
|    clip_range           | 0.2         |
|    entropy_loss         | -0.713      |
|    explained_variance   | 0.348       |
|    learning_rate        | 0.0001      |
|    loss                 | 0.418       |
|    n_updates            | 1020        |
|    policy_gradient_loss | -0.0091     |
|    value_loss           | 0.497       |
-----------------------------------------
------------------------------------------
| episode/                |              |
|    lines_cleared_mean   | 5.3          |
|    perfect_clears_mean  | 0            |
|    pieces_placed_mean   | 25.8         |
| rollout/                |              |
|    ep_len_mean          | 28.4         |
|    ep_rew_mean          | 33.1         |
| time/                   |              |
|    fps                  | 1558         |
|    iterations           | 257          |
|    time_elapsed         | 1351         |
|    total_timesteps      | 2105344      |
| train/                  |              |
|    approx_kl            | 0.0063505126 |
|    clip_fraction        | 0.0558       |
|    clip_range           | 0.2          |
|    entropy_loss         | -0.722       |
|    explained_variance   | 0.369        |
|    learning_rate        | 0.0001       |
|    loss                 | 0.403        |
|    n_updates            | 1024         |
|    policy_gradient_loss | -0.011       |
|    value_loss           | 0.47         |
------------------------------------------
-----------------------------------------
| episode/                |             |
|    lines_cleared_mean   | 6.7         |
|    perfect_clears_mean  | 0           |
|    pieces_placed_mean   | 28.7        |
| rollout/                |             |
|    ep_len_mean          | 29.7        |
|    ep_rew_mean          | 36          |
| time/                   |             |
|    fps                  | 1558        |
|    iterations           | 258         |
|    time_elapsed         | 1356        |
|    total_timesteps      | 2113536     |
| train/                  |             |
|    approx_kl            | 0.005346285 |
|    clip_fraction        | 0.0507      |
|    clip_range           | 0.2         |
|    entropy_loss         | -0.711      |
|    explained_variance   | 0.356       |
|    learning_rate        | 0.0001      |
|    loss                 | 0.377       |
|    n_updates            | 1028        |
|    policy_gradient_loss | -0.00984    |
|    value_loss           | 0.437       |
-----------------------------------------
------------------------------------------
| episode/                |              |
|    lines_cleared_mean   | 5.9          |
|    perfect_clears_mean  | 0            |
|    pieces_placed_mean   | 25.5         |
| rollout/                |              |
|    ep_len_mean          | 28.3         |
|    ep_rew_mean          | 32.2         |
| time/                   |              |
|    fps                  | 1558         |
|    iterations           | 259          |
|    time_elapsed         | 1361         |
|    total_timesteps      | 2121728      |
| train/                  |              |
|    approx_kl            | 0.0058212616 |
|    clip_fraction        | 0.0511       |
|    clip_range           | 0.2          |
|    entropy_loss         | -0.711       |
|    explained_variance   | 0.318        |
|    learning_rate        | 0.0001       |
|    loss                 | 0.455        |
|    n_updates            | 1032         |
|    policy_gradient_loss | -0.01        |
|    value_loss           | 0.48         |
------------------------------------------
------------------------------------------
| episode/                |              |
|    lines_cleared_mean   | 7.8          |
|    perfect_clears_mean  | 0            |
|    pieces_placed_mean   | 31.1         |
| rollout/                |              |
|    ep_len_mean          | 28.4         |
|    ep_rew_mean          | 32.5         |
| time/                   |              |
|    fps                  | 1557         |
|    iterations           | 260          |
|    time_elapsed         | 1367         |
|    total_timesteps      | 2129920      |
| train/                  |              |
|    approx_kl            | 0.0058338083 |
|    clip_fraction        | 0.0593       |
|    clip_range           | 0.2          |
|    entropy_loss         | -0.719       |
|    explained_variance   | 0.311        |
|    learning_rate        | 0.0001       |
|    loss                 | 0.36         |
|    n_updates            | 1036         |
|    policy_gradient_loss | -0.0104      |
|    value_loss           | 0.46         |
------------------------------------------
---------------------------------------
| episode/                |           |
|    lines_cleared_mean   | 5.8       |
|    perfect_clears_mean  | 0         |
|    pieces_placed_mean   | 26.6      |
| rollout/                |           |
|    ep_len_mean          | 28        |
|    ep_rew_mean          | 31.8      |
| time/                   |           |
|    fps                  | 1557      |
|    iterations           | 261       |
|    time_elapsed         | 1372      |
|    total_timesteps      | 2138112   |
| train/                  |           |
|    approx_kl            | 0.0063553 |
|    clip_fraction        | 0.0552    |
|    clip_range           | 0.2       |
|    entropy_loss         | -0.731    |
|    explained_variance   | 0.333     |
|    learning_rate        | 0.0001    |
|    loss                 | 0.424     |
|    n_updates            | 1040      |
|    policy_gradient_loss | -0.0102   |
|    value_loss           | 0.462     |
---------------------------------------
------------------------------------------
| episode/                |              |
|    lines_cleared_mean   | 9            |
|    perfect_clears_mean  | 0            |
|    pieces_placed_mean   | 33.5         |
| rollout/                |              |
|    ep_len_mean          | 29.5         |
|    ep_rew_mean          | 35.5         |
| time/                   |              |
|    fps                  | 1557         |
|    iterations           | 262          |
|    time_elapsed         | 1377         |
|    total_timesteps      | 2146304      |
| train/                  |              |
|    approx_kl            | 0.0058919745 |
|    clip_fraction        | 0.0549       |
|    clip_range           | 0.2          |
|    entropy_loss         | -0.709       |
|    explained_variance   | 0.341        |
|    learning_rate        | 0.0001       |
|    loss                 | 0.46         |
|    n_updates            | 1044         |
|    policy_gradient_loss | -0.00974     |
|    value_loss           | 0.458        |
------------------------------------------
-----------------------------------------
| episode/                |             |
|    lines_cleared_mean   | 6.18        |
|    perfect_clears_mean  | 0           |
|    pieces_placed_mean   | 27.6        |
| rollout/                |             |
|    ep_len_mean          | 28.5        |
|    ep_rew_mean          | 32.7        |
| time/                   |             |
|    fps                  | 1557        |
|    iterations           | 263         |
|    time_elapsed         | 1382        |
|    total_timesteps      | 2154496     |
| train/                  |             |
|    approx_kl            | 0.006178228 |
|    clip_fraction        | 0.054       |
|    clip_range           | 0.2         |
|    entropy_loss         | -0.701      |
|    explained_variance   | 0.33        |
|    learning_rate        | 0.0001      |
|    loss                 | 0.49        |
|    n_updates            | 1048        |
|    policy_gradient_loss | -0.00886    |
|    value_loss           | 0.478       |
-----------------------------------------
------------------------------------------
| episode/                |              |
|    lines_cleared_mean   | 6.4          |
|    perfect_clears_mean  | 0            |
|    pieces_placed_mean   | 28.2         |
| rollout/                |              |
|    ep_len_mean          | 28.5         |
|    ep_rew_mean          | 32.8         |
| time/                   |              |
|    fps                  | 1557         |
|    iterations           | 264          |
|    time_elapsed         | 1388         |
|    total_timesteps      | 2162688      |
| train/                  |              |
|    approx_kl            | 0.0056573693 |
|    clip_fraction        | 0.0468       |
|    clip_range           | 0.2          |
|    entropy_loss         | -0.729       |
|    explained_variance   | 0.341        |
|    learning_rate        | 0.0001       |
|    loss                 | 0.422        |
|    n_updates            | 1052         |
|    policy_gradient_loss | -0.00862     |
|    value_loss           | 0.428        |
------------------------------------------
------------------------------------------
| episode/                |              |
|    lines_cleared_mean   | 5.9          |
|    perfect_clears_mean  | 0            |
|    pieces_placed_mean   | 26.7         |
| rollout/                |              |
|    ep_len_mean          | 26.9         |
|    ep_rew_mean          | 29.8         |
| time/                   |              |
|    fps                  | 1557         |
|    iterations           | 265          |
|    time_elapsed         | 1393         |
|    total_timesteps      | 2170880      |
| train/                  |              |
|    approx_kl            | 0.0054935785 |
|    clip_fraction        | 0.0503       |
|    clip_range           | 0.2          |
|    entropy_loss         | -0.716       |
|    explained_variance   | 0.359        |
|    learning_rate        | 0.0001       |
|    loss                 | 0.382        |
|    n_updates            | 1056         |
|    policy_gradient_loss | -0.00925     |
|    value_loss           | 0.399        |
------------------------------------------
------------------------------------------
| episode/                |              |
|    lines_cleared_mean   | 9.7          |
|    perfect_clears_mean  | 0            |
|    pieces_placed_mean   | 35.2         |
| rollout/                |              |
|    ep_len_mean          | 28           |
|    ep_rew_mean          | 32.3         |
| time/                   |              |
|    fps                  | 1557         |
|    iterations           | 266          |
|    time_elapsed         | 1398         |
|    total_timesteps      | 2179072      |
| train/                  |              |
|    approx_kl            | 0.0062660016 |
|    clip_fraction        | 0.0526       |
|    clip_range           | 0.2          |
|    entropy_loss         | -0.713       |
|    explained_variance   | 0.364        |
|    learning_rate        | 0.0001       |
|    loss                 | 0.318        |
|    n_updates            | 1060         |
|    policy_gradient_loss | -0.0106      |
|    value_loss           | 0.389        |
------------------------------------------
------------------------------------------
| episode/                |              |
|    lines_cleared_mean   | 4.82         |
|    perfect_clears_mean  | 0            |
|    pieces_placed_mean   | 23.5         |
| rollout/                |              |
|    ep_len_mean          | 27.9         |
|    ep_rew_mean          | 32           |
| time/                   |              |
|    fps                  | 1557         |
|    iterations           | 267          |
|    time_elapsed         | 1404         |
|    total_timesteps      | 2187264      |
| train/                  |              |
|    approx_kl            | 0.0058661485 |
|    clip_fraction        | 0.0508       |
|    clip_range           | 0.2          |
|    entropy_loss         | -0.717       |
|    explained_variance   | 0.299        |
|    learning_rate        | 0.0001       |
|    loss                 | 0.395        |
|    n_updates            | 1064         |
|    policy_gradient_loss | -0.00971     |
|    value_loss           | 0.448        |
------------------------------------------
------------------------------------------
| episode/                |              |
|    lines_cleared_mean   | 7.55         |
|    perfect_clears_mean  | 0            |
|    pieces_placed_mean   | 30.3         |
| rollout/                |              |
|    ep_len_mean          | 30.1         |
|    ep_rew_mean          | 36.7         |
| time/                   |              |
|    fps                  | 1557         |
|    iterations           | 268          |
|    time_elapsed         | 1409         |
|    total_timesteps      | 2195456      |
| train/                  |              |
|    approx_kl            | 0.0050407154 |
|    clip_fraction        | 0.0456       |
|    clip_range           | 0.2          |
|    entropy_loss         | -0.709       |
|    explained_variance   | 0.279        |
|    learning_rate        | 0.0001       |
|    loss                 | 0.427        |
|    n_updates            | 1068         |
|    policy_gradient_loss | -0.00939     |
|    value_loss           | 0.485        |
------------------------------------------
------------------------------------------
| episode/                |              |
|    lines_cleared_mean   | 9            |
|    perfect_clears_mean  | 0            |
|    pieces_placed_mean   | 34.4         |
| rollout/                |              |
|    ep_len_mean          | 30.8         |
|    ep_rew_mean          | 37.2         |
| time/                   |              |
|    fps                  | 1557         |
|    iterations           | 269          |
|    time_elapsed         | 1414         |
|    total_timesteps      | 2203648      |
| train/                  |              |
|    approx_kl            | 0.0056319484 |
|    clip_fraction        | 0.0561       |
|    clip_range           | 0.2          |
|    entropy_loss         | -0.721       |
|    explained_variance   | 0.289        |
|    learning_rate        | 0.0001       |
|    loss                 | 0.396        |
|    n_updates            | 1072         |
|    policy_gradient_loss | -0.00976     |
|    value_loss           | 0.485        |
------------------------------------------
-----------------------------------------
| episode/                |             |
|    lines_cleared_mean   | 5.7         |
|    perfect_clears_mean  | 0           |
|    pieces_placed_mean   | 25.6        |
| rollout/                |             |
|    ep_len_mean          | 28.9        |
|    ep_rew_mean          | 33.5        |
| time/                   |             |
|    fps                  | 1557        |
|    iterations           | 270         |
|    time_elapsed         | 1420        |
|    total_timesteps      | 2211840     |
| train/                  |             |
|    approx_kl            | 0.005632493 |
|    clip_fraction        | 0.0467      |
|    clip_range           | 0.2         |
|    entropy_loss         | -0.722      |
|    explained_variance   | 0.264       |
|    learning_rate        | 0.0001      |
|    loss                 | 0.511       |
|    n_updates            | 1076        |
|    policy_gradient_loss | -0.00975    |
|    value_loss           | 0.551       |
-----------------------------------------
-----------------------------------------
| episode/                |             |
|    lines_cleared_mean   | 4.82        |
|    perfect_clears_mean  | 0           |
|    pieces_placed_mean   | 24.2        |
| rollout/                |             |
|    ep_len_mean          | 28.5        |
|    ep_rew_mean          | 32.4        |
| time/                   |             |
|    fps                  | 1557        |
|    iterations           | 271         |
|    time_elapsed         | 1425        |
|    total_timesteps      | 2220032     |
| train/                  |             |
|    approx_kl            | 0.005755277 |
|    clip_fraction        | 0.0545      |
|    clip_range           | 0.2         |
|    entropy_loss         | -0.708      |
|    explained_variance   | 0.313       |
|    learning_rate        | 0.0001      |
|    loss                 | 0.444       |
|    n_updates            | 1080        |
|    policy_gradient_loss | -0.0104     |
|    value_loss           | 0.488       |
-----------------------------------------
-----------------------------------------
| episode/                |             |
|    lines_cleared_mean   | 5.82        |
|    perfect_clears_mean  | 0           |
|    pieces_placed_mean   | 26.5        |
| rollout/                |             |
|    ep_len_mean          | 29.9        |
|    ep_rew_mean          | 35.3        |
| time/                   |             |
|    fps                  | 1557        |
|    iterations           | 272         |
|    time_elapsed         | 1430        |
|    total_timesteps      | 2228224     |
| train/                  |             |
|    approx_kl            | 0.005752539 |
|    clip_fraction        | 0.054       |
|    clip_range           | 0.2         |
|    entropy_loss         | -0.699      |
|    explained_variance   | 0.361       |
|    learning_rate        | 0.0001      |
|    loss                 | 0.427       |
|    n_updates            | 1084        |
|    policy_gradient_loss | -0.00941    |
|    value_loss           | 0.461       |
-----------------------------------------
------------------------------------------
| episode/                |              |
|    lines_cleared_mean   | 6.7          |
|    perfect_clears_mean  | 0            |
|    pieces_placed_mean   | 28.4         |
| rollout/                |              |
|    ep_len_mean          | 29.2         |
|    ep_rew_mean          | 33.8         |
| time/                   |              |
|    fps                  | 1557         |
|    iterations           | 273          |
|    time_elapsed         | 1435         |
|    total_timesteps      | 2236416      |
| train/                  |              |
|    approx_kl            | 0.0053234696 |
|    clip_fraction        | 0.0484       |
|    clip_range           | 0.2          |
|    entropy_loss         | -0.685       |
|    explained_variance   | 0.338        |
|    learning_rate        | 0.0001       |
|    loss                 | 0.376        |
|    n_updates            | 1088         |
|    policy_gradient_loss | -0.00927     |
|    value_loss           | 0.457        |
------------------------------------------
-----------------------------------------
| episode/                |             |
|    lines_cleared_mean   | 6.5         |
|    perfect_clears_mean  | 0           |
|    pieces_placed_mean   | 27.7        |
| rollout/                |             |
|    ep_len_mean          | 28.5        |
|    ep_rew_mean          | 33.1        |
| time/                   |             |
|    fps                  | 1557        |
|    iterations           | 274         |
|    time_elapsed         | 1441        |
|    total_timesteps      | 2244608     |
| train/                  |             |
|    approx_kl            | 0.005750013 |
|    clip_fraction        | 0.0429      |
|    clip_range           | 0.2         |
|    entropy_loss         | -0.711      |
|    explained_variance   | 0.345       |
|    learning_rate        | 0.0001      |
|    loss                 | 0.358       |
|    n_updates            | 1092        |
|    policy_gradient_loss | -0.00925    |
|    value_loss           | 0.436       |
-----------------------------------------
-----------------------------------------
| episode/                |             |
|    lines_cleared_mean   | 6           |
|    perfect_clears_mean  | 0           |
|    pieces_placed_mean   | 27.9        |
| rollout/                |             |
|    ep_len_mean          | 29.4        |
|    ep_rew_mean          | 34.5        |
| time/                   |             |
|    fps                  | 1557        |
|    iterations           | 275         |
|    time_elapsed         | 1446        |
|    total_timesteps      | 2252800     |
| train/                  |             |
|    approx_kl            | 0.005872154 |
|    clip_fraction        | 0.0498      |
|    clip_range           | 0.2         |
|    entropy_loss         | -0.7        |
|    explained_variance   | 0.361       |
|    learning_rate        | 0.0001      |
|    loss                 | 0.453       |
|    n_updates            | 1096        |
|    policy_gradient_loss | -0.00952    |
|    value_loss           | 0.443       |
-----------------------------------------
------------------------------------------
| episode/                |              |
|    lines_cleared_mean   | 8            |
|    perfect_clears_mean  | 0            |
|    pieces_placed_mean   | 31.7         |
| rollout/                |              |
|    ep_len_mean          | 30.4         |
|    ep_rew_mean          | 37           |
| time/                   |              |
|    fps                  | 1557         |
|    iterations           | 276          |
|    time_elapsed         | 1451         |
|    total_timesteps      | 2260992      |
| train/                  |              |
|    approx_kl            | 0.0051395227 |
|    clip_fraction        | 0.043        |
|    clip_range           | 0.2          |
|    entropy_loss         | -0.703       |
|    explained_variance   | 0.337        |
|    learning_rate        | 0.0001       |
|    loss                 | 0.426        |
|    n_updates            | 1100         |
|    policy_gradient_loss | -0.00894     |
|    value_loss           | 0.459        |
------------------------------------------
-----------------------------------------
| episode/                |             |
|    lines_cleared_mean   | 5.55        |
|    perfect_clears_mean  | 0           |
|    pieces_placed_mean   | 26.9        |
| rollout/                |             |
|    ep_len_mean          | 29.6        |
|    ep_rew_mean          | 34.4        |
| time/                   |             |
|    fps                  | 1557        |
|    iterations           | 277         |
|    time_elapsed         | 1457        |
|    total_timesteps      | 2269184     |
| train/                  |             |
|    approx_kl            | 0.005845482 |
|    clip_fraction        | 0.0524      |
|    clip_range           | 0.2         |
|    entropy_loss         | -0.704      |
|    explained_variance   | 0.255       |
|    learning_rate        | 0.0001      |
|    loss                 | 0.392       |
|    n_updates            | 1104        |
|    policy_gradient_loss | -0.0104     |
|    value_loss           | 0.503       |
-----------------------------------------
-----------------------------------------
| episode/                |             |
|    lines_cleared_mean   | 8.9         |
|    perfect_clears_mean  | 0           |
|    pieces_placed_mean   | 33.5        |
| rollout/                |             |
|    ep_len_mean          | 28          |
|    ep_rew_mean          | 32.1        |
| time/                   |             |
|    fps                  | 1557        |
|    iterations           | 278         |
|    time_elapsed         | 1462        |
|    total_timesteps      | 2277376     |
| train/                  |             |
|    approx_kl            | 0.004934165 |
|    clip_fraction        | 0.0408      |
|    clip_range           | 0.2         |
|    entropy_loss         | -0.698      |
|    explained_variance   | 0.255       |
|    learning_rate        | 0.0001      |
|    loss                 | 0.426       |
|    n_updates            | 1108        |
|    policy_gradient_loss | -0.00821    |
|    value_loss           | 0.485       |
-----------------------------------------
----------------------------------------
| episode/                |            |
|    lines_cleared_mean   | 4.91       |
|    perfect_clears_mean  | 0          |
|    pieces_placed_mean   | 23.2       |
| rollout/                |            |
|    ep_len_mean          | 29.8       |
|    ep_rew_mean          | 35.1       |
| time/                   |            |
|    fps                  | 1557       |
|    iterations           | 279        |
|    time_elapsed         | 1467       |
|    total_timesteps      | 2285568    |
| train/                  |            |
|    approx_kl            | 0.00555451 |
|    clip_fraction        | 0.054      |
|    clip_range           | 0.2        |
|    entropy_loss         | -0.7       |
|    explained_variance   | 0.336      |
|    learning_rate        | 0.0001     |
|    loss                 | 0.31       |
|    n_updates            | 1112       |
|    policy_gradient_loss | -0.00984   |
|    value_loss           | 0.453      |
----------------------------------------
------------------------------------------
| episode/                |              |
|    lines_cleared_mean   | 6.6          |
|    perfect_clears_mean  | 0            |
|    pieces_placed_mean   | 28           |
| rollout/                |              |
|    ep_len_mean          | 29.1         |
|    ep_rew_mean          | 34           |
| time/                   |              |
|    fps                  | 1557         |
|    iterations           | 280          |
|    time_elapsed         | 1472         |
|    total_timesteps      | 2293760      |
| train/                  |              |
|    approx_kl            | 0.0054570287 |
|    clip_fraction        | 0.0542       |
|    clip_range           | 0.2          |
|    entropy_loss         | -0.704       |
|    explained_variance   | 0.357        |
|    learning_rate        | 0.0001       |
|    loss                 | 0.408        |
|    n_updates            | 1116         |
|    policy_gradient_loss | -0.01        |
|    value_loss           | 0.432        |
------------------------------------------
-----------------------------------------
| episode/                |             |
|    lines_cleared_mean   | 6.4         |
|    perfect_clears_mean  | 0           |
|    pieces_placed_mean   | 28.1        |
| rollout/                |             |
|    ep_len_mean          | 28.8        |
|    ep_rew_mean          | 33.3        |
| time/                   |             |
|    fps                  | 1557        |
|    iterations           | 281         |
|    time_elapsed         | 1478        |
|    total_timesteps      | 2301952     |
| train/                  |             |
|    approx_kl            | 0.005674622 |
|    clip_fraction        | 0.0535      |
|    clip_range           | 0.2         |
|    entropy_loss         | -0.692      |
|    explained_variance   | 0.314       |
|    learning_rate        | 0.0001      |
|    loss                 | 0.443       |
|    n_updates            | 1120        |
|    policy_gradient_loss | -0.00999    |
|    value_loss           | 0.487       |
-----------------------------------------
------------------------------------------
| episode/                |              |
|    lines_cleared_mean   | 6.27         |
|    perfect_clears_mean  | 0            |
|    pieces_placed_mean   | 27.1         |
| rollout/                |              |
|    ep_len_mean          | 27.9         |
|    ep_rew_mean          | 31.1         |
| time/                   |              |
|    fps                  | 1557         |
|    iterations           | 282          |
|    time_elapsed         | 1483         |
|    total_timesteps      | 2310144      |
| train/                  |              |
|    approx_kl            | 0.0061053117 |
|    clip_fraction        | 0.0602       |
|    clip_range           | 0.2          |
|    entropy_loss         | -0.697       |
|    explained_variance   | 0.293        |
|    learning_rate        | 0.0001       |
|    loss                 | 0.392        |
|    n_updates            | 1124         |
|    policy_gradient_loss | -0.0112      |
|    value_loss           | 0.506        |
------------------------------------------
-----------------------------------------
| episode/                |             |
|    lines_cleared_mean   | 6.08        |
|    perfect_clears_mean  | 0           |
|    pieces_placed_mean   | 27.3        |
| rollout/                |             |
|    ep_len_mean          | 32.4        |
|    ep_rew_mean          | 40.8        |
| time/                   |             |
|    fps                  | 1557        |
|    iterations           | 283         |
|    time_elapsed         | 1488        |
|    total_timesteps      | 2318336     |
| train/                  |             |
|    approx_kl            | 0.006094267 |
|    clip_fraction        | 0.0594      |
|    clip_range           | 0.2         |
|    entropy_loss         | -0.696      |
|    explained_variance   | 0.293       |
|    learning_rate        | 0.0001      |
|    loss                 | 0.482       |
|    n_updates            | 1128        |
|    policy_gradient_loss | -0.0107     |
|    value_loss           | 0.496       |
-----------------------------------------
-----------------------------------------
| episode/                |             |
|    lines_cleared_mean   | 6.9         |
|    perfect_clears_mean  | 0           |
|    pieces_placed_mean   | 28.1        |
| rollout/                |             |
|    ep_len_mean          | 30.4        |
|    ep_rew_mean          | 37          |
| time/                   |             |
|    fps                  | 1557        |
|    iterations           | 284         |
|    time_elapsed         | 1494        |
|    total_timesteps      | 2326528     |
| train/                  |             |
|    approx_kl            | 0.005414997 |
|    clip_fraction        | 0.0447      |
|    clip_range           | 0.2         |
|    entropy_loss         | -0.685      |
|    explained_variance   | 0.339       |
|    learning_rate        | 0.0001      |
|    loss                 | 0.45        |
|    n_updates            | 1132        |
|    policy_gradient_loss | -0.00898    |
|    value_loss           | 0.497       |
-----------------------------------------
-----------------------------------------
| episode/                |             |
|    lines_cleared_mean   | 5.82        |
|    perfect_clears_mean  | 0           |
|    pieces_placed_mean   | 26.6        |
| rollout/                |             |
|    ep_len_mean          | 30.8        |
|    ep_rew_mean          | 37.8        |
| time/                   |             |
|    fps                  | 1557        |
|    iterations           | 285         |
|    time_elapsed         | 1499        |
|    total_timesteps      | 2334720     |
| train/                  |             |
|    approx_kl            | 0.006193267 |
|    clip_fraction        | 0.0514      |
|    clip_range           | 0.2         |
|    entropy_loss         | -0.701      |
|    explained_variance   | 0.354       |
|    learning_rate        | 0.0001      |
|    loss                 | 0.433       |
|    n_updates            | 1136        |
|    policy_gradient_loss | -0.0101     |
|    value_loss           | 0.493       |
-----------------------------------------
------------------------------------------
| episode/                |              |
|    lines_cleared_mean   | 5.6          |
|    perfect_clears_mean  | 0            |
|    pieces_placed_mean   | 25.6         |
| rollout/                |              |
|    ep_len_mean          | 29.6         |
|    ep_rew_mean          | 35.3         |
| time/                   |              |
|    fps                  | 1556         |
|    iterations           | 286          |
|    time_elapsed         | 1504         |
|    total_timesteps      | 2342912      |
| train/                  |              |
|    approx_kl            | 0.0059472364 |
|    clip_fraction        | 0.0586       |
|    clip_range           | 0.2          |
|    entropy_loss         | -0.69        |
|    explained_variance   | 0.273        |
|    learning_rate        | 0.0001       |
|    loss                 | 0.431        |
|    n_updates            | 1140         |
|    policy_gradient_loss | -0.0103      |
|    value_loss           | 0.521        |
------------------------------------------
------------------------------------------
| episode/                |              |
|    lines_cleared_mean   | 7.64         |
|    perfect_clears_mean  | 0            |
|    pieces_placed_mean   | 30.2         |
| rollout/                |              |
|    ep_len_mean          | 30.1         |
|    ep_rew_mean          | 36           |
| time/                   |              |
|    fps                  | 1556         |
|    iterations           | 287          |
|    time_elapsed         | 1510         |
|    total_timesteps      | 2351104      |
| train/                  |              |
|    approx_kl            | 0.0066754655 |
|    clip_fraction        | 0.0574       |
|    clip_range           | 0.2          |
|    entropy_loss         | -0.718       |
|    explained_variance   | 0.33         |
|    learning_rate        | 0.0001       |
|    loss                 | 0.356        |
|    n_updates            | 1144         |
|    policy_gradient_loss | -0.0113      |
|    value_loss           | 0.447        |
------------------------------------------
-----------------------------------------
| episode/                |             |
|    lines_cleared_mean   | 6.5         |
|    perfect_clears_mean  | 0           |
|    pieces_placed_mean   | 28.5        |
| rollout/                |             |
|    ep_len_mean          | 28.4        |
|    ep_rew_mean          | 33.1        |
| time/                   |             |
|    fps                  | 1556        |
|    iterations           | 288         |
|    time_elapsed         | 1515        |
|    total_timesteps      | 2359296     |
| train/                  |             |
|    approx_kl            | 0.005635239 |
|    clip_fraction        | 0.0558      |
|    clip_range           | 0.2         |
|    entropy_loss         | -0.71       |
|    explained_variance   | 0.349       |
|    learning_rate        | 0.0001      |
|    loss                 | 0.356       |
|    n_updates            | 1148        |
|    policy_gradient_loss | -0.01       |
|    value_loss           | 0.431       |
-----------------------------------------
-----------------------------------------
| episode/                |             |
|    lines_cleared_mean   | 6.1         |
|    perfect_clears_mean  | 0           |
|    pieces_placed_mean   | 27.2        |
| rollout/                |             |
|    ep_len_mean          | 27.8        |
|    ep_rew_mean          | 31.5        |
| time/                   |             |
|    fps                  | 1556        |
|    iterations           | 289         |
|    time_elapsed         | 1520        |
|    total_timesteps      | 2367488     |
| train/                  |             |
|    approx_kl            | 0.006015553 |
|    clip_fraction        | 0.05        |
|    clip_range           | 0.2         |
|    entropy_loss         | -0.719      |
|    explained_variance   | 0.296       |
|    learning_rate        | 0.0001      |
|    loss                 | 0.394       |
|    n_updates            | 1152        |
|    policy_gradient_loss | -0.00914    |
|    value_loss           | 0.475       |
-----------------------------------------
-----------------------------------------
| episode/                |             |
|    lines_cleared_mean   | 5.4         |
|    perfect_clears_mean  | 0           |
|    pieces_placed_mean   | 24.6        |
| rollout/                |             |
|    ep_len_mean          | 28.1        |
|    ep_rew_mean          | 31.6        |
| time/                   |             |
|    fps                  | 1556        |
|    iterations           | 290         |
|    time_elapsed         | 1526        |
|    total_timesteps      | 2375680     |
| train/                  |             |
|    approx_kl            | 0.006039871 |
|    clip_fraction        | 0.0518      |
|    clip_range           | 0.2         |
|    entropy_loss         | -0.717      |
|    explained_variance   | 0.264       |
|    learning_rate        | 0.0001      |
|    loss                 | 0.365       |
|    n_updates            | 1156        |
|    policy_gradient_loss | -0.00979    |
|    value_loss           | 0.469       |
-----------------------------------------
------------------------------------------
| episode/                |              |
|    lines_cleared_mean   | 7.1          |
|    perfect_clears_mean  | 0            |
|    pieces_placed_mean   | 28.8         |
| rollout/                |              |
|    ep_len_mean          | 28.1         |
|    ep_rew_mean          | 31.7         |
| time/                   |              |
|    fps                  | 1556         |
|    iterations           | 291          |
|    time_elapsed         | 1531         |
|    total_timesteps      | 2383872      |
| train/                  |              |
|    approx_kl            | 0.0055779307 |
|    clip_fraction        | 0.0486       |
|    clip_range           | 0.2          |
|    entropy_loss         | -0.709       |
|    explained_variance   | 0.314        |
|    learning_rate        | 0.0001       |
|    loss                 | 0.387        |
|    n_updates            | 1160         |
|    policy_gradient_loss | -0.0103      |
|    value_loss           | 0.463        |
------------------------------------------
-----------------------------------------
| episode/                |             |
|    lines_cleared_mean   | 5.6         |
|    perfect_clears_mean  | 0           |
|    pieces_placed_mean   | 26          |
| rollout/                |             |
|    ep_len_mean          | 30.3        |
|    ep_rew_mean          | 36.3        |
| time/                   |             |
|    fps                  | 1556        |
|    iterations           | 292         |
|    time_elapsed         | 1536        |
|    total_timesteps      | 2392064     |
| train/                  |             |
|    approx_kl            | 0.005974204 |
|    clip_fraction        | 0.0541      |
|    clip_range           | 0.2         |
|    entropy_loss         | -0.714      |
|    explained_variance   | 0.352       |
|    learning_rate        | 0.0001      |
|    loss                 | 0.315       |
|    n_updates            | 1164        |
|    policy_gradient_loss | -0.0104     |
|    value_loss           | 0.418       |
-----------------------------------------
------------------------------------------
| episode/                |              |
|    lines_cleared_mean   | 8.9          |
|    perfect_clears_mean  | 0            |
|    pieces_placed_mean   | 33.4         |
| rollout/                |              |
|    ep_len_mean          | 30.9         |
|    ep_rew_mean          | 37           |
| time/                   |              |
|    fps                  | 1556         |
|    iterations           | 293          |
|    time_elapsed         | 1542         |
|    total_timesteps      | 2400256      |
| train/                  |              |
|    approx_kl            | 0.0062038694 |
|    clip_fraction        | 0.0558       |
|    clip_range           | 0.2          |
|    entropy_loss         | -0.699       |
|    explained_variance   | 0.318        |
|    learning_rate        | 0.0001       |
|    loss                 | 0.427        |
|    n_updates            | 1168         |
|    policy_gradient_loss | -0.0103      |
|    value_loss           | 0.473        |
------------------------------------------
-----------------------------------------
| episode/                |             |
|    lines_cleared_mean   | 7.6         |
|    perfect_clears_mean  | 0           |
|    pieces_placed_mean   | 30.4        |
| rollout/                |             |
|    ep_len_mean          | 27.9        |
|    ep_rew_mean          | 31.4        |
| time/                   |             |
|    fps                  | 1556        |
|    iterations           | 294         |
|    time_elapsed         | 1547        |
|    total_timesteps      | 2408448     |
| train/                  |             |
|    approx_kl            | 0.005474411 |
|    clip_fraction        | 0.0516      |
|    clip_range           | 0.2         |
|    entropy_loss         | -0.71       |
|    explained_variance   | 0.294       |
|    learning_rate        | 0.0001      |
|    loss                 | 0.456       |
|    n_updates            | 1172        |
|    policy_gradient_loss | -0.0102     |
|    value_loss           | 0.52        |
-----------------------------------------
------------------------------------------
| episode/                |              |
|    lines_cleared_mean   | 7.09         |
|    perfect_clears_mean  | 0            |
|    pieces_placed_mean   | 29.2         |
| rollout/                |              |
|    ep_len_mean          | 30.8         |
|    ep_rew_mean          | 37.8         |
| time/                   |              |
|    fps                  | 1556         |
|    iterations           | 295          |
|    time_elapsed         | 1552         |
|    total_timesteps      | 2416640      |
| train/                  |              |
|    approx_kl            | 0.0058458797 |
|    clip_fraction        | 0.0531       |
|    clip_range           | 0.2          |
|    entropy_loss         | -0.707       |
|    explained_variance   | 0.317        |
|    learning_rate        | 0.0001       |
|    loss                 | 0.365        |
|    n_updates            | 1176         |
|    policy_gradient_loss | -0.00958     |
|    value_loss           | 0.498        |
------------------------------------------
-----------------------------------------
| episode/                |             |
|    lines_cleared_mean   | 10.3        |
|    perfect_clears_mean  | 0           |
|    pieces_placed_mean   | 36.9        |
| rollout/                |             |
|    ep_len_mean          | 31.2        |
|    ep_rew_mean          | 38.6        |
| time/                   |             |
|    fps                  | 1556        |
|    iterations           | 296         |
|    time_elapsed         | 1557        |
|    total_timesteps      | 2424832     |
| train/                  |             |
|    approx_kl            | 0.005514104 |
|    clip_fraction        | 0.0466      |
|    clip_range           | 0.2         |
|    entropy_loss         | -0.709      |
|    explained_variance   | 0.31        |
|    learning_rate        | 0.0001      |
|    loss                 | 0.45        |
|    n_updates            | 1180        |
|    policy_gradient_loss | -0.00928    |
|    value_loss           | 0.463       |
-----------------------------------------
------------------------------------------
| episode/                |              |
|    lines_cleared_mean   | 4.27         |
|    perfect_clears_mean  | 0            |
|    pieces_placed_mean   | 22.5         |
| rollout/                |              |
|    ep_len_mean          | 29.1         |
|    ep_rew_mean          | 33.9         |
| time/                   |              |
|    fps                  | 1556         |
|    iterations           | 297          |
|    time_elapsed         | 1563         |
|    total_timesteps      | 2433024      |
| train/                  |              |
|    approx_kl            | 0.0057187444 |
|    clip_fraction        | 0.0516       |
|    clip_range           | 0.2          |
|    entropy_loss         | -0.72        |
|    explained_variance   | 0.254        |
|    learning_rate        | 0.0001       |
|    loss                 | 0.482        |
|    n_updates            | 1184         |
|    policy_gradient_loss | -0.00911     |
|    value_loss           | 0.5          |
------------------------------------------
-----------------------------------------
| episode/                |             |
|    lines_cleared_mean   | 7.7         |
|    perfect_clears_mean  | 0           |
|    pieces_placed_mean   | 31          |
| rollout/                |             |
|    ep_len_mean          | 29.7        |
|    ep_rew_mean          | 35.5        |
| time/                   |             |
|    fps                  | 1556        |
|    iterations           | 298         |
|    time_elapsed         | 1568        |
|    total_timesteps      | 2441216     |
| train/                  |             |
|    approx_kl            | 0.005550625 |
|    clip_fraction        | 0.0518      |
|    clip_range           | 0.2         |
|    entropy_loss         | -0.713      |
|    explained_variance   | 0.343       |
|    learning_rate        | 0.0001      |
|    loss                 | 0.392       |
|    n_updates            | 1188        |
|    policy_gradient_loss | -0.00882    |
|    value_loss           | 0.454       |
-----------------------------------------
------------------------------------------
| episode/                |              |
|    lines_cleared_mean   | 9.8          |
|    perfect_clears_mean  | 0            |
|    pieces_placed_mean   | 35.6         |
| rollout/                |              |
|    ep_len_mean          | 29.1         |
|    ep_rew_mean          | 33.6         |
| time/                   |              |
|    fps                  | 1556         |
|    iterations           | 299          |
|    time_elapsed         | 1573         |
|    total_timesteps      | 2449408      |
| train/                  |              |
|    approx_kl            | 0.0058634467 |
|    clip_fraction        | 0.0527       |
|    clip_range           | 0.2          |
|    entropy_loss         | -0.704       |
|    explained_variance   | 0.367        |
|    learning_rate        | 0.0001       |
|    loss                 | 0.315        |
|    n_updates            | 1192         |
|    policy_gradient_loss | -0.0108      |
|    value_loss           | 0.434        |
------------------------------------------
-----------------------------------------
| episode/                |             |
|    lines_cleared_mean   | 5.5         |
|    perfect_clears_mean  | 0           |
|    pieces_placed_mean   | 25.4        |
| rollout/                |             |
|    ep_len_mean          | 29.1        |
|    ep_rew_mean          | 33.9        |
| time/                   |             |
|    fps                  | 1556        |
|    iterations           | 300         |
|    time_elapsed         | 1579        |
|    total_timesteps      | 2457600     |
| train/                  |             |
|    approx_kl            | 0.005183175 |
|    clip_fraction        | 0.0429      |
|    clip_range           | 0.2         |
|    entropy_loss         | -0.716      |
|    explained_variance   | 0.349       |
|    learning_rate        | 0.0001      |
|    loss                 | 0.371       |
|    n_updates            | 1196        |
|    policy_gradient_loss | -0.00853    |
|    value_loss           | 0.42        |
-----------------------------------------
------------------------------------------
| episode/                |              |
|    lines_cleared_mean   | 5.3          |
|    perfect_clears_mean  | 0            |
|    pieces_placed_mean   | 25.3         |
| rollout/                |              |
|    ep_len_mean          | 29.7         |
|    ep_rew_mean          | 35.2         |
| time/                   |              |
|    fps                  | 1556         |
|    iterations           | 301          |
|    time_elapsed         | 1584         |
|    total_timesteps      | 2465792      |
| train/                  |              |
|    approx_kl            | 0.0063025486 |
|    clip_fraction        | 0.0467       |
|    clip_range           | 0.2          |
|    entropy_loss         | -0.719       |
|    explained_variance   | 0.341        |
|    learning_rate        | 0.0001       |
|    loss                 | 0.377        |
|    n_updates            | 1200         |
|    policy_gradient_loss | -0.00872     |
|    value_loss           | 0.422        |
------------------------------------------
------------------------------------------
| episode/                |              |
|    lines_cleared_mean   | 7.5          |
|    perfect_clears_mean  | 0            |
|    pieces_placed_mean   | 30.3         |
| rollout/                |              |
|    ep_len_mean          | 29.5         |
|    ep_rew_mean          | 34.8         |
| time/                   |              |
|    fps                  | 1556         |
|    iterations           | 302          |
|    time_elapsed         | 1589         |
|    total_timesteps      | 2473984      |
| train/                  |              |
|    approx_kl            | 0.0061401953 |
|    clip_fraction        | 0.0536       |
|    clip_range           | 0.2          |
|    entropy_loss         | -0.7         |
|    explained_variance   | 0.287        |
|    learning_rate        | 0.0001       |
|    loss                 | 0.395        |
|    n_updates            | 1204         |
|    policy_gradient_loss | -0.00971     |
|    value_loss           | 0.482        |
------------------------------------------
------------------------------------------
| episode/                |              |
|    lines_cleared_mean   | 9.08         |
|    perfect_clears_mean  | 0            |
|    pieces_placed_mean   | 32.8         |
| rollout/                |              |
|    ep_len_mean          | 30.7         |
|    ep_rew_mean          | 37.7         |
| time/                   |              |
|    fps                  | 1556         |
|    iterations           | 303          |
|    time_elapsed         | 1595         |
|    total_timesteps      | 2482176      |
| train/                  |              |
|    approx_kl            | 0.0051929187 |
|    clip_fraction        | 0.048        |
|    clip_range           | 0.2          |
|    entropy_loss         | -0.697       |
|    explained_variance   | 0.326        |
|    learning_rate        | 0.0001       |
|    loss                 | 0.433        |
|    n_updates            | 1208         |
|    policy_gradient_loss | -0.00952     |
|    value_loss           | 0.489        |
------------------------------------------
-----------------------------------------
| episode/                |             |
|    lines_cleared_mean   | 8.1         |
|    perfect_clears_mean  | 0           |
|    pieces_placed_mean   | 31.4        |
| rollout/                |             |
|    ep_len_mean          | 27.9        |
|    ep_rew_mean          | 31.5        |
| time/                   |             |
|    fps                  | 1556        |
|    iterations           | 304         |
|    time_elapsed         | 1600        |
|    total_timesteps      | 2490368     |
| train/                  |             |
|    approx_kl            | 0.004937092 |
|    clip_fraction        | 0.0465      |
|    clip_range           | 0.2         |
|    entropy_loss         | -0.712      |
|    explained_variance   | 0.354       |
|    learning_rate        | 0.0001      |
|    loss                 | 0.484       |
|    n_updates            | 1212        |
|    policy_gradient_loss | -0.00915    |
|    value_loss           | 0.456       |
-----------------------------------------
-----------------------------------------
| episode/                |             |
|    lines_cleared_mean   | 9.2         |
|    perfect_clears_mean  | 0           |
|    pieces_placed_mean   | 35.6        |
| rollout/                |             |
|    ep_len_mean          | 30.5        |
|    ep_rew_mean          | 36.6        |
| time/                   |             |
|    fps                  | 1556        |
|    iterations           | 305         |
|    time_elapsed         | 1605        |
|    total_timesteps      | 2498560     |
| train/                  |             |
|    approx_kl            | 0.005865417 |
|    clip_fraction        | 0.0534      |
|    clip_range           | 0.2         |
|    entropy_loss         | -0.698      |
|    explained_variance   | 0.294       |
|    learning_rate        | 0.0001      |
|    loss                 | 0.443       |
|    n_updates            | 1216        |
|    policy_gradient_loss | -0.00928    |
|    value_loss           | 0.454       |
-----------------------------------------
------------------------------------------
| episode/                |              |
|    lines_cleared_mean   | 7.2          |
|    perfect_clears_mean  | 0            |
|    pieces_placed_mean   | 30.1         |
| rollout/                |              |
|    ep_len_mean          | 30.7         |
|    ep_rew_mean          | 37.7         |
| time/                   |              |
|    fps                  | 1556         |
|    iterations           | 306          |
|    time_elapsed         | 1610         |
|    total_timesteps      | 2506752      |
| train/                  |              |
|    approx_kl            | 0.0053475713 |
|    clip_fraction        | 0.0477       |
|    clip_range           | 0.2          |
|    entropy_loss         | -0.693       |
|    explained_variance   | 0.337        |
|    learning_rate        | 0.0001       |
|    loss                 | 0.394        |
|    n_updates            | 1220         |
|    policy_gradient_loss | -0.00957     |
|    value_loss           | 0.48         |
------------------------------------------
------------------------------------------
| episode/                |              |
|    lines_cleared_mean   | 5.9          |
|    perfect_clears_mean  | 0            |
|    pieces_placed_mean   | 26.5         |
| rollout/                |              |
|    ep_len_mean          | 29.6         |
|    ep_rew_mean          | 35.2         |
| time/                   |              |
|    fps                  | 1556         |
|    iterations           | 307          |
|    time_elapsed         | 1616         |
|    total_timesteps      | 2514944      |
| train/                  |              |
|    approx_kl            | 0.0060294163 |
|    clip_fraction        | 0.0532       |
|    clip_range           | 0.2          |
|    entropy_loss         | -0.69        |
|    explained_variance   | 0.322        |
|    learning_rate        | 0.0001       |
|    loss                 | 0.429        |
|    n_updates            | 1224         |
|    policy_gradient_loss | -0.00922     |
|    value_loss           | 0.447        |
------------------------------------------
-----------------------------------------
| episode/                |             |
|    lines_cleared_mean   | 7.91        |
|    perfect_clears_mean  | 0           |
|    pieces_placed_mean   | 30.5        |
| rollout/                |             |
|    ep_len_mean          | 30.3        |
|    ep_rew_mean          | 36.8        |
| time/                   |             |
|    fps                  | 1555        |
|    iterations           | 308         |
|    time_elapsed         | 1621        |
|    total_timesteps      | 2523136     |
| train/                  |             |
|    approx_kl            | 0.005702082 |
|    clip_fraction        | 0.0504      |
|    clip_range           | 0.2         |
|    entropy_loss         | -0.695      |
|    explained_variance   | 0.313       |
|    learning_rate        | 0.0001      |
|    loss                 | 0.383       |
|    n_updates            | 1228        |
|    policy_gradient_loss | -0.0101     |
|    value_loss           | 0.447       |
-----------------------------------------
------------------------------------------
| episode/                |              |
|    lines_cleared_mean   | 6.5          |
|    perfect_clears_mean  | 0            |
|    pieces_placed_mean   | 28.9         |
| rollout/                |              |
|    ep_len_mean          | 29.7         |
|    ep_rew_mean          | 35.2         |
| time/                   |              |
|    fps                  | 1555         |
|    iterations           | 309          |
|    time_elapsed         | 1626         |
|    total_timesteps      | 2531328      |
| train/                  |              |
|    approx_kl            | 0.0056159208 |
|    clip_fraction        | 0.0529       |
|    clip_range           | 0.2          |
|    entropy_loss         | -0.691       |
|    explained_variance   | 0.36         |
|    learning_rate        | 0.0001       |
|    loss                 | 0.381        |
|    n_updates            | 1232         |
|    policy_gradient_loss | -0.00939     |
|    value_loss           | 0.415        |
------------------------------------------
------------------------------------------
| episode/                |              |
|    lines_cleared_mean   | 8.6          |
|    perfect_clears_mean  | 0            |
|    pieces_placed_mean   | 32.7         |
| rollout/                |              |
|    ep_len_mean          | 32.6         |
|    ep_rew_mean          | 41.2         |
| time/                   |              |
|    fps                  | 1555         |
|    iterations           | 310          |
|    time_elapsed         | 1632         |
|    total_timesteps      | 2539520      |
| train/                  |              |
|    approx_kl            | 0.0057770554 |
|    clip_fraction        | 0.0539       |
|    clip_range           | 0.2          |
|    entropy_loss         | -0.7         |
|    explained_variance   | 0.382        |
|    learning_rate        | 0.0001       |
|    loss                 | 0.348        |
|    n_updates            | 1236         |
|    policy_gradient_loss | -0.00948     |
|    value_loss           | 0.398        |
------------------------------------------
-----------------------------------------
| episode/                |             |
|    lines_cleared_mean   | 7.8         |
|    perfect_clears_mean  | 0           |
|    pieces_placed_mean   | 30.6        |
| rollout/                |             |
|    ep_len_mean          | 28.5        |
|    ep_rew_mean          | 32.4        |
| time/                   |             |
|    fps                  | 1555        |
|    iterations           | 311         |
|    time_elapsed         | 1637        |
|    total_timesteps      | 2547712     |
| train/                  |             |
|    approx_kl            | 0.005954114 |
|    clip_fraction        | 0.0501      |
|    clip_range           | 0.2         |
|    entropy_loss         | -0.695      |
|    explained_variance   | 0.322       |
|    learning_rate        | 0.0001      |
|    loss                 | 0.364       |
|    n_updates            | 1240        |
|    policy_gradient_loss | -0.00932    |
|    value_loss           | 0.456       |
-----------------------------------------
------------------------------------------
| episode/                |              |
|    lines_cleared_mean   | 5.9          |
|    perfect_clears_mean  | 0            |
|    pieces_placed_mean   | 26.1         |
| rollout/                |              |
|    ep_len_mean          | 29.6         |
|    ep_rew_mean          | 35.1         |
| time/                   |              |
|    fps                  | 1555         |
|    iterations           | 312          |
|    time_elapsed         | 1642         |
|    total_timesteps      | 2555904      |
| train/                  |              |
|    approx_kl            | 0.0057165497 |
|    clip_fraction        | 0.0551       |
|    clip_range           | 0.2          |
|    entropy_loss         | -0.691       |
|    explained_variance   | 0.326        |
|    learning_rate        | 0.0001       |
|    loss                 | 0.43         |
|    n_updates            | 1244         |
|    policy_gradient_loss | -0.0101      |
|    value_loss           | 0.451        |
------------------------------------------
------------------------------------------
| episode/                |              |
|    lines_cleared_mean   | 9.2          |
|    perfect_clears_mean  | 0            |
|    pieces_placed_mean   | 34.3         |
| rollout/                |              |
|    ep_len_mean          | 30           |
|    ep_rew_mean          | 36.2         |
| time/                   |              |
|    fps                  | 1555         |
|    iterations           | 313          |
|    time_elapsed         | 1648         |
|    total_timesteps      | 2564096      |
| train/                  |              |
|    approx_kl            | 0.0061581274 |
|    clip_fraction        | 0.0572       |
|    clip_range           | 0.2          |
|    entropy_loss         | -0.706       |
|    explained_variance   | 0.343        |
|    learning_rate        | 0.0001       |
|    loss                 | 0.439        |
|    n_updates            | 1248         |
|    policy_gradient_loss | -0.0101      |
|    value_loss           | 0.43         |
------------------------------------------
------------------------------------------
| episode/                |              |
|    lines_cleared_mean   | 7.5          |
|    perfect_clears_mean  | 0            |
|    pieces_placed_mean   | 30.3         |
| rollout/                |              |
|    ep_len_mean          | 28.4         |
|    ep_rew_mean          | 33.2         |
| time/                   |              |
|    fps                  | 1555         |
|    iterations           | 314          |
|    time_elapsed         | 1653         |
|    total_timesteps      | 2572288      |
| train/                  |              |
|    approx_kl            | 0.0062932204 |
|    clip_fraction        | 0.0587       |
|    clip_range           | 0.2          |
|    entropy_loss         | -0.7         |
|    explained_variance   | 0.36         |
|    learning_rate        | 0.0001       |
|    loss                 | 0.329        |
|    n_updates            | 1252         |
|    policy_gradient_loss | -0.00984     |
|    value_loss           | 0.419        |
------------------------------------------
------------------------------------------
| episode/                |              |
|    lines_cleared_mean   | 8.09         |
|    perfect_clears_mean  | 0            |
|    pieces_placed_mean   | 32.1         |
| rollout/                |              |
|    ep_len_mean          | 27.6         |
|    ep_rew_mean          | 30.6         |
| time/                   |              |
|    fps                  | 1555         |
|    iterations           | 315          |
|    time_elapsed         | 1658         |
|    total_timesteps      | 2580480      |
| train/                  |              |
|    approx_kl            | 0.0058132485 |
|    clip_fraction        | 0.054        |
|    clip_range           | 0.2          |
|    entropy_loss         | -0.7         |
|    explained_variance   | 0.337        |
|    learning_rate        | 0.0001       |
|    loss                 | 0.372        |
|    n_updates            | 1256         |
|    policy_gradient_loss | -0.01        |
|    value_loss           | 0.44         |
------------------------------------------
-----------------------------------------
| episode/                |             |
|    lines_cleared_mean   | 5.7         |
|    perfect_clears_mean  | 0           |
|    pieces_placed_mean   | 26          |
| rollout/                |             |
|    ep_len_mean          | 29.2        |
|    ep_rew_mean          | 34.7        |
| time/                   |             |
|    fps                  | 1555        |
|    iterations           | 316         |
|    time_elapsed         | 1663        |
|    total_timesteps      | 2588672     |
| train/                  |             |
|    approx_kl            | 0.006265354 |
|    clip_fraction        | 0.0616      |
|    clip_range           | 0.2         |
|    entropy_loss         | -0.702      |
|    explained_variance   | 0.296       |
|    learning_rate        | 0.0001      |
|    loss                 | 0.379       |
|    n_updates            | 1260        |
|    policy_gradient_loss | -0.0102     |
|    value_loss           | 0.438       |
-----------------------------------------
------------------------------------------
| episode/                |              |
|    lines_cleared_mean   | 7            |
|    perfect_clears_mean  | 0            |
|    pieces_placed_mean   | 30.4         |
| rollout/                |              |
|    ep_len_mean          | 30.3         |
|    ep_rew_mean          | 35.8         |
| time/                   |              |
|    fps                  | 1555         |
|    iterations           | 317          |
|    time_elapsed         | 1669         |
|    total_timesteps      | 2596864      |
| train/                  |              |
|    approx_kl            | 0.0064411745 |
|    clip_fraction        | 0.0609       |
|    clip_range           | 0.2          |
|    entropy_loss         | -0.703       |
|    explained_variance   | 0.311        |
|    learning_rate        | 0.0001       |
|    loss                 | 0.528        |
|    n_updates            | 1264         |
|    policy_gradient_loss | -0.00971     |
|    value_loss           | 0.462        |
------------------------------------------
------------------------------------------
| episode/                |              |
|    lines_cleared_mean   | 7            |
|    perfect_clears_mean  | 0            |
|    pieces_placed_mean   | 29           |
| rollout/                |              |
|    ep_len_mean          | 30           |
|    ep_rew_mean          | 35.9         |
| time/                   |              |
|    fps                  | 1555         |
|    iterations           | 318          |
|    time_elapsed         | 1674         |
|    total_timesteps      | 2605056      |
| train/                  |              |
|    approx_kl            | 0.0059283804 |
|    clip_fraction        | 0.0502       |
|    clip_range           | 0.2          |
|    entropy_loss         | -0.709       |
|    explained_variance   | 0.352        |
|    learning_rate        | 0.0001       |
|    loss                 | 0.363        |
|    n_updates            | 1268         |
|    policy_gradient_loss | -0.00996     |
|    value_loss           | 0.442        |
------------------------------------------
------------------------------------------
| episode/                |              |
|    lines_cleared_mean   | 7.1          |
|    perfect_clears_mean  | 0            |
|    pieces_placed_mean   | 29.2         |
| rollout/                |              |
|    ep_len_mean          | 30.6         |
|    ep_rew_mean          | 37.3         |
| time/                   |              |
|    fps                  | 1555         |
|    iterations           | 319          |
|    time_elapsed         | 1679         |
|    total_timesteps      | 2613248      |
| train/                  |              |
|    approx_kl            | 0.0054904344 |
|    clip_fraction        | 0.0539       |
|    clip_range           | 0.2          |
|    entropy_loss         | -0.712       |
|    explained_variance   | 0.326        |
|    learning_rate        | 0.0001       |
|    loss                 | 0.312        |
|    n_updates            | 1272         |
|    policy_gradient_loss | -0.00875     |
|    value_loss           | 0.44         |
------------------------------------------
-----------------------------------------
| episode/                |             |
|    lines_cleared_mean   | 5.2         |
|    perfect_clears_mean  | 0           |
|    pieces_placed_mean   | 25.2        |
| rollout/                |             |
|    ep_len_mean          | 28.6        |
|    ep_rew_mean          | 33.5        |
| time/                   |             |
|    fps                  | 1555        |
|    iterations           | 320         |
|    time_elapsed         | 1685        |
|    total_timesteps      | 2621440     |
| train/                  |             |
|    approx_kl            | 0.005425085 |
|    clip_fraction        | 0.0408      |
|    clip_range           | 0.2         |
|    entropy_loss         | -0.713      |
|    explained_variance   | 0.243       |
|    learning_rate        | 0.0001      |
|    loss                 | 0.404       |
|    n_updates            | 1276        |
|    policy_gradient_loss | -0.00801    |
|    value_loss           | 0.486       |
-----------------------------------------
------------------------------------------
| episode/                |              |
|    lines_cleared_mean   | 8.67         |
|    perfect_clears_mean  | 0            |
|    pieces_placed_mean   | 32.2         |
| rollout/                |              |
|    ep_len_mean          | 30.4         |
|    ep_rew_mean          | 36.7         |
| time/                   |              |
|    fps                  | 1555         |
|    iterations           | 321          |
|    time_elapsed         | 1690         |
|    total_timesteps      | 2629632      |
| train/                  |              |
|    approx_kl            | 0.0055692615 |
|    clip_fraction        | 0.0488       |
|    clip_range           | 0.2          |
|    entropy_loss         | -0.715       |
|    explained_variance   | 0.311        |
|    learning_rate        | 0.0001       |
|    loss                 | 0.444        |
|    n_updates            | 1280         |
|    policy_gradient_loss | -0.00923     |
|    value_loss           | 0.446        |
------------------------------------------
------------------------------------------
| episode/                |              |
|    lines_cleared_mean   | 9.3          |
|    perfect_clears_mean  | 0            |
|    pieces_placed_mean   | 34.8         |
| rollout/                |              |
|    ep_len_mean          | 28.5         |
|    ep_rew_mean          | 32           |
| time/                   |              |
|    fps                  | 1555         |
|    iterations           | 322          |
|    time_elapsed         | 1695         |
|    total_timesteps      | 2637824      |
| train/                  |              |
|    approx_kl            | 0.0058452366 |
|    clip_fraction        | 0.0512       |
|    clip_range           | 0.2          |
|    entropy_loss         | -0.711       |
|    explained_variance   | 0.365        |
|    learning_rate        | 0.0001       |
|    loss                 | 0.369        |
|    n_updates            | 1284         |
|    policy_gradient_loss | -0.00984     |
|    value_loss           | 0.424        |
------------------------------------------
------------------------------------------
| episode/                |              |
|    lines_cleared_mean   | 9.1          |
|    perfect_clears_mean  | 0            |
|    pieces_placed_mean   | 34.3         |
| rollout/                |              |
|    ep_len_mean          | 30.4         |
|    ep_rew_mean          | 36.6         |
| time/                   |              |
|    fps                  | 1555         |
|    iterations           | 323          |
|    time_elapsed         | 1701         |
|    total_timesteps      | 2646016      |
| train/                  |              |
|    approx_kl            | 0.0059175338 |
|    clip_fraction        | 0.0555       |
|    clip_range           | 0.2          |
|    entropy_loss         | -0.702       |
|    explained_variance   | 0.378        |
|    learning_rate        | 0.0001       |
|    loss                 | 0.418        |
|    n_updates            | 1288         |
|    policy_gradient_loss | -0.0106      |
|    value_loss           | 0.434        |
------------------------------------------
------------------------------------------
| episode/                |              |
|    lines_cleared_mean   | 8.1          |
|    perfect_clears_mean  | 0            |
|    pieces_placed_mean   | 30.7         |
| rollout/                |              |
|    ep_len_mean          | 30.9         |
|    ep_rew_mean          | 37.9         |
| time/                   |              |
|    fps                  | 1555         |
|    iterations           | 324          |
|    time_elapsed         | 1706         |
|    total_timesteps      | 2654208      |
| train/                  |              |
|    approx_kl            | 0.0056049563 |
|    clip_fraction        | 0.0498       |
|    clip_range           | 0.2          |
|    entropy_loss         | -0.683       |
|    explained_variance   | 0.345        |
|    learning_rate        | 0.0001       |
|    loss                 | 0.457        |
|    n_updates            | 1292         |
|    policy_gradient_loss | -0.00921     |
|    value_loss           | 0.462        |
------------------------------------------
------------------------------------------
| episode/                |              |
|    lines_cleared_mean   | 9.2          |
|    perfect_clears_mean  | 0            |
|    pieces_placed_mean   | 33.3         |
| rollout/                |              |
|    ep_len_mean          | 29.3         |
|    ep_rew_mean          | 34.9         |
| time/                   |              |
|    fps                  | 1555         |
|    iterations           | 325          |
|    time_elapsed         | 1711         |
|    total_timesteps      | 2662400      |
| train/                  |              |
|    approx_kl            | 0.0049645724 |
|    clip_fraction        | 0.0454       |
|    clip_range           | 0.2          |
|    entropy_loss         | -0.698       |
|    explained_variance   | 0.339        |
|    learning_rate        | 0.0001       |
|    loss                 | 0.41         |
|    n_updates            | 1296         |
|    policy_gradient_loss | -0.0093      |
|    value_loss           | 0.464        |
------------------------------------------
------------------------------------------
| episode/                |              |
|    lines_cleared_mean   | 9.3          |
|    perfect_clears_mean  | 0            |
|    pieces_placed_mean   | 35.4         |
| rollout/                |              |
|    ep_len_mean          | 30.8         |
|    ep_rew_mean          | 37.4         |
| time/                   |              |
|    fps                  | 1555         |
|    iterations           | 326          |
|    time_elapsed         | 1716         |
|    total_timesteps      | 2670592      |
| train/                  |              |
|    approx_kl            | 0.0050748694 |
|    clip_fraction        | 0.0472       |
|    clip_range           | 0.2          |
|    entropy_loss         | -0.688       |
|    explained_variance   | 0.308        |
|    learning_rate        | 0.0001       |
|    loss                 | 0.437        |
|    n_updates            | 1300         |
|    policy_gradient_loss | -0.00896     |
|    value_loss           | 0.502        |
------------------------------------------
-----------------------------------------
| episode/                |             |
|    lines_cleared_mean   | 7.2         |
|    perfect_clears_mean  | 0           |
|    pieces_placed_mean   | 29.9        |
| rollout/                |             |
|    ep_len_mean          | 29.9        |
|    ep_rew_mean          | 35.9        |
| time/                   |             |
|    fps                  | 1555        |
|    iterations           | 327         |
|    time_elapsed         | 1722        |
|    total_timesteps      | 2678784     |
| train/                  |             |
|    approx_kl            | 0.004795846 |
|    clip_fraction        | 0.0428      |
|    clip_range           | 0.2         |
|    entropy_loss         | -0.688      |
|    explained_variance   | 0.311       |
|    learning_rate        | 0.0001      |
|    loss                 | 0.493       |
|    n_updates            | 1304        |
|    policy_gradient_loss | -0.00927    |
|    value_loss           | 0.495       |
-----------------------------------------
-----------------------------------------
| episode/                |             |
|    lines_cleared_mean   | 8.5         |
|    perfect_clears_mean  | 0           |
|    pieces_placed_mean   | 33          |
| rollout/                |             |
|    ep_len_mean          | 29          |
|    ep_rew_mean          | 33.8        |
| time/                   |             |
|    fps                  | 1555        |
|    iterations           | 328         |
|    time_elapsed         | 1727        |
|    total_timesteps      | 2686976     |
| train/                  |             |
|    approx_kl            | 0.005951994 |
|    clip_fraction        | 0.0521      |
|    clip_range           | 0.2         |
|    entropy_loss         | -0.699      |
|    explained_variance   | 0.359       |
|    learning_rate        | 0.0001      |
|    loss                 | 0.405       |
|    n_updates            | 1308        |
|    policy_gradient_loss | -0.00943    |
|    value_loss           | 0.414       |
-----------------------------------------
------------------------------------------
| episode/                |              |
|    lines_cleared_mean   | 9            |
|    perfect_clears_mean  | 0            |
|    pieces_placed_mean   | 34.5         |
| rollout/                |              |
|    ep_len_mean          | 30.1         |
|    ep_rew_mean          | 36.4         |
| time/                   |              |
|    fps                  | 1555         |
|    iterations           | 329          |
|    time_elapsed         | 1732         |
|    total_timesteps      | 2695168      |
| train/                  |              |
|    approx_kl            | 0.0053548287 |
|    clip_fraction        | 0.0424       |
|    clip_range           | 0.2          |
|    entropy_loss         | -0.683       |
|    explained_variance   | 0.358        |
|    learning_rate        | 0.0001       |
|    loss                 | 0.363        |
|    n_updates            | 1312         |
|    policy_gradient_loss | -0.00824     |
|    value_loss           | 0.436        |
------------------------------------------
------------------------------------------
| episode/                |              |
|    lines_cleared_mean   | 12           |
|    perfect_clears_mean  | 0            |
|    pieces_placed_mean   | 40.1         |
| rollout/                |              |
|    ep_len_mean          | 32.5         |
|    ep_rew_mean          | 41.6         |
| time/                   |              |
|    fps                  | 1555         |
|    iterations           | 330          |
|    time_elapsed         | 1738         |
|    total_timesteps      | 2703360      |
| train/                  |              |
|    approx_kl            | 0.0060229544 |
|    clip_fraction        | 0.0551       |
|    clip_range           | 0.2          |
|    entropy_loss         | -0.68        |
|    explained_variance   | 0.303        |
|    learning_rate        | 0.0001       |
|    loss                 | 0.431        |
|    n_updates            | 1316         |
|    policy_gradient_loss | -0.00953     |
|    value_loss           | 0.467        |
------------------------------------------
------------------------------------------
| episode/                |              |
|    lines_cleared_mean   | 5.91         |
|    perfect_clears_mean  | 0            |
|    pieces_placed_mean   | 27.3         |
| rollout/                |              |
|    ep_len_mean          | 28.8         |
|    ep_rew_mean          | 33.1         |
| time/                   |              |
|    fps                  | 1555         |
|    iterations           | 331          |
|    time_elapsed         | 1743         |
|    total_timesteps      | 2711552      |
| train/                  |              |
|    approx_kl            | 0.0059214598 |
|    clip_fraction        | 0.0601       |
|    clip_range           | 0.2          |
|    entropy_loss         | -0.687       |
|    explained_variance   | 0.333        |
|    learning_rate        | 0.0001       |
|    loss                 | 0.338        |
|    n_updates            | 1320         |
|    policy_gradient_loss | -0.00956     |
|    value_loss           | 0.461        |
------------------------------------------
-----------------------------------------
| episode/                |             |
|    lines_cleared_mean   | 5.9         |
|    perfect_clears_mean  | 0           |
|    pieces_placed_mean   | 25.4        |
| rollout/                |             |
|    ep_len_mean          | 28.9        |
|    ep_rew_mean          | 33.7        |
| time/                   |             |
|    fps                  | 1555        |
|    iterations           | 332         |
|    time_elapsed         | 1748        |
|    total_timesteps      | 2719744     |
| train/                  |             |
|    approx_kl            | 0.005877834 |
|    clip_fraction        | 0.0533      |
|    clip_range           | 0.2         |
|    entropy_loss         | -0.681      |
|    explained_variance   | 0.351       |
|    learning_rate        | 0.0001      |
|    loss                 | 0.394       |
|    n_updates            | 1324        |
|    policy_gradient_loss | -0.00955    |
|    value_loss           | 0.436       |
-----------------------------------------
------------------------------------------
| episode/                |              |
|    lines_cleared_mean   | 8.2          |
|    perfect_clears_mean  | 0            |
|    pieces_placed_mean   | 30.9         |
| rollout/                |              |
|    ep_len_mean          | 30.6         |
|    ep_rew_mean          | 37.5         |
| time/                   |              |
|    fps                  | 1555         |
|    iterations           | 333          |
|    time_elapsed         | 1753         |
|    total_timesteps      | 2727936      |
| train/                  |              |
|    approx_kl            | 0.0058944453 |
|    clip_fraction        | 0.0582       |
|    clip_range           | 0.2          |
|    entropy_loss         | -0.673       |
|    explained_variance   | 0.329        |
|    learning_rate        | 0.0001       |
|    loss                 | 0.393        |
|    n_updates            | 1328         |
|    policy_gradient_loss | -0.00977     |
|    value_loss           | 0.446        |
------------------------------------------
------------------------------------------
| episode/                |              |
|    lines_cleared_mean   | 6.36         |
|    perfect_clears_mean  | 0            |
|    pieces_placed_mean   | 27.2         |
| rollout/                |              |
|    ep_len_mean          | 28.6         |
|    ep_rew_mean          | 33           |
| time/                   |              |
|    fps                  | 1555         |
|    iterations           | 334          |
|    time_elapsed         | 1759         |
|    total_timesteps      | 2736128      |
| train/                  |              |
|    approx_kl            | 0.0055136457 |
|    clip_fraction        | 0.0495       |
|    clip_range           | 0.2          |
|    entropy_loss         | -0.68        |
|    explained_variance   | 0.302        |
|    learning_rate        | 0.0001       |
|    loss                 | 0.522        |
|    n_updates            | 1332         |
|    policy_gradient_loss | -0.00797     |
|    value_loss           | 0.475        |
------------------------------------------
-----------------------------------------
| episode/                |             |
|    lines_cleared_mean   | 5.9         |
|    perfect_clears_mean  | 0           |
|    pieces_placed_mean   | 26.1        |
| rollout/                |             |
|    ep_len_mean          | 30.7        |
|    ep_rew_mean          | 37.7        |
| time/                   |             |
|    fps                  | 1555        |
|    iterations           | 335         |
|    time_elapsed         | 1764        |
|    total_timesteps      | 2744320     |
| train/                  |             |
|    approx_kl            | 0.005770781 |
|    clip_fraction        | 0.0504      |
|    clip_range           | 0.2         |
|    entropy_loss         | -0.682      |
|    explained_variance   | 0.341       |
|    learning_rate        | 0.0001      |
|    loss                 | 0.393       |
|    n_updates            | 1336        |
|    policy_gradient_loss | -0.00878    |
|    value_loss           | 0.466       |
-----------------------------------------
-----------------------------------------
| episode/                |             |
|    lines_cleared_mean   | 6.5         |
|    perfect_clears_mean  | 0           |
|    pieces_placed_mean   | 27.9        |
| rollout/                |             |
|    ep_len_mean          | 29.8        |
|    ep_rew_mean          | 36          |
| time/                   |             |
|    fps                  | 1555        |
|    iterations           | 336         |
|    time_elapsed         | 1769        |
|    total_timesteps      | 2752512     |
| train/                  |             |
|    approx_kl            | 0.005737787 |
|    clip_fraction        | 0.0543      |
|    clip_range           | 0.2         |
|    entropy_loss         | -0.677      |
|    explained_variance   | 0.337       |
|    learning_rate        | 0.0001      |
|    loss                 | 0.42        |
|    n_updates            | 1340        |
|    policy_gradient_loss | -0.00965    |
|    value_loss           | 0.437       |
-----------------------------------------
-----------------------------------------
| episode/                |             |
|    lines_cleared_mean   | 4.8         |
|    perfect_clears_mean  | 0           |
|    pieces_placed_mean   | 24.3        |
| rollout/                |             |
|    ep_len_mean          | 29.7        |
|    ep_rew_mean          | 35.4        |
| time/                   |             |
|    fps                  | 1555        |
|    iterations           | 337         |
|    time_elapsed         | 1775        |
|    total_timesteps      | 2760704     |
| train/                  |             |
|    approx_kl            | 0.005159518 |
|    clip_fraction        | 0.0502      |
|    clip_range           | 0.2         |
|    entropy_loss         | -0.687      |
|    explained_variance   | 0.319       |
|    learning_rate        | 0.0001      |
|    loss                 | 0.365       |
|    n_updates            | 1344        |
|    policy_gradient_loss | -0.00976    |
|    value_loss           | 0.453       |
-----------------------------------------
-----------------------------------------
| episode/                |             |
|    lines_cleared_mean   | 7.27        |
|    perfect_clears_mean  | 0           |
|    pieces_placed_mean   | 30.4        |
| rollout/                |             |
|    ep_len_mean          | 30.8        |
|    ep_rew_mean          | 37.4        |
| time/                   |             |
|    fps                  | 1555        |
|    iterations           | 338         |
|    time_elapsed         | 1780        |
|    total_timesteps      | 2768896     |
| train/                  |             |
|    approx_kl            | 0.006158526 |
|    clip_fraction        | 0.0574      |
|    clip_range           | 0.2         |
|    entropy_loss         | -0.69       |
|    explained_variance   | 0.339       |
|    learning_rate        | 0.0001      |
|    loss                 | 0.412       |
|    n_updates            | 1348        |
|    policy_gradient_loss | -0.0101     |
|    value_loss           | 0.444       |
-----------------------------------------
------------------------------------------
| episode/                |              |
|    lines_cleared_mean   | 6.7          |
|    perfect_clears_mean  | 0            |
|    pieces_placed_mean   | 29           |
| rollout/                |              |
|    ep_len_mean          | 30.3         |
|    ep_rew_mean          | 36.7         |
| time/                   |              |
|    fps                  | 1555         |
|    iterations           | 339          |
|    time_elapsed         | 1785         |
|    total_timesteps      | 2777088      |
| train/                  |              |
|    approx_kl            | 0.0048366594 |
|    clip_fraction        | 0.0443       |
|    clip_range           | 0.2          |
|    entropy_loss         | -0.687       |
|    explained_variance   | 0.395        |
|    learning_rate        | 0.0001       |
|    loss                 | 0.311        |
|    n_updates            | 1352         |
|    policy_gradient_loss | -0.00938     |
|    value_loss           | 0.407        |
------------------------------------------
-----------------------------------------
| episode/                |             |
|    lines_cleared_mean   | 6.3         |
|    perfect_clears_mean  | 0           |
|    pieces_placed_mean   | 27.8        |
| rollout/                |             |
|    ep_len_mean          | 28.5        |
|    ep_rew_mean          | 32.6        |
| time/                   |             |
|    fps                  | 1555        |
|    iterations           | 340         |
|    time_elapsed         | 1790        |
|    total_timesteps      | 2785280     |
| train/                  |             |
|    approx_kl            | 0.006127185 |
|    clip_fraction        | 0.0534      |
|    clip_range           | 0.2         |
|    entropy_loss         | -0.687      |
|    explained_variance   | 0.351       |
|    learning_rate        | 0.0001      |
|    loss                 | 0.359       |
|    n_updates            | 1356        |
|    policy_gradient_loss | -0.00937    |
|    value_loss           | 0.422       |
-----------------------------------------
-----------------------------------------
| episode/                |             |
|    lines_cleared_mean   | 6           |
|    perfect_clears_mean  | 0           |
|    pieces_placed_mean   | 27.2        |
| rollout/                |             |
|    ep_len_mean          | 31.1        |
|    ep_rew_mean          | 38.2        |
| time/                   |             |
|    fps                  | 1555        |
|    iterations           | 341         |
|    time_elapsed         | 1796        |
|    total_timesteps      | 2793472     |
| train/                  |             |
|    approx_kl            | 0.004912749 |
|    clip_fraction        | 0.0443      |
|    clip_range           | 0.2         |
|    entropy_loss         | -0.679      |
|    explained_variance   | 0.337       |
|    learning_rate        | 0.0001      |
|    loss                 | 0.343       |
|    n_updates            | 1360        |
|    policy_gradient_loss | -0.00852    |
|    value_loss           | 0.423       |
-----------------------------------------
-----------------------------------------
| episode/                |             |
|    lines_cleared_mean   | 8.5         |
|    perfect_clears_mean  | 0           |
|    pieces_placed_mean   | 33.1        |
| rollout/                |             |
|    ep_len_mean          | 28.4        |
|    ep_rew_mean          | 32.7        |
| time/                   |             |
|    fps                  | 1555        |
|    iterations           | 342         |
|    time_elapsed         | 1801        |
|    total_timesteps      | 2801664     |
| train/                  |             |
|    approx_kl            | 0.005650603 |
|    clip_fraction        | 0.0549      |
|    clip_range           | 0.2         |
|    entropy_loss         | -0.668      |
|    explained_variance   | 0.273       |
|    learning_rate        | 0.0001      |
|    loss                 | 0.465       |
|    n_updates            | 1364        |
|    policy_gradient_loss | -0.0097     |
|    value_loss           | 0.48        |
-----------------------------------------
------------------------------------------
| episode/                |              |
|    lines_cleared_mean   | 5.6          |
|    perfect_clears_mean  | 0            |
|    pieces_placed_mean   | 24.7         |
| rollout/                |              |
|    ep_len_mean          | 28.9         |
|    ep_rew_mean          | 33           |
| time/                   |              |
|    fps                  | 1555         |
|    iterations           | 343          |
|    time_elapsed         | 1806         |
|    total_timesteps      | 2809856      |
| train/                  |              |
|    approx_kl            | 0.0056071593 |
|    clip_fraction        | 0.0511       |
|    clip_range           | 0.2          |
|    entropy_loss         | -0.669       |
|    explained_variance   | 0.342        |
|    learning_rate        | 0.0001       |
|    loss                 | 0.371        |
|    n_updates            | 1368         |
|    policy_gradient_loss | -0.00922     |
|    value_loss           | 0.401        |
------------------------------------------
------------------------------------------
| episode/                |              |
|    lines_cleared_mean   | 6.82         |
|    perfect_clears_mean  | 0            |
|    pieces_placed_mean   | 28.4         |
| rollout/                |              |
|    ep_len_mean          | 30.3         |
|    ep_rew_mean          | 36.7         |
| time/                   |              |
|    fps                  | 1555         |
|    iterations           | 344          |
|    time_elapsed         | 1812         |
|    total_timesteps      | 2818048      |
| train/                  |              |
|    approx_kl            | 0.0063038208 |
|    clip_fraction        | 0.0586       |
|    clip_range           | 0.2          |
|    entropy_loss         | -0.677       |
|    explained_variance   | 0.327        |
|    learning_rate        | 0.0001       |
|    loss                 | 0.383        |
|    n_updates            | 1372         |
|    policy_gradient_loss | -0.00982     |
|    value_loss           | 0.408        |
------------------------------------------
------------------------------------------
| episode/                |              |
|    lines_cleared_mean   | 7.27         |
|    perfect_clears_mean  | 0            |
|    pieces_placed_mean   | 29.5         |
| rollout/                |              |
|    ep_len_mean          | 30.2         |
|    ep_rew_mean          | 36.5         |
| time/                   |              |
|    fps                  | 1555         |
|    iterations           | 345          |
|    time_elapsed         | 1817         |
|    total_timesteps      | 2826240      |
| train/                  |              |
|    approx_kl            | 0.0064480184 |
|    clip_fraction        | 0.0548       |
|    clip_range           | 0.2          |
|    entropy_loss         | -0.664       |
|    explained_variance   | 0.364        |
|    learning_rate        | 0.0001       |
|    loss                 | 0.43         |
|    n_updates            | 1376         |
|    policy_gradient_loss | -0.0105      |
|    value_loss           | 0.42         |
------------------------------------------
------------------------------------------
| episode/                |              |
|    lines_cleared_mean   | 8.9          |
|    perfect_clears_mean  | 0            |
|    pieces_placed_mean   | 33.9         |
| rollout/                |              |
|    ep_len_mean          | 32.3         |
|    ep_rew_mean          | 40.8         |
| time/                   |              |
|    fps                  | 1555         |
|    iterations           | 346          |
|    time_elapsed         | 1822         |
|    total_timesteps      | 2834432      |
| train/                  |              |
|    approx_kl            | 0.0063040927 |
|    clip_fraction        | 0.0501       |
|    clip_range           | 0.2          |
|    entropy_loss         | -0.667       |
|    explained_variance   | 0.323        |
|    learning_rate        | 0.0001       |
|    loss                 | 0.419        |
|    n_updates            | 1380         |
|    policy_gradient_loss | -0.00854     |
|    value_loss           | 0.45         |
------------------------------------------
------------------------------------------
| episode/                |              |
|    lines_cleared_mean   | 9.3          |
|    perfect_clears_mean  | 0            |
|    pieces_placed_mean   | 34.4         |
| rollout/                |              |
|    ep_len_mean          | 30.3         |
|    ep_rew_mean          | 36.5         |
| time/                   |              |
|    fps                  | 1555         |
|    iterations           | 347          |
|    time_elapsed         | 1828         |
|    total_timesteps      | 2842624      |
| train/                  |              |
|    approx_kl            | 0.0050676353 |
|    clip_fraction        | 0.0488       |
|    clip_range           | 0.2          |
|    entropy_loss         | -0.66        |
|    explained_variance   | 0.318        |
|    learning_rate        | 0.0001       |
|    loss                 | 0.391        |
|    n_updates            | 1384         |
|    policy_gradient_loss | -0.00967     |
|    value_loss           | 0.48         |
------------------------------------------
------------------------------------------
| episode/                |              |
|    lines_cleared_mean   | 6.7          |
|    perfect_clears_mean  | 0            |
|    pieces_placed_mean   | 29.1         |
| rollout/                |              |
|    ep_len_mean          | 31           |
|    ep_rew_mean          | 37.8         |
| time/                   |              |
|    fps                  | 1554         |
|    iterations           | 348          |
|    time_elapsed         | 1833         |
|    total_timesteps      | 2850816      |
| train/                  |              |
|    approx_kl            | 0.0051658545 |
|    clip_fraction        | 0.0446       |
|    clip_range           | 0.2          |
|    entropy_loss         | -0.668       |
|    explained_variance   | 0.337        |
|    learning_rate        | 0.0001       |
|    loss                 | 0.378        |
|    n_updates            | 1388         |
|    policy_gradient_loss | -0.00862     |
|    value_loss           | 0.45         |
------------------------------------------
------------------------------------------
| episode/                |              |
|    lines_cleared_mean   | 7.6          |
|    perfect_clears_mean  | 0            |
|    pieces_placed_mean   | 30.8         |
| rollout/                |              |
|    ep_len_mean          | 29.9         |
|    ep_rew_mean          | 35.4         |
| time/                   |              |
|    fps                  | 1554         |
|    iterations           | 349          |
|    time_elapsed         | 1838         |
|    total_timesteps      | 2859008      |
| train/                  |              |
|    approx_kl            | 0.0054467884 |
|    clip_fraction        | 0.0578       |
|    clip_range           | 0.2          |
|    entropy_loss         | -0.657       |
|    explained_variance   | 0.331        |
|    learning_rate        | 0.0001       |
|    loss                 | 0.323        |
|    n_updates            | 1392         |
|    policy_gradient_loss | -0.00981     |
|    value_loss           | 0.425        |
------------------------------------------
------------------------------------------
| episode/                |              |
|    lines_cleared_mean   | 6.5          |
|    perfect_clears_mean  | 0            |
|    pieces_placed_mean   | 28.4         |
| rollout/                |              |
|    ep_len_mean          | 28.1         |
|    ep_rew_mean          | 32.1         |
| time/                   |              |
|    fps                  | 1554         |
|    iterations           | 350          |
|    time_elapsed         | 1844         |
|    total_timesteps      | 2867200      |
| train/                  |              |
|    approx_kl            | 0.0050838324 |
|    clip_fraction        | 0.0436       |
|    clip_range           | 0.2          |
|    entropy_loss         | -0.667       |
|    explained_variance   | 0.281        |
|    learning_rate        | 0.0001       |
|    loss                 | 0.46         |
|    n_updates            | 1396         |
|    policy_gradient_loss | -0.00911     |
|    value_loss           | 0.479        |
------------------------------------------
------------------------------------------
| episode/                |              |
|    lines_cleared_mean   | 5.3          |
|    perfect_clears_mean  | 0            |
|    pieces_placed_mean   | 25.4         |
| rollout/                |              |
|    ep_len_mean          | 30.3         |
|    ep_rew_mean          | 36.8         |
| time/                   |              |
|    fps                  | 1554         |
|    iterations           | 351          |
|    time_elapsed         | 1849         |
|    total_timesteps      | 2875392      |
| train/                  |              |
|    approx_kl            | 0.0056917453 |
|    clip_fraction        | 0.0508       |
|    clip_range           | 0.2          |
|    entropy_loss         | -0.661       |
|    explained_variance   | 0.276        |
|    learning_rate        | 0.0001       |
|    loss                 | 0.452        |
|    n_updates            | 1400         |
|    policy_gradient_loss | -0.0098      |
|    value_loss           | 0.482        |
------------------------------------------
-----------------------------------------
| episode/                |             |
|    lines_cleared_mean   | 7.7         |
|    perfect_clears_mean  | 0           |
|    pieces_placed_mean   | 30.4        |
| rollout/                |             |
|    ep_len_mean          | 29.8        |
|    ep_rew_mean          | 35.2        |
| time/                   |             |
|    fps                  | 1554        |
|    iterations           | 352         |
|    time_elapsed         | 1854        |
|    total_timesteps      | 2883584     |
| train/                  |             |
|    approx_kl            | 0.004804397 |
|    clip_fraction        | 0.0443      |
|    clip_range           | 0.2         |
|    entropy_loss         | -0.672      |
|    explained_variance   | 0.326       |
|    learning_rate        | 0.0001      |
|    loss                 | 0.439       |
|    n_updates            | 1404        |
|    policy_gradient_loss | -0.00874    |
|    value_loss           | 0.492       |
-----------------------------------------
------------------------------------------
| episode/                |              |
|    lines_cleared_mean   | 10.2         |
|    perfect_clears_mean  | 0            |
|    pieces_placed_mean   | 35.1         |
| rollout/                |              |
|    ep_len_mean          | 30.3         |
|    ep_rew_mean          | 37.5         |
| time/                   |              |
|    fps                  | 1554         |
|    iterations           | 353          |
|    time_elapsed         | 1860         |
|    total_timesteps      | 2891776      |
| train/                  |              |
|    approx_kl            | 0.0053662984 |
|    clip_fraction        | 0.0492       |
|    clip_range           | 0.2          |
|    entropy_loss         | -0.658       |
|    explained_variance   | 0.364        |
|    learning_rate        | 0.0001       |
|    loss                 | 0.362        |
|    n_updates            | 1408         |
|    policy_gradient_loss | -0.00899     |
|    value_loss           | 0.411        |
------------------------------------------
-----------------------------------------
| episode/                |             |
|    lines_cleared_mean   | 6.1         |
|    perfect_clears_mean  | 0           |
|    pieces_placed_mean   | 27          |
| rollout/                |             |
|    ep_len_mean          | 28.8        |
|    ep_rew_mean          | 33.4        |
| time/                   |             |
|    fps                  | 1554        |
|    iterations           | 354         |
|    time_elapsed         | 1865        |
|    total_timesteps      | 2899968     |
| train/                  |             |
|    approx_kl            | 0.006216717 |
|    clip_fraction        | 0.0501      |
|    clip_range           | 0.2         |
|    entropy_loss         | -0.667      |
|    explained_variance   | 0.326       |
|    learning_rate        | 0.0001      |
|    loss                 | 0.326       |
|    n_updates            | 1412        |
|    policy_gradient_loss | -0.00959    |
|    value_loss           | 0.428       |
-----------------------------------------
------------------------------------------
| episode/                |              |
|    lines_cleared_mean   | 10.5         |
|    perfect_clears_mean  | 0            |
|    pieces_placed_mean   | 37.1         |
| rollout/                |              |
|    ep_len_mean          | 30.6         |
|    ep_rew_mean          | 36.8         |
| time/                   |              |
|    fps                  | 1554         |
|    iterations           | 355          |
|    time_elapsed         | 1870         |
|    total_timesteps      | 2908160      |
| train/                  |              |
|    approx_kl            | 0.0049837925 |
|    clip_fraction        | 0.0474       |
|    clip_range           | 0.2          |
|    entropy_loss         | -0.679       |
|    explained_variance   | 0.328        |
|    learning_rate        | 0.0001       |
|    loss                 | 0.381        |
|    n_updates            | 1416         |
|    policy_gradient_loss | -0.00918     |
|    value_loss           | 0.437        |
------------------------------------------
-----------------------------------------
| episode/                |             |
|    lines_cleared_mean   | 7.8         |
|    perfect_clears_mean  | 0           |
|    pieces_placed_mean   | 30.1        |
| rollout/                |             |
|    ep_len_mean          | 28.7        |
|    ep_rew_mean          | 33.2        |
| time/                   |             |
|    fps                  | 1554        |
|    iterations           | 356         |
|    time_elapsed         | 1876        |
|    total_timesteps      | 2916352     |
| train/                  |             |
|    approx_kl            | 0.006492615 |
|    clip_fraction        | 0.0521      |
|    clip_range           | 0.2         |
|    entropy_loss         | -0.674      |
|    explained_variance   | 0.314       |
|    learning_rate        | 0.0001      |
|    loss                 | 0.318       |
|    n_updates            | 1420        |
|    policy_gradient_loss | -0.0103     |
|    value_loss           | 0.434       |
-----------------------------------------
-----------------------------------------
| episode/                |             |
|    lines_cleared_mean   | 7           |
|    perfect_clears_mean  | 0           |
|    pieces_placed_mean   | 29.3        |
| rollout/                |             |
|    ep_len_mean          | 30.2        |
|    ep_rew_mean          | 36          |
| time/                   |             |
|    fps                  | 1554        |
|    iterations           | 357         |
|    time_elapsed         | 1881        |
|    total_timesteps      | 2924544     |
| train/                  |             |
|    approx_kl            | 0.005629847 |
|    clip_fraction        | 0.0515      |
|    clip_range           | 0.2         |
|    entropy_loss         | -0.669      |
|    explained_variance   | 0.293       |
|    learning_rate        | 0.0001      |
|    loss                 | 0.373       |
|    n_updates            | 1424        |
|    policy_gradient_loss | -0.0101     |
|    value_loss           | 0.444       |
-----------------------------------------
----------------------------------------
| episode/                |            |
|    lines_cleared_mean   | 6.9        |
|    perfect_clears_mean  | 0          |
|    pieces_placed_mean   | 29         |
| rollout/                |            |
|    ep_len_mean          | 29.9       |
|    ep_rew_mean          | 36         |
| time/                   |            |
|    fps                  | 1554       |
|    iterations           | 358        |
|    time_elapsed         | 1886       |
|    total_timesteps      | 2932736    |
| train/                  |            |
|    approx_kl            | 0.00579725 |
|    clip_fraction        | 0.0486     |
|    clip_range           | 0.2        |
|    entropy_loss         | -0.663     |
|    explained_variance   | 0.29       |
|    learning_rate        | 0.0001     |
|    loss                 | 0.453      |
|    n_updates            | 1428       |
|    policy_gradient_loss | -0.00886   |
|    value_loss           | 0.497      |
----------------------------------------
-----------------------------------------
| episode/                |             |
|    lines_cleared_mean   | 7           |
|    perfect_clears_mean  | 0           |
|    pieces_placed_mean   | 28.7        |
| rollout/                |             |
|    ep_len_mean          | 29.4        |
|    ep_rew_mean          | 34.5        |
| time/                   |             |
|    fps                  | 1554        |
|    iterations           | 359         |
|    time_elapsed         | 1892        |
|    total_timesteps      | 2940928     |
| train/                  |             |
|    approx_kl            | 0.004950513 |
|    clip_fraction        | 0.0486      |
|    clip_range           | 0.2         |
|    entropy_loss         | -0.669      |
|    explained_variance   | 0.366       |
|    learning_rate        | 0.0001      |
|    loss                 | 0.414       |
|    n_updates            | 1432        |
|    policy_gradient_loss | -0.0101     |
|    value_loss           | 0.436       |
-----------------------------------------
-----------------------------------------
| episode/                |             |
|    lines_cleared_mean   | 6.6         |
|    perfect_clears_mean  | 0           |
|    pieces_placed_mean   | 27.8        |
| rollout/                |             |
|    ep_len_mean          | 28.2        |
|    ep_rew_mean          | 32.7        |
| time/                   |             |
|    fps                  | 1554        |
|    iterations           | 360         |
|    time_elapsed         | 1897        |
|    total_timesteps      | 2949120     |
| train/                  |             |
|    approx_kl            | 0.005379094 |
|    clip_fraction        | 0.049       |
|    clip_range           | 0.2         |
|    entropy_loss         | -0.666      |
|    explained_variance   | 0.287       |
|    learning_rate        | 0.0001      |
|    loss                 | 0.424       |
|    n_updates            | 1436        |
|    policy_gradient_loss | -0.00959    |
|    value_loss           | 0.507       |
-----------------------------------------
------------------------------------------
| episode/                |              |
|    lines_cleared_mean   | 4.7          |
|    perfect_clears_mean  | 0            |
|    pieces_placed_mean   | 24.7         |
| rollout/                |              |
|    ep_len_mean          | 30.2         |
|    ep_rew_mean          | 36.4         |
| time/                   |              |
|    fps                  | 1554         |
|    iterations           | 361          |
|    time_elapsed         | 1902         |
|    total_timesteps      | 2957312      |
| train/                  |              |
|    approx_kl            | 0.0051177675 |
|    clip_fraction        | 0.0494       |
|    clip_range           | 0.2          |
|    entropy_loss         | -0.679       |
|    explained_variance   | 0.289        |
|    learning_rate        | 0.0001       |
|    loss                 | 0.404        |
|    n_updates            | 1440         |
|    policy_gradient_loss | -0.00877     |
|    value_loss           | 0.471        |
------------------------------------------
-----------------------------------------
| episode/                |             |
|    lines_cleared_mean   | 6.6         |
|    perfect_clears_mean  | 0           |
|    pieces_placed_mean   | 28.5        |
| rollout/                |             |
|    ep_len_mean          | 30.6        |
|    ep_rew_mean          | 37.2        |
| time/                   |             |
|    fps                  | 1554        |
|    iterations           | 362         |
|    time_elapsed         | 1908        |
|    total_timesteps      | 2965504     |
| train/                  |             |
|    approx_kl            | 0.005497735 |
|    clip_fraction        | 0.049       |
|    clip_range           | 0.2         |
|    entropy_loss         | -0.661      |
|    explained_variance   | 0.35        |
|    learning_rate        | 0.0001      |
|    loss                 | 0.334       |
|    n_updates            | 1444        |
|    policy_gradient_loss | -0.00831    |
|    value_loss           | 0.421       |
-----------------------------------------
-----------------------------------------
| episode/                |             |
|    lines_cleared_mean   | 6.73        |
|    perfect_clears_mean  | 0           |
|    pieces_placed_mean   | 29.5        |
| rollout/                |             |
|    ep_len_mean          | 30.8        |
|    ep_rew_mean          | 37.2        |
| time/                   |             |
|    fps                  | 1554        |
|    iterations           | 363         |
|    time_elapsed         | 1913        |
|    total_timesteps      | 2973696     |
| train/                  |             |
|    approx_kl            | 0.005700652 |
|    clip_fraction        | 0.0491      |
|    clip_range           | 0.2         |
|    entropy_loss         | -0.659      |
|    explained_variance   | 0.351       |
|    learning_rate        | 0.0001      |
|    loss                 | 0.314       |
|    n_updates            | 1448        |
|    policy_gradient_loss | -0.00876    |
|    value_loss           | 0.44        |
-----------------------------------------
------------------------------------------
| episode/                |              |
|    lines_cleared_mean   | 10.3         |
|    perfect_clears_mean  | 0            |
|    pieces_placed_mean   | 37           |
| rollout/                |              |
|    ep_len_mean          | 30.1         |
|    ep_rew_mean          | 35.8         |
| time/                   |              |
|    fps                  | 1554         |
|    iterations           | 364          |
|    time_elapsed         | 1918         |
|    total_timesteps      | 2981888      |
| train/                  |              |
|    approx_kl            | 0.0062982272 |
|    clip_fraction        | 0.0575       |
|    clip_range           | 0.2          |
|    entropy_loss         | -0.675       |
|    explained_variance   | 0.345        |
|    learning_rate        | 0.0001       |
|    loss                 | 0.379        |
|    n_updates            | 1452         |
|    policy_gradient_loss | -0.0103      |
|    value_loss           | 0.442        |
------------------------------------------
-----------------------------------------
| episode/                |             |
|    lines_cleared_mean   | 6           |
|    perfect_clears_mean  | 0           |
|    pieces_placed_mean   | 27.3        |
| rollout/                |             |
|    ep_len_mean          | 28.6        |
|    ep_rew_mean          | 33          |
| time/                   |             |
|    fps                  | 1554        |
|    iterations           | 365         |
|    time_elapsed         | 1924        |
|    total_timesteps      | 2990080     |
| train/                  |             |
|    approx_kl            | 0.006039701 |
|    clip_fraction        | 0.0611      |
|    clip_range           | 0.2         |
|    entropy_loss         | -0.667      |
|    explained_variance   | 0.386       |
|    learning_rate        | 0.0001      |
|    loss                 | 0.419       |
|    n_updates            | 1456        |
|    policy_gradient_loss | -0.0107     |
|    value_loss           | 0.43        |
-----------------------------------------
------------------------------------------
| episode/                |              |
|    lines_cleared_mean   | 5.9          |
|    perfect_clears_mean  | 0            |
|    pieces_placed_mean   | 26.1         |
| rollout/                |              |
|    ep_len_mean          | 31.1         |
|    ep_rew_mean          | 38.5         |
| time/                   |              |
|    fps                  | 1554         |
|    iterations           | 366          |
|    time_elapsed         | 1929         |
|    total_timesteps      | 2998272      |
| train/                  |              |
|    approx_kl            | 0.0058841403 |
|    clip_fraction        | 0.0545       |
|    clip_range           | 0.2          |
|    entropy_loss         | -0.681       |
|    explained_variance   | 0.338        |
|    learning_rate        | 0.0001       |
|    loss                 | 0.396        |
|    n_updates            | 1460         |
|    policy_gradient_loss | -0.01        |
|    value_loss           | 0.423        |
------------------------------------------
----------------------------------------
| episode/                |            |
|    lines_cleared_mean   | 6.9        |
|    perfect_clears_mean  | 0          |
|    pieces_placed_mean   | 28.9       |
| rollout/                |            |
|    ep_len_mean          | 29.5       |
|    ep_rew_mean          | 34.9       |
| time/                   |            |
|    fps                  | 1553       |
|    iterations           | 367        |
|    time_elapsed         | 1934       |
|    total_timesteps      | 3006464    |
| train/                  |            |
|    approx_kl            | 0.00632306 |
|    clip_fraction        | 0.0512     |
|    clip_range           | 0.2        |
|    entropy_loss         | -0.678     |
|    explained_variance   | 0.344      |
|    learning_rate        | 0.0001     |
|    loss                 | 0.38       |
|    n_updates            | 1464       |
|    policy_gradient_loss | -0.0091    |
|    value_loss           | 0.426      |
----------------------------------------
-----------------------------------------
| episode/                |             |
|    lines_cleared_mean   | 7.36        |
|    perfect_clears_mean  | 0           |
|    pieces_placed_mean   | 30.3        |
| rollout/                |             |
|    ep_len_mean          | 28.6        |
|    ep_rew_mean          | 33.2        |
| time/                   |             |
|    fps                  | 1553        |
|    iterations           | 368         |
|    time_elapsed         | 1939        |
|    total_timesteps      | 3014656     |
| train/                  |             |
|    approx_kl            | 0.006056346 |
|    clip_fraction        | 0.0544      |
|    clip_range           | 0.2         |
|    entropy_loss         | -0.674      |
|    explained_variance   | 0.299       |
|    learning_rate        | 0.0001      |
|    loss                 | 0.403       |
|    n_updates            | 1468        |
|    policy_gradient_loss | -0.0105     |
|    value_loss           | 0.449       |
-----------------------------------------
------------------------------------------
| episode/                |              |
|    lines_cleared_mean   | 7.83         |
|    perfect_clears_mean  | 0            |
|    pieces_placed_mean   | 32.2         |
| rollout/                |              |
|    ep_len_mean          | 28.9         |
|    ep_rew_mean          | 33.7         |
| time/                   |              |
|    fps                  | 1553         |
|    iterations           | 369          |
|    time_elapsed         | 1945         |
|    total_timesteps      | 3022848      |
| train/                  |              |
|    approx_kl            | 0.0056147976 |
|    clip_fraction        | 0.0523       |
|    clip_range           | 0.2          |
|    entropy_loss         | -0.668       |
|    explained_variance   | 0.34         |
|    learning_rate        | 0.0001       |
|    loss                 | 0.358        |
|    n_updates            | 1472         |
|    policy_gradient_loss | -0.0105      |
|    value_loss           | 0.417        |
------------------------------------------
------------------------------------------
| episode/                |              |
|    lines_cleared_mean   | 8            |
|    perfect_clears_mean  | 0            |
|    pieces_placed_mean   | 30.9         |
| rollout/                |              |
|    ep_len_mean          | 30.7         |
|    ep_rew_mean          | 37.5         |
| time/                   |              |
|    fps                  | 1553         |
|    iterations           | 370          |
|    time_elapsed         | 1950         |
|    total_timesteps      | 3031040      |
| train/                  |              |
|    approx_kl            | 0.0064056716 |
|    clip_fraction        | 0.0545       |
|    clip_range           | 0.2          |
|    entropy_loss         | -0.67        |
|    explained_variance   | 0.356        |
|    learning_rate        | 0.0001       |
|    loss                 | 0.352        |
|    n_updates            | 1476         |
|    policy_gradient_loss | -0.0103      |
|    value_loss           | 0.424        |
------------------------------------------
-----------------------------------------
| episode/                |             |
|    lines_cleared_mean   | 6.7         |
|    perfect_clears_mean  | 0           |
|    pieces_placed_mean   | 28.5        |
| rollout/                |             |
|    ep_len_mean          | 33          |
|    ep_rew_mean          | 41.9        |
| time/                   |             |
|    fps                  | 1553        |
|    iterations           | 371         |
|    time_elapsed         | 1955        |
|    total_timesteps      | 3039232     |
| train/                  |             |
|    approx_kl            | 0.005478697 |
|    clip_fraction        | 0.0484      |
|    clip_range           | 0.2         |
|    entropy_loss         | -0.648      |
|    explained_variance   | 0.319       |
|    learning_rate        | 0.0001      |
|    loss                 | 0.359       |
|    n_updates            | 1480        |
|    policy_gradient_loss | -0.00931    |
|    value_loss           | 0.448       |
-----------------------------------------
------------------------------------------
| episode/                |              |
|    lines_cleared_mean   | 9.9          |
|    perfect_clears_mean  | 0            |
|    pieces_placed_mean   | 36.3         |
| rollout/                |              |
|    ep_len_mean          | 31.2         |
|    ep_rew_mean          | 39           |
| time/                   |              |
|    fps                  | 1553         |
|    iterations           | 372          |
|    time_elapsed         | 1961         |
|    total_timesteps      | 3047424      |
| train/                  |              |
|    approx_kl            | 0.0064920117 |
|    clip_fraction        | 0.0555       |
|    clip_range           | 0.2          |
|    entropy_loss         | -0.652       |
|    explained_variance   | 0.364        |
|    learning_rate        | 0.0001       |
|    loss                 | 0.407        |
|    n_updates            | 1484         |
|    policy_gradient_loss | -0.0101      |
|    value_loss           | 0.423        |
------------------------------------------
-----------------------------------------
| episode/                |             |
|    lines_cleared_mean   | 7.73        |
|    perfect_clears_mean  | 0           |
|    pieces_placed_mean   | 31.6        |
| rollout/                |             |
|    ep_len_mean          | 30.9        |
|    ep_rew_mean          | 37.9        |
| time/                   |             |
|    fps                  | 1553        |
|    iterations           | 373         |
|    time_elapsed         | 1966        |
|    total_timesteps      | 3055616     |
| train/                  |             |
|    approx_kl            | 0.005924582 |
|    clip_fraction        | 0.0503      |
|    clip_range           | 0.2         |
|    entropy_loss         | -0.671      |
|    explained_variance   | 0.345       |
|    learning_rate        | 0.0001      |
|    loss                 | 0.332       |
|    n_updates            | 1488        |
|    policy_gradient_loss | -0.00953    |
|    value_loss           | 0.42        |
-----------------------------------------
------------------------------------------
| episode/                |              |
|    lines_cleared_mean   | 7.8          |
|    perfect_clears_mean  | 0            |
|    pieces_placed_mean   | 30.4         |
| rollout/                |              |
|    ep_len_mean          | 32.2         |
|    ep_rew_mean          | 40.9         |
| time/                   |              |
|    fps                  | 1553         |
|    iterations           | 374          |
|    time_elapsed         | 1971         |
|    total_timesteps      | 3063808      |
| train/                  |              |
|    approx_kl            | 0.0055399584 |
|    clip_fraction        | 0.0498       |
|    clip_range           | 0.2          |
|    entropy_loss         | -0.671       |
|    explained_variance   | 0.355        |
|    learning_rate        | 0.0001       |
|    loss                 | 0.4          |
|    n_updates            | 1492         |
|    policy_gradient_loss | -0.0104      |
|    value_loss           | 0.445        |
------------------------------------------
-----------------------------------------
| episode/                |             |
|    lines_cleared_mean   | 6.9         |
|    perfect_clears_mean  | 0           |
|    pieces_placed_mean   | 29.3        |
| rollout/                |             |
|    ep_len_mean          | 30.2        |
|    ep_rew_mean          | 36.5        |
| time/                   |             |
|    fps                  | 1553        |
|    iterations           | 375         |
|    time_elapsed         | 1977        |
|    total_timesteps      | 3072000     |
| train/                  |             |
|    approx_kl            | 0.005311709 |
|    clip_fraction        | 0.0551      |
|    clip_range           | 0.2         |
|    entropy_loss         | -0.661      |
|    explained_variance   | 0.316       |
|    learning_rate        | 0.0001      |
|    loss                 | 0.37        |
|    n_updates            | 1496        |
|    policy_gradient_loss | -0.011      |
|    value_loss           | 0.487       |
-----------------------------------------
------------------------------------------
| episode/                |              |
|    lines_cleared_mean   | 6            |
|    perfect_clears_mean  | 0            |
|    pieces_placed_mean   | 26.9         |
| rollout/                |              |
|    ep_len_mean          | 30.5         |
|    ep_rew_mean          | 36.7         |
| time/                   |              |
|    fps                  | 1553         |
|    iterations           | 376          |
|    time_elapsed         | 1982         |
|    total_timesteps      | 3080192      |
| train/                  |              |
|    approx_kl            | 0.0055222926 |
|    clip_fraction        | 0.043        |
|    clip_range           | 0.2          |
|    entropy_loss         | -0.673       |
|    explained_variance   | 0.324        |
|    learning_rate        | 0.0001       |
|    loss                 | 0.426        |
|    n_updates            | 1500         |
|    policy_gradient_loss | -0.00939     |
|    value_loss           | 0.47         |
------------------------------------------
------------------------------------------
| episode/                |              |
|    lines_cleared_mean   | 9.6          |
|    perfect_clears_mean  | 0            |
|    pieces_placed_mean   | 35.4         |
| rollout/                |              |
|    ep_len_mean          | 30.4         |
|    ep_rew_mean          | 36           |
| time/                   |              |
|    fps                  | 1553         |
|    iterations           | 377          |
|    time_elapsed         | 1987         |
|    total_timesteps      | 3088384      |
| train/                  |              |
|    approx_kl            | 0.0065357606 |
|    clip_fraction        | 0.0559       |
|    clip_range           | 0.2          |
|    entropy_loss         | -0.67        |
|    explained_variance   | 0.334        |
|    learning_rate        | 0.0001       |
|    loss                 | 0.326        |
|    n_updates            | 1504         |
|    policy_gradient_loss | -0.0106      |
|    value_loss           | 0.431        |
------------------------------------------
------------------------------------------
| episode/                |              |
|    lines_cleared_mean   | 4.7          |
|    perfect_clears_mean  | 0            |
|    pieces_placed_mean   | 25.1         |
| rollout/                |              |
|    ep_len_mean          | 30.6         |
|    ep_rew_mean          | 36.8         |
| time/                   |              |
|    fps                  | 1553         |
|    iterations           | 378          |
|    time_elapsed         | 1993         |
|    total_timesteps      | 3096576      |
| train/                  |              |
|    approx_kl            | 0.0051677395 |
|    clip_fraction        | 0.0506       |
|    clip_range           | 0.2          |
|    entropy_loss         | -0.669       |
|    explained_variance   | 0.329        |
|    learning_rate        | 0.0001       |
|    loss                 | 0.426        |
|    n_updates            | 1508         |
|    policy_gradient_loss | -0.00966     |
|    value_loss           | 0.446        |
------------------------------------------
------------------------------------------
| episode/                |              |
|    lines_cleared_mean   | 6.8          |
|    perfect_clears_mean  | 0            |
|    pieces_placed_mean   | 29.5         |
| rollout/                |              |
|    ep_len_mean          | 29.1         |
|    ep_rew_mean          | 33.5         |
| time/                   |              |
|    fps                  | 1553         |
|    iterations           | 379          |
|    time_elapsed         | 1998         |
|    total_timesteps      | 3104768      |
| train/                  |              |
|    approx_kl            | 0.0056728385 |
|    clip_fraction        | 0.0533       |
|    clip_range           | 0.2          |
|    entropy_loss         | -0.678       |
|    explained_variance   | 0.355        |
|    learning_rate        | 0.0001       |
|    loss                 | 0.322        |
|    n_updates            | 1512         |
|    policy_gradient_loss | -0.00991     |
|    value_loss           | 0.398        |
------------------------------------------
-----------------------------------------
| episode/                |             |
|    lines_cleared_mean   | 9           |
|    perfect_clears_mean  | 0           |
|    pieces_placed_mean   | 33.8        |
| rollout/                |             |
|    ep_len_mean          | 31.2        |
|    ep_rew_mean          | 38.3        |
| time/                   |             |
|    fps                  | 1553        |
|    iterations           | 380         |
|    time_elapsed         | 2003        |
|    total_timesteps      | 3112960     |
| train/                  |             |
|    approx_kl            | 0.006181374 |
|    clip_fraction        | 0.0597      |
|    clip_range           | 0.2         |
|    entropy_loss         | -0.674      |
|    explained_variance   | 0.343       |
|    learning_rate        | 0.0001      |
|    loss                 | 0.358       |
|    n_updates            | 1516        |
|    policy_gradient_loss | -0.0102     |
|    value_loss           | 0.419       |
-----------------------------------------
------------------------------------------
| episode/                |              |
|    lines_cleared_mean   | 5.6          |
|    perfect_clears_mean  | 0            |
|    pieces_placed_mean   | 26.4         |
| rollout/                |              |
|    ep_len_mean          | 28.9         |
|    ep_rew_mean          | 33.3         |
| time/                   |              |
|    fps                  | 1553         |
|    iterations           | 381          |
|    time_elapsed         | 2009         |
|    total_timesteps      | 3121152      |
| train/                  |              |
|    approx_kl            | 0.0065611545 |
|    clip_fraction        | 0.0545       |
|    clip_range           | 0.2          |
|    entropy_loss         | -0.661       |
|    explained_variance   | 0.363        |
|    learning_rate        | 0.0001       |
|    loss                 | 0.331        |
|    n_updates            | 1520         |
|    policy_gradient_loss | -0.0115      |
|    value_loss           | 0.4          |
------------------------------------------
-----------------------------------------
| episode/                |             |
|    lines_cleared_mean   | 11          |
|    perfect_clears_mean  | 0           |
|    pieces_placed_mean   | 39.1        |
| rollout/                |             |
|    ep_len_mean          | 31.8        |
|    ep_rew_mean          | 39.6        |
| time/                   |             |
|    fps                  | 1553        |
|    iterations           | 382         |
|    time_elapsed         | 2014        |
|    total_timesteps      | 3129344     |
| train/                  |             |
|    approx_kl            | 0.005628486 |
|    clip_fraction        | 0.0444      |
|    clip_range           | 0.2         |
|    entropy_loss         | -0.662      |
|    explained_variance   | 0.306       |
|    learning_rate        | 0.0001      |
|    loss                 | 0.358       |
|    n_updates            | 1524        |
|    policy_gradient_loss | -0.009      |
|    value_loss           | 0.441       |
-----------------------------------------
----------------------------------------
| episode/                |            |
|    lines_cleared_mean   | 5.1        |
|    perfect_clears_mean  | 0          |
|    pieces_placed_mean   | 24.6       |
| rollout/                |            |
|    ep_len_mean          | 32         |
|    ep_rew_mean          | 40.5       |
| time/                   |            |
|    fps                  | 1553       |
|    iterations           | 383        |
|    time_elapsed         | 2019       |
|    total_timesteps      | 3137536    |
| train/                  |            |
|    approx_kl            | 0.00542038 |
|    clip_fraction        | 0.0457     |
|    clip_range           | 0.2        |
|    entropy_loss         | -0.655     |
|    explained_variance   | 0.361      |
|    learning_rate        | 0.0001     |
|    loss                 | 0.354      |
|    n_updates            | 1528       |
|    policy_gradient_loss | -0.00915   |
|    value_loss           | 0.44       |
----------------------------------------
------------------------------------------
| episode/                |              |
|    lines_cleared_mean   | 7.4          |
|    perfect_clears_mean  | 0            |
|    pieces_placed_mean   | 29.7         |
| rollout/                |              |
|    ep_len_mean          | 30.4         |
|    ep_rew_mean          | 36.8         |
| time/                   |              |
|    fps                  | 1553         |
|    iterations           | 384          |
|    time_elapsed         | 2025         |
|    total_timesteps      | 3145728      |
| train/                  |              |
|    approx_kl            | 0.0077754543 |
|    clip_fraction        | 0.0685       |
|    clip_range           | 0.2          |
|    entropy_loss         | -0.646       |
|    explained_variance   | 0.364        |
|    learning_rate        | 0.0001       |
|    loss                 | 0.338        |
|    n_updates            | 1532         |
|    policy_gradient_loss | -0.0114      |
|    value_loss           | 0.422        |
------------------------------------------
-----------------------------------------
| episode/                |             |
|    lines_cleared_mean   | 9.27        |
|    perfect_clears_mean  | 0           |
|    pieces_placed_mean   | 34.5        |
| rollout/                |             |
|    ep_len_mean          | 31.6        |
|    ep_rew_mean          | 39.3        |
| time/                   |             |
|    fps                  | 1553        |
|    iterations           | 385         |
|    time_elapsed         | 2030        |
|    total_timesteps      | 3153920     |
| train/                  |             |
|    approx_kl            | 0.006540687 |
|    clip_fraction        | 0.0625      |
|    clip_range           | 0.2         |
|    entropy_loss         | -0.649      |
|    explained_variance   | 0.361       |
|    learning_rate        | 0.0001      |
|    loss                 | 0.331       |
|    n_updates            | 1536        |
|    policy_gradient_loss | -0.0112     |
|    value_loss           | 0.403       |
-----------------------------------------
------------------------------------------
| episode/                |              |
|    lines_cleared_mean   | 8.73         |
|    perfect_clears_mean  | 0            |
|    pieces_placed_mean   | 33.9         |
| rollout/                |              |
|    ep_len_mean          | 30.6         |
|    ep_rew_mean          | 37.2         |
| time/                   |              |
|    fps                  | 1553         |
|    iterations           | 386          |
|    time_elapsed         | 2035         |
|    total_timesteps      | 3162112      |
| train/                  |              |
|    approx_kl            | 0.0056595374 |
|    clip_fraction        | 0.0487       |
|    clip_range           | 0.2          |
|    entropy_loss         | -0.659       |
|    explained_variance   | 0.305        |
|    learning_rate        | 0.0001       |
|    loss                 | 0.402        |
|    n_updates            | 1540         |
|    policy_gradient_loss | -0.00928     |
|    value_loss           | 0.459        |
------------------------------------------
-----------------------------------------
| episode/                |             |
|    lines_cleared_mean   | 6.5         |
|    perfect_clears_mean  | 0           |
|    pieces_placed_mean   | 27.9        |
| rollout/                |             |
|    ep_len_mean          | 31.4        |
|    ep_rew_mean          | 38.9        |
| time/                   |             |
|    fps                  | 1553        |
|    iterations           | 387         |
|    time_elapsed         | 2041        |
|    total_timesteps      | 3170304     |
| train/                  |             |
|    approx_kl            | 0.004991921 |
|    clip_fraction        | 0.056       |
|    clip_range           | 0.2         |
|    entropy_loss         | -0.662      |
|    explained_variance   | 0.323       |
|    learning_rate        | 0.0001      |
|    loss                 | 0.382       |
|    n_updates            | 1544        |
|    policy_gradient_loss | -0.00946    |
|    value_loss           | 0.449       |
-----------------------------------------
------------------------------------------
| episode/                |              |
|    lines_cleared_mean   | 6.3          |
|    perfect_clears_mean  | 0            |
|    pieces_placed_mean   | 27.4         |
| rollout/                |              |
|    ep_len_mean          | 30.8         |
|    ep_rew_mean          | 37.8         |
| time/                   |              |
|    fps                  | 1553         |
|    iterations           | 388          |
|    time_elapsed         | 2046         |
|    total_timesteps      | 3178496      |
| train/                  |              |
|    approx_kl            | 0.0053226487 |
|    clip_fraction        | 0.0443       |
|    clip_range           | 0.2          |
|    entropy_loss         | -0.652       |
|    explained_variance   | 0.311        |
|    learning_rate        | 0.0001       |
|    loss                 | 0.394        |
|    n_updates            | 1548         |
|    policy_gradient_loss | -0.00953     |
|    value_loss           | 0.467        |
------------------------------------------
------------------------------------------
| episode/                |              |
|    lines_cleared_mean   | 8.5          |
|    perfect_clears_mean  | 0            |
|    pieces_placed_mean   | 33.4         |
| rollout/                |              |
|    ep_len_mean          | 29.6         |
|    ep_rew_mean          | 34.9         |
| time/                   |              |
|    fps                  | 1553         |
|    iterations           | 389          |
|    time_elapsed         | 2051         |
|    total_timesteps      | 3186688      |
| train/                  |              |
|    approx_kl            | 0.0058024637 |
|    clip_fraction        | 0.0509       |
|    clip_range           | 0.2          |
|    entropy_loss         | -0.656       |
|    explained_variance   | 0.32         |
|    learning_rate        | 0.0001       |
|    loss                 | 0.388        |
|    n_updates            | 1552         |
|    policy_gradient_loss | -0.00996     |
|    value_loss           | 0.482        |
------------------------------------------
-----------------------------------------
| episode/                |             |
|    lines_cleared_mean   | 6.1         |
|    perfect_clears_mean  | 0           |
|    pieces_placed_mean   | 26.8        |
| rollout/                |             |
|    ep_len_mean          | 32.2        |
|    ep_rew_mean          | 40.5        |
| time/                   |             |
|    fps                  | 1552        |
|    iterations           | 390         |
|    time_elapsed         | 2057        |
|    total_timesteps      | 3194880     |
| train/                  |             |
|    approx_kl            | 0.006087657 |
|    clip_fraction        | 0.0529      |
|    clip_range           | 0.2         |
|    entropy_loss         | -0.686      |
|    explained_variance   | 0.333       |
|    learning_rate        | 0.0001      |
|    loss                 | 0.39        |
|    n_updates            | 1556        |
|    policy_gradient_loss | -0.0115     |
|    value_loss           | 0.457       |
-----------------------------------------
------------------------------------------
| episode/                |              |
|    lines_cleared_mean   | 7.1          |
|    perfect_clears_mean  | 0            |
|    pieces_placed_mean   | 30.4         |
| rollout/                |              |
|    ep_len_mean          | 31.2         |
|    ep_rew_mean          | 38.4         |
| time/                   |              |
|    fps                  | 1552         |
|    iterations           | 391          |
|    time_elapsed         | 2062         |
|    total_timesteps      | 3203072      |
| train/                  |              |
|    approx_kl            | 0.0057556895 |
|    clip_fraction        | 0.0458       |
|    clip_range           | 0.2          |
|    entropy_loss         | -0.651       |
|    explained_variance   | 0.301        |
|    learning_rate        | 0.0001       |
|    loss                 | 0.311        |
|    n_updates            | 1560         |
|    policy_gradient_loss | -0.00914     |
|    value_loss           | 0.455        |
------------------------------------------
------------------------------------------
| episode/                |              |
|    lines_cleared_mean   | 6.2          |
|    perfect_clears_mean  | 0            |
|    pieces_placed_mean   | 26.5         |
| rollout/                |              |
|    ep_len_mean          | 30.4         |
|    ep_rew_mean          | 36.3         |
| time/                   |              |
|    fps                  | 1552         |
|    iterations           | 392          |
|    time_elapsed         | 2067         |
|    total_timesteps      | 3211264      |
| train/                  |              |
|    approx_kl            | 0.0061790366 |
|    clip_fraction        | 0.0538       |
|    clip_range           | 0.2          |
|    entropy_loss         | -0.662       |
|    explained_variance   | 0.327        |
|    learning_rate        | 0.0001       |
|    loss                 | 0.408        |
|    n_updates            | 1564         |
|    policy_gradient_loss | -0.0109      |
|    value_loss           | 0.459        |
------------------------------------------
-----------------------------------------
| episode/                |             |
|    lines_cleared_mean   | 6.9         |
|    perfect_clears_mean  | 0           |
|    pieces_placed_mean   | 30          |
| rollout/                |             |
|    ep_len_mean          | 32.1        |
|    ep_rew_mean          | 40          |
| time/                   |             |
|    fps                  | 1552        |
|    iterations           | 393         |
|    time_elapsed         | 2073        |
|    total_timesteps      | 3219456     |
| train/                  |             |
|    approx_kl            | 0.006511125 |
|    clip_fraction        | 0.0556      |
|    clip_range           | 0.2         |
|    entropy_loss         | -0.67       |
|    explained_variance   | 0.379       |
|    learning_rate        | 0.0001      |
|    loss                 | 0.39        |
|    n_updates            | 1568        |
|    policy_gradient_loss | -0.0106     |
|    value_loss           | 0.443       |
-----------------------------------------
-----------------------------------------
| episode/                |             |
|    lines_cleared_mean   | 7.8         |
|    perfect_clears_mean  | 0           |
|    pieces_placed_mean   | 30.3        |
| rollout/                |             |
|    ep_len_mean          | 30.4        |
|    ep_rew_mean          | 37.2        |
| time/                   |             |
|    fps                  | 1552        |
|    iterations           | 394         |
|    time_elapsed         | 2078        |
|    total_timesteps      | 3227648     |
| train/                  |             |
|    approx_kl            | 0.006411624 |
|    clip_fraction        | 0.0597      |
|    clip_range           | 0.2         |
|    entropy_loss         | -0.671      |
|    explained_variance   | 0.405       |
|    learning_rate        | 0.0001      |
|    loss                 | 0.309       |
|    n_updates            | 1572        |
|    policy_gradient_loss | -0.0124     |
|    value_loss           | 0.406       |
-----------------------------------------
------------------------------------------
| episode/                |              |
|    lines_cleared_mean   | 8.3          |
|    perfect_clears_mean  | 0            |
|    pieces_placed_mean   | 32.1         |
| rollout/                |              |
|    ep_len_mean          | 31.8         |
|    ep_rew_mean          | 39.2         |
| time/                   |              |
|    fps                  | 1552         |
|    iterations           | 395          |
|    time_elapsed         | 2083         |
|    total_timesteps      | 3235840      |
| train/                  |              |
|    approx_kl            | 0.0055985986 |
|    clip_fraction        | 0.053        |
|    clip_range           | 0.2          |
|    entropy_loss         | -0.672       |
|    explained_variance   | 0.331        |
|    learning_rate        | 0.0001       |
|    loss                 | 0.408        |
|    n_updates            | 1576         |
|    policy_gradient_loss | -0.00961     |
|    value_loss           | 0.418        |
------------------------------------------
------------------------------------------
| episode/                |              |
|    lines_cleared_mean   | 10.6         |
|    perfect_clears_mean  | 0            |
|    pieces_placed_mean   | 37.8         |
| rollout/                |              |
|    ep_len_mean          | 32.6         |
|    ep_rew_mean          | 41.7         |
| time/                   |              |
|    fps                  | 1552         |
|    iterations           | 396          |
|    time_elapsed         | 2089         |
|    total_timesteps      | 3244032      |
| train/                  |              |
|    approx_kl            | 0.0059303436 |
|    clip_fraction        | 0.0497       |
|    clip_range           | 0.2          |
|    entropy_loss         | -0.673       |
|    explained_variance   | 0.369        |
|    learning_rate        | 0.0001       |
|    loss                 | 0.366        |
|    n_updates            | 1580         |
|    policy_gradient_loss | -0.0105      |
|    value_loss           | 0.41         |
------------------------------------------
-----------------------------------------
| episode/                |             |
|    lines_cleared_mean   | 7           |
|    perfect_clears_mean  | 0           |
|    pieces_placed_mean   | 28.8        |
| rollout/                |             |
|    ep_len_mean          | 30.1        |
|    ep_rew_mean          | 36.2        |
| time/                   |             |
|    fps                  | 1552        |
|    iterations           | 397         |
|    time_elapsed         | 2094        |
|    total_timesteps      | 3252224     |
| train/                  |             |
|    approx_kl            | 0.006053723 |
|    clip_fraction        | 0.0522      |
|    clip_range           | 0.2         |
|    entropy_loss         | -0.662      |
|    explained_variance   | 0.318       |
|    learning_rate        | 0.0001      |
|    loss                 | 0.383       |
|    n_updates            | 1584        |
|    policy_gradient_loss | -0.0099     |
|    value_loss           | 0.429       |
-----------------------------------------
----------------------------------------
| episode/                |            |
|    lines_cleared_mean   | 9.6        |
|    perfect_clears_mean  | 0          |
|    pieces_placed_mean   | 36.2       |
| rollout/                |            |
|    ep_len_mean          | 32.5       |
|    ep_rew_mean          | 40.5       |
| time/                   |            |
|    fps                  | 1552       |
|    iterations           | 398        |
|    time_elapsed         | 2099       |
|    total_timesteps      | 3260416    |
| train/                  |            |
|    approx_kl            | 0.00512191 |
|    clip_fraction        | 0.049      |
|    clip_range           | 0.2        |
|    entropy_loss         | -0.679     |
|    explained_variance   | 0.332      |
|    learning_rate        | 0.0001     |
|    loss                 | 0.393      |
|    n_updates            | 1588       |
|    policy_gradient_loss | -0.00998   |
|    value_loss           | 0.468      |
----------------------------------------
-----------------------------------------
| episode/                |             |
|    lines_cleared_mean   | 7.18        |
|    perfect_clears_mean  | 0           |
|    pieces_placed_mean   | 29.3        |
| rollout/                |             |
|    ep_len_mean          | 28.9        |
|    ep_rew_mean          | 34.1        |
| time/                   |             |
|    fps                  | 1552        |
|    iterations           | 399         |
|    time_elapsed         | 2105        |
|    total_timesteps      | 3268608     |
| train/                  |             |
|    approx_kl            | 0.005862345 |
|    clip_fraction        | 0.0516      |
|    clip_range           | 0.2         |
|    entropy_loss         | -0.681      |
|    explained_variance   | 0.292       |
|    learning_rate        | 0.0001      |
|    loss                 | 0.363       |
|    n_updates            | 1592        |
|    policy_gradient_loss | -0.011      |
|    value_loss           | 0.498       |
-----------------------------------------
-----------------------------------------
| episode/                |             |
|    lines_cleared_mean   | 8.4         |
|    perfect_clears_mean  | 0           |
|    pieces_placed_mean   | 33          |
| rollout/                |             |
|    ep_len_mean          | 30.2        |
|    ep_rew_mean          | 36.2        |
| time/                   |             |
|    fps                  | 1552        |
|    iterations           | 400         |
|    time_elapsed         | 2110        |
|    total_timesteps      | 3276800     |
| train/                  |             |
|    approx_kl            | 0.005703023 |
|    clip_fraction        | 0.0517      |
|    clip_range           | 0.2         |
|    entropy_loss         | -0.687      |
|    explained_variance   | 0.336       |
|    learning_rate        | 0.0001      |
|    loss                 | 0.386       |
|    n_updates            | 1596        |
|    policy_gradient_loss | -0.0104     |
|    value_loss           | 0.436       |
-----------------------------------------
------------------------------------------
| episode/                |              |
|    lines_cleared_mean   | 7.7          |
|    perfect_clears_mean  | 0            |
|    pieces_placed_mean   | 31.7         |
| rollout/                |              |
|    ep_len_mean          | 31           |
|    ep_rew_mean          | 38.1         |
| time/                   |              |
|    fps                  | 1552         |
|    iterations           | 401          |
|    time_elapsed         | 2115         |
|    total_timesteps      | 3284992      |
| train/                  |              |
|    approx_kl            | 0.0057916944 |
|    clip_fraction        | 0.0519       |
|    clip_range           | 0.2          |
|    entropy_loss         | -0.688       |
|    explained_variance   | 0.366        |
|    learning_rate        | 0.0001       |
|    loss                 | 0.347        |
|    n_updates            | 1600         |
|    policy_gradient_loss | -0.01        |
|    value_loss           | 0.429        |
------------------------------------------
------------------------------------------
| episode/                |              |
|    lines_cleared_mean   | 7.83         |
|    perfect_clears_mean  | 0            |
|    pieces_placed_mean   | 30.8         |
| rollout/                |              |
|    ep_len_mean          | 32           |
|    ep_rew_mean          | 39.7         |
| time/                   |              |
|    fps                  | 1552         |
|    iterations           | 402          |
|    time_elapsed         | 2121         |
|    total_timesteps      | 3293184      |
| train/                  |              |
|    approx_kl            | 0.0057309354 |
|    clip_fraction        | 0.0547       |
|    clip_range           | 0.2          |
|    entropy_loss         | -0.682       |
|    explained_variance   | 0.332        |
|    learning_rate        | 0.0001       |
|    loss                 | 0.352        |
|    n_updates            | 1604         |
|    policy_gradient_loss | -0.0113      |
|    value_loss           | 0.457        |
------------------------------------------
-----------------------------------------
| episode/                |             |
|    lines_cleared_mean   | 7.2         |
|    perfect_clears_mean  | 0           |
|    pieces_placed_mean   | 29.6        |
| rollout/                |             |
|    ep_len_mean          | 33          |
|    ep_rew_mean          | 41.9        |
| time/                   |             |
|    fps                  | 1552        |
|    iterations           | 403         |
|    time_elapsed         | 2126        |
|    total_timesteps      | 3301376     |
| train/                  |             |
|    approx_kl            | 0.005401001 |
|    clip_fraction        | 0.05        |
|    clip_range           | 0.2         |
|    entropy_loss         | -0.675      |
|    explained_variance   | 0.301       |
|    learning_rate        | 0.0001      |
|    loss                 | 0.342       |
|    n_updates            | 1608        |
|    policy_gradient_loss | -0.0105     |
|    value_loss           | 0.463       |
-----------------------------------------
------------------------------------------
| episode/                |              |
|    lines_cleared_mean   | 8            |
|    perfect_clears_mean  | 0            |
|    pieces_placed_mean   | 32           |
| rollout/                |              |
|    ep_len_mean          | 29.7         |
|    ep_rew_mean          | 35.2         |
| time/                   |              |
|    fps                  | 1552         |
|    iterations           | 404          |
|    time_elapsed         | 2131         |
|    total_timesteps      | 3309568      |
| train/                  |              |
|    approx_kl            | 0.0050714156 |
|    clip_fraction        | 0.0491       |
|    clip_range           | 0.2          |
|    entropy_loss         | -0.691       |
|    explained_variance   | 0.35         |
|    learning_rate        | 0.0001       |
|    loss                 | 0.316        |
|    n_updates            | 1612         |
|    policy_gradient_loss | -0.00961     |
|    value_loss           | 0.431        |
------------------------------------------
-----------------------------------------
| episode/                |             |
|    lines_cleared_mean   | 8           |
|    perfect_clears_mean  | 0           |
|    pieces_placed_mean   | 31.5        |
| rollout/                |             |
|    ep_len_mean          | 30.9        |
|    ep_rew_mean          | 38.1        |
| time/                   |             |
|    fps                  | 1552        |
|    iterations           | 405         |
|    time_elapsed         | 2137        |
|    total_timesteps      | 3317760     |
| train/                  |             |
|    approx_kl            | 0.005900021 |
|    clip_fraction        | 0.049       |
|    clip_range           | 0.2         |
|    entropy_loss         | -0.689      |
|    explained_variance   | 0.368       |
|    learning_rate        | 0.0001      |
|    loss                 | 0.371       |
|    n_updates            | 1616        |
|    policy_gradient_loss | -0.0107     |
|    value_loss           | 0.438       |
-----------------------------------------
------------------------------------------
| episode/                |              |
|    lines_cleared_mean   | 6.4          |
|    perfect_clears_mean  | 0            |
|    pieces_placed_mean   | 27.7         |
| rollout/                |              |
|    ep_len_mean          | 32.6         |
|    ep_rew_mean          | 41.1         |
| time/                   |              |
|    fps                  | 1552         |
|    iterations           | 406          |
|    time_elapsed         | 2142         |
|    total_timesteps      | 3325952      |
| train/                  |              |
|    approx_kl            | 0.0066106208 |
|    clip_fraction        | 0.0541       |
|    clip_range           | 0.2          |
|    entropy_loss         | -0.694       |
|    explained_variance   | 0.313        |
|    learning_rate        | 0.0001       |
|    loss                 | 0.359        |
|    n_updates            | 1620         |
|    policy_gradient_loss | -0.0109      |
|    value_loss           | 0.45         |
------------------------------------------
-----------------------------------------
| episode/                |             |
|    lines_cleared_mean   | 9.4         |
|    perfect_clears_mean  | 0           |
|    pieces_placed_mean   | 33.7        |
| rollout/                |             |
|    ep_len_mean          | 32.1        |
|    ep_rew_mean          | 39.6        |
| time/                   |             |
|    fps                  | 1552        |
|    iterations           | 407         |
|    time_elapsed         | 2147        |
|    total_timesteps      | 3334144     |
| train/                  |             |
|    approx_kl            | 0.006300286 |
|    clip_fraction        | 0.0533      |
|    clip_range           | 0.2         |
|    entropy_loss         | -0.693      |
|    explained_variance   | 0.329       |
|    learning_rate        | 0.0001      |
|    loss                 | 0.471       |
|    n_updates            | 1624        |
|    policy_gradient_loss | -0.00978    |
|    value_loss           | 0.467       |
-----------------------------------------
------------------------------------------
| episode/                |              |
|    lines_cleared_mean   | 7.8          |
|    perfect_clears_mean  | 0            |
|    pieces_placed_mean   | 32.3         |
| rollout/                |              |
|    ep_len_mean          | 31.2         |
|    ep_rew_mean          | 37.8         |
| time/                   |              |
|    fps                  | 1552         |
|    iterations           | 408          |
|    time_elapsed         | 2153         |
|    total_timesteps      | 3342336      |
| train/                  |              |
|    approx_kl            | 0.0054769763 |
|    clip_fraction        | 0.0482       |
|    clip_range           | 0.2          |
|    entropy_loss         | -0.698       |
|    explained_variance   | 0.349        |
|    learning_rate        | 0.0001       |
|    loss                 | 0.403        |
|    n_updates            | 1628         |
|    policy_gradient_loss | -0.0111      |
|    value_loss           | 0.442        |
------------------------------------------
----------------------------------------
| episode/                |            |
|    lines_cleared_mean   | 10.3       |
|    perfect_clears_mean  | 0          |
|    pieces_placed_mean   | 36.9       |
| rollout/                |            |
|    ep_len_mean          | 31.8       |
|    ep_rew_mean          | 40         |
| time/                   |            |
|    fps                  | 1552       |
|    iterations           | 409        |
|    time_elapsed         | 2158       |
|    total_timesteps      | 3350528    |
| train/                  |            |
|    approx_kl            | 0.00640527 |
|    clip_fraction        | 0.0543     |
|    clip_range           | 0.2        |
|    entropy_loss         | -0.695     |
|    explained_variance   | 0.35       |
|    learning_rate        | 0.0001     |
|    loss                 | 0.337      |
|    n_updates            | 1632       |
|    policy_gradient_loss | -0.0108    |
|    value_loss           | 0.408      |
----------------------------------------
------------------------------------------
| episode/                |              |
|    lines_cleared_mean   | 7.5          |
|    perfect_clears_mean  | 0            |
|    pieces_placed_mean   | 30.1         |
| rollout/                |              |
|    ep_len_mean          | 29.9         |
|    ep_rew_mean          | 35.4         |
| time/                   |              |
|    fps                  | 1552         |
|    iterations           | 410          |
|    time_elapsed         | 2163         |
|    total_timesteps      | 3358720      |
| train/                  |              |
|    approx_kl            | 0.0064269463 |
|    clip_fraction        | 0.0533       |
|    clip_range           | 0.2          |
|    entropy_loss         | -0.694       |
|    explained_variance   | 0.341        |
|    learning_rate        | 0.0001       |
|    loss                 | 0.38         |
|    n_updates            | 1636         |
|    policy_gradient_loss | -0.0107      |
|    value_loss           | 0.442        |
------------------------------------------
------------------------------------------
| episode/                |              |
|    lines_cleared_mean   | 9.3          |
|    perfect_clears_mean  | 0.1          |
|    pieces_placed_mean   | 34.4         |
| rollout/                |              |
|    ep_len_mean          | 32.1         |
|    ep_rew_mean          | 40           |
| time/                   |              |
|    fps                  | 1552         |
|    iterations           | 411          |
|    time_elapsed         | 2169         |
|    total_timesteps      | 3366912      |
| train/                  |              |
|    approx_kl            | 0.0073002325 |
|    clip_fraction        | 0.0641       |
|    clip_range           | 0.2          |
|    entropy_loss         | -0.682       |
|    explained_variance   | 0.307        |
|    learning_rate        | 0.0001       |
|    loss                 | 0.407        |
|    n_updates            | 1640         |
|    policy_gradient_loss | -0.0119      |
|    value_loss           | 0.462        |
------------------------------------------
-----------------------------------------
| episode/                |             |
|    lines_cleared_mean   | 8.5         |
|    perfect_clears_mean  | 0           |
|    pieces_placed_mean   | 32.9        |
| rollout/                |             |
|    ep_len_mean          | 31.5        |
|    ep_rew_mean          | 39.2        |
| time/                   |             |
|    fps                  | 1552        |
|    iterations           | 412         |
|    time_elapsed         | 2174        |
|    total_timesteps      | 3375104     |
| train/                  |             |
|    approx_kl            | 0.006159411 |
|    clip_fraction        | 0.0515      |
|    clip_range           | 0.2         |
|    entropy_loss         | -0.679      |
|    explained_variance   | 0.343       |
|    learning_rate        | 0.0001      |
|    loss                 | 0.408       |
|    n_updates            | 1644        |
|    policy_gradient_loss | -0.0105     |
|    value_loss           | 0.445       |
-----------------------------------------
------------------------------------------
| episode/                |              |
|    lines_cleared_mean   | 8.5          |
|    perfect_clears_mean  | 0            |
|    pieces_placed_mean   | 32.2         |
| rollout/                |              |
|    ep_len_mean          | 30.9         |
|    ep_rew_mean          | 37.8         |
| time/                   |              |
|    fps                  | 1552         |
|    iterations           | 413          |
|    time_elapsed         | 2179         |
|    total_timesteps      | 3383296      |
| train/                  |              |
|    approx_kl            | 0.0051705847 |
|    clip_fraction        | 0.0506       |
|    clip_range           | 0.2          |
|    entropy_loss         | -0.688       |
|    explained_variance   | 0.268        |
|    learning_rate        | 0.0001       |
|    loss                 | 0.404        |
|    n_updates            | 1648         |
|    policy_gradient_loss | -0.0101      |
|    value_loss           | 0.466        |
------------------------------------------
-----------------------------------------
| episode/                |             |
|    lines_cleared_mean   | 7.2         |
|    perfect_clears_mean  | 0           |
|    pieces_placed_mean   | 29.3        |
| rollout/                |             |
|    ep_len_mean          | 31.9        |
|    ep_rew_mean          | 40.4        |
| time/                   |             |
|    fps                  | 1552        |
|    iterations           | 414         |
|    time_elapsed         | 2185        |
|    total_timesteps      | 3391488     |
| train/                  |             |
|    approx_kl            | 0.005043877 |
|    clip_fraction        | 0.0498      |
|    clip_range           | 0.2         |
|    entropy_loss         | -0.684      |
|    explained_variance   | 0.279       |
|    learning_rate        | 0.0001      |
|    loss                 | 0.4         |
|    n_updates            | 1652        |
|    policy_gradient_loss | -0.00988    |
|    value_loss           | 0.49        |
-----------------------------------------
------------------------------------------
| episode/                |              |
|    lines_cleared_mean   | 8.7          |
|    perfect_clears_mean  | 0            |
|    pieces_placed_mean   | 32.4         |
| rollout/                |              |
|    ep_len_mean          | 31           |
|    ep_rew_mean          | 37.7         |
| time/                   |              |
|    fps                  | 1552         |
|    iterations           | 415          |
|    time_elapsed         | 2190         |
|    total_timesteps      | 3399680      |
| train/                  |              |
|    approx_kl            | 0.0059176534 |
|    clip_fraction        | 0.0485       |
|    clip_range           | 0.2          |
|    entropy_loss         | -0.667       |
|    explained_variance   | 0.294        |
|    learning_rate        | 0.0001       |
|    loss                 | 0.431        |
|    n_updates            | 1656         |
|    policy_gradient_loss | -0.00999     |
|    value_loss           | 0.468        |
------------------------------------------
-----------------------------------------
| episode/                |             |
|    lines_cleared_mean   | 7.73        |
|    perfect_clears_mean  | 0           |
|    pieces_placed_mean   | 31.2        |
| rollout/                |             |
|    ep_len_mean          | 32.4        |
|    ep_rew_mean          | 40.8        |
| time/                   |             |
|    fps                  | 1552        |
|    iterations           | 416         |
|    time_elapsed         | 2195        |
|    total_timesteps      | 3407872     |
| train/                  |             |
|    approx_kl            | 0.006242362 |
|    clip_fraction        | 0.0572      |
|    clip_range           | 0.2         |
|    entropy_loss         | -0.686      |
|    explained_variance   | 0.316       |
|    learning_rate        | 0.0001      |
|    loss                 | 0.298       |
|    n_updates            | 1660        |
|    policy_gradient_loss | -0.0107     |
|    value_loss           | 0.452       |
-----------------------------------------
------------------------------------------
| episode/                |              |
|    lines_cleared_mean   | 9.2          |
|    perfect_clears_mean  | 0            |
|    pieces_placed_mean   | 34           |
| rollout/                |              |
|    ep_len_mean          | 31.5         |
|    ep_rew_mean          | 39.1         |
| time/                   |              |
|    fps                  | 1551         |
|    iterations           | 417          |
|    time_elapsed         | 2201         |
|    total_timesteps      | 3416064      |
| train/                  |              |
|    approx_kl            | 0.0051254635 |
|    clip_fraction        | 0.0433       |
|    clip_range           | 0.2          |
|    entropy_loss         | -0.682       |
|    explained_variance   | 0.315        |
|    learning_rate        | 0.0001       |
|    loss                 | 0.41         |
|    n_updates            | 1664         |
|    policy_gradient_loss | -0.00906     |
|    value_loss           | 0.47         |
------------------------------------------
------------------------------------------
| episode/                |              |
|    lines_cleared_mean   | 8.82         |
|    perfect_clears_mean  | 0            |
|    pieces_placed_mean   | 34           |
| rollout/                |              |
|    ep_len_mean          | 32.7         |
|    ep_rew_mean          | 41.7         |
| time/                   |              |
|    fps                  | 1551         |
|    iterations           | 418          |
|    time_elapsed         | 2206         |
|    total_timesteps      | 3424256      |
| train/                  |              |
|    approx_kl            | 0.0051490017 |
|    clip_fraction        | 0.0478       |
|    clip_range           | 0.2          |
|    entropy_loss         | -0.677       |
|    explained_variance   | 0.331        |
|    learning_rate        | 0.0001       |
|    loss                 | 0.349        |
|    n_updates            | 1668         |
|    policy_gradient_loss | -0.00987     |
|    value_loss           | 0.462        |
------------------------------------------
-----------------------------------------
| episode/                |             |
|    lines_cleared_mean   | 9.18        |
|    perfect_clears_mean  | 0           |
|    pieces_placed_mean   | 33          |
| rollout/                |             |
|    ep_len_mean          | 32.7        |
|    ep_rew_mean          | 42          |
| time/                   |             |
|    fps                  | 1551        |
|    iterations           | 419         |
|    time_elapsed         | 2211        |
|    total_timesteps      | 3432448     |
| train/                  |             |
|    approx_kl            | 0.005713829 |
|    clip_fraction        | 0.0563      |
|    clip_range           | 0.2         |
|    entropy_loss         | -0.677      |
|    explained_variance   | 0.36        |
|    learning_rate        | 0.0001      |
|    loss                 | 0.411       |
|    n_updates            | 1672        |
|    policy_gradient_loss | -0.0108     |
|    value_loss           | 0.426       |
-----------------------------------------
------------------------------------------
| episode/                |              |
|    lines_cleared_mean   | 4.82         |
|    perfect_clears_mean  | 0            |
|    pieces_placed_mean   | 23.8         |
| rollout/                |              |
|    ep_len_mean          | 29.7         |
|    ep_rew_mean          | 35.7         |
| time/                   |              |
|    fps                  | 1551         |
|    iterations           | 420          |
|    time_elapsed         | 2217         |
|    total_timesteps      | 3440640      |
| train/                  |              |
|    approx_kl            | 0.0060037766 |
|    clip_fraction        | 0.0588       |
|    clip_range           | 0.2          |
|    entropy_loss         | -0.663       |
|    explained_variance   | 0.345        |
|    learning_rate        | 0.0001       |
|    loss                 | 0.388        |
|    n_updates            | 1676         |
|    policy_gradient_loss | -0.0111      |
|    value_loss           | 0.422        |
------------------------------------------
-----------------------------------------
| episode/                |             |
|    lines_cleared_mean   | 9.7         |
|    perfect_clears_mean  | 0           |
|    pieces_placed_mean   | 33.7        |
| rollout/                |             |
|    ep_len_mean          | 33.5        |
|    ep_rew_mean          | 43.7        |
| time/                   |             |
|    fps                  | 1551        |
|    iterations           | 421         |
|    time_elapsed         | 2222        |
|    total_timesteps      | 3448832     |
| train/                  |             |
|    approx_kl            | 0.005599336 |
|    clip_fraction        | 0.0537      |
|    clip_range           | 0.2         |
|    entropy_loss         | -0.67       |
|    explained_variance   | 0.311       |
|    learning_rate        | 0.0001      |
|    loss                 | 0.365       |
|    n_updates            | 1680        |
|    policy_gradient_loss | -0.0103     |
|    value_loss           | 0.449       |
-----------------------------------------
------------------------------------------
| episode/                |              |
|    lines_cleared_mean   | 10.5         |
|    perfect_clears_mean  | 0            |
|    pieces_placed_mean   | 37.7         |
| rollout/                |              |
|    ep_len_mean          | 30.9         |
|    ep_rew_mean          | 37.3         |
| time/                   |              |
|    fps                  | 1551         |
|    iterations           | 422          |
|    time_elapsed         | 2227         |
|    total_timesteps      | 3457024      |
| train/                  |              |
|    approx_kl            | 0.0056616124 |
|    clip_fraction        | 0.0497       |
|    clip_range           | 0.2          |
|    entropy_loss         | -0.671       |
|    explained_variance   | 0.327        |
|    learning_rate        | 0.0001       |
|    loss                 | 0.431        |
|    n_updates            | 1684         |
|    policy_gradient_loss | -0.0112      |
|    value_loss           | 0.486        |
------------------------------------------
-----------------------------------------
| episode/                |             |
|    lines_cleared_mean   | 7           |
|    perfect_clears_mean  | 0           |
|    pieces_placed_mean   | 29          |
| rollout/                |             |
|    ep_len_mean          | 31.1        |
|    ep_rew_mean          | 38.6        |
| time/                   |             |
|    fps                  | 1551        |
|    iterations           | 423         |
|    time_elapsed         | 2233        |
|    total_timesteps      | 3465216     |
| train/                  |             |
|    approx_kl            | 0.006295283 |
|    clip_fraction        | 0.0591      |
|    clip_range           | 0.2         |
|    entropy_loss         | -0.664      |
|    explained_variance   | 0.364       |
|    learning_rate        | 0.0001      |
|    loss                 | 0.472       |
|    n_updates            | 1688        |
|    policy_gradient_loss | -0.0125     |
|    value_loss           | 0.465       |
-----------------------------------------
------------------------------------------
| episode/                |              |
|    lines_cleared_mean   | 7.42         |
|    perfect_clears_mean  | 0            |
|    pieces_placed_mean   | 29.8         |
| rollout/                |              |
|    ep_len_mean          | 30.2         |
|    ep_rew_mean          | 36.8         |
| time/                   |              |
|    fps                  | 1551         |
|    iterations           | 424          |
|    time_elapsed         | 2238         |
|    total_timesteps      | 3473408      |
| train/                  |              |
|    approx_kl            | 0.0057358965 |
|    clip_fraction        | 0.054        |
|    clip_range           | 0.2          |
|    entropy_loss         | -0.669       |
|    explained_variance   | 0.33         |
|    learning_rate        | 0.0001       |
|    loss                 | 0.375        |
|    n_updates            | 1692         |
|    policy_gradient_loss | -0.0101      |
|    value_loss           | 0.449        |
------------------------------------------
----------------------------------------
| episode/                |            |
|    lines_cleared_mean   | 5.4        |
|    perfect_clears_mean  | 0          |
|    pieces_placed_mean   | 26.2       |
| rollout/                |            |
|    ep_len_mean          | 32.5       |
|    ep_rew_mean          | 41.4       |
| time/                   |            |
|    fps                  | 1551       |
|    iterations           | 425        |
|    time_elapsed         | 2243       |
|    total_timesteps      | 3481600    |
| train/                  |            |
|    approx_kl            | 0.00557202 |
|    clip_fraction        | 0.0547     |
|    clip_range           | 0.2        |
|    entropy_loss         | -0.659     |
|    explained_variance   | 0.335      |
|    learning_rate        | 0.0001     |
|    loss                 | 0.396      |
|    n_updates            | 1696       |
|    policy_gradient_loss | -0.0108    |
|    value_loss           | 0.444      |
----------------------------------------
------------------------------------------
| episode/                |              |
|    lines_cleared_mean   | 8.1          |
|    perfect_clears_mean  | 0            |
|    pieces_placed_mean   | 31.4         |
| rollout/                |              |
|    ep_len_mean          | 30.7         |
|    ep_rew_mean          | 37.3         |
| time/                   |              |
|    fps                  | 1551         |
|    iterations           | 426          |
|    time_elapsed         | 2248         |
|    total_timesteps      | 3489792      |
| train/                  |              |
|    approx_kl            | 0.0056461035 |
|    clip_fraction        | 0.0507       |
|    clip_range           | 0.2          |
|    entropy_loss         | -0.672       |
|    explained_variance   | 0.377        |
|    learning_rate        | 0.0001       |
|    loss                 | 0.399        |
|    n_updates            | 1700         |
|    policy_gradient_loss | -0.00992     |
|    value_loss           | 0.42         |
------------------------------------------
------------------------------------------
| episode/                |              |
|    lines_cleared_mean   | 8.1          |
|    perfect_clears_mean  | 0            |
|    pieces_placed_mean   | 31.4         |
| rollout/                |              |
|    ep_len_mean          | 29.9         |
|    ep_rew_mean          | 35.8         |
| time/                   |              |
|    fps                  | 1551         |
|    iterations           | 427          |
|    time_elapsed         | 2254         |
|    total_timesteps      | 3497984      |
| train/                  |              |
|    approx_kl            | 0.0061433087 |
|    clip_fraction        | 0.0592       |
|    clip_range           | 0.2          |
|    entropy_loss         | -0.663       |
|    explained_variance   | 0.327        |
|    learning_rate        | 0.0001       |
|    loss                 | 0.41         |
|    n_updates            | 1704         |
|    policy_gradient_loss | -0.0105      |
|    value_loss           | 0.467        |
------------------------------------------
------------------------------------------
| episode/                |              |
|    lines_cleared_mean   | 5.3          |
|    perfect_clears_mean  | 0            |
|    pieces_placed_mean   | 25.6         |
| rollout/                |              |
|    ep_len_mean          | 31.1         |
|    ep_rew_mean          | 38.2         |
| time/                   |              |
|    fps                  | 1551         |
|    iterations           | 428          |
|    time_elapsed         | 2259         |
|    total_timesteps      | 3506176      |
| train/                  |              |
|    approx_kl            | 0.0056117666 |
|    clip_fraction        | 0.0493       |
|    clip_range           | 0.2          |
|    entropy_loss         | -0.659       |
|    explained_variance   | 0.307        |
|    learning_rate        | 0.0001       |
|    loss                 | 0.407        |
|    n_updates            | 1708         |
|    policy_gradient_loss | -0.0104      |
|    value_loss           | 0.486        |
------------------------------------------
------------------------------------------
| episode/                |              |
|    lines_cleared_mean   | 7            |
|    perfect_clears_mean  | 0            |
|    pieces_placed_mean   | 29.1         |
| rollout/                |              |
|    ep_len_mean          | 31.2         |
|    ep_rew_mean          | 38.6         |
| time/                   |              |
|    fps                  | 1551         |
|    iterations           | 429          |
|    time_elapsed         | 2264         |
|    total_timesteps      | 3514368      |
| train/                  |              |
|    approx_kl            | 0.0056986995 |
|    clip_fraction        | 0.0507       |
|    clip_range           | 0.2          |
|    entropy_loss         | -0.653       |
|    explained_variance   | 0.304        |
|    learning_rate        | 0.0001       |
|    loss                 | 0.423        |
|    n_updates            | 1712         |
|    policy_gradient_loss | -0.00994     |
|    value_loss           | 0.448        |
------------------------------------------
-----------------------------------------
| episode/                |             |
|    lines_cleared_mean   | 9.4         |
|    perfect_clears_mean  | 0           |
|    pieces_placed_mean   | 35.7        |
| rollout/                |             |
|    ep_len_mean          | 30.6        |
|    ep_rew_mean          | 37.4        |
| time/                   |             |
|    fps                  | 1551        |
|    iterations           | 430         |
|    time_elapsed         | 2270        |
|    total_timesteps      | 3522560     |
| train/                  |             |
|    approx_kl            | 0.005121181 |
|    clip_fraction        | 0.0511      |
|    clip_range           | 0.2         |
|    entropy_loss         | -0.665      |
|    explained_variance   | 0.35        |
|    learning_rate        | 0.0001      |
|    loss                 | 0.426       |
|    n_updates            | 1716        |
|    policy_gradient_loss | -0.0116     |
|    value_loss           | 0.431       |
-----------------------------------------
------------------------------------------
| episode/                |              |
|    lines_cleared_mean   | 11.2         |
|    perfect_clears_mean  | 0            |
|    pieces_placed_mean   | 38.1         |
| rollout/                |              |
|    ep_len_mean          | 32.9         |
|    ep_rew_mean          | 42.5         |
| time/                   |              |
|    fps                  | 1551         |
|    iterations           | 431          |
|    time_elapsed         | 2275         |
|    total_timesteps      | 3530752      |
| train/                  |              |
|    approx_kl            | 0.0066418964 |
|    clip_fraction        | 0.0615       |
|    clip_range           | 0.2          |
|    entropy_loss         | -0.67        |
|    explained_variance   | 0.341        |
|    learning_rate        | 0.0001       |
|    loss                 | 0.336        |
|    n_updates            | 1720         |
|    policy_gradient_loss | -0.0113      |
|    value_loss           | 0.435        |
------------------------------------------
------------------------------------------
| episode/                |              |
|    lines_cleared_mean   | 8.36         |
|    perfect_clears_mean  | 0            |
|    pieces_placed_mean   | 32.9         |
| rollout/                |              |
|    ep_len_mean          | 32.3         |
|    ep_rew_mean          | 40.6         |
| time/                   |              |
|    fps                  | 1551         |
|    iterations           | 432          |
|    time_elapsed         | 2280         |
|    total_timesteps      | 3538944      |
| train/                  |              |
|    approx_kl            | 0.0072560324 |
|    clip_fraction        | 0.0621       |
|    clip_range           | 0.2          |
|    entropy_loss         | -0.665       |
|    explained_variance   | 0.32         |
|    learning_rate        | 0.0001       |
|    loss                 | 0.456        |
|    n_updates            | 1724         |
|    policy_gradient_loss | -0.0109      |
|    value_loss           | 0.458        |
------------------------------------------
-----------------------------------------
| episode/                |             |
|    lines_cleared_mean   | 9.55        |
|    perfect_clears_mean  | 0           |
|    pieces_placed_mean   | 35.1        |
| rollout/                |             |
|    ep_len_mean          | 31          |
|    ep_rew_mean          | 37.7        |
| time/                   |             |
|    fps                  | 1551        |
|    iterations           | 433         |
|    time_elapsed         | 2286        |
|    total_timesteps      | 3547136     |
| train/                  |             |
|    approx_kl            | 0.006272636 |
|    clip_fraction        | 0.0578      |
|    clip_range           | 0.2         |
|    entropy_loss         | -0.657      |
|    explained_variance   | 0.336       |
|    learning_rate        | 0.0001      |
|    loss                 | 0.382       |
|    n_updates            | 1728        |
|    policy_gradient_loss | -0.0112     |
|    value_loss           | 0.44        |
-----------------------------------------
-----------------------------------------
| episode/                |             |
|    lines_cleared_mean   | 6.2         |
|    perfect_clears_mean  | 0           |
|    pieces_placed_mean   | 26.9        |
| rollout/                |             |
|    ep_len_mean          | 31.8        |
|    ep_rew_mean          | 39.4        |
| time/                   |             |
|    fps                  | 1551        |
|    iterations           | 434         |
|    time_elapsed         | 2291        |
|    total_timesteps      | 3555328     |
| train/                  |             |
|    approx_kl            | 0.005420808 |
|    clip_fraction        | 0.0518      |
|    clip_range           | 0.2         |
|    entropy_loss         | -0.67       |
|    explained_variance   | 0.336       |
|    learning_rate        | 0.0001      |
|    loss                 | 0.417       |
|    n_updates            | 1732        |
|    policy_gradient_loss | -0.0103     |
|    value_loss           | 0.453       |
-----------------------------------------
-----------------------------------------
| episode/                |             |
|    lines_cleared_mean   | 6.6         |
|    perfect_clears_mean  | 0           |
|    pieces_placed_mean   | 27.6        |
| rollout/                |             |
|    ep_len_mean          | 29.1        |
|    ep_rew_mean          | 34.6        |
| time/                   |             |
|    fps                  | 1551        |
|    iterations           | 435         |
|    time_elapsed         | 2296        |
|    total_timesteps      | 3563520     |
| train/                  |             |
|    approx_kl            | 0.005465449 |
|    clip_fraction        | 0.0514      |
|    clip_range           | 0.2         |
|    entropy_loss         | -0.662      |
|    explained_variance   | 0.332       |
|    learning_rate        | 0.0001      |
|    loss                 | 0.382       |
|    n_updates            | 1736        |
|    policy_gradient_loss | -0.011      |
|    value_loss           | 0.437       |
-----------------------------------------
-----------------------------------------
| episode/                |             |
|    lines_cleared_mean   | 4.73        |
|    perfect_clears_mean  | 0           |
|    pieces_placed_mean   | 24.8        |
| rollout/                |             |
|    ep_len_mean          | 32          |
|    ep_rew_mean          | 39          |
| time/                   |             |
|    fps                  | 1551        |
|    iterations           | 436         |
|    time_elapsed         | 2302        |
|    total_timesteps      | 3571712     |
| train/                  |             |
|    approx_kl            | 0.006300509 |
|    clip_fraction        | 0.052       |
|    clip_range           | 0.2         |
|    entropy_loss         | -0.665      |
|    explained_variance   | 0.365       |
|    learning_rate        | 0.0001      |
|    loss                 | 0.348       |
|    n_updates            | 1740        |
|    policy_gradient_loss | -0.0108     |
|    value_loss           | 0.429       |
-----------------------------------------
------------------------------------------
| episode/                |              |
|    lines_cleared_mean   | 7.7          |
|    perfect_clears_mean  | 0            |
|    pieces_placed_mean   | 31.3         |
| rollout/                |              |
|    ep_len_mean          | 31.3         |
|    ep_rew_mean          | 38.3         |
| time/                   |              |
|    fps                  | 1551         |
|    iterations           | 437          |
|    time_elapsed         | 2307         |
|    total_timesteps      | 3579904      |
| train/                  |              |
|    approx_kl            | 0.0056358315 |
|    clip_fraction        | 0.0475       |
|    clip_range           | 0.2          |
|    entropy_loss         | -0.687       |
|    explained_variance   | 0.346        |
|    learning_rate        | 0.0001       |
|    loss                 | 0.353        |
|    n_updates            | 1744         |
|    policy_gradient_loss | -0.0107      |
|    value_loss           | 0.436        |
------------------------------------------
-----------------------------------------
| episode/                |             |
|    lines_cleared_mean   | 7.6         |
|    perfect_clears_mean  | 0           |
|    pieces_placed_mean   | 31.5        |
| rollout/                |             |
|    ep_len_mean          | 30.8        |
|    ep_rew_mean          | 37          |
| time/                   |             |
|    fps                  | 1551        |
|    iterations           | 438         |
|    time_elapsed         | 2312        |
|    total_timesteps      | 3588096     |
| train/                  |             |
|    approx_kl            | 0.006075138 |
|    clip_fraction        | 0.0554      |
|    clip_range           | 0.2         |
|    entropy_loss         | -0.668      |
|    explained_variance   | 0.323       |
|    learning_rate        | 0.0001      |
|    loss                 | 0.342       |
|    n_updates            | 1748        |
|    policy_gradient_loss | -0.0118     |
|    value_loss           | 0.441       |
-----------------------------------------
-----------------------------------------
| episode/                |             |
|    lines_cleared_mean   | 7.8         |
|    perfect_clears_mean  | 0           |
|    pieces_placed_mean   | 31.2        |
| rollout/                |             |
|    ep_len_mean          | 30.7        |
|    ep_rew_mean          | 37.3        |
| time/                   |             |
|    fps                  | 1551        |
|    iterations           | 439         |
|    time_elapsed         | 2318        |
|    total_timesteps      | 3596288     |
| train/                  |             |
|    approx_kl            | 0.006201184 |
|    clip_fraction        | 0.0497      |
|    clip_range           | 0.2         |
|    entropy_loss         | -0.681      |
|    explained_variance   | 0.31        |
|    learning_rate        | 0.0001      |
|    loss                 | 0.363       |
|    n_updates            | 1752        |
|    policy_gradient_loss | -0.0112     |
|    value_loss           | 0.423       |
-----------------------------------------
----------------------------------------
| episode/                |            |
|    lines_cleared_mean   | 8.92       |
|    perfect_clears_mean  | 0          |
|    pieces_placed_mean   | 33.8       |
| rollout/                |            |
|    ep_len_mean          | 31.7       |
|    ep_rew_mean          | 39.3       |
| time/                   |            |
|    fps                  | 1551       |
|    iterations           | 440        |
|    time_elapsed         | 2323       |
|    total_timesteps      | 3604480    |
| train/                  |            |
|    approx_kl            | 0.00688209 |
|    clip_fraction        | 0.0638     |
|    clip_range           | 0.2        |
|    entropy_loss         | -0.694     |
|    explained_variance   | 0.349      |
|    learning_rate        | 0.0001     |
|    loss                 | 0.395      |
|    n_updates            | 1756       |
|    policy_gradient_loss | -0.0114    |
|    value_loss           | 0.413      |
----------------------------------------
-----------------------------------------
| episode/                |             |
|    lines_cleared_mean   | 10          |
|    perfect_clears_mean  | 0           |
|    pieces_placed_mean   | 35          |
| rollout/                |             |
|    ep_len_mean          | 30          |
|    ep_rew_mean          | 36.3        |
| time/                   |             |
|    fps                  | 1551        |
|    iterations           | 441         |
|    time_elapsed         | 2328        |
|    total_timesteps      | 3612672     |
| train/                  |             |
|    approx_kl            | 0.005823116 |
|    clip_fraction        | 0.0532      |
|    clip_range           | 0.2         |
|    entropy_loss         | -0.675      |
|    explained_variance   | 0.281       |
|    learning_rate        | 0.0001      |
|    loss                 | 0.43        |
|    n_updates            | 1760        |
|    policy_gradient_loss | -0.0115     |
|    value_loss           | 0.468       |
-----------------------------------------
------------------------------------------
| episode/                |              |
|    lines_cleared_mean   | 9.31         |
|    perfect_clears_mean  | 0            |
|    pieces_placed_mean   | 35.2         |
| rollout/                |              |
|    ep_len_mean          | 31.4         |
|    ep_rew_mean          | 39           |
| time/                   |              |
|    fps                  | 1551         |
|    iterations           | 442          |
|    time_elapsed         | 2334         |
|    total_timesteps      | 3620864      |
| train/                  |              |
|    approx_kl            | 0.0051289145 |
|    clip_fraction        | 0.0443       |
|    clip_range           | 0.2          |
|    entropy_loss         | -0.685       |
|    explained_variance   | 0.334        |
|    learning_rate        | 0.0001       |
|    loss                 | 0.485        |
|    n_updates            | 1764         |
|    policy_gradient_loss | -0.0104      |
|    value_loss           | 0.491        |
------------------------------------------
-----------------------------------------
| episode/                |             |
|    lines_cleared_mean   | 7.4         |
|    perfect_clears_mean  | 0           |
|    pieces_placed_mean   | 31.1        |
| rollout/                |             |
|    ep_len_mean          | 27.6        |
|    ep_rew_mean          | 30.6        |
| time/                   |             |
|    fps                  | 1551        |
|    iterations           | 443         |
|    time_elapsed         | 2339        |
|    total_timesteps      | 3629056     |
| train/                  |             |
|    approx_kl            | 0.006113589 |
|    clip_fraction        | 0.0542      |
|    clip_range           | 0.2         |
|    entropy_loss         | -0.667      |
|    explained_variance   | 0.337       |
|    learning_rate        | 0.0001      |
|    loss                 | 0.418       |
|    n_updates            | 1768        |
|    policy_gradient_loss | -0.0124     |
|    value_loss           | 0.461       |
-----------------------------------------
------------------------------------------
| episode/                |              |
|    lines_cleared_mean   | 7.1          |
|    perfect_clears_mean  | 0            |
|    pieces_placed_mean   | 29.4         |
| rollout/                |              |
|    ep_len_mean          | 32.7         |
|    ep_rew_mean          | 41.3         |
| time/                   |              |
|    fps                  | 1551         |
|    iterations           | 444          |
|    time_elapsed         | 2344         |
|    total_timesteps      | 3637248      |
| train/                  |              |
|    approx_kl            | 0.0065600895 |
|    clip_fraction        | 0.0534       |
|    clip_range           | 0.2          |
|    entropy_loss         | -0.693       |
|    explained_variance   | 0.336        |
|    learning_rate        | 0.0001       |
|    loss                 | 0.32         |
|    n_updates            | 1772         |
|    policy_gradient_loss | -0.012       |
|    value_loss           | 0.43         |
------------------------------------------
------------------------------------------
| episode/                |              |
|    lines_cleared_mean   | 6.8          |
|    perfect_clears_mean  | 0            |
|    pieces_placed_mean   | 28.5         |
| rollout/                |              |
|    ep_len_mean          | 30.3         |
|    ep_rew_mean          | 36.2         |
| time/                   |              |
|    fps                  | 1551         |
|    iterations           | 445          |
|    time_elapsed         | 2350         |
|    total_timesteps      | 3645440      |
| train/                  |              |
|    approx_kl            | 0.0068995953 |
|    clip_fraction        | 0.0662       |
|    clip_range           | 0.2          |
|    entropy_loss         | -0.673       |
|    explained_variance   | 0.35         |
|    learning_rate        | 0.0001       |
|    loss                 | 0.31         |
|    n_updates            | 1776         |
|    policy_gradient_loss | -0.0128      |
|    value_loss           | 0.403        |
------------------------------------------
------------------------------------------
| episode/                |              |
|    lines_cleared_mean   | 8.73         |
|    perfect_clears_mean  | 0            |
|    pieces_placed_mean   | 32.7         |
| rollout/                |              |
|    ep_len_mean          | 32.2         |
|    ep_rew_mean          | 40.1         |
| time/                   |              |
|    fps                  | 1551         |
|    iterations           | 446          |
|    time_elapsed         | 2355         |
|    total_timesteps      | 3653632      |
| train/                  |              |
|    approx_kl            | 0.0066045313 |
|    clip_fraction        | 0.0554       |
|    clip_range           | 0.2          |
|    entropy_loss         | -0.688       |
|    explained_variance   | 0.316        |
|    learning_rate        | 0.0001       |
|    loss                 | 0.359        |
|    n_updates            | 1780         |
|    policy_gradient_loss | -0.0116      |
|    value_loss           | 0.451        |
------------------------------------------
------------------------------------------
| episode/                |              |
|    lines_cleared_mean   | 6.3          |
|    perfect_clears_mean  | 0            |
|    pieces_placed_mean   | 27.5         |
| rollout/                |              |
|    ep_len_mean          | 29.3         |
|    ep_rew_mean          | 34.7         |
| time/                   |              |
|    fps                  | 1551         |
|    iterations           | 447          |
|    time_elapsed         | 2360         |
|    total_timesteps      | 3661824      |
| train/                  |              |
|    approx_kl            | 0.0053722765 |
|    clip_fraction        | 0.0486       |
|    clip_range           | 0.2          |
|    entropy_loss         | -0.681       |
|    explained_variance   | 0.294        |
|    learning_rate        | 0.0001       |
|    loss                 | 0.406        |
|    n_updates            | 1784         |
|    policy_gradient_loss | -0.0103      |
|    value_loss           | 0.455        |
------------------------------------------
------------------------------------------
| episode/                |              |
|    lines_cleared_mean   | 6.4          |
|    perfect_clears_mean  | 0            |
|    pieces_placed_mean   | 28.4         |
| rollout/                |              |
|    ep_len_mean          | 31.9         |
|    ep_rew_mean          | 39.9         |
| time/                   |              |
|    fps                  | 1551         |
|    iterations           | 448          |
|    time_elapsed         | 2366         |
|    total_timesteps      | 3670016      |
| train/                  |              |
|    approx_kl            | 0.0055622673 |
|    clip_fraction        | 0.0423       |
|    clip_range           | 0.2          |
|    entropy_loss         | -0.677       |
|    explained_variance   | 0.301        |
|    learning_rate        | 0.0001       |
|    loss                 | 0.41         |
|    n_updates            | 1788         |
|    policy_gradient_loss | -0.00978     |
|    value_loss           | 0.452        |
------------------------------------------
----------------------------------------
| episode/                |            |
|    lines_cleared_mean   | 9.3        |
|    perfect_clears_mean  | 0          |
|    pieces_placed_mean   | 34.6       |
| rollout/                |            |
|    ep_len_mean          | 32.5       |
|    ep_rew_mean          | 41         |
| time/                   |            |
|    fps                  | 1551       |
|    iterations           | 449        |
|    time_elapsed         | 2371       |
|    total_timesteps      | 3678208    |
| train/                  |            |
|    approx_kl            | 0.00624011 |
|    clip_fraction        | 0.0489     |
|    clip_range           | 0.2        |
|    entropy_loss         | -0.67      |
|    explained_variance   | 0.33       |
|    learning_rate        | 0.0001     |
|    loss                 | 0.422      |
|    n_updates            | 1792       |
|    policy_gradient_loss | -0.0108    |
|    value_loss           | 0.46       |
----------------------------------------
-----------------------------------------
| episode/                |             |
|    lines_cleared_mean   | 10.4        |
|    perfect_clears_mean  | 0           |
|    pieces_placed_mean   | 36.2        |
| rollout/                |             |
|    ep_len_mean          | 32.3        |
|    ep_rew_mean          | 41.2        |
| time/                   |             |
|    fps                  | 1550        |
|    iterations           | 450         |
|    time_elapsed         | 2376        |
|    total_timesteps      | 3686400     |
| train/                  |             |
|    approx_kl            | 0.005667298 |
|    clip_fraction        | 0.048       |
|    clip_range           | 0.2         |
|    entropy_loss         | -0.677      |
|    explained_variance   | 0.285       |
|    learning_rate        | 0.0001      |
|    loss                 | 0.41        |
|    n_updates            | 1796        |
|    policy_gradient_loss | -0.0124     |
|    value_loss           | 0.495       |
-----------------------------------------
----------------------------------------
| episode/                |            |
|    lines_cleared_mean   | 14.7       |
|    perfect_clears_mean  | 0          |
|    pieces_placed_mean   | 47.2       |
| rollout/                |            |
|    ep_len_mean          | 34.5       |
|    ep_rew_mean          | 45         |
| time/                   |            |
|    fps                  | 1550       |
|    iterations           | 451        |
|    time_elapsed         | 2382       |
|    total_timesteps      | 3694592    |
| train/                  |            |
|    approx_kl            | 0.00573344 |
|    clip_fraction        | 0.0508     |
|    clip_range           | 0.2        |
|    entropy_loss         | -0.677     |
|    explained_variance   | 0.339      |
|    learning_rate        | 0.0001     |
|    loss                 | 0.441      |
|    n_updates            | 1800       |
|    policy_gradient_loss | -0.0115    |
|    value_loss           | 0.452      |
----------------------------------------
-----------------------------------------
| episode/                |             |
|    lines_cleared_mean   | 8.2         |
|    perfect_clears_mean  | 0           |
|    pieces_placed_mean   | 32.2        |
| rollout/                |             |
|    ep_len_mean          | 30.6        |
|    ep_rew_mean          | 36.7        |
| time/                   |             |
|    fps                  | 1550        |
|    iterations           | 452         |
|    time_elapsed         | 2387        |
|    total_timesteps      | 3702784     |
| train/                  |             |
|    approx_kl            | 0.005317861 |
|    clip_fraction        | 0.0449      |
|    clip_range           | 0.2         |
|    entropy_loss         | -0.67       |
|    explained_variance   | 0.256       |
|    learning_rate        | 0.0001      |
|    loss                 | 0.423       |
|    n_updates            | 1804        |
|    policy_gradient_loss | -0.01       |
|    value_loss           | 0.466       |
-----------------------------------------
------------------------------------------
| episode/                |              |
|    lines_cleared_mean   | 8.7          |
|    perfect_clears_mean  | 0            |
|    pieces_placed_mean   | 34.1         |
| rollout/                |              |
|    ep_len_mean          | 32.9         |
|    ep_rew_mean          | 41.4         |
| time/                   |              |
|    fps                  | 1550         |
|    iterations           | 453          |
|    time_elapsed         | 2392         |
|    total_timesteps      | 3710976      |
| train/                  |              |
|    approx_kl            | 0.0067622345 |
|    clip_fraction        | 0.0654       |
|    clip_range           | 0.2          |
|    entropy_loss         | -0.676       |
|    explained_variance   | 0.333        |
|    learning_rate        | 0.0001       |
|    loss                 | 0.365        |
|    n_updates            | 1808         |
|    policy_gradient_loss | -0.0111      |
|    value_loss           | 0.426        |
------------------------------------------
-----------------------------------------
| episode/                |             |
|    lines_cleared_mean   | 9.09        |
|    perfect_clears_mean  | 0           |
|    pieces_placed_mean   | 34.3        |
| rollout/                |             |
|    ep_len_mean          | 33.7        |
|    ep_rew_mean          | 43.6        |
| time/                   |             |
|    fps                  | 1550        |
|    iterations           | 454         |
|    time_elapsed         | 2398        |
|    total_timesteps      | 3719168     |
| train/                  |             |
|    approx_kl            | 0.006113029 |
|    clip_fraction        | 0.0513      |
|    clip_range           | 0.2         |
|    entropy_loss         | -0.669      |
|    explained_variance   | 0.323       |
|    learning_rate        | 0.0001      |
|    loss                 | 0.411       |
|    n_updates            | 1812        |
|    policy_gradient_loss | -0.011      |
|    value_loss           | 0.424       |
-----------------------------------------
-----------------------------------------
| episode/                |             |
|    lines_cleared_mean   | 6.09        |
|    perfect_clears_mean  | 0           |
|    pieces_placed_mean   | 26.6        |
| rollout/                |             |
|    ep_len_mean          | 30.5        |
|    ep_rew_mean          | 37.2        |
| time/                   |             |
|    fps                  | 1550        |
|    iterations           | 455         |
|    time_elapsed         | 2403        |
|    total_timesteps      | 3727360     |
| train/                  |             |
|    approx_kl            | 0.005657918 |
|    clip_fraction        | 0.054       |
|    clip_range           | 0.2         |
|    entropy_loss         | -0.654      |
|    explained_variance   | 0.324       |
|    learning_rate        | 0.0001      |
|    loss                 | 0.356       |
|    n_updates            | 1816        |
|    policy_gradient_loss | -0.0117     |
|    value_loss           | 0.42        |
-----------------------------------------
------------------------------------------
| episode/                |              |
|    lines_cleared_mean   | 7.8          |
|    perfect_clears_mean  | 0            |
|    pieces_placed_mean   | 30.6         |
| rollout/                |              |
|    ep_len_mean          | 30.7         |
|    ep_rew_mean          | 37.5         |
| time/                   |              |
|    fps                  | 1550         |
|    iterations           | 456          |
|    time_elapsed         | 2408         |
|    total_timesteps      | 3735552      |
| train/                  |              |
|    approx_kl            | 0.0058673415 |
|    clip_fraction        | 0.0557       |
|    clip_range           | 0.2          |
|    entropy_loss         | -0.648       |
|    explained_variance   | 0.347        |
|    learning_rate        | 0.0001       |
|    loss                 | 0.302        |
|    n_updates            | 1820         |
|    policy_gradient_loss | -0.0102      |
|    value_loss           | 0.383        |
------------------------------------------
------------------------------------------
| episode/                |              |
|    lines_cleared_mean   | 6.4          |
|    perfect_clears_mean  | 0            |
|    pieces_placed_mean   | 27.3         |
| rollout/                |              |
|    ep_len_mean          | 31.2         |
|    ep_rew_mean          | 38.7         |
| time/                   |              |
|    fps                  | 1550         |
|    iterations           | 457          |
|    time_elapsed         | 2414         |
|    total_timesteps      | 3743744      |
| train/                  |              |
|    approx_kl            | 0.0054373136 |
|    clip_fraction        | 0.0486       |
|    clip_range           | 0.2          |
|    entropy_loss         | -0.646       |
|    explained_variance   | 0.37         |
|    learning_rate        | 0.0001       |
|    loss                 | 0.38         |
|    n_updates            | 1824         |
|    policy_gradient_loss | -0.0108      |
|    value_loss           | 0.401        |
------------------------------------------
------------------------------------------
| episode/                |              |
|    lines_cleared_mean   | 10.5         |
|    perfect_clears_mean  | 0            |
|    pieces_placed_mean   | 38.9         |
| rollout/                |              |
|    ep_len_mean          | 33.2         |
|    ep_rew_mean          | 41.9         |
| time/                   |              |
|    fps                  | 1550         |
|    iterations           | 458          |
|    time_elapsed         | 2419         |
|    total_timesteps      | 3751936      |
| train/                  |              |
|    approx_kl            | 0.0059733875 |
|    clip_fraction        | 0.0516       |
|    clip_range           | 0.2          |
|    entropy_loss         | -0.66        |
|    explained_variance   | 0.354        |
|    learning_rate        | 0.0001       |
|    loss                 | 0.283        |
|    n_updates            | 1828         |
|    policy_gradient_loss | -0.0111      |
|    value_loss           | 0.39         |
------------------------------------------
------------------------------------------
| episode/                |              |
|    lines_cleared_mean   | 7            |
|    perfect_clears_mean  | 0            |
|    pieces_placed_mean   | 28.9         |
| rollout/                |              |
|    ep_len_mean          | 30.5         |
|    ep_rew_mean          | 36.9         |
| time/                   |              |
|    fps                  | 1550         |
|    iterations           | 459          |
|    time_elapsed         | 2424         |
|    total_timesteps      | 3760128      |
| train/                  |              |
|    approx_kl            | 0.0060517145 |
|    clip_fraction        | 0.0582       |
|    clip_range           | 0.2          |
|    entropy_loss         | -0.655       |
|    explained_variance   | 0.354        |
|    learning_rate        | 0.0001       |
|    loss                 | 0.392        |
|    n_updates            | 1832         |
|    policy_gradient_loss | -0.0113      |
|    value_loss           | 0.431        |
------------------------------------------
------------------------------------------
| episode/                |              |
|    lines_cleared_mean   | 5.3          |
|    perfect_clears_mean  | 0            |
|    pieces_placed_mean   | 24.3         |
| rollout/                |              |
|    ep_len_mean          | 33.1         |
|    ep_rew_mean          | 42.3         |
| time/                   |              |
|    fps                  | 1550         |
|    iterations           | 460          |
|    time_elapsed         | 2430         |
|    total_timesteps      | 3768320      |
| train/                  |              |
|    approx_kl            | 0.0061184703 |
|    clip_fraction        | 0.049        |
|    clip_range           | 0.2          |
|    entropy_loss         | -0.667       |
|    explained_variance   | 0.354        |
|    learning_rate        | 0.0001       |
|    loss                 | 0.34         |
|    n_updates            | 1836         |
|    policy_gradient_loss | -0.0109      |
|    value_loss           | 0.411        |
------------------------------------------
----------------------------------------
| episode/                |            |
|    lines_cleared_mean   | 5.9        |
|    perfect_clears_mean  | 0          |
|    pieces_placed_mean   | 26.6       |
| rollout/                |            |
|    ep_len_mean          | 33         |
|    ep_rew_mean          | 42.1       |
| time/                   |            |
|    fps                  | 1550       |
|    iterations           | 461        |
|    time_elapsed         | 2435       |
|    total_timesteps      | 3776512    |
| train/                  |            |
|    approx_kl            | 0.00589468 |
|    clip_fraction        | 0.0518     |
|    clip_range           | 0.2        |
|    entropy_loss         | -0.656     |
|    explained_variance   | 0.292      |
|    learning_rate        | 0.0001     |
|    loss                 | 0.372      |
|    n_updates            | 1840       |
|    policy_gradient_loss | -0.0112    |
|    value_loss           | 0.441      |
----------------------------------------
------------------------------------------
| episode/                |              |
|    lines_cleared_mean   | 8.4          |
|    perfect_clears_mean  | 0            |
|    pieces_placed_mean   | 31.9         |
| rollout/                |              |
|    ep_len_mean          | 33.3         |
|    ep_rew_mean          | 42.7         |
| time/                   |              |
|    fps                  | 1550         |
|    iterations           | 462          |
|    time_elapsed         | 2440         |
|    total_timesteps      | 3784704      |
| train/                  |              |
|    approx_kl            | 0.0052139293 |
|    clip_fraction        | 0.0466       |
|    clip_range           | 0.2          |
|    entropy_loss         | -0.647       |
|    explained_variance   | 0.302        |
|    learning_rate        | 0.0001       |
|    loss                 | 0.36         |
|    n_updates            | 1844         |
|    policy_gradient_loss | -0.00887     |
|    value_loss           | 0.436        |
------------------------------------------
------------------------------------------
| episode/                |              |
|    lines_cleared_mean   | 10           |
|    perfect_clears_mean  | 0            |
|    pieces_placed_mean   | 37           |
| rollout/                |              |
|    ep_len_mean          | 31.9         |
|    ep_rew_mean          | 39.7         |
| time/                   |              |
|    fps                  | 1550         |
|    iterations           | 463          |
|    time_elapsed         | 2446         |
|    total_timesteps      | 3792896      |
| train/                  |              |
|    approx_kl            | 0.0057611465 |
|    clip_fraction        | 0.0478       |
|    clip_range           | 0.2          |
|    entropy_loss         | -0.649       |
|    explained_variance   | 0.294        |
|    learning_rate        | 0.0001       |
|    loss                 | 0.402        |
|    n_updates            | 1848         |
|    policy_gradient_loss | -0.0107      |
|    value_loss           | 0.46         |
------------------------------------------
-----------------------------------------
| episode/                |             |
|    lines_cleared_mean   | 8.2         |
|    perfect_clears_mean  | 0           |
|    pieces_placed_mean   | 31.9        |
| rollout/                |             |
|    ep_len_mean          | 28.8        |
|    ep_rew_mean          | 33.5        |
| time/                   |             |
|    fps                  | 1550        |
|    iterations           | 464         |
|    time_elapsed         | 2451        |
|    total_timesteps      | 3801088     |
| train/                  |             |
|    approx_kl            | 0.006054773 |
|    clip_fraction        | 0.0496      |
|    clip_range           | 0.2         |
|    entropy_loss         | -0.652      |
|    explained_variance   | 0.34        |
|    learning_rate        | 0.0001      |
|    loss                 | 0.378       |
|    n_updates            | 1852        |
|    policy_gradient_loss | -0.011      |
|    value_loss           | 0.433       |
-----------------------------------------
-----------------------------------------
| episode/                |             |
|    lines_cleared_mean   | 7.7         |
|    perfect_clears_mean  | 0           |
|    pieces_placed_mean   | 30.4        |
| rollout/                |             |
|    ep_len_mean          | 32.6        |
|    ep_rew_mean          | 41.5        |
| time/                   |             |
|    fps                  | 1550        |
|    iterations           | 465         |
|    time_elapsed         | 2456        |
|    total_timesteps      | 3809280     |
| train/                  |             |
|    approx_kl            | 0.005492527 |
|    clip_fraction        | 0.0488      |
|    clip_range           | 0.2         |
|    entropy_loss         | -0.646      |
|    explained_variance   | 0.386       |
|    learning_rate        | 0.0001      |
|    loss                 | 0.348       |
|    n_updates            | 1856        |
|    policy_gradient_loss | -0.00999    |
|    value_loss           | 0.403       |
-----------------------------------------
-----------------------------------------
| episode/                |             |
|    lines_cleared_mean   | 6.9         |
|    perfect_clears_mean  | 0           |
|    pieces_placed_mean   | 29.3        |
| rollout/                |             |
|    ep_len_mean          | 30.9        |
|    ep_rew_mean          | 37.7        |
| time/                   |             |
|    fps                  | 1550        |
|    iterations           | 466         |
|    time_elapsed         | 2462        |
|    total_timesteps      | 3817472     |
| train/                  |             |
|    approx_kl            | 0.007213137 |
|    clip_fraction        | 0.054       |
|    clip_range           | 0.2         |
|    entropy_loss         | -0.652      |
|    explained_variance   | 0.327       |
|    learning_rate        | 0.0001      |
|    loss                 | 0.328       |
|    n_updates            | 1860        |
|    policy_gradient_loss | -0.0105     |
|    value_loss           | 0.407       |
-----------------------------------------
------------------------------------------
| episode/                |              |
|    lines_cleared_mean   | 5.7          |
|    perfect_clears_mean  | 0            |
|    pieces_placed_mean   | 26.1         |
| rollout/                |              |
|    ep_len_mean          | 29.7         |
|    ep_rew_mean          | 35.2         |
| time/                   |              |
|    fps                  | 1550         |
|    iterations           | 467          |
|    time_elapsed         | 2467         |
|    total_timesteps      | 3825664      |
| train/                  |              |
|    approx_kl            | 0.0054767346 |
|    clip_fraction        | 0.0527       |
|    clip_range           | 0.2          |
|    entropy_loss         | -0.661       |
|    explained_variance   | 0.382        |
|    learning_rate        | 0.0001       |
|    loss                 | 0.342        |
|    n_updates            | 1864         |
|    policy_gradient_loss | -0.0107      |
|    value_loss           | 0.389        |
------------------------------------------
------------------------------------------
| episode/                |              |
|    lines_cleared_mean   | 9.45         |
|    perfect_clears_mean  | 0            |
|    pieces_placed_mean   | 35.3         |
| rollout/                |              |
|    ep_len_mean          | 32.4         |
|    ep_rew_mean          | 41.5         |
| time/                   |              |
|    fps                  | 1550         |
|    iterations           | 468          |
|    time_elapsed         | 2473         |
|    total_timesteps      | 3833856      |
| train/                  |              |
|    approx_kl            | 0.0061109243 |
|    clip_fraction        | 0.0603       |
|    clip_range           | 0.2          |
|    entropy_loss         | -0.641       |
|    explained_variance   | 0.356        |
|    learning_rate        | 0.0001       |
|    loss                 | 0.338        |
|    n_updates            | 1868         |
|    policy_gradient_loss | -0.0112      |
|    value_loss           | 0.363        |
------------------------------------------
------------------------------------------
| episode/                |              |
|    lines_cleared_mean   | 12.4         |
|    perfect_clears_mean  | 0            |
|    pieces_placed_mean   | 43.1         |
| rollout/                |              |
|    ep_len_mean          | 32.9         |
|    ep_rew_mean          | 41.9         |
| time/                   |              |
|    fps                  | 1550         |
|    iterations           | 469          |
|    time_elapsed         | 2478         |
|    total_timesteps      | 3842048      |
| train/                  |              |
|    approx_kl            | 0.0068667596 |
|    clip_fraction        | 0.0608       |
|    clip_range           | 0.2          |
|    entropy_loss         | -0.65        |
|    explained_variance   | 0.314        |
|    learning_rate        | 0.0001       |
|    loss                 | 0.384        |
|    n_updates            | 1872         |
|    policy_gradient_loss | -0.0116      |
|    value_loss           | 0.397        |
------------------------------------------
------------------------------------------
| episode/                |              |
|    lines_cleared_mean   | 7.7          |
|    perfect_clears_mean  | 0            |
|    pieces_placed_mean   | 31.9         |
| rollout/                |              |
|    ep_len_mean          | 30.9         |
|    ep_rew_mean          | 37.7         |
| time/                   |              |
|    fps                  | 1550         |
|    iterations           | 470          |
|    time_elapsed         | 2483         |
|    total_timesteps      | 3850240      |
| train/                  |              |
|    approx_kl            | 0.0066733733 |
|    clip_fraction        | 0.0607       |
|    clip_range           | 0.2          |
|    entropy_loss         | -0.656       |
|    explained_variance   | 0.308        |
|    learning_rate        | 0.0001       |
|    loss                 | 0.361        |
|    n_updates            | 1876         |
|    policy_gradient_loss | -0.0117      |
|    value_loss           | 0.457        |
------------------------------------------
------------------------------------------
| episode/                |              |
|    lines_cleared_mean   | 8.1          |
|    perfect_clears_mean  | 0            |
|    pieces_placed_mean   | 32.3         |
| rollout/                |              |
|    ep_len_mean          | 32.5         |
|    ep_rew_mean          | 40.9         |
| time/                   |              |
|    fps                  | 1550         |
|    iterations           | 471          |
|    time_elapsed         | 2488         |
|    total_timesteps      | 3858432      |
| train/                  |              |
|    approx_kl            | 0.0065720286 |
|    clip_fraction        | 0.0623       |
|    clip_range           | 0.2          |
|    entropy_loss         | -0.651       |
|    explained_variance   | 0.346        |
|    learning_rate        | 0.0001       |
|    loss                 | 0.413        |
|    n_updates            | 1880         |
|    policy_gradient_loss | -0.0119      |
|    value_loss           | 0.444        |
------------------------------------------
-----------------------------------------
| episode/                |             |
|    lines_cleared_mean   | 8.9         |
|    perfect_clears_mean  | 0           |
|    pieces_placed_mean   | 34.2        |
| rollout/                |             |
|    ep_len_mean          | 33.7        |
|    ep_rew_mean          | 43.3        |
| time/                   |             |
|    fps                  | 1550        |
|    iterations           | 472         |
|    time_elapsed         | 2494        |
|    total_timesteps      | 3866624     |
| train/                  |             |
|    approx_kl            | 0.005808265 |
|    clip_fraction        | 0.0526      |
|    clip_range           | 0.2         |
|    entropy_loss         | -0.664      |
|    explained_variance   | 0.359       |
|    learning_rate        | 0.0001      |
|    loss                 | 0.304       |
|    n_updates            | 1884        |
|    policy_gradient_loss | -0.0117     |
|    value_loss           | 0.439       |
-----------------------------------------
-----------------------------------------
| episode/                |             |
|    lines_cleared_mean   | 8.27        |
|    perfect_clears_mean  | 0           |
|    pieces_placed_mean   | 31.1        |
| rollout/                |             |
|    ep_len_mean          | 31.4        |
|    ep_rew_mean          | 39.2        |
| time/                   |             |
|    fps                  | 1550        |
|    iterations           | 473         |
|    time_elapsed         | 2499        |
|    total_timesteps      | 3874816     |
| train/                  |             |
|    approx_kl            | 0.005719728 |
|    clip_fraction        | 0.049       |
|    clip_range           | 0.2         |
|    entropy_loss         | -0.652      |
|    explained_variance   | 0.399       |
|    learning_rate        | 0.0001      |
|    loss                 | 0.381       |
|    n_updates            | 1888        |
|    policy_gradient_loss | -0.0109     |
|    value_loss           | 0.394       |
-----------------------------------------
------------------------------------------
| episode/                |              |
|    lines_cleared_mean   | 11.3         |
|    perfect_clears_mean  | 0            |
|    pieces_placed_mean   | 39.2         |
| rollout/                |              |
|    ep_len_mean          | 34.9         |
|    ep_rew_mean          | 46.1         |
| time/                   |              |
|    fps                  | 1550         |
|    iterations           | 474          |
|    time_elapsed         | 2504         |
|    total_timesteps      | 3883008      |
| train/                  |              |
|    approx_kl            | 0.0068781152 |
|    clip_fraction        | 0.0594       |
|    clip_range           | 0.2          |
|    entropy_loss         | -0.657       |
|    explained_variance   | 0.331        |
|    learning_rate        | 0.0001       |
|    loss                 | 0.392        |
|    n_updates            | 1892         |
|    policy_gradient_loss | -0.0116      |
|    value_loss           | 0.431        |
------------------------------------------
------------------------------------------
| episode/                |              |
|    lines_cleared_mean   | 11.4         |
|    perfect_clears_mean  | 0            |
|    pieces_placed_mean   | 39           |
| rollout/                |              |
|    ep_len_mean          | 33           |
|    ep_rew_mean          | 42.7         |
| time/                   |              |
|    fps                  | 1550         |
|    iterations           | 475          |
|    time_elapsed         | 2510         |
|    total_timesteps      | 3891200      |
| train/                  |              |
|    approx_kl            | 0.0059019113 |
|    clip_fraction        | 0.0518       |
|    clip_range           | 0.2          |
|    entropy_loss         | -0.652       |
|    explained_variance   | 0.355        |
|    learning_rate        | 0.0001       |
|    loss                 | 0.379        |
|    n_updates            | 1896         |
|    policy_gradient_loss | -0.0108      |
|    value_loss           | 0.451        |
------------------------------------------
-----------------------------------------
| episode/                |             |
|    lines_cleared_mean   | 7.1         |
|    perfect_clears_mean  | 0           |
|    pieces_placed_mean   | 29.5        |
| rollout/                |             |
|    ep_len_mean          | 32.3        |
|    ep_rew_mean          | 41          |
| time/                   |             |
|    fps                  | 1550        |
|    iterations           | 476         |
|    time_elapsed         | 2515        |
|    total_timesteps      | 3899392     |
| train/                  |             |
|    approx_kl            | 0.005620919 |
|    clip_fraction        | 0.0484      |
|    clip_range           | 0.2         |
|    entropy_loss         | -0.646      |
|    explained_variance   | 0.378       |
|    learning_rate        | 0.0001      |
|    loss                 | 0.392       |
|    n_updates            | 1900        |
|    policy_gradient_loss | -0.0109     |
|    value_loss           | 0.448       |
-----------------------------------------
------------------------------------------
| episode/                |              |
|    lines_cleared_mean   | 6.4          |
|    perfect_clears_mean  | 0            |
|    pieces_placed_mean   | 27.8         |
| rollout/                |              |
|    ep_len_mean          | 31.9         |
|    ep_rew_mean          | 39.9         |
| time/                   |              |
|    fps                  | 1550         |
|    iterations           | 477          |
|    time_elapsed         | 2520         |
|    total_timesteps      | 3907584      |
| train/                  |              |
|    approx_kl            | 0.0066418415 |
|    clip_fraction        | 0.0624       |
|    clip_range           | 0.2          |
|    entropy_loss         | -0.657       |
|    explained_variance   | 0.367        |
|    learning_rate        | 0.0001       |
|    loss                 | 0.354        |
|    n_updates            | 1904         |
|    policy_gradient_loss | -0.0112      |
|    value_loss           | 0.412        |
------------------------------------------
-----------------------------------------
| episode/                |             |
|    lines_cleared_mean   | 7.3         |
|    perfect_clears_mean  | 0           |
|    pieces_placed_mean   | 29.3        |
| rollout/                |             |
|    ep_len_mean          | 33.6        |
|    ep_rew_mean          | 44.4        |
| time/                   |             |
|    fps                  | 1550        |
|    iterations           | 478         |
|    time_elapsed         | 2526        |
|    total_timesteps      | 3915776     |
| train/                  |             |
|    approx_kl            | 0.005776468 |
|    clip_fraction        | 0.0507      |
|    clip_range           | 0.2         |
|    entropy_loss         | -0.637      |
|    explained_variance   | 0.335       |
|    learning_rate        | 0.0001      |
|    loss                 | 0.345       |
|    n_updates            | 1908        |
|    policy_gradient_loss | -0.0117     |
|    value_loss           | 0.432       |
-----------------------------------------
------------------------------------------
| episode/                |              |
|    lines_cleared_mean   | 5.64         |
|    perfect_clears_mean  | 0            |
|    pieces_placed_mean   | 26           |
| rollout/                |              |
|    ep_len_mean          | 32.7         |
|    ep_rew_mean          | 41.4         |
| time/                   |              |
|    fps                  | 1550         |
|    iterations           | 479          |
|    time_elapsed         | 2531         |
|    total_timesteps      | 3923968      |
| train/                  |              |
|    approx_kl            | 0.0053253006 |
|    clip_fraction        | 0.0535       |
|    clip_range           | 0.2          |
|    entropy_loss         | -0.652       |
|    explained_variance   | 0.315        |
|    learning_rate        | 0.0001       |
|    loss                 | 0.358        |
|    n_updates            | 1912         |
|    policy_gradient_loss | -0.0114      |
|    value_loss           | 0.443        |
------------------------------------------
------------------------------------------
| episode/                |              |
|    lines_cleared_mean   | 8            |
|    perfect_clears_mean  | 0            |
|    pieces_placed_mean   | 30.7         |
| rollout/                |              |
|    ep_len_mean          | 32.4         |
|    ep_rew_mean          | 41.9         |
| time/                   |              |
|    fps                  | 1550         |
|    iterations           | 480          |
|    time_elapsed         | 2536         |
|    total_timesteps      | 3932160      |
| train/                  |              |
|    approx_kl            | 0.0063067395 |
|    clip_fraction        | 0.0526       |
|    clip_range           | 0.2          |
|    entropy_loss         | -0.65        |
|    explained_variance   | 0.339        |
|    learning_rate        | 0.0001       |
|    loss                 | 0.342        |
|    n_updates            | 1916         |
|    policy_gradient_loss | -0.0113      |
|    value_loss           | 0.447        |
------------------------------------------
----------------------------------------
| episode/                |            |
|    lines_cleared_mean   | 7.6        |
|    perfect_clears_mean  | 0          |
|    pieces_placed_mean   | 29.8       |
| rollout/                |            |
|    ep_len_mean          | 31.4       |
|    ep_rew_mean          | 38.9       |
| time/                   |            |
|    fps                  | 1550       |
|    iterations           | 481        |
|    time_elapsed         | 2542       |
|    total_timesteps      | 3940352    |
| train/                  |            |
|    approx_kl            | 0.00667822 |
|    clip_fraction        | 0.0541     |
|    clip_range           | 0.2        |
|    entropy_loss         | -0.648     |
|    explained_variance   | 0.333      |
|    learning_rate        | 0.0001     |
|    loss                 | 0.383      |
|    n_updates            | 1920       |
|    policy_gradient_loss | -0.0116    |
|    value_loss           | 0.425      |
----------------------------------------
-----------------------------------------
| episode/                |             |
|    lines_cleared_mean   | 8.9         |
|    perfect_clears_mean  | 0           |
|    pieces_placed_mean   | 33.6        |
| rollout/                |             |
|    ep_len_mean          | 31.3        |
|    ep_rew_mean          | 38.2        |
| time/                   |             |
|    fps                  | 1549        |
|    iterations           | 482         |
|    time_elapsed         | 2547        |
|    total_timesteps      | 3948544     |
| train/                  |             |
|    approx_kl            | 0.005866552 |
|    clip_fraction        | 0.0505      |
|    clip_range           | 0.2         |
|    entropy_loss         | -0.653      |
|    explained_variance   | 0.325       |
|    learning_rate        | 0.0001      |
|    loss                 | 0.313       |
|    n_updates            | 1924        |
|    policy_gradient_loss | -0.0115     |
|    value_loss           | 0.448       |
-----------------------------------------
-----------------------------------------
| episode/                |             |
|    lines_cleared_mean   | 6.5         |
|    perfect_clears_mean  | 0           |
|    pieces_placed_mean   | 28.1        |
| rollout/                |             |
|    ep_len_mean          | 31          |
|    ep_rew_mean          | 38.5        |
| time/                   |             |
|    fps                  | 1549        |
|    iterations           | 483         |
|    time_elapsed         | 2552        |
|    total_timesteps      | 3956736     |
| train/                  |             |
|    approx_kl            | 0.005508481 |
|    clip_fraction        | 0.0495      |
|    clip_range           | 0.2         |
|    entropy_loss         | -0.66       |
|    explained_variance   | 0.281       |
|    learning_rate        | 0.0001      |
|    loss                 | 0.458       |
|    n_updates            | 1928        |
|    policy_gradient_loss | -0.0113     |
|    value_loss           | 0.471       |
-----------------------------------------
-----------------------------------------
| episode/                |             |
|    lines_cleared_mean   | 6.6         |
|    perfect_clears_mean  | 0           |
|    pieces_placed_mean   | 28.6        |
| rollout/                |             |
|    ep_len_mean          | 31.1        |
|    ep_rew_mean          | 37.4        |
| time/                   |             |
|    fps                  | 1549        |
|    iterations           | 484         |
|    time_elapsed         | 2558        |
|    total_timesteps      | 3964928     |
| train/                  |             |
|    approx_kl            | 0.006191713 |
|    clip_fraction        | 0.0549      |
|    clip_range           | 0.2         |
|    entropy_loss         | -0.632      |
|    explained_variance   | 0.323       |
|    learning_rate        | 0.0001      |
|    loss                 | 0.367       |
|    n_updates            | 1932        |
|    policy_gradient_loss | -0.0117     |
|    value_loss           | 0.435       |
-----------------------------------------
------------------------------------------
| episode/                |              |
|    lines_cleared_mean   | 6.91         |
|    perfect_clears_mean  | 0            |
|    pieces_placed_mean   | 28.7         |
| rollout/                |              |
|    ep_len_mean          | 33.4         |
|    ep_rew_mean          | 43.2         |
| time/                   |              |
|    fps                  | 1549         |
|    iterations           | 485          |
|    time_elapsed         | 2563         |
|    total_timesteps      | 3973120      |
| train/                  |              |
|    approx_kl            | 0.0057776063 |
|    clip_fraction        | 0.0517       |
|    clip_range           | 0.2          |
|    entropy_loss         | -0.65        |
|    explained_variance   | 0.375        |
|    learning_rate        | 0.0001       |
|    loss                 | 0.361        |
|    n_updates            | 1936         |
|    policy_gradient_loss | -0.0112      |
|    value_loss           | 0.431        |
------------------------------------------
------------------------------------------
| episode/                |              |
|    lines_cleared_mean   | 8.55         |
|    perfect_clears_mean  | 0            |
|    pieces_placed_mean   | 33           |
| rollout/                |              |
|    ep_len_mean          | 31.9         |
|    ep_rew_mean          | 40           |
| time/                   |              |
|    fps                  | 1549         |
|    iterations           | 486          |
|    time_elapsed         | 2568         |
|    total_timesteps      | 3981312      |
| train/                  |              |
|    approx_kl            | 0.0054824473 |
|    clip_fraction        | 0.0495       |
|    clip_range           | 0.2          |
|    entropy_loss         | -0.643       |
|    explained_variance   | 0.303        |
|    learning_rate        | 0.0001       |
|    loss                 | 0.416        |
|    n_updates            | 1940         |
|    policy_gradient_loss | -0.0117      |
|    value_loss           | 0.445        |
------------------------------------------
------------------------------------------
| episode/                |              |
|    lines_cleared_mean   | 7.6          |
|    perfect_clears_mean  | 0            |
|    pieces_placed_mean   | 30.4         |
| rollout/                |              |
|    ep_len_mean          | 30.7         |
|    ep_rew_mean          | 38.1         |
| time/                   |              |
|    fps                  | 1549         |
|    iterations           | 487          |
|    time_elapsed         | 2574         |
|    total_timesteps      | 3989504      |
| train/                  |              |
|    approx_kl            | 0.0062112296 |
|    clip_fraction        | 0.0534       |
|    clip_range           | 0.2          |
|    entropy_loss         | -0.642       |
|    explained_variance   | 0.323        |
|    learning_rate        | 0.0001       |
|    loss                 | 0.305        |
|    n_updates            | 1944         |
|    policy_gradient_loss | -0.0106      |
|    value_loss           | 0.437        |
------------------------------------------
------------------------------------------
| episode/                |              |
|    lines_cleared_mean   | 9.6          |
|    perfect_clears_mean  | 0            |
|    pieces_placed_mean   | 35.4         |
| rollout/                |              |
|    ep_len_mean          | 33.1         |
|    ep_rew_mean          | 42.6         |
| time/                   |              |
|    fps                  | 1549         |
|    iterations           | 488          |
|    time_elapsed         | 2579         |
|    total_timesteps      | 3997696      |
| train/                  |              |
|    approx_kl            | 0.0070740115 |
|    clip_fraction        | 0.0582       |
|    clip_range           | 0.2          |
|    entropy_loss         | -0.65        |
|    explained_variance   | 0.349        |
|    learning_rate        | 0.0001       |
|    loss                 | 0.36         |
|    n_updates            | 1948         |
|    policy_gradient_loss | -0.0115      |
|    value_loss           | 0.401        |
------------------------------------------
-----------------------------------------
| episode/                |             |
|    lines_cleared_mean   | 11.1        |
|    perfect_clears_mean  | 0           |
|    pieces_placed_mean   | 38.6        |
| rollout/                |             |
|    ep_len_mean          | 30.5        |
|    ep_rew_mean          | 37.3        |
| time/                   |             |
|    fps                  | 1549        |
|    iterations           | 489         |
|    time_elapsed         | 2584        |
|    total_timesteps      | 4005888     |
| train/                  |             |
|    approx_kl            | 0.005523341 |
|    clip_fraction        | 0.0503      |
|    clip_range           | 0.2         |
|    entropy_loss         | -0.65       |
|    explained_variance   | 0.314       |
|    learning_rate        | 0.0001      |
|    loss                 | 0.367       |
|    n_updates            | 1952        |
|    policy_gradient_loss | -0.0112     |
|    value_loss           | 0.438       |
-----------------------------------------
------------------------------------------
| episode/                |              |
|    lines_cleared_mean   | 7.1          |
|    perfect_clears_mean  | 0            |
|    pieces_placed_mean   | 29.1         |
| rollout/                |              |
|    ep_len_mean          | 33.7         |
|    ep_rew_mean          | 43.4         |
| time/                   |              |
|    fps                  | 1549         |
|    iterations           | 490          |
|    time_elapsed         | 2589         |
|    total_timesteps      | 4014080      |
| train/                  |              |
|    approx_kl            | 0.0060796905 |
|    clip_fraction        | 0.0493       |
|    clip_range           | 0.2          |
|    entropy_loss         | -0.655       |
|    explained_variance   | 0.371        |
|    learning_rate        | 0.0001       |
|    loss                 | 0.334        |
|    n_updates            | 1956         |
|    policy_gradient_loss | -0.0107      |
|    value_loss           | 0.388        |
------------------------------------------
------------------------------------------
| episode/                |              |
|    lines_cleared_mean   | 8            |
|    perfect_clears_mean  | 0            |
|    pieces_placed_mean   | 31.1         |
| rollout/                |              |
|    ep_len_mean          | 32.4         |
|    ep_rew_mean          | 40.8         |
| time/                   |              |
|    fps                  | 1549         |
|    iterations           | 491          |
|    time_elapsed         | 2595         |
|    total_timesteps      | 4022272      |
| train/                  |              |
|    approx_kl            | 0.0065292283 |
|    clip_fraction        | 0.0514       |
|    clip_range           | 0.2          |
|    entropy_loss         | -0.65        |
|    explained_variance   | 0.352        |
|    learning_rate        | 0.0001       |
|    loss                 | 0.349        |
|    n_updates            | 1960         |
|    policy_gradient_loss | -0.0108      |
|    value_loss           | 0.402        |
------------------------------------------
------------------------------------------
| episode/                |              |
|    lines_cleared_mean   | 4.64         |
|    perfect_clears_mean  | 0            |
|    pieces_placed_mean   | 24           |
| rollout/                |              |
|    ep_len_mean          | 32.6         |
|    ep_rew_mean          | 41.1         |
| time/                   |              |
|    fps                  | 1549         |
|    iterations           | 492          |
|    time_elapsed         | 2600         |
|    total_timesteps      | 4030464      |
| train/                  |              |
|    approx_kl            | 0.0063885255 |
|    clip_fraction        | 0.0569       |
|    clip_range           | 0.2          |
|    entropy_loss         | -0.653       |
|    explained_variance   | 0.373        |
|    learning_rate        | 0.0001       |
|    loss                 | 0.374        |
|    n_updates            | 1964         |
|    policy_gradient_loss | -0.0125      |
|    value_loss           | 0.437        |
------------------------------------------
------------------------------------------
| episode/                |              |
|    lines_cleared_mean   | 6.9          |
|    perfect_clears_mean  | 0            |
|    pieces_placed_mean   | 29.2         |
| rollout/                |              |
|    ep_len_mean          | 31.5         |
|    ep_rew_mean          | 38.9         |
| time/                   |              |
|    fps                  | 1549         |
|    iterations           | 493          |
|    time_elapsed         | 2605         |
|    total_timesteps      | 4038656      |
| train/                  |              |
|    approx_kl            | 0.0054827174 |
|    clip_fraction        | 0.0481       |
|    clip_range           | 0.2          |
|    entropy_loss         | -0.647       |
|    explained_variance   | 0.328        |
|    learning_rate        | 0.0001       |
|    loss                 | 0.384        |
|    n_updates            | 1968         |
|    policy_gradient_loss | -0.0107      |
|    value_loss           | 0.441        |
------------------------------------------
-----------------------------------------
| episode/                |             |
|    lines_cleared_mean   | 6.6         |
|    perfect_clears_mean  | 0           |
|    pieces_placed_mean   | 27.5        |
| rollout/                |             |
|    ep_len_mean          | 32.4        |
|    ep_rew_mean          | 41.6        |
| time/                   |             |
|    fps                  | 1549        |
|    iterations           | 494         |
|    time_elapsed         | 2611        |
|    total_timesteps      | 4046848     |
| train/                  |             |
|    approx_kl            | 0.006099528 |
|    clip_fraction        | 0.0545      |
|    clip_range           | 0.2         |
|    entropy_loss         | -0.66       |
|    explained_variance   | 0.358       |
|    learning_rate        | 0.0001      |
|    loss                 | 0.384       |
|    n_updates            | 1972        |
|    policy_gradient_loss | -0.0115     |
|    value_loss           | 0.431       |
-----------------------------------------
-----------------------------------------
| episode/                |             |
|    lines_cleared_mean   | 8.8         |
|    perfect_clears_mean  | 0           |
|    pieces_placed_mean   | 34.1        |
| rollout/                |             |
|    ep_len_mean          | 31.6        |
|    ep_rew_mean          | 38.8        |
| time/                   |             |
|    fps                  | 1549        |
|    iterations           | 495         |
|    time_elapsed         | 2616        |
|    total_timesteps      | 4055040     |
| train/                  |             |
|    approx_kl            | 0.005931422 |
|    clip_fraction        | 0.0542      |
|    clip_range           | 0.2         |
|    entropy_loss         | -0.65       |
|    explained_variance   | 0.371       |
|    learning_rate        | 0.0001      |
|    loss                 | 0.307       |
|    n_updates            | 1976        |
|    policy_gradient_loss | -0.011      |
|    value_loss           | 0.389       |
-----------------------------------------
------------------------------------------
| episode/                |              |
|    lines_cleared_mean   | 7.7          |
|    perfect_clears_mean  | 0            |
|    pieces_placed_mean   | 31.4         |
| rollout/                |              |
|    ep_len_mean          | 32.7         |
|    ep_rew_mean          | 41.5         |
| time/                   |              |
|    fps                  | 1549         |
|    iterations           | 496          |
|    time_elapsed         | 2621         |
|    total_timesteps      | 4063232      |
| train/                  |              |
|    approx_kl            | 0.0057121874 |
|    clip_fraction        | 0.0467       |
|    clip_range           | 0.2          |
|    entropy_loss         | -0.662       |
|    explained_variance   | 0.33         |
|    learning_rate        | 0.0001       |
|    loss                 | 0.386        |
|    n_updates            | 1980         |
|    policy_gradient_loss | -0.0114      |
|    value_loss           | 0.453        |
------------------------------------------
------------------------------------------
| episode/                |              |
|    lines_cleared_mean   | 10           |
|    perfect_clears_mean  | 0            |
|    pieces_placed_mean   | 35.4         |
| rollout/                |              |
|    ep_len_mean          | 34           |
|    ep_rew_mean          | 44.3         |
| time/                   |              |
|    fps                  | 1549         |
|    iterations           | 497          |
|    time_elapsed         | 2627         |
|    total_timesteps      | 4071424      |
| train/                  |              |
|    approx_kl            | 0.0052924785 |
|    clip_fraction        | 0.0505       |
|    clip_range           | 0.2          |
|    entropy_loss         | -0.663       |
|    explained_variance   | 0.37         |
|    learning_rate        | 0.0001       |
|    loss                 | 0.37         |
|    n_updates            | 1984         |
|    policy_gradient_loss | -0.0108      |
|    value_loss           | 0.425        |
------------------------------------------
-----------------------------------------
| episode/                |             |
|    lines_cleared_mean   | 7.3         |
|    perfect_clears_mean  | 0           |
|    pieces_placed_mean   | 30.3        |
| rollout/                |             |
|    ep_len_mean          | 33          |
|    ep_rew_mean          | 41.5        |
| time/                   |             |
|    fps                  | 1549        |
|    iterations           | 498         |
|    time_elapsed         | 2632        |
|    total_timesteps      | 4079616     |
| train/                  |             |
|    approx_kl            | 0.006111959 |
|    clip_fraction        | 0.0534      |
|    clip_range           | 0.2         |
|    entropy_loss         | -0.647      |
|    explained_variance   | 0.338       |
|    learning_rate        | 0.0001      |
|    loss                 | 0.369       |
|    n_updates            | 1988        |
|    policy_gradient_loss | -0.0112     |
|    value_loss           | 0.424       |
-----------------------------------------
-----------------------------------------
| episode/                |             |
|    lines_cleared_mean   | 14.4        |
|    perfect_clears_mean  | 0           |
|    pieces_placed_mean   | 45.6        |
| rollout/                |             |
|    ep_len_mean          | 32.7        |
|    ep_rew_mean          | 41.8        |
| time/                   |             |
|    fps                  | 1549        |
|    iterations           | 499         |
|    time_elapsed         | 2637        |
|    total_timesteps      | 4087808     |
| train/                  |             |
|    approx_kl            | 0.005979839 |
|    clip_fraction        | 0.055       |
|    clip_range           | 0.2         |
|    entropy_loss         | -0.648      |
|    explained_variance   | 0.323       |
|    learning_rate        | 0.0001      |
|    loss                 | 0.405       |
|    n_updates            | 1992        |
|    policy_gradient_loss | -0.0102     |
|    value_loss           | 0.435       |
-----------------------------------------
------------------------------------------
| episode/                |              |
|    lines_cleared_mean   | 8.82         |
|    perfect_clears_mean  | 0            |
|    pieces_placed_mean   | 32.9         |
| rollout/                |              |
|    ep_len_mean          | 32           |
|    ep_rew_mean          | 40.8         |
| time/                   |              |
|    fps                  | 1549         |
|    iterations           | 500          |
|    time_elapsed         | 2643         |
|    total_timesteps      | 4096000      |
| train/                  |              |
|    approx_kl            | 0.0059586572 |
|    clip_fraction        | 0.0571       |
|    clip_range           | 0.2          |
|    entropy_loss         | -0.651       |
|    explained_variance   | 0.315        |
|    learning_rate        | 0.0001       |
|    loss                 | 0.434        |
|    n_updates            | 1996         |
|    policy_gradient_loss | -0.0119      |
|    value_loss           | 0.427        |
------------------------------------------
------------------------------------------
| episode/                |              |
|    lines_cleared_mean   | 10.9         |
|    perfect_clears_mean  | 0            |
|    pieces_placed_mean   | 37.9         |
| rollout/                |              |
|    ep_len_mean          | 32           |
|    ep_rew_mean          | 39.9         |
| time/                   |              |
|    fps                  | 1549         |
|    iterations           | 501          |
|    time_elapsed         | 2648         |
|    total_timesteps      | 4104192      |
| train/                  |              |
|    approx_kl            | 0.0055100666 |
|    clip_fraction        | 0.0474       |
|    clip_range           | 0.2          |
|    entropy_loss         | -0.653       |
|    explained_variance   | 0.308        |
|    learning_rate        | 0.0001       |
|    loss                 | 0.415        |
|    n_updates            | 2000         |
|    policy_gradient_loss | -0.011       |
|    value_loss           | 0.485        |
------------------------------------------
------------------------------------------
| episode/                |              |
|    lines_cleared_mean   | 7.8          |
|    perfect_clears_mean  | 0            |
|    pieces_placed_mean   | 30.7         |
| rollout/                |              |
|    ep_len_mean          | 32.1         |
|    ep_rew_mean          | 40.2         |
| time/                   |              |
|    fps                  | 1549         |
|    iterations           | 502          |
|    time_elapsed         | 2653         |
|    total_timesteps      | 4112384      |
| train/                  |              |
|    approx_kl            | 0.0062007015 |
|    clip_fraction        | 0.0539       |
|    clip_range           | 0.2          |
|    entropy_loss         | -0.644       |
|    explained_variance   | 0.268        |
|    learning_rate        | 0.0001       |
|    loss                 | 0.392        |
|    n_updates            | 2004         |
|    policy_gradient_loss | -0.0108      |
|    value_loss           | 0.47         |
------------------------------------------
------------------------------------------
| episode/                |              |
|    lines_cleared_mean   | 8.6          |
|    perfect_clears_mean  | 0            |
|    pieces_placed_mean   | 33.7         |
| rollout/                |              |
|    ep_len_mean          | 33.3         |
|    ep_rew_mean          | 42.7         |
| time/                   |              |
|    fps                  | 1549         |
|    iterations           | 503          |
|    time_elapsed         | 2659         |
|    total_timesteps      | 4120576      |
| train/                  |              |
|    approx_kl            | 0.0068504373 |
|    clip_fraction        | 0.0647       |
|    clip_range           | 0.2          |
|    entropy_loss         | -0.658       |
|    explained_variance   | 0.311        |
|    learning_rate        | 0.0001       |
|    loss                 | 0.34         |
|    n_updates            | 2008         |
|    policy_gradient_loss | -0.012       |
|    value_loss           | 0.451        |
------------------------------------------
------------------------------------------
| episode/                |              |
|    lines_cleared_mean   | 8.8          |
|    perfect_clears_mean  | 0            |
|    pieces_placed_mean   | 34.2         |
| rollout/                |              |
|    ep_len_mean          | 34           |
|    ep_rew_mean          | 44.3         |
| time/                   |              |
|    fps                  | 1549         |
|    iterations           | 504          |
|    time_elapsed         | 2664         |
|    total_timesteps      | 4128768      |
| train/                  |              |
|    approx_kl            | 0.0062550353 |
|    clip_fraction        | 0.0572       |
|    clip_range           | 0.2          |
|    entropy_loss         | -0.662       |
|    explained_variance   | 0.328        |
|    learning_rate        | 0.0001       |
|    loss                 | 0.378        |
|    n_updates            | 2012         |
|    policy_gradient_loss | -0.0117      |
|    value_loss           | 0.46         |
------------------------------------------
------------------------------------------
| episode/                |              |
|    lines_cleared_mean   | 4.83         |
|    perfect_clears_mean  | 0            |
|    pieces_placed_mean   | 24.1         |
| rollout/                |              |
|    ep_len_mean          | 31.4         |
|    ep_rew_mean          | 38.8         |
| time/                   |              |
|    fps                  | 1549         |
|    iterations           | 505          |
|    time_elapsed         | 2669         |
|    total_timesteps      | 4136960      |
| train/                  |              |
|    approx_kl            | 0.0059533166 |
|    clip_fraction        | 0.0537       |
|    clip_range           | 0.2          |
|    entropy_loss         | -0.662       |
|    explained_variance   | 0.362        |
|    learning_rate        | 0.0001       |
|    loss                 | 0.408        |
|    n_updates            | 2016         |
|    policy_gradient_loss | -0.0123      |
|    value_loss           | 0.435        |
------------------------------------------
------------------------------------------
| episode/                |              |
|    lines_cleared_mean   | 13.7         |
|    perfect_clears_mean  | 0            |
|    pieces_placed_mean   | 44.1         |
| rollout/                |              |
|    ep_len_mean          | 33.3         |
|    ep_rew_mean          | 43.5         |
| time/                   |              |
|    fps                  | 1549         |
|    iterations           | 506          |
|    time_elapsed         | 2675         |
|    total_timesteps      | 4145152      |
| train/                  |              |
|    approx_kl            | 0.0066223573 |
|    clip_fraction        | 0.0602       |
|    clip_range           | 0.2          |
|    entropy_loss         | -0.684       |
|    explained_variance   | 0.307        |
|    learning_rate        | 0.0001       |
|    loss                 | 0.419        |
|    n_updates            | 2020         |
|    policy_gradient_loss | -0.0134      |
|    value_loss           | 0.441        |
------------------------------------------
-----------------------------------------
| episode/                |             |
|    lines_cleared_mean   | 11          |
|    perfect_clears_mean  | 0           |
|    pieces_placed_mean   | 37.7        |
| rollout/                |             |
|    ep_len_mean          | 32.9        |
|    ep_rew_mean          | 42.2        |
| time/                   |             |
|    fps                  | 1549        |
|    iterations           | 507         |
|    time_elapsed         | 2680        |
|    total_timesteps      | 4153344     |
| train/                  |             |
|    approx_kl            | 0.006713626 |
|    clip_fraction        | 0.0508      |
|    clip_range           | 0.2         |
|    entropy_loss         | -0.673      |
|    explained_variance   | 0.266       |
|    learning_rate        | 0.0001      |
|    loss                 | 0.434       |
|    n_updates            | 2024        |
|    policy_gradient_loss | -0.0114     |
|    value_loss           | 0.495       |
-----------------------------------------
------------------------------------------
| episode/                |              |
|    lines_cleared_mean   | 9.5          |
|    perfect_clears_mean  | 0            |
|    pieces_placed_mean   | 36           |
| rollout/                |              |
|    ep_len_mean          | 35.2         |
|    ep_rew_mean          | 46.3         |
| time/                   |              |
|    fps                  | 1549         |
|    iterations           | 508          |
|    time_elapsed         | 2685         |
|    total_timesteps      | 4161536      |
| train/                  |              |
|    approx_kl            | 0.0061805225 |
|    clip_fraction        | 0.0559       |
|    clip_range           | 0.2          |
|    entropy_loss         | -0.669       |
|    explained_variance   | 0.331        |
|    learning_rate        | 0.0001       |
|    loss                 | 0.353        |
|    n_updates            | 2028         |
|    policy_gradient_loss | -0.0118      |
|    value_loss           | 0.486        |
------------------------------------------
------------------------------------------
| episode/                |              |
|    lines_cleared_mean   | 10.6         |
|    perfect_clears_mean  | 0            |
|    pieces_placed_mean   | 38.3         |
| rollout/                |              |
|    ep_len_mean          | 31.1         |
|    ep_rew_mean          | 37.4         |
| time/                   |              |
|    fps                  | 1549         |
|    iterations           | 509          |
|    time_elapsed         | 2691         |
|    total_timesteps      | 4169728      |
| train/                  |              |
|    approx_kl            | 0.0057242764 |
|    clip_fraction        | 0.0481       |
|    clip_range           | 0.2          |
|    entropy_loss         | -0.663       |
|    explained_variance   | 0.303        |
|    learning_rate        | 0.0001       |
|    loss                 | 0.447        |
|    n_updates            | 2032         |
|    policy_gradient_loss | -0.0116      |
|    value_loss           | 0.486        |
------------------------------------------
-----------------------------------------
| episode/                |             |
|    lines_cleared_mean   | 8.1         |
|    perfect_clears_mean  | 0           |
|    pieces_placed_mean   | 31.5        |
| rollout/                |             |
|    ep_len_mean          | 32.9        |
|    ep_rew_mean          | 42.5        |
| time/                   |             |
|    fps                  | 1549        |
|    iterations           | 510         |
|    time_elapsed         | 2696        |
|    total_timesteps      | 4177920     |
| train/                  |             |
|    approx_kl            | 0.006008613 |
|    clip_fraction        | 0.0514      |
|    clip_range           | 0.2         |
|    entropy_loss         | -0.67       |
|    explained_variance   | 0.348       |
|    learning_rate        | 0.0001      |
|    loss                 | 0.403       |
|    n_updates            | 2036        |
|    policy_gradient_loss | -0.0114     |
|    value_loss           | 0.44        |
-----------------------------------------
------------------------------------------
| episode/                |              |
|    lines_cleared_mean   | 8            |
|    perfect_clears_mean  | 0            |
|    pieces_placed_mean   | 30.6         |
| rollout/                |              |
|    ep_len_mean          | 32.5         |
|    ep_rew_mean          | 41.1         |
| time/                   |              |
|    fps                  | 1549         |
|    iterations           | 511          |
|    time_elapsed         | 2701         |
|    total_timesteps      | 4186112      |
| train/                  |              |
|    approx_kl            | 0.0070139663 |
|    clip_fraction        | 0.0615       |
|    clip_range           | 0.2          |
|    entropy_loss         | -0.665       |
|    explained_variance   | 0.352        |
|    learning_rate        | 0.0001       |
|    loss                 | 0.375        |
|    n_updates            | 2040         |
|    policy_gradient_loss | -0.0117      |
|    value_loss           | 0.424        |
------------------------------------------
------------------------------------------
| episode/                |              |
|    lines_cleared_mean   | 9.3          |
|    perfect_clears_mean  | 0            |
|    pieces_placed_mean   | 34.4         |
| rollout/                |              |
|    ep_len_mean          | 32.6         |
|    ep_rew_mean          | 41.3         |
| time/                   |              |
|    fps                  | 1549         |
|    iterations           | 512          |
|    time_elapsed         | 2707         |
|    total_timesteps      | 4194304      |
| train/                  |              |
|    approx_kl            | 0.0055991216 |
|    clip_fraction        | 0.048        |
|    clip_range           | 0.2          |
|    entropy_loss         | -0.662       |
|    explained_variance   | 0.344        |
|    learning_rate        | 0.0001       |
|    loss                 | 0.309        |
|    n_updates            | 2044         |
|    policy_gradient_loss | -0.0112      |
|    value_loss           | 0.393        |
------------------------------------------
------------------------------------------
| episode/                |              |
|    lines_cleared_mean   | 14.1         |
|    perfect_clears_mean  | 0            |
|    pieces_placed_mean   | 46.5         |
| rollout/                |              |
|    ep_len_mean          | 33.5         |
|    ep_rew_mean          | 43.1         |
| time/                   |              |
|    fps                  | 1549         |
|    iterations           | 513          |
|    time_elapsed         | 2712         |
|    total_timesteps      | 4202496      |
| train/                  |              |
|    approx_kl            | 0.0063927365 |
|    clip_fraction        | 0.0594       |
|    clip_range           | 0.2          |
|    entropy_loss         | -0.669       |
|    explained_variance   | 0.338        |
|    learning_rate        | 0.0001       |
|    loss                 | 0.372        |
|    n_updates            | 2048         |
|    policy_gradient_loss | -0.0126      |
|    value_loss           | 0.405        |
------------------------------------------
-----------------------------------------
| episode/                |             |
|    lines_cleared_mean   | 9.67        |
|    perfect_clears_mean  | 0           |
|    pieces_placed_mean   | 35.1        |
| rollout/                |             |
|    ep_len_mean          | 32.2        |
|    ep_rew_mean          | 40          |
| time/                   |             |
|    fps                  | 1549        |
|    iterations           | 514         |
|    time_elapsed         | 2717        |
|    total_timesteps      | 4210688     |
| train/                  |             |
|    approx_kl            | 0.006398738 |
|    clip_fraction        | 0.0526      |
|    clip_range           | 0.2         |
|    entropy_loss         | -0.66       |
|    explained_variance   | 0.361       |
|    learning_rate        | 0.0001      |
|    loss                 | 0.345       |
|    n_updates            | 2052        |
|    policy_gradient_loss | -0.0117     |
|    value_loss           | 0.415       |
-----------------------------------------
------------------------------------------
| episode/                |              |
|    lines_cleared_mean   | 12.7         |
|    perfect_clears_mean  | 0            |
|    pieces_placed_mean   | 41.7         |
| rollout/                |              |
|    ep_len_mean          | 35.8         |
|    ep_rew_mean          | 47           |
| time/                   |              |
|    fps                  | 1549         |
|    iterations           | 515          |
|    time_elapsed         | 2723         |
|    total_timesteps      | 4218880      |
| train/                  |              |
|    approx_kl            | 0.0060280943 |
|    clip_fraction        | 0.0521       |
|    clip_range           | 0.2          |
|    entropy_loss         | -0.669       |
|    explained_variance   | 0.325        |
|    learning_rate        | 0.0001       |
|    loss                 | 0.398        |
|    n_updates            | 2056         |
|    policy_gradient_loss | -0.0115      |
|    value_loss           | 0.433        |
------------------------------------------
------------------------------------------
| episode/                |              |
|    lines_cleared_mean   | 12.2         |
|    perfect_clears_mean  | 0            |
|    pieces_placed_mean   | 41.6         |
| rollout/                |              |
|    ep_len_mean          | 35           |
|    ep_rew_mean          | 47.1         |
| time/                   |              |
|    fps                  | 1549         |
|    iterations           | 516          |
|    time_elapsed         | 2728         |
|    total_timesteps      | 4227072      |
| train/                  |              |
|    approx_kl            | 0.0061927857 |
|    clip_fraction        | 0.0511       |
|    clip_range           | 0.2          |
|    entropy_loss         | -0.646       |
|    explained_variance   | 0.314        |
|    learning_rate        | 0.0001       |
|    loss                 | 0.405        |
|    n_updates            | 2060         |
|    policy_gradient_loss | -0.0121      |
|    value_loss           | 0.47         |
------------------------------------------
------------------------------------------
| episode/                |              |
|    lines_cleared_mean   | 9.8          |
|    perfect_clears_mean  | 0            |
|    pieces_placed_mean   | 35.8         |
| rollout/                |              |
|    ep_len_mean          | 32.4         |
|    ep_rew_mean          | 40.3         |
| time/                   |              |
|    fps                  | 1549         |
|    iterations           | 517          |
|    time_elapsed         | 2733         |
|    total_timesteps      | 4235264      |
| train/                  |              |
|    approx_kl            | 0.0058987173 |
|    clip_fraction        | 0.0512       |
|    clip_range           | 0.2          |
|    entropy_loss         | -0.653       |
|    explained_variance   | 0.304        |
|    learning_rate        | 0.0001       |
|    loss                 | 0.365        |
|    n_updates            | 2064         |
|    policy_gradient_loss | -0.0118      |
|    value_loss           | 0.487        |
------------------------------------------
-----------------------------------------
| episode/                |             |
|    lines_cleared_mean   | 4.73        |
|    perfect_clears_mean  | 0           |
|    pieces_placed_mean   | 23.5        |
| rollout/                |             |
|    ep_len_mean          | 30.4        |
|    ep_rew_mean          | 37          |
| time/                   |             |
|    fps                  | 1549        |
|    iterations           | 518         |
|    time_elapsed         | 2739        |
|    total_timesteps      | 4243456     |
| train/                  |             |
|    approx_kl            | 0.005776371 |
|    clip_fraction        | 0.0526      |
|    clip_range           | 0.2         |
|    entropy_loss         | -0.669      |
|    explained_variance   | 0.336       |
|    learning_rate        | 0.0001      |
|    loss                 | 0.44        |
|    n_updates            | 2068        |
|    policy_gradient_loss | -0.0109     |
|    value_loss           | 0.466       |
-----------------------------------------
-----------------------------------------
| episode/                |             |
|    lines_cleared_mean   | 8           |
|    perfect_clears_mean  | 0           |
|    pieces_placed_mean   | 31.4        |
| rollout/                |             |
|    ep_len_mean          | 33.5        |
|    ep_rew_mean          | 43.5        |
| time/                   |             |
|    fps                  | 1549        |
|    iterations           | 519         |
|    time_elapsed         | 2744        |
|    total_timesteps      | 4251648     |
| train/                  |             |
|    approx_kl            | 0.006902973 |
|    clip_fraction        | 0.0585      |
|    clip_range           | 0.2         |
|    entropy_loss         | -0.68       |
|    explained_variance   | 0.305       |
|    learning_rate        | 0.0001      |
|    loss                 | 0.473       |
|    n_updates            | 2072        |
|    policy_gradient_loss | -0.0118     |
|    value_loss           | 0.481       |
-----------------------------------------
-----------------------------------------
| episode/                |             |
|    lines_cleared_mean   | 7.3         |
|    perfect_clears_mean  | 0           |
|    pieces_placed_mean   | 28.9        |
| rollout/                |             |
|    ep_len_mean          | 35.7        |
|    ep_rew_mean          | 48.3        |
| time/                   |             |
|    fps                  | 1549        |
|    iterations           | 520         |
|    time_elapsed         | 2749        |
|    total_timesteps      | 4259840     |
| train/                  |             |
|    approx_kl            | 0.006303743 |
|    clip_fraction        | 0.0564      |
|    clip_range           | 0.2         |
|    entropy_loss         | -0.657      |
|    explained_variance   | 0.352       |
|    learning_rate        | 0.0001      |
|    loss                 | 0.305       |
|    n_updates            | 2076        |
|    policy_gradient_loss | -0.0115     |
|    value_loss           | 0.421       |
-----------------------------------------
------------------------------------------
| episode/                |              |
|    lines_cleared_mean   | 6.8          |
|    perfect_clears_mean  | 0            |
|    pieces_placed_mean   | 29.1         |
| rollout/                |              |
|    ep_len_mean          | 30.2         |
|    ep_rew_mean          | 36.6         |
| time/                   |              |
|    fps                  | 1549         |
|    iterations           | 521          |
|    time_elapsed         | 2755         |
|    total_timesteps      | 4268032      |
| train/                  |              |
|    approx_kl            | 0.0061614243 |
|    clip_fraction        | 0.058        |
|    clip_range           | 0.2          |
|    entropy_loss         | -0.683       |
|    explained_variance   | 0.332        |
|    learning_rate        | 0.0001       |
|    loss                 | 0.353        |
|    n_updates            | 2080         |
|    policy_gradient_loss | -0.0126      |
|    value_loss           | 0.407        |
------------------------------------------
-----------------------------------------
| episode/                |             |
|    lines_cleared_mean   | 9.6         |
|    perfect_clears_mean  | 0           |
|    pieces_placed_mean   | 34.8        |
| rollout/                |             |
|    ep_len_mean          | 30.8        |
|    ep_rew_mean          | 37.9        |
| time/                   |             |
|    fps                  | 1549        |
|    iterations           | 522         |
|    time_elapsed         | 2760        |
|    total_timesteps      | 4276224     |
| train/                  |             |
|    approx_kl            | 0.006474631 |
|    clip_fraction        | 0.0553      |
|    clip_range           | 0.2         |
|    entropy_loss         | -0.679      |
|    explained_variance   | 0.378       |
|    learning_rate        | 0.0001      |
|    loss                 | 0.35        |
|    n_updates            | 2084        |
|    policy_gradient_loss | -0.0117     |
|    value_loss           | 0.387       |
-----------------------------------------
----------------------------------------
| episode/                |            |
|    lines_cleared_mean   | 6.8        |
|    perfect_clears_mean  | 0          |
|    pieces_placed_mean   | 28.5       |
| rollout/                |            |
|    ep_len_mean          | 31.4       |
|    ep_rew_mean          | 39.2       |
| time/                   |            |
|    fps                  | 1549       |
|    iterations           | 523        |
|    time_elapsed         | 2765       |
|    total_timesteps      | 4284416    |
| train/                  |            |
|    approx_kl            | 0.00665126 |
|    clip_fraction        | 0.0652     |
|    clip_range           | 0.2        |
|    entropy_loss         | -0.689     |
|    explained_variance   | 0.345      |
|    learning_rate        | 0.0001     |
|    loss                 | 0.278      |
|    n_updates            | 2088       |
|    policy_gradient_loss | -0.0122    |
|    value_loss           | 0.375      |
----------------------------------------
------------------------------------------
| episode/                |              |
|    lines_cleared_mean   | 9            |
|    perfect_clears_mean  | 0            |
|    pieces_placed_mean   | 34.1         |
| rollout/                |              |
|    ep_len_mean          | 32.4         |
|    ep_rew_mean          | 41.2         |
| time/                   |              |
|    fps                  | 1549         |
|    iterations           | 524          |
|    time_elapsed         | 2771         |
|    total_timesteps      | 4292608      |
| train/                  |              |
|    approx_kl            | 0.0068900296 |
|    clip_fraction        | 0.0523       |
|    clip_range           | 0.2          |
|    entropy_loss         | -0.681       |
|    explained_variance   | 0.297        |
|    learning_rate        | 0.0001       |
|    loss                 | 0.387        |
|    n_updates            | 2092         |
|    policy_gradient_loss | -0.0118      |
|    value_loss           | 0.431        |
------------------------------------------
-----------------------------------------
| episode/                |             |
|    lines_cleared_mean   | 8.9         |
|    perfect_clears_mean  | 0           |
|    pieces_placed_mean   | 33.5        |
| rollout/                |             |
|    ep_len_mean          | 33          |
|    ep_rew_mean          | 41.8        |
| time/                   |             |
|    fps                  | 1549        |
|    iterations           | 525         |
|    time_elapsed         | 2776        |
|    total_timesteps      | 4300800     |
| train/                  |             |
|    approx_kl            | 0.006636664 |
|    clip_fraction        | 0.0537      |
|    clip_range           | 0.2         |
|    entropy_loss         | -0.665      |
|    explained_variance   | 0.315       |
|    learning_rate        | 0.0001      |
|    loss                 | 0.322       |
|    n_updates            | 2096        |
|    policy_gradient_loss | -0.0119     |
|    value_loss           | 0.403       |
-----------------------------------------
------------------------------------------
| episode/                |              |
|    lines_cleared_mean   | 9.91         |
|    perfect_clears_mean  | 0            |
|    pieces_placed_mean   | 36.2         |
| rollout/                |              |
|    ep_len_mean          | 32.3         |
|    ep_rew_mean          | 40.7         |
| time/                   |              |
|    fps                  | 1549         |
|    iterations           | 526          |
|    time_elapsed         | 2781         |
|    total_timesteps      | 4308992      |
| train/                  |              |
|    approx_kl            | 0.0068035633 |
|    clip_fraction        | 0.0576       |
|    clip_range           | 0.2          |
|    entropy_loss         | -0.681       |
|    explained_variance   | 0.359        |
|    learning_rate        | 0.0001       |
|    loss                 | 0.298        |
|    n_updates            | 2100         |
|    policy_gradient_loss | -0.0128      |
|    value_loss           | 0.395        |
------------------------------------------
------------------------------------------
| episode/                |              |
|    lines_cleared_mean   | 9.4          |
|    perfect_clears_mean  | 0            |
|    pieces_placed_mean   | 35.3         |
| rollout/                |              |
|    ep_len_mean          | 31.8         |
|    ep_rew_mean          | 39.8         |
| time/                   |              |
|    fps                  | 1548         |
|    iterations           | 527          |
|    time_elapsed         | 2787         |
|    total_timesteps      | 4317184      |
| train/                  |              |
|    approx_kl            | 0.0057444377 |
|    clip_fraction        | 0.0522       |
|    clip_range           | 0.2          |
|    entropy_loss         | -0.687       |
|    explained_variance   | 0.317        |
|    learning_rate        | 0.0001       |
|    loss                 | 0.349        |
|    n_updates            | 2104         |
|    policy_gradient_loss | -0.0128      |
|    value_loss           | 0.428        |
------------------------------------------
------------------------------------------
| episode/                |              |
|    lines_cleared_mean   | 5.4          |
|    perfect_clears_mean  | 0            |
|    pieces_placed_mean   | 25.5         |
| rollout/                |              |
|    ep_len_mean          | 30.4         |
|    ep_rew_mean          | 37.4         |
| time/                   |              |
|    fps                  | 1548         |
|    iterations           | 528          |
|    time_elapsed         | 2792         |
|    total_timesteps      | 4325376      |
| train/                  |              |
|    approx_kl            | 0.0060333028 |
|    clip_fraction        | 0.0551       |
|    clip_range           | 0.2          |
|    entropy_loss         | -0.678       |
|    explained_variance   | 0.356        |
|    learning_rate        | 0.0001       |
|    loss                 | 0.31         |
|    n_updates            | 2108         |
|    policy_gradient_loss | -0.0127      |
|    value_loss           | 0.402        |
------------------------------------------
------------------------------------------
| episode/                |              |
|    lines_cleared_mean   | 6.6          |
|    perfect_clears_mean  | 0            |
|    pieces_placed_mean   | 28.5         |
| rollout/                |              |
|    ep_len_mean          | 31.7         |
|    ep_rew_mean          | 40.2         |
| time/                   |              |
|    fps                  | 1548         |
|    iterations           | 529          |
|    time_elapsed         | 2797         |
|    total_timesteps      | 4333568      |
| train/                  |              |
|    approx_kl            | 0.0061727082 |
|    clip_fraction        | 0.049        |
|    clip_range           | 0.2          |
|    entropy_loss         | -0.685       |
|    explained_variance   | 0.288        |
|    learning_rate        | 0.0001       |
|    loss                 | 0.332        |
|    n_updates            | 2112         |
|    policy_gradient_loss | -0.0118      |
|    value_loss           | 0.407        |
------------------------------------------
-----------------------------------------
| episode/                |             |
|    lines_cleared_mean   | 11.6        |
|    perfect_clears_mean  | 0           |
|    pieces_placed_mean   | 40.4        |
| rollout/                |             |
|    ep_len_mean          | 33.9        |
|    ep_rew_mean          | 44.1        |
| time/                   |             |
|    fps                  | 1548        |
|    iterations           | 530         |
|    time_elapsed         | 2803        |
|    total_timesteps      | 4341760     |
| train/                  |             |
|    approx_kl            | 0.006432442 |
|    clip_fraction        | 0.0531      |
|    clip_range           | 0.2         |
|    entropy_loss         | -0.687      |
|    explained_variance   | 0.306       |
|    learning_rate        | 0.0001      |
|    loss                 | 0.339       |
|    n_updates            | 2116        |
|    policy_gradient_loss | -0.0111     |
|    value_loss           | 0.416       |
-----------------------------------------
------------------------------------------
| episode/                |              |
|    lines_cleared_mean   | 9.2          |
|    perfect_clears_mean  | 0            |
|    pieces_placed_mean   | 33.8         |
| rollout/                |              |
|    ep_len_mean          | 32.2         |
|    ep_rew_mean          | 40.4         |
| time/                   |              |
|    fps                  | 1548         |
|    iterations           | 531          |
|    time_elapsed         | 2808         |
|    total_timesteps      | 4349952      |
| train/                  |              |
|    approx_kl            | 0.0060546487 |
|    clip_fraction        | 0.0522       |
|    clip_range           | 0.2          |
|    entropy_loss         | -0.689       |
|    explained_variance   | 0.336        |
|    learning_rate        | 0.0001       |
|    loss                 | 0.364        |
|    n_updates            | 2120         |
|    policy_gradient_loss | -0.0119      |
|    value_loss           | 0.404        |
------------------------------------------
-----------------------------------------
| episode/                |             |
|    lines_cleared_mean   | 8.17        |
|    perfect_clears_mean  | 0           |
|    pieces_placed_mean   | 30.9        |
| rollout/                |             |
|    ep_len_mean          | 30          |
|    ep_rew_mean          | 36.1        |
| time/                   |             |
|    fps                  | 1548        |
|    iterations           | 532         |
|    time_elapsed         | 2813        |
|    total_timesteps      | 4358144     |
| train/                  |             |
|    approx_kl            | 0.006895912 |
|    clip_fraction        | 0.0561      |
|    clip_range           | 0.2         |
|    entropy_loss         | -0.682      |
|    explained_variance   | 0.309       |
|    learning_rate        | 0.0001      |
|    loss                 | 0.377       |
|    n_updates            | 2124        |
|    policy_gradient_loss | -0.0125     |
|    value_loss           | 0.44        |
-----------------------------------------
------------------------------------------
| episode/                |              |
|    lines_cleared_mean   | 7.7          |
|    perfect_clears_mean  | 0            |
|    pieces_placed_mean   | 30           |
| rollout/                |              |
|    ep_len_mean          | 32.7         |
|    ep_rew_mean          | 41.8         |
| time/                   |              |
|    fps                  | 1548         |
|    iterations           | 533          |
|    time_elapsed         | 2819         |
|    total_timesteps      | 4366336      |
| train/                  |              |
|    approx_kl            | 0.0059988787 |
|    clip_fraction        | 0.0563       |
|    clip_range           | 0.2          |
|    entropy_loss         | -0.685       |
|    explained_variance   | 0.386        |
|    learning_rate        | 0.0001       |
|    loss                 | 0.339        |
|    n_updates            | 2128         |
|    policy_gradient_loss | -0.0123      |
|    value_loss           | 0.392        |
------------------------------------------
------------------------------------------
| episode/                |              |
|    lines_cleared_mean   | 10.7         |
|    perfect_clears_mean  | 0            |
|    pieces_placed_mean   | 37.8         |
| rollout/                |              |
|    ep_len_mean          | 33.5         |
|    ep_rew_mean          | 43.8         |
| time/                   |              |
|    fps                  | 1548         |
|    iterations           | 534          |
|    time_elapsed         | 2824         |
|    total_timesteps      | 4374528      |
| train/                  |              |
|    approx_kl            | 0.0066943634 |
|    clip_fraction        | 0.0537       |
|    clip_range           | 0.2          |
|    entropy_loss         | -0.673       |
|    explained_variance   | 0.323        |
|    learning_rate        | 0.0001       |
|    loss                 | 0.341        |
|    n_updates            | 2132         |
|    policy_gradient_loss | -0.012       |
|    value_loss           | 0.398        |
------------------------------------------
-----------------------------------------
| episode/                |             |
|    lines_cleared_mean   | 7.64        |
|    perfect_clears_mean  | 0           |
|    pieces_placed_mean   | 29          |
| rollout/                |             |
|    ep_len_mean          | 33.1        |
|    ep_rew_mean          | 42.5        |
| time/                   |             |
|    fps                  | 1548        |
|    iterations           | 535         |
|    time_elapsed         | 2829        |
|    total_timesteps      | 4382720     |
| train/                  |             |
|    approx_kl            | 0.006988667 |
|    clip_fraction        | 0.0644      |
|    clip_range           | 0.2         |
|    entropy_loss         | -0.697      |
|    explained_variance   | 0.371       |
|    learning_rate        | 0.0001      |
|    loss                 | 0.329       |
|    n_updates            | 2136        |
|    policy_gradient_loss | -0.0148     |
|    value_loss           | 0.366       |
-----------------------------------------
------------------------------------------
| episode/                |              |
|    lines_cleared_mean   | 9.6          |
|    perfect_clears_mean  | 0            |
|    pieces_placed_mean   | 35.1         |
| rollout/                |              |
|    ep_len_mean          | 31.9         |
|    ep_rew_mean          | 39.8         |
| time/                   |              |
|    fps                  | 1548         |
|    iterations           | 536          |
|    time_elapsed         | 2835         |
|    total_timesteps      | 4390912      |
| train/                  |              |
|    approx_kl            | 0.0057004336 |
|    clip_fraction        | 0.0476       |
|    clip_range           | 0.2          |
|    entropy_loss         | -0.692       |
|    explained_variance   | 0.309        |
|    learning_rate        | 0.0001       |
|    loss                 | 0.379        |
|    n_updates            | 2140         |
|    policy_gradient_loss | -0.0124      |
|    value_loss           | 0.403        |
------------------------------------------
------------------------------------------
| episode/                |              |
|    lines_cleared_mean   | 8            |
|    perfect_clears_mean  | 0            |
|    pieces_placed_mean   | 31.1         |
| rollout/                |              |
|    ep_len_mean          | 32           |
|    ep_rew_mean          | 40.3         |
| time/                   |              |
|    fps                  | 1548         |
|    iterations           | 537          |
|    time_elapsed         | 2840         |
|    total_timesteps      | 4399104      |
| train/                  |              |
|    approx_kl            | 0.0066175205 |
|    clip_fraction        | 0.0604       |
|    clip_range           | 0.2          |
|    entropy_loss         | -0.692       |
|    explained_variance   | 0.273        |
|    learning_rate        | 0.0001       |
|    loss                 | 0.475        |
|    n_updates            | 2144         |
|    policy_gradient_loss | -0.0134      |
|    value_loss           | 0.428        |
------------------------------------------
----------------------------------------
| episode/                |            |
|    lines_cleared_mean   | 9          |
|    perfect_clears_mean  | 0          |
|    pieces_placed_mean   | 34.8       |
| rollout/                |            |
|    ep_len_mean          | 33.9       |
|    ep_rew_mean          | 43.4       |
| time/                   |            |
|    fps                  | 1548       |
|    iterations           | 538        |
|    time_elapsed         | 2845       |
|    total_timesteps      | 4407296    |
| train/                  |            |
|    approx_kl            | 0.00607255 |
|    clip_fraction        | 0.0579     |
|    clip_range           | 0.2        |
|    entropy_loss         | -0.687     |
|    explained_variance   | 0.323      |
|    learning_rate        | 0.0001     |
|    loss                 | 0.353      |
|    n_updates            | 2148       |
|    policy_gradient_loss | -0.0111    |
|    value_loss           | 0.431      |
----------------------------------------
------------------------------------------
| episode/                |              |
|    lines_cleared_mean   | 5            |
|    perfect_clears_mean  | 0            |
|    pieces_placed_mean   | 24.3         |
| rollout/                |              |
|    ep_len_mean          | 31.5         |
|    ep_rew_mean          | 39.2         |
| time/                   |              |
|    fps                  | 1548         |
|    iterations           | 539          |
|    time_elapsed         | 2851         |
|    total_timesteps      | 4415488      |
| train/                  |              |
|    approx_kl            | 0.0062254746 |
|    clip_fraction        | 0.0516       |
|    clip_range           | 0.2          |
|    entropy_loss         | -0.683       |
|    explained_variance   | 0.351        |
|    learning_rate        | 0.0001       |
|    loss                 | 0.348        |
|    n_updates            | 2152         |
|    policy_gradient_loss | -0.0122      |
|    value_loss           | 0.41         |
------------------------------------------
------------------------------------------
| episode/                |              |
|    lines_cleared_mean   | 7.2          |
|    perfect_clears_mean  | 0            |
|    pieces_placed_mean   | 30.7         |
| rollout/                |              |
|    ep_len_mean          | 32.6         |
|    ep_rew_mean          | 41.1         |
| time/                   |              |
|    fps                  | 1548         |
|    iterations           | 540          |
|    time_elapsed         | 2856         |
|    total_timesteps      | 4423680      |
| train/                  |              |
|    approx_kl            | 0.0062997355 |
|    clip_fraction        | 0.0559       |
|    clip_range           | 0.2          |
|    entropy_loss         | -0.692       |
|    explained_variance   | 0.364        |
|    learning_rate        | 0.0001       |
|    loss                 | 0.322        |
|    n_updates            | 2156         |
|    policy_gradient_loss | -0.0129      |
|    value_loss           | 0.379        |
------------------------------------------
------------------------------------------
| episode/                |              |
|    lines_cleared_mean   | 8.3          |
|    perfect_clears_mean  | 0            |
|    pieces_placed_mean   | 32.5         |
| rollout/                |              |
|    ep_len_mean          | 30.6         |
|    ep_rew_mean          | 36.9         |
| time/                   |              |
|    fps                  | 1548         |
|    iterations           | 541          |
|    time_elapsed         | 2861         |
|    total_timesteps      | 4431872      |
| train/                  |              |
|    approx_kl            | 0.0068960963 |
|    clip_fraction        | 0.0593       |
|    clip_range           | 0.2          |
|    entropy_loss         | -0.675       |
|    explained_variance   | 0.294        |
|    learning_rate        | 0.0001       |
|    loss                 | 0.365        |
|    n_updates            | 2160         |
|    policy_gradient_loss | -0.0128      |
|    value_loss           | 0.42         |
------------------------------------------
-----------------------------------------
| episode/                |             |
|    lines_cleared_mean   | 6.5         |
|    perfect_clears_mean  | 0           |
|    pieces_placed_mean   | 28.1        |
| rollout/                |             |
|    ep_len_mean          | 32          |
|    ep_rew_mean          | 40.1        |
| time/                   |             |
|    fps                  | 1548        |
|    iterations           | 542         |
|    time_elapsed         | 2867        |
|    total_timesteps      | 4440064     |
| train/                  |             |
|    approx_kl            | 0.006362998 |
|    clip_fraction        | 0.0605      |
|    clip_range           | 0.2         |
|    entropy_loss         | -0.701      |
|    explained_variance   | 0.355       |
|    learning_rate        | 0.0001      |
|    loss                 | 0.377       |
|    n_updates            | 2164        |
|    policy_gradient_loss | -0.0126     |
|    value_loss           | 0.408       |
-----------------------------------------
-----------------------------------------
| episode/                |             |
|    lines_cleared_mean   | 7.6         |
|    perfect_clears_mean  | 0           |
|    pieces_placed_mean   | 29.9        |
| rollout/                |             |
|    ep_len_mean          | 32.2        |
|    ep_rew_mean          | 40.7        |
| time/                   |             |
|    fps                  | 1548        |
|    iterations           | 543         |
|    time_elapsed         | 2872        |
|    total_timesteps      | 4448256     |
| train/                  |             |
|    approx_kl            | 0.006252374 |
|    clip_fraction        | 0.0553      |
|    clip_range           | 0.2         |
|    entropy_loss         | -0.684      |
|    explained_variance   | 0.311       |
|    learning_rate        | 0.0001      |
|    loss                 | 0.366       |
|    n_updates            | 2168        |
|    policy_gradient_loss | -0.0117     |
|    value_loss           | 0.438       |
-----------------------------------------
-----------------------------------------
| episode/                |             |
|    lines_cleared_mean   | 7.1         |
|    perfect_clears_mean  | 0           |
|    pieces_placed_mean   | 30          |
| rollout/                |             |
|    ep_len_mean          | 33.6        |
|    ep_rew_mean          | 43.7        |
| time/                   |             |
|    fps                  | 1548        |
|    iterations           | 544         |
|    time_elapsed         | 2877        |
|    total_timesteps      | 4456448     |
| train/                  |             |
|    approx_kl            | 0.005503502 |
|    clip_fraction        | 0.0545      |
|    clip_range           | 0.2         |
|    entropy_loss         | -0.684      |
|    explained_variance   | 0.325       |
|    learning_rate        | 0.0001      |
|    loss                 | 0.393       |
|    n_updates            | 2172        |
|    policy_gradient_loss | -0.0124     |
|    value_loss           | 0.397       |
-----------------------------------------
-----------------------------------------
| episode/                |             |
|    lines_cleared_mean   | 10.1        |
|    perfect_clears_mean  | 0           |
|    pieces_placed_mean   | 35.5        |
| rollout/                |             |
|    ep_len_mean          | 33.6        |
|    ep_rew_mean          | 43.4        |
| time/                   |             |
|    fps                  | 1548        |
|    iterations           | 545         |
|    time_elapsed         | 2883        |
|    total_timesteps      | 4464640     |
| train/                  |             |
|    approx_kl            | 0.005931557 |
|    clip_fraction        | 0.0494      |
|    clip_range           | 0.2         |
|    entropy_loss         | -0.681      |
|    explained_variance   | 0.268       |
|    learning_rate        | 0.0001      |
|    loss                 | 0.422       |
|    n_updates            | 2176        |
|    policy_gradient_loss | -0.0123     |
|    value_loss           | 0.443       |
-----------------------------------------
------------------------------------------
| episode/                |              |
|    lines_cleared_mean   | 6.6          |
|    perfect_clears_mean  | 0            |
|    pieces_placed_mean   | 27.1         |
| rollout/                |              |
|    ep_len_mean          | 31.4         |
|    ep_rew_mean          | 39.6         |
| time/                   |              |
|    fps                  | 1548         |
|    iterations           | 546          |
|    time_elapsed         | 2888         |
|    total_timesteps      | 4472832      |
| train/                  |              |
|    approx_kl            | 0.0058098277 |
|    clip_fraction        | 0.0499       |
|    clip_range           | 0.2          |
|    entropy_loss         | -0.684       |
|    explained_variance   | 0.322        |
|    learning_rate        | 0.0001       |
|    loss                 | 0.347        |
|    n_updates            | 2180         |
|    policy_gradient_loss | -0.0126      |
|    value_loss           | 0.428        |
------------------------------------------
-----------------------------------------
| episode/                |             |
|    lines_cleared_mean   | 9.1         |
|    perfect_clears_mean  | 0           |
|    pieces_placed_mean   | 34.9        |
| rollout/                |             |
|    ep_len_mean          | 36.3        |
|    ep_rew_mean          | 49.3        |
| time/                   |             |
|    fps                  | 1548        |
|    iterations           | 547         |
|    time_elapsed         | 2893        |
|    total_timesteps      | 4481024     |
| train/                  |             |
|    approx_kl            | 0.005908442 |
|    clip_fraction        | 0.0493      |
|    clip_range           | 0.2         |
|    entropy_loss         | -0.684      |
|    explained_variance   | 0.308       |
|    learning_rate        | 0.0001      |
|    loss                 | 0.401       |
|    n_updates            | 2184        |
|    policy_gradient_loss | -0.0117     |
|    value_loss           | 0.448       |
-----------------------------------------
------------------------------------------
| episode/                |              |
|    lines_cleared_mean   | 8.9          |
|    perfect_clears_mean  | 0            |
|    pieces_placed_mean   | 33.1         |
| rollout/                |              |
|    ep_len_mean          | 31.2         |
|    ep_rew_mean          | 38.4         |
| time/                   |              |
|    fps                  | 1548         |
|    iterations           | 548          |
|    time_elapsed         | 2899         |
|    total_timesteps      | 4489216      |
| train/                  |              |
|    approx_kl            | 0.0061463416 |
|    clip_fraction        | 0.052        |
|    clip_range           | 0.2          |
|    entropy_loss         | -0.688       |
|    explained_variance   | 0.311        |
|    learning_rate        | 0.0001       |
|    loss                 | 0.454        |
|    n_updates            | 2188         |
|    policy_gradient_loss | -0.0122      |
|    value_loss           | 0.465        |
------------------------------------------
------------------------------------------
| episode/                |              |
|    lines_cleared_mean   | 10           |
|    perfect_clears_mean  | 0            |
|    pieces_placed_mean   | 36           |
| rollout/                |              |
|    ep_len_mean          | 34.3         |
|    ep_rew_mean          | 44.9         |
| time/                   |              |
|    fps                  | 1548         |
|    iterations           | 549          |
|    time_elapsed         | 2904         |
|    total_timesteps      | 4497408      |
| train/                  |              |
|    approx_kl            | 0.0068687154 |
|    clip_fraction        | 0.068        |
|    clip_range           | 0.2          |
|    entropy_loss         | -0.696       |
|    explained_variance   | 0.398        |
|    learning_rate        | 0.0001       |
|    loss                 | 0.3          |
|    n_updates            | 2192         |
|    policy_gradient_loss | -0.0141      |
|    value_loss           | 0.357        |
------------------------------------------
------------------------------------------
| episode/                |              |
|    lines_cleared_mean   | 8.2          |
|    perfect_clears_mean  | 0            |
|    pieces_placed_mean   | 31.9         |
| rollout/                |              |
|    ep_len_mean          | 35.2         |
|    ep_rew_mean          | 46.8         |
| time/                   |              |
|    fps                  | 1548         |
|    iterations           | 550          |
|    time_elapsed         | 2909         |
|    total_timesteps      | 4505600      |
| train/                  |              |
|    approx_kl            | 0.0065464415 |
|    clip_fraction        | 0.0503       |
|    clip_range           | 0.2          |
|    entropy_loss         | -0.689       |
|    explained_variance   | 0.342        |
|    learning_rate        | 0.0001       |
|    loss                 | 0.318        |
|    n_updates            | 2196         |
|    policy_gradient_loss | -0.0126      |
|    value_loss           | 0.413        |
------------------------------------------
-----------------------------------------
| episode/                |             |
|    lines_cleared_mean   | 7.55        |
|    perfect_clears_mean  | 0           |
|    pieces_placed_mean   | 30.6        |
| rollout/                |             |
|    ep_len_mean          | 31.5        |
|    ep_rew_mean          | 39          |
| time/                   |             |
|    fps                  | 1548        |
|    iterations           | 551         |
|    time_elapsed         | 2914        |
|    total_timesteps      | 4513792     |
| train/                  |             |
|    approx_kl            | 0.006616086 |
|    clip_fraction        | 0.0506      |
|    clip_range           | 0.2         |
|    entropy_loss         | -0.678      |
|    explained_variance   | 0.275       |
|    learning_rate        | 0.0001      |
|    loss                 | 0.371       |
|    n_updates            | 2200        |
|    policy_gradient_loss | -0.0122     |
|    value_loss           | 0.444       |
-----------------------------------------
-----------------------------------------
| episode/                |             |
|    lines_cleared_mean   | 11          |
|    perfect_clears_mean  | 0           |
|    pieces_placed_mean   | 38.3        |
| rollout/                |             |
|    ep_len_mean          | 36.2        |
|    ep_rew_mean          | 48.9        |
| time/                   |             |
|    fps                  | 1548        |
|    iterations           | 552         |
|    time_elapsed         | 2920        |
|    total_timesteps      | 4521984     |
| train/                  |             |
|    approx_kl            | 0.005894062 |
|    clip_fraction        | 0.0514      |
|    clip_range           | 0.2         |
|    entropy_loss         | -0.687      |
|    explained_variance   | 0.309       |
|    learning_rate        | 0.0001      |
|    loss                 | 0.351       |
|    n_updates            | 2204        |
|    policy_gradient_loss | -0.0127     |
|    value_loss           | 0.434       |
-----------------------------------------
------------------------------------------
| episode/                |              |
|    lines_cleared_mean   | 9            |
|    perfect_clears_mean  | 0            |
|    pieces_placed_mean   | 34.3         |
| rollout/                |              |
|    ep_len_mean          | 34.9         |
|    ep_rew_mean          | 45.5         |
| time/                   |              |
|    fps                  | 1548         |
|    iterations           | 553          |
|    time_elapsed         | 2925         |
|    total_timesteps      | 4530176      |
| train/                  |              |
|    approx_kl            | 0.0059408695 |
|    clip_fraction        | 0.0515       |
|    clip_range           | 0.2          |
|    entropy_loss         | -0.675       |
|    explained_variance   | 0.343        |
|    learning_rate        | 0.0001       |
|    loss                 | 0.298        |
|    n_updates            | 2208         |
|    policy_gradient_loss | -0.012       |
|    value_loss           | 0.435        |
------------------------------------------
------------------------------------------
| episode/                |              |
|    lines_cleared_mean   | 7.6          |
|    perfect_clears_mean  | 0            |
|    pieces_placed_mean   | 31.1         |
| rollout/                |              |
|    ep_len_mean          | 35.6         |
|    ep_rew_mean          | 47.2         |
| time/                   |              |
|    fps                  | 1548         |
|    iterations           | 554          |
|    time_elapsed         | 2930         |
|    total_timesteps      | 4538368      |
| train/                  |              |
|    approx_kl            | 0.0060952376 |
|    clip_fraction        | 0.0563       |
|    clip_range           | 0.2          |
|    entropy_loss         | -0.671       |
|    explained_variance   | 0.324        |
|    learning_rate        | 0.0001       |
|    loss                 | 0.389        |
|    n_updates            | 2212         |
|    policy_gradient_loss | -0.0112      |
|    value_loss           | 0.446        |
------------------------------------------
------------------------------------------
| episode/                |              |
|    lines_cleared_mean   | 12.6         |
|    perfect_clears_mean  | 0            |
|    pieces_placed_mean   | 42.7         |
| rollout/                |              |
|    ep_len_mean          | 33           |
|    ep_rew_mean          | 41.9         |
| time/                   |              |
|    fps                  | 1548         |
|    iterations           | 555          |
|    time_elapsed         | 2936         |
|    total_timesteps      | 4546560      |
| train/                  |              |
|    approx_kl            | 0.0059705935 |
|    clip_fraction        | 0.0536       |
|    clip_range           | 0.2          |
|    entropy_loss         | -0.674       |
|    explained_variance   | 0.298        |
|    learning_rate        | 0.0001       |
|    loss                 | 0.371        |
|    n_updates            | 2216         |
|    policy_gradient_loss | -0.0122      |
|    value_loss           | 0.454        |
------------------------------------------
-----------------------------------------
| episode/                |             |
|    lines_cleared_mean   | 8.5         |
|    perfect_clears_mean  | 0           |
|    pieces_placed_mean   | 33.2        |
| rollout/                |             |
|    ep_len_mean          | 32.5        |
|    ep_rew_mean          | 40.9        |
| time/                   |             |
|    fps                  | 1548        |
|    iterations           | 556         |
|    time_elapsed         | 2941        |
|    total_timesteps      | 4554752     |
| train/                  |             |
|    approx_kl            | 0.005422649 |
|    clip_fraction        | 0.0489      |
|    clip_range           | 0.2         |
|    entropy_loss         | -0.673      |
|    explained_variance   | 0.337       |
|    learning_rate        | 0.0001      |
|    loss                 | 0.308       |
|    n_updates            | 2220        |
|    policy_gradient_loss | -0.0123     |
|    value_loss           | 0.433       |
-----------------------------------------
-----------------------------------------
| episode/                |             |
|    lines_cleared_mean   | 7.5         |
|    perfect_clears_mean  | 0           |
|    pieces_placed_mean   | 29.9        |
| rollout/                |             |
|    ep_len_mean          | 32.2        |
|    ep_rew_mean          | 40.2        |
| time/                   |             |
|    fps                  | 1548        |
|    iterations           | 557         |
|    time_elapsed         | 2946        |
|    total_timesteps      | 4562944     |
| train/                  |             |
|    approx_kl            | 0.006348702 |
|    clip_fraction        | 0.0634      |
|    clip_range           | 0.2         |
|    entropy_loss         | -0.669      |
|    explained_variance   | 0.356       |
|    learning_rate        | 0.0001      |
|    loss                 | 0.333       |
|    n_updates            | 2224        |
|    policy_gradient_loss | -0.0127     |
|    value_loss           | 0.379       |
-----------------------------------------
------------------------------------------
| episode/                |              |
|    lines_cleared_mean   | 6.55         |
|    perfect_clears_mean  | 0            |
|    pieces_placed_mean   | 27.5         |
| rollout/                |              |
|    ep_len_mean          | 31.6         |
|    ep_rew_mean          | 38.9         |
| time/                   |              |
|    fps                  | 1548         |
|    iterations           | 558          |
|    time_elapsed         | 2952         |
|    total_timesteps      | 4571136      |
| train/                  |              |
|    approx_kl            | 0.0055991355 |
|    clip_fraction        | 0.0491       |
|    clip_range           | 0.2          |
|    entropy_loss         | -0.667       |
|    explained_variance   | 0.374        |
|    learning_rate        | 0.0001       |
|    loss                 | 0.353        |
|    n_updates            | 2228         |
|    policy_gradient_loss | -0.011       |
|    value_loss           | 0.368        |
------------------------------------------
------------------------------------------
| episode/                |              |
|    lines_cleared_mean   | 11.3         |
|    perfect_clears_mean  | 0            |
|    pieces_placed_mean   | 38.9         |
| rollout/                |              |
|    ep_len_mean          | 34.3         |
|    ep_rew_mean          | 45           |
| time/                   |              |
|    fps                  | 1548         |
|    iterations           | 559          |
|    time_elapsed         | 2957         |
|    total_timesteps      | 4579328      |
| train/                  |              |
|    approx_kl            | 0.0060772896 |
|    clip_fraction        | 0.0468       |
|    clip_range           | 0.2          |
|    entropy_loss         | -0.663       |
|    explained_variance   | 0.316        |
|    learning_rate        | 0.0001       |
|    loss                 | 0.349        |
|    n_updates            | 2232         |
|    policy_gradient_loss | -0.0115      |
|    value_loss           | 0.391        |
------------------------------------------
------------------------------------------
| episode/                |              |
|    lines_cleared_mean   | 9.3          |
|    perfect_clears_mean  | 0            |
|    pieces_placed_mean   | 32.9         |
| rollout/                |              |
|    ep_len_mean          | 34.9         |
|    ep_rew_mean          | 46.3         |
| time/                   |              |
|    fps                  | 1548         |
|    iterations           | 560          |
|    time_elapsed         | 2962         |
|    total_timesteps      | 4587520      |
| train/                  |              |
|    approx_kl            | 0.0069436985 |
|    clip_fraction        | 0.0619       |
|    clip_range           | 0.2          |
|    entropy_loss         | -0.664       |
|    explained_variance   | 0.316        |
|    learning_rate        | 0.0001       |
|    loss                 | 0.317        |
|    n_updates            | 2236         |
|    policy_gradient_loss | -0.0132      |
|    value_loss           | 0.422        |
------------------------------------------
------------------------------------------
| episode/                |              |
|    lines_cleared_mean   | 6.8          |
|    perfect_clears_mean  | 0            |
|    pieces_placed_mean   | 28.2         |
| rollout/                |              |
|    ep_len_mean          | 31.7         |
|    ep_rew_mean          | 39.5         |
| time/                   |              |
|    fps                  | 1548         |
|    iterations           | 561          |
|    time_elapsed         | 2968         |
|    total_timesteps      | 4595712      |
| train/                  |              |
|    approx_kl            | 0.0057197185 |
|    clip_fraction        | 0.0502       |
|    clip_range           | 0.2          |
|    entropy_loss         | -0.661       |
|    explained_variance   | 0.308        |
|    learning_rate        | 0.0001       |
|    loss                 | 0.427        |
|    n_updates            | 2240         |
|    policy_gradient_loss | -0.0127      |
|    value_loss           | 0.449        |
------------------------------------------
------------------------------------------
| episode/                |              |
|    lines_cleared_mean   | 7.8          |
|    perfect_clears_mean  | 0            |
|    pieces_placed_mean   | 32           |
| rollout/                |              |
|    ep_len_mean          | 32.5         |
|    ep_rew_mean          | 40.6         |
| time/                   |              |
|    fps                  | 1548         |
|    iterations           | 562          |
|    time_elapsed         | 2973         |
|    total_timesteps      | 4603904      |
| train/                  |              |
|    approx_kl            | 0.0054987352 |
|    clip_fraction        | 0.0539       |
|    clip_range           | 0.2          |
|    entropy_loss         | -0.658       |
|    explained_variance   | 0.357        |
|    learning_rate        | 0.0001       |
|    loss                 | 0.405        |
|    n_updates            | 2244         |
|    policy_gradient_loss | -0.0124      |
|    value_loss           | 0.415        |
------------------------------------------
-----------------------------------------
| episode/                |             |
|    lines_cleared_mean   | 9.8         |
|    perfect_clears_mean  | 0           |
|    pieces_placed_mean   | 36.1        |
| rollout/                |             |
|    ep_len_mean          | 34.2        |
|    ep_rew_mean          | 44.6        |
| time/                   |             |
|    fps                  | 1548        |
|    iterations           | 563         |
|    time_elapsed         | 2978        |
|    total_timesteps      | 4612096     |
| train/                  |             |
|    approx_kl            | 0.005641712 |
|    clip_fraction        | 0.0486      |
|    clip_range           | 0.2         |
|    entropy_loss         | -0.665      |
|    explained_variance   | 0.391       |
|    learning_rate        | 0.0001      |
|    loss                 | 0.366       |
|    n_updates            | 2248        |
|    policy_gradient_loss | -0.0109     |
|    value_loss           | 0.393       |
-----------------------------------------
------------------------------------------
| episode/                |              |
|    lines_cleared_mean   | 8.4          |
|    perfect_clears_mean  | 0            |
|    pieces_placed_mean   | 32.8         |
| rollout/                |              |
|    ep_len_mean          | 32.3         |
|    ep_rew_mean          | 41.2         |
| time/                   |              |
|    fps                  | 1548         |
|    iterations           | 564          |
|    time_elapsed         | 2984         |
|    total_timesteps      | 4620288      |
| train/                  |              |
|    approx_kl            | 0.0067884065 |
|    clip_fraction        | 0.0534       |
|    clip_range           | 0.2          |
|    entropy_loss         | -0.657       |
|    explained_variance   | 0.342        |
|    learning_rate        | 0.0001       |
|    loss                 | 0.299        |
|    n_updates            | 2252         |
|    policy_gradient_loss | -0.0123      |
|    value_loss           | 0.387        |
------------------------------------------
------------------------------------------
| episode/                |              |
|    lines_cleared_mean   | 9.5          |
|    perfect_clears_mean  | 0            |
|    pieces_placed_mean   | 34           |
| rollout/                |              |
|    ep_len_mean          | 33.5         |
|    ep_rew_mean          | 43.9         |
| time/                   |              |
|    fps                  | 1548         |
|    iterations           | 565          |
|    time_elapsed         | 2989         |
|    total_timesteps      | 4628480      |
| train/                  |              |
|    approx_kl            | 0.0057414765 |
|    clip_fraction        | 0.0519       |
|    clip_range           | 0.2          |
|    entropy_loss         | -0.633       |
|    explained_variance   | 0.312        |
|    learning_rate        | 0.0001       |
|    loss                 | 0.388        |
|    n_updates            | 2256         |
|    policy_gradient_loss | -0.0113      |
|    value_loss           | 0.394        |
------------------------------------------
------------------------------------------
| episode/                |              |
|    lines_cleared_mean   | 7            |
|    perfect_clears_mean  | 0            |
|    pieces_placed_mean   | 28.7         |
| rollout/                |              |
|    ep_len_mean          | 31.6         |
|    ep_rew_mean          | 39.4         |
| time/                   |              |
|    fps                  | 1548         |
|    iterations           | 566          |
|    time_elapsed         | 2994         |
|    total_timesteps      | 4636672      |
| train/                  |              |
|    approx_kl            | 0.0064500947 |
|    clip_fraction        | 0.0549       |
|    clip_range           | 0.2          |
|    entropy_loss         | -0.635       |
|    explained_variance   | 0.266        |
|    learning_rate        | 0.0001       |
|    loss                 | 0.305        |
|    n_updates            | 2260         |
|    policy_gradient_loss | -0.0117      |
|    value_loss           | 0.396        |
------------------------------------------
-----------------------------------------
| episode/                |             |
|    lines_cleared_mean   | 10.5        |
|    perfect_clears_mean  | 0           |
|    pieces_placed_mean   | 36.9        |
| rollout/                |             |
|    ep_len_mean          | 34          |
|    ep_rew_mean          | 44.3        |
| time/                   |             |
|    fps                  | 1548        |
|    iterations           | 567         |
|    time_elapsed         | 3000        |
|    total_timesteps      | 4644864     |
| train/                  |             |
|    approx_kl            | 0.006423381 |
|    clip_fraction        | 0.0554      |
|    clip_range           | 0.2         |
|    entropy_loss         | -0.642      |
|    explained_variance   | 0.272       |
|    learning_rate        | 0.0001      |
|    loss                 | 0.336       |
|    n_updates            | 2264        |
|    policy_gradient_loss | -0.0121     |
|    value_loss           | 0.408       |
-----------------------------------------
------------------------------------------
| episode/                |              |
|    lines_cleared_mean   | 8.6          |
|    perfect_clears_mean  | 0            |
|    pieces_placed_mean   | 33.4         |
| rollout/                |              |
|    ep_len_mean          | 34.2         |
|    ep_rew_mean          | 44.8         |
| time/                   |              |
|    fps                  | 1548         |
|    iterations           | 568          |
|    time_elapsed         | 3005         |
|    total_timesteps      | 4653056      |
| train/                  |              |
|    approx_kl            | 0.0057738936 |
|    clip_fraction        | 0.0489       |
|    clip_range           | 0.2          |
|    entropy_loss         | -0.636       |
|    explained_variance   | 0.353        |
|    learning_rate        | 0.0001       |
|    loss                 | 0.353        |
|    n_updates            | 2268         |
|    policy_gradient_loss | -0.0116      |
|    value_loss           | 0.398        |
------------------------------------------
-----------------------------------------
| episode/                |             |
|    lines_cleared_mean   | 12.1        |
|    perfect_clears_mean  | 0           |
|    pieces_placed_mean   | 41.4        |
| rollout/                |             |
|    ep_len_mean          | 31.6        |
|    ep_rew_mean          | 39.2        |
| time/                   |             |
|    fps                  | 1548        |
|    iterations           | 569         |
|    time_elapsed         | 3010        |
|    total_timesteps      | 4661248     |
| train/                  |             |
|    approx_kl            | 0.006236785 |
|    clip_fraction        | 0.0537      |
|    clip_range           | 0.2         |
|    entropy_loss         | -0.637      |
|    explained_variance   | 0.319       |
|    learning_rate        | 0.0001      |
|    loss                 | 0.404       |
|    n_updates            | 2272        |
|    policy_gradient_loss | -0.0115     |
|    value_loss           | 0.417       |
-----------------------------------------
------------------------------------------
| episode/                |              |
|    lines_cleared_mean   | 7.64         |
|    perfect_clears_mean  | 0            |
|    pieces_placed_mean   | 29.5         |
| rollout/                |              |
|    ep_len_mean          | 31.2         |
|    ep_rew_mean          | 38.6         |
| time/                   |              |
|    fps                  | 1548         |
|    iterations           | 570          |
|    time_elapsed         | 3016         |
|    total_timesteps      | 4669440      |
| train/                  |              |
|    approx_kl            | 0.0060578925 |
|    clip_fraction        | 0.0461       |
|    clip_range           | 0.2          |
|    entropy_loss         | -0.643       |
|    explained_variance   | 0.298        |
|    learning_rate        | 0.0001       |
|    loss                 | 0.369        |
|    n_updates            | 2276         |
|    policy_gradient_loss | -0.0106      |
|    value_loss           | 0.45         |
------------------------------------------
------------------------------------------
| episode/                |              |
|    lines_cleared_mean   | 5.2          |
|    perfect_clears_mean  | 0            |
|    pieces_placed_mean   | 25.8         |
| rollout/                |              |
|    ep_len_mean          | 33.4         |
|    ep_rew_mean          | 43.9         |
| time/                   |              |
|    fps                  | 1548         |
|    iterations           | 571          |
|    time_elapsed         | 3021         |
|    total_timesteps      | 4677632      |
| train/                  |              |
|    approx_kl            | 0.0069328872 |
|    clip_fraction        | 0.06         |
|    clip_range           | 0.2          |
|    entropy_loss         | -0.641       |
|    explained_variance   | 0.31         |
|    learning_rate        | 0.0001       |
|    loss                 | 0.33         |
|    n_updates            | 2280         |
|    policy_gradient_loss | -0.0136      |
|    value_loss           | 0.421        |
------------------------------------------
------------------------------------------
| episode/                |              |
|    lines_cleared_mean   | 9.3          |
|    perfect_clears_mean  | 0            |
|    pieces_placed_mean   | 34.7         |
| rollout/                |              |
|    ep_len_mean          | 34.2         |
|    ep_rew_mean          | 44.8         |
| time/                   |              |
|    fps                  | 1548         |
|    iterations           | 572          |
|    time_elapsed         | 3026         |
|    total_timesteps      | 4685824      |
| train/                  |              |
|    approx_kl            | 0.0061763637 |
|    clip_fraction        | 0.053        |
|    clip_range           | 0.2          |
|    entropy_loss         | -0.65        |
|    explained_variance   | 0.366        |
|    learning_rate        | 0.0001       |
|    loss                 | 0.327        |
|    n_updates            | 2284         |
|    policy_gradient_loss | -0.0126      |
|    value_loss           | 0.433        |
------------------------------------------
----------------------------------------
| episode/                |            |
|    lines_cleared_mean   | 9.3        |
|    perfect_clears_mean  | 0          |
|    pieces_placed_mean   | 35.8       |
| rollout/                |            |
|    ep_len_mean          | 32.4       |
|    ep_rew_mean          | 41.2       |
| time/                   |            |
|    fps                  | 1548       |
|    iterations           | 573        |
|    time_elapsed         | 3032       |
|    total_timesteps      | 4694016    |
| train/                  |            |
|    approx_kl            | 0.00564636 |
|    clip_fraction        | 0.0453     |
|    clip_range           | 0.2        |
|    entropy_loss         | -0.642     |
|    explained_variance   | 0.298      |
|    learning_rate        | 0.0001     |
|    loss                 | 0.405      |
|    n_updates            | 2288       |
|    policy_gradient_loss | -0.0118    |
|    value_loss           | 0.456      |
----------------------------------------
------------------------------------------
| episode/                |              |
|    lines_cleared_mean   | 9.3          |
|    perfect_clears_mean  | 0            |
|    pieces_placed_mean   | 35           |
| rollout/                |              |
|    ep_len_mean          | 33.3         |
|    ep_rew_mean          | 42.8         |
| time/                   |              |
|    fps                  | 1548         |
|    iterations           | 574          |
|    time_elapsed         | 3037         |
|    total_timesteps      | 4702208      |
| train/                  |              |
|    approx_kl            | 0.0070888866 |
|    clip_fraction        | 0.0631       |
|    clip_range           | 0.2          |
|    entropy_loss         | -0.667       |
|    explained_variance   | 0.382        |
|    learning_rate        | 0.0001       |
|    loss                 | 0.343        |
|    n_updates            | 2292         |
|    policy_gradient_loss | -0.0121      |
|    value_loss           | 0.386        |
------------------------------------------
------------------------------------------
| episode/                |              |
|    lines_cleared_mean   | 9            |
|    perfect_clears_mean  | 0            |
|    pieces_placed_mean   | 34.5         |
| rollout/                |              |
|    ep_len_mean          | 31.5         |
|    ep_rew_mean          | 38.7         |
| time/                   |              |
|    fps                  | 1548         |
|    iterations           | 575          |
|    time_elapsed         | 3042         |
|    total_timesteps      | 4710400      |
| train/                  |              |
|    approx_kl            | 0.0060259495 |
|    clip_fraction        | 0.0509       |
|    clip_range           | 0.2          |
|    entropy_loss         | -0.656       |
|    explained_variance   | 0.332        |
|    learning_rate        | 0.0001       |
|    loss                 | 0.346        |
|    n_updates            | 2296         |
|    policy_gradient_loss | -0.0118      |
|    value_loss           | 0.405        |
------------------------------------------
-----------------------------------------
| episode/                |             |
|    lines_cleared_mean   | 10.2        |
|    perfect_clears_mean  | 0           |
|    pieces_placed_mean   | 37.1        |
| rollout/                |             |
|    ep_len_mean          | 34.6        |
|    ep_rew_mean          | 45.9        |
| time/                   |             |
|    fps                  | 1548        |
|    iterations           | 576         |
|    time_elapsed         | 3048        |
|    total_timesteps      | 4718592     |
| train/                  |             |
|    approx_kl            | 0.006422081 |
|    clip_fraction        | 0.0581      |
|    clip_range           | 0.2         |
|    entropy_loss         | -0.664      |
|    explained_variance   | 0.339       |
|    learning_rate        | 0.0001      |
|    loss                 | 0.388       |
|    n_updates            | 2300        |
|    policy_gradient_loss | -0.0131     |
|    value_loss           | 0.393       |
-----------------------------------------
------------------------------------------
| episode/                |              |
|    lines_cleared_mean   | 8.5          |
|    perfect_clears_mean  | 0            |
|    pieces_placed_mean   | 32.4         |
| rollout/                |              |
|    ep_len_mean          | 32.6         |
|    ep_rew_mean          | 41.8         |
| time/                   |              |
|    fps                  | 1548         |
|    iterations           | 577          |
|    time_elapsed         | 3053         |
|    total_timesteps      | 4726784      |
| train/                  |              |
|    approx_kl            | 0.0057964637 |
|    clip_fraction        | 0.0543       |
|    clip_range           | 0.2          |
|    entropy_loss         | -0.675       |
|    explained_variance   | 0.29         |
|    learning_rate        | 0.0001       |
|    loss                 | 0.389        |
|    n_updates            | 2304         |
|    policy_gradient_loss | -0.0122      |
|    value_loss           | 0.419        |
------------------------------------------
-----------------------------------------
| episode/                |             |
|    lines_cleared_mean   | 11.8        |
|    perfect_clears_mean  | 0           |
|    pieces_placed_mean   | 40.7        |
| rollout/                |             |
|    ep_len_mean          | 33.4        |
|    ep_rew_mean          | 42.9        |
| time/                   |             |
|    fps                  | 1547        |
|    iterations           | 578         |
|    time_elapsed         | 3058        |
|    total_timesteps      | 4734976     |
| train/                  |             |
|    approx_kl            | 0.005753131 |
|    clip_fraction        | 0.0596      |
|    clip_range           | 0.2         |
|    entropy_loss         | -0.669      |
|    explained_variance   | 0.332       |
|    learning_rate        | 0.0001      |
|    loss                 | 0.369       |
|    n_updates            | 2308        |
|    policy_gradient_loss | -0.0126     |
|    value_loss           | 0.425       |
-----------------------------------------
----------------------------------------
| episode/                |            |
|    lines_cleared_mean   | 9.27       |
|    perfect_clears_mean  | 0          |
|    pieces_placed_mean   | 34.9       |
| rollout/                |            |
|    ep_len_mean          | 31         |
|    ep_rew_mean          | 37.7       |
| time/                   |            |
|    fps                  | 1547       |
|    iterations           | 579        |
|    time_elapsed         | 3064       |
|    total_timesteps      | 4743168    |
| train/                  |            |
|    approx_kl            | 0.00585681 |
|    clip_fraction        | 0.0575     |
|    clip_range           | 0.2        |
|    entropy_loss         | -0.672     |
|    explained_variance   | 0.29       |
|    learning_rate        | 0.0001     |
|    loss                 | 0.435      |
|    n_updates            | 2312       |
|    policy_gradient_loss | -0.0127    |
|    value_loss           | 0.455      |
----------------------------------------
-----------------------------------------
| episode/                |             |
|    lines_cleared_mean   | 7.3         |
|    perfect_clears_mean  | 0           |
|    pieces_placed_mean   | 29.8        |
| rollout/                |             |
|    ep_len_mean          | 29.8        |
|    ep_rew_mean          | 35.8        |
| time/                   |             |
|    fps                  | 1547        |
|    iterations           | 580         |
|    time_elapsed         | 3069        |
|    total_timesteps      | 4751360     |
| train/                  |             |
|    approx_kl            | 0.006431374 |
|    clip_fraction        | 0.0647      |
|    clip_range           | 0.2         |
|    entropy_loss         | -0.676      |
|    explained_variance   | 0.312       |
|    learning_rate        | 0.0001      |
|    loss                 | 0.345       |
|    n_updates            | 2316        |
|    policy_gradient_loss | -0.0136     |
|    value_loss           | 0.431       |
-----------------------------------------
------------------------------------------
| episode/                |              |
|    lines_cleared_mean   | 6.2          |
|    perfect_clears_mean  | 0            |
|    pieces_placed_mean   | 26           |
| rollout/                |              |
|    ep_len_mean          | 32.9         |
|    ep_rew_mean          | 42.3         |
| time/                   |              |
|    fps                  | 1547         |
|    iterations           | 581          |
|    time_elapsed         | 3074         |
|    total_timesteps      | 4759552      |
| train/                  |              |
|    approx_kl            | 0.0069318544 |
|    clip_fraction        | 0.0686       |
|    clip_range           | 0.2          |
|    entropy_loss         | -0.672       |
|    explained_variance   | 0.352        |
|    learning_rate        | 0.0001       |
|    loss                 | 0.32         |
|    n_updates            | 2320         |
|    policy_gradient_loss | -0.013       |
|    value_loss           | 0.402        |
------------------------------------------
-----------------------------------------
| episode/                |             |
|    lines_cleared_mean   | 9.3         |
|    perfect_clears_mean  | 0           |
|    pieces_placed_mean   | 35.8        |
| rollout/                |             |
|    ep_len_mean          | 34.6        |
|    ep_rew_mean          | 45.5        |
| time/                   |             |
|    fps                  | 1547        |
|    iterations           | 582         |
|    time_elapsed         | 3080        |
|    total_timesteps      | 4767744     |
| train/                  |             |
|    approx_kl            | 0.005822141 |
|    clip_fraction        | 0.0586      |
|    clip_range           | 0.2         |
|    entropy_loss         | -0.663      |
|    explained_variance   | 0.285       |
|    learning_rate        | 0.0001      |
|    loss                 | 0.425       |
|    n_updates            | 2324        |
|    policy_gradient_loss | -0.0121     |
|    value_loss           | 0.444       |
-----------------------------------------
-----------------------------------------
| episode/                |             |
|    lines_cleared_mean   | 11.4        |
|    perfect_clears_mean  | 0           |
|    pieces_placed_mean   | 39.2        |
| rollout/                |             |
|    ep_len_mean          | 32.8        |
|    ep_rew_mean          | 42          |
| time/                   |             |
|    fps                  | 1547        |
|    iterations           | 583         |
|    time_elapsed         | 3085        |
|    total_timesteps      | 4775936     |
| train/                  |             |
|    approx_kl            | 0.005804263 |
|    clip_fraction        | 0.0453      |
|    clip_range           | 0.2         |
|    entropy_loss         | -0.663      |
|    explained_variance   | 0.295       |
|    learning_rate        | 0.0001      |
|    loss                 | 0.362       |
|    n_updates            | 2328        |
|    policy_gradient_loss | -0.011      |
|    value_loss           | 0.442       |
-----------------------------------------
------------------------------------------
| episode/                |              |
|    lines_cleared_mean   | 5.9          |
|    perfect_clears_mean  | 0            |
|    pieces_placed_mean   | 26.2         |
| rollout/                |              |
|    ep_len_mean          | 31.1         |
|    ep_rew_mean          | 38.1         |
| time/                   |              |
|    fps                  | 1547         |
|    iterations           | 584          |
|    time_elapsed         | 3090         |
|    total_timesteps      | 4784128      |
| train/                  |              |
|    approx_kl            | 0.0060295807 |
|    clip_fraction        | 0.047        |
|    clip_range           | 0.2          |
|    entropy_loss         | -0.672       |
|    explained_variance   | 0.282        |
|    learning_rate        | 0.0001       |
|    loss                 | 0.441        |
|    n_updates            | 2332         |
|    policy_gradient_loss | -0.0118      |
|    value_loss           | 0.481        |
------------------------------------------
-----------------------------------------
| episode/                |             |
|    lines_cleared_mean   | 8.8         |
|    perfect_clears_mean  | 0           |
|    pieces_placed_mean   | 33          |
| rollout/                |             |
|    ep_len_mean          | 32.1        |
|    ep_rew_mean          | 40.5        |
| time/                   |             |
|    fps                  | 1547        |
|    iterations           | 585         |
|    time_elapsed         | 3096        |
|    total_timesteps      | 4792320     |
| train/                  |             |
|    approx_kl            | 0.006113958 |
|    clip_fraction        | 0.0573      |
|    clip_range           | 0.2         |
|    entropy_loss         | -0.67       |
|    explained_variance   | 0.325       |
|    learning_rate        | 0.0001      |
|    loss                 | 0.3         |
|    n_updates            | 2336        |
|    policy_gradient_loss | -0.0128     |
|    value_loss           | 0.394       |
-----------------------------------------
-----------------------------------------
| episode/                |             |
|    lines_cleared_mean   | 5.8         |
|    perfect_clears_mean  | 0           |
|    pieces_placed_mean   | 25.9        |
| rollout/                |             |
|    ep_len_mean          | 30.4        |
|    ep_rew_mean          | 36.8        |
| time/                   |             |
|    fps                  | 1547        |
|    iterations           | 586         |
|    time_elapsed         | 3101        |
|    total_timesteps      | 4800512     |
| train/                  |             |
|    approx_kl            | 0.007554231 |
|    clip_fraction        | 0.0569      |
|    clip_range           | 0.2         |
|    entropy_loss         | -0.659      |
|    explained_variance   | 0.265       |
|    learning_rate        | 0.0001      |
|    loss                 | 0.293       |
|    n_updates            | 2340        |
|    policy_gradient_loss | -0.0115     |
|    value_loss           | 0.404       |
-----------------------------------------
-----------------------------------------
| episode/                |             |
|    lines_cleared_mean   | 8.2         |
|    perfect_clears_mean  | 0           |
|    pieces_placed_mean   | 32.5        |
| rollout/                |             |
|    ep_len_mean          | 32.7        |
|    ep_rew_mean          | 41.5        |
| time/                   |             |
|    fps                  | 1547        |
|    iterations           | 587         |
|    time_elapsed         | 3106        |
|    total_timesteps      | 4808704     |
| train/                  |             |
|    approx_kl            | 0.006599972 |
|    clip_fraction        | 0.0579      |
|    clip_range           | 0.2         |
|    entropy_loss         | -0.663      |
|    explained_variance   | 0.356       |
|    learning_rate        | 0.0001      |
|    loss                 | 0.247       |
|    n_updates            | 2344        |
|    policy_gradient_loss | -0.0137     |
|    value_loss           | 0.352       |
-----------------------------------------
------------------------------------------
| episode/                |              |
|    lines_cleared_mean   | 8.2          |
|    perfect_clears_mean  | 0            |
|    pieces_placed_mean   | 32.1         |
| rollout/                |              |
|    ep_len_mean          | 34.2         |
|    ep_rew_mean          | 44.2         |
| time/                   |              |
|    fps                  | 1547         |
|    iterations           | 588          |
|    time_elapsed         | 3112         |
|    total_timesteps      | 4816896      |
| train/                  |              |
|    approx_kl            | 0.0062357713 |
|    clip_fraction        | 0.062        |
|    clip_range           | 0.2          |
|    entropy_loss         | -0.649       |
|    explained_variance   | 0.334        |
|    learning_rate        | 0.0001       |
|    loss                 | 0.335        |
|    n_updates            | 2348         |
|    policy_gradient_loss | -0.0133      |
|    value_loss           | 0.406        |
------------------------------------------
------------------------------------------
| episode/                |              |
|    lines_cleared_mean   | 9.3          |
|    perfect_clears_mean  | 0            |
|    pieces_placed_mean   | 34.8         |
| rollout/                |              |
|    ep_len_mean          | 32.5         |
|    ep_rew_mean          | 41.5         |
| time/                   |              |
|    fps                  | 1547         |
|    iterations           | 589          |
|    time_elapsed         | 3117         |
|    total_timesteps      | 4825088      |
| train/                  |              |
|    approx_kl            | 0.0066916337 |
|    clip_fraction        | 0.058        |
|    clip_range           | 0.2          |
|    entropy_loss         | -0.661       |
|    explained_variance   | 0.293        |
|    learning_rate        | 0.0001       |
|    loss                 | 0.377        |
|    n_updates            | 2352         |
|    policy_gradient_loss | -0.0134      |
|    value_loss           | 0.432        |
------------------------------------------
------------------------------------------
| episode/                |              |
|    lines_cleared_mean   | 7.9          |
|    perfect_clears_mean  | 0            |
|    pieces_placed_mean   | 31.1         |
| rollout/                |              |
|    ep_len_mean          | 31.4         |
|    ep_rew_mean          | 38.6         |
| time/                   |              |
|    fps                  | 1547         |
|    iterations           | 590          |
|    time_elapsed         | 3122         |
|    total_timesteps      | 4833280      |
| train/                  |              |
|    approx_kl            | 0.0057065915 |
|    clip_fraction        | 0.0441       |
|    clip_range           | 0.2          |
|    entropy_loss         | -0.658       |
|    explained_variance   | 0.308        |
|    learning_rate        | 0.0001       |
|    loss                 | 0.388        |
|    n_updates            | 2356         |
|    policy_gradient_loss | -0.0114      |
|    value_loss           | 0.436        |
------------------------------------------
------------------------------------------
| episode/                |              |
|    lines_cleared_mean   | 10.1         |
|    perfect_clears_mean  | 0            |
|    pieces_placed_mean   | 35.9         |
| rollout/                |              |
|    ep_len_mean          | 32.6         |
|    ep_rew_mean          | 41.3         |
| time/                   |              |
|    fps                  | 1547         |
|    iterations           | 591          |
|    time_elapsed         | 3128         |
|    total_timesteps      | 4841472      |
| train/                  |              |
|    approx_kl            | 0.0063692024 |
|    clip_fraction        | 0.062        |
|    clip_range           | 0.2          |
|    entropy_loss         | -0.648       |
|    explained_variance   | 0.373        |
|    learning_rate        | 0.0001       |
|    loss                 | 0.369        |
|    n_updates            | 2360         |
|    policy_gradient_loss | -0.0135      |
|    value_loss           | 0.409        |
------------------------------------------
------------------------------------------
| episode/                |              |
|    lines_cleared_mean   | 11.2         |
|    perfect_clears_mean  | 0            |
|    pieces_placed_mean   | 38.7         |
| rollout/                |              |
|    ep_len_mean          | 35.6         |
|    ep_rew_mean          | 47.3         |
| time/                   |              |
|    fps                  | 1547         |
|    iterations           | 592          |
|    time_elapsed         | 3133         |
|    total_timesteps      | 4849664      |
| train/                  |              |
|    approx_kl            | 0.0058523677 |
|    clip_fraction        | 0.0445       |
|    clip_range           | 0.2          |
|    entropy_loss         | -0.645       |
|    explained_variance   | 0.333        |
|    learning_rate        | 0.0001       |
|    loss                 | 0.378        |
|    n_updates            | 2364         |
|    policy_gradient_loss | -0.0109      |
|    value_loss           | 0.404        |
------------------------------------------
------------------------------------------
| episode/                |              |
|    lines_cleared_mean   | 8.6          |
|    perfect_clears_mean  | 0            |
|    pieces_placed_mean   | 33.3         |
| rollout/                |              |
|    ep_len_mean          | 31.3         |
|    ep_rew_mean          | 38.4         |
| time/                   |              |
|    fps                  | 1547         |
|    iterations           | 593          |
|    time_elapsed         | 3138         |
|    total_timesteps      | 4857856      |
| train/                  |              |
|    approx_kl            | 0.0063234647 |
|    clip_fraction        | 0.0548       |
|    clip_range           | 0.2          |
|    entropy_loss         | -0.634       |
|    explained_variance   | 0.337        |
|    learning_rate        | 0.0001       |
|    loss                 | 0.418        |
|    n_updates            | 2368         |
|    policy_gradient_loss | -0.0124      |
|    value_loss           | 0.422        |
------------------------------------------
-----------------------------------------
| episode/                |             |
|    lines_cleared_mean   | 8.5         |
|    perfect_clears_mean  | 0           |
|    pieces_placed_mean   | 32.1        |
| rollout/                |             |
|    ep_len_mean          | 31.3        |
|    ep_rew_mean          | 38.8        |
| time/                   |             |
|    fps                  | 1547        |
|    iterations           | 594         |
|    time_elapsed         | 3144        |
|    total_timesteps      | 4866048     |
| train/                  |             |
|    approx_kl            | 0.006601299 |
|    clip_fraction        | 0.0513      |
|    clip_range           | 0.2         |
|    entropy_loss         | -0.647      |
|    explained_variance   | 0.334       |
|    learning_rate        | 0.0001      |
|    loss                 | 0.373       |
|    n_updates            | 2372        |
|    policy_gradient_loss | -0.012      |
|    value_loss           | 0.424       |
-----------------------------------------
------------------------------------------
| episode/                |              |
|    lines_cleared_mean   | 8.6          |
|    perfect_clears_mean  | 0            |
|    pieces_placed_mean   | 32.8         |
| rollout/                |              |
|    ep_len_mean          | 34.9         |
|    ep_rew_mean          | 46.7         |
| time/                   |              |
|    fps                  | 1547         |
|    iterations           | 595          |
|    time_elapsed         | 3149         |
|    total_timesteps      | 4874240      |
| train/                  |              |
|    approx_kl            | 0.0056704683 |
|    clip_fraction        | 0.0525       |
|    clip_range           | 0.2          |
|    entropy_loss         | -0.647       |
|    explained_variance   | 0.409        |
|    learning_rate        | 0.0001       |
|    loss                 | 0.321        |
|    n_updates            | 2376         |
|    policy_gradient_loss | -0.0114      |
|    value_loss           | 0.364        |
------------------------------------------
-----------------------------------------
| episode/                |             |
|    lines_cleared_mean   | 9.4         |
|    perfect_clears_mean  | 0           |
|    pieces_placed_mean   | 34.7        |
| rollout/                |             |
|    ep_len_mean          | 33          |
|    ep_rew_mean          | 41.9        |
| time/                   |             |
|    fps                  | 1547        |
|    iterations           | 596         |
|    time_elapsed         | 3154        |
|    total_timesteps      | 4882432     |
| train/                  |             |
|    approx_kl            | 0.007210946 |
|    clip_fraction        | 0.0585      |
|    clip_range           | 0.2         |
|    entropy_loss         | -0.659      |
|    explained_variance   | 0.35        |
|    learning_rate        | 0.0001      |
|    loss                 | 0.348       |
|    n_updates            | 2380        |
|    policy_gradient_loss | -0.0127     |
|    value_loss           | 0.384       |
-----------------------------------------
-----------------------------------------
| episode/                |             |
|    lines_cleared_mean   | 11.1        |
|    perfect_clears_mean  | 0           |
|    pieces_placed_mean   | 38.9        |
| rollout/                |             |
|    ep_len_mean          | 32.4        |
|    ep_rew_mean          | 41.3        |
| time/                   |             |
|    fps                  | 1547        |
|    iterations           | 597         |
|    time_elapsed         | 3160        |
|    total_timesteps      | 4890624     |
| train/                  |             |
|    approx_kl            | 0.006195908 |
|    clip_fraction        | 0.0528      |
|    clip_range           | 0.2         |
|    entropy_loss         | -0.652      |
|    explained_variance   | 0.322       |
|    learning_rate        | 0.0001      |
|    loss                 | 0.311       |
|    n_updates            | 2384        |
|    policy_gradient_loss | -0.0122     |
|    value_loss           | 0.405       |
-----------------------------------------
------------------------------------------
| episode/                |              |
|    lines_cleared_mean   | 9.8          |
|    perfect_clears_mean  | 0            |
|    pieces_placed_mean   | 37.1         |
| rollout/                |              |
|    ep_len_mean          | 33.2         |
|    ep_rew_mean          | 42.4         |
| time/                   |              |
|    fps                  | 1547         |
|    iterations           | 598          |
|    time_elapsed         | 3165         |
|    total_timesteps      | 4898816      |
| train/                  |              |
|    approx_kl            | 0.0064825853 |
|    clip_fraction        | 0.0586       |
|    clip_range           | 0.2          |
|    entropy_loss         | -0.654       |
|    explained_variance   | 0.313        |
|    learning_rate        | 0.0001       |
|    loss                 | 0.398        |
|    n_updates            | 2388         |
|    policy_gradient_loss | -0.0129      |
|    value_loss           | 0.412        |
------------------------------------------
------------------------------------------
| episode/                |              |
|    lines_cleared_mean   | 6.9          |
|    perfect_clears_mean  | 0            |
|    pieces_placed_mean   | 29.2         |
| rollout/                |              |
|    ep_len_mean          | 33.5         |
|    ep_rew_mean          | 43.2         |
| time/                   |              |
|    fps                  | 1547         |
|    iterations           | 599          |
|    time_elapsed         | 3170         |
|    total_timesteps      | 4907008      |
| train/                  |              |
|    approx_kl            | 0.0059715733 |
|    clip_fraction        | 0.049        |
|    clip_range           | 0.2          |
|    entropy_loss         | -0.654       |
|    explained_variance   | 0.294        |
|    learning_rate        | 0.0001       |
|    loss                 | 0.418        |
|    n_updates            | 2392         |
|    policy_gradient_loss | -0.0132      |
|    value_loss           | 0.478        |
------------------------------------------
------------------------------------------
| episode/                |              |
|    lines_cleared_mean   | 9.2          |
|    perfect_clears_mean  | 0            |
|    pieces_placed_mean   | 34.7         |
| rollout/                |              |
|    ep_len_mean          | 32.1         |
|    ep_rew_mean          | 40.4         |
| time/                   |              |
|    fps                  | 1547         |
|    iterations           | 600          |
|    time_elapsed         | 3176         |
|    total_timesteps      | 4915200      |
| train/                  |              |
|    approx_kl            | 0.0071728155 |
|    clip_fraction        | 0.0557       |
|    clip_range           | 0.2          |
|    entropy_loss         | -0.678       |
|    explained_variance   | 0.337        |
|    learning_rate        | 0.0001       |
|    loss                 | 0.378        |
|    n_updates            | 2396         |
|    policy_gradient_loss | -0.0146      |
|    value_loss           | 0.406        |
------------------------------------------
-----------------------------------------
| episode/                |             |
|    lines_cleared_mean   | 8.8         |
|    perfect_clears_mean  | 0           |
|    pieces_placed_mean   | 33.7        |
| rollout/                |             |
|    ep_len_mean          | 33.5        |
|    ep_rew_mean          | 43.2        |
| time/                   |             |
|    fps                  | 1547        |
|    iterations           | 601         |
|    time_elapsed         | 3181        |
|    total_timesteps      | 4923392     |
| train/                  |             |
|    approx_kl            | 0.006585893 |
|    clip_fraction        | 0.0566      |
|    clip_range           | 0.2         |
|    entropy_loss         | -0.679      |
|    explained_variance   | 0.361       |
|    learning_rate        | 0.0001      |
|    loss                 | 0.3         |
|    n_updates            | 2400        |
|    policy_gradient_loss | -0.0135     |
|    value_loss           | 0.405       |
-----------------------------------------
-----------------------------------------
| episode/                |             |
|    lines_cleared_mean   | 6.9         |
|    perfect_clears_mean  | 0           |
|    pieces_placed_mean   | 29.8        |
| rollout/                |             |
|    ep_len_mean          | 34.5        |
|    ep_rew_mean          | 45.4        |
| time/                   |             |
|    fps                  | 1547        |
|    iterations           | 602         |
|    time_elapsed         | 3186        |
|    total_timesteps      | 4931584     |
| train/                  |             |
|    approx_kl            | 0.006624955 |
|    clip_fraction        | 0.0598      |
|    clip_range           | 0.2         |
|    entropy_loss         | -0.675      |
|    explained_variance   | 0.314       |
|    learning_rate        | 0.0001      |
|    loss                 | 0.325       |
|    n_updates            | 2404        |
|    policy_gradient_loss | -0.0127     |
|    value_loss           | 0.436       |
-----------------------------------------
-----------------------------------------
| episode/                |             |
|    lines_cleared_mean   | 9.7         |
|    perfect_clears_mean  | 0           |
|    pieces_placed_mean   | 35.2        |
| rollout/                |             |
|    ep_len_mean          | 30.5        |
|    ep_rew_mean          | 37.6        |
| time/                   |             |
|    fps                  | 1547        |
|    iterations           | 603         |
|    time_elapsed         | 3192        |
|    total_timesteps      | 4939776     |
| train/                  |             |
|    approx_kl            | 0.006400705 |
|    clip_fraction        | 0.0522      |
|    clip_range           | 0.2         |
|    entropy_loss         | -0.674      |
|    explained_variance   | 0.317       |
|    learning_rate        | 0.0001      |
|    loss                 | 0.333       |
|    n_updates            | 2408        |
|    policy_gradient_loss | -0.0134     |
|    value_loss           | 0.423       |
-----------------------------------------
-----------------------------------------
| episode/                |             |
|    lines_cleared_mean   | 12.1        |
|    perfect_clears_mean  | 0           |
|    pieces_placed_mean   | 40.9        |
| rollout/                |             |
|    ep_len_mean          | 35.9        |
|    ep_rew_mean          | 48.9        |
| time/                   |             |
|    fps                  | 1547        |
|    iterations           | 604         |
|    time_elapsed         | 3197        |
|    total_timesteps      | 4947968     |
| train/                  |             |
|    approx_kl            | 0.006492178 |
|    clip_fraction        | 0.0561      |
|    clip_range           | 0.2         |
|    entropy_loss         | -0.688      |
|    explained_variance   | 0.338       |
|    learning_rate        | 0.0001      |
|    loss                 | 0.377       |
|    n_updates            | 2412        |
|    policy_gradient_loss | -0.0125     |
|    value_loss           | 0.421       |
-----------------------------------------
------------------------------------------
| episode/                |              |
|    lines_cleared_mean   | 12.8         |
|    perfect_clears_mean  | 0            |
|    pieces_placed_mean   | 42.5         |
| rollout/                |              |
|    ep_len_mean          | 33.7         |
|    ep_rew_mean          | 43.8         |
| time/                   |              |
|    fps                  | 1547         |
|    iterations           | 605          |
|    time_elapsed         | 3202         |
|    total_timesteps      | 4956160      |
| train/                  |              |
|    approx_kl            | 0.0060073314 |
|    clip_fraction        | 0.0523       |
|    clip_range           | 0.2          |
|    entropy_loss         | -0.673       |
|    explained_variance   | 0.305        |
|    learning_rate        | 0.0001       |
|    loss                 | 0.312        |
|    n_updates            | 2416         |
|    policy_gradient_loss | -0.0129      |
|    value_loss           | 0.427        |
------------------------------------------
-----------------------------------------
| episode/                |             |
|    lines_cleared_mean   | 9.5         |
|    perfect_clears_mean  | 0           |
|    pieces_placed_mean   | 37.1        |
| rollout/                |             |
|    ep_len_mean          | 31.9        |
|    ep_rew_mean          | 39.7        |
| time/                   |             |
|    fps                  | 1547        |
|    iterations           | 606         |
|    time_elapsed         | 3208        |
|    total_timesteps      | 4964352     |
| train/                  |             |
|    approx_kl            | 0.006921053 |
|    clip_fraction        | 0.0548      |
|    clip_range           | 0.2         |
|    entropy_loss         | -0.676      |
|    explained_variance   | 0.293       |
|    learning_rate        | 0.0001      |
|    loss                 | 0.417       |
|    n_updates            | 2420        |
|    policy_gradient_loss | -0.0128     |
|    value_loss           | 0.467       |
-----------------------------------------
------------------------------------------
| episode/                |              |
|    lines_cleared_mean   | 9.6          |
|    perfect_clears_mean  | 0            |
|    pieces_placed_mean   | 35.7         |
| rollout/                |              |
|    ep_len_mean          | 34.2         |
|    ep_rew_mean          | 44.8         |
| time/                   |              |
|    fps                  | 1547         |
|    iterations           | 607          |
|    time_elapsed         | 3213         |
|    total_timesteps      | 4972544      |
| train/                  |              |
|    approx_kl            | 0.0058850767 |
|    clip_fraction        | 0.0508       |
|    clip_range           | 0.2          |
|    entropy_loss         | -0.674       |
|    explained_variance   | 0.297        |
|    learning_rate        | 0.0001       |
|    loss                 | 0.403        |
|    n_updates            | 2424         |
|    policy_gradient_loss | -0.0122      |
|    value_loss           | 0.459        |
------------------------------------------
-----------------------------------------
| episode/                |             |
|    lines_cleared_mean   | 9.6         |
|    perfect_clears_mean  | 0           |
|    pieces_placed_mean   | 35.3        |
| rollout/                |             |
|    ep_len_mean          | 35          |
|    ep_rew_mean          | 46.4        |
| time/                   |             |
|    fps                  | 1547        |
|    iterations           | 608         |
|    time_elapsed         | 3218        |
|    total_timesteps      | 4980736     |
| train/                  |             |
|    approx_kl            | 0.006139039 |
|    clip_fraction        | 0.0451      |
|    clip_range           | 0.2         |
|    entropy_loss         | -0.684      |
|    explained_variance   | 0.252       |
|    learning_rate        | 0.0001      |
|    loss                 | 0.405       |
|    n_updates            | 2428        |
|    policy_gradient_loss | -0.0115     |
|    value_loss           | 0.483       |
-----------------------------------------
-----------------------------------------
| episode/                |             |
|    lines_cleared_mean   | 8.42        |
|    perfect_clears_mean  | 0           |
|    pieces_placed_mean   | 32.8        |
| rollout/                |             |
|    ep_len_mean          | 34.6        |
|    ep_rew_mean          | 45.8        |
| time/                   |             |
|    fps                  | 1547        |
|    iterations           | 609         |
|    time_elapsed         | 3224        |
|    total_timesteps      | 4988928     |
| train/                  |             |
|    approx_kl            | 0.006973371 |
|    clip_fraction        | 0.0563      |
|    clip_range           | 0.2         |
|    entropy_loss         | -0.678      |
|    explained_variance   | 0.281       |
|    learning_rate        | 0.0001      |
|    loss                 | 0.364       |
|    n_updates            | 2432        |
|    policy_gradient_loss | -0.0139     |
|    value_loss           | 0.464       |
-----------------------------------------
------------------------------------------
| episode/                |              |
|    lines_cleared_mean   | 7.5          |
|    perfect_clears_mean  | 0            |
|    pieces_placed_mean   | 29.5         |
| rollout/                |              |
|    ep_len_mean          | 30.5         |
|    ep_rew_mean          | 37.3         |
| time/                   |              |
|    fps                  | 1547         |
|    iterations           | 610          |
|    time_elapsed         | 3229         |
|    total_timesteps      | 4997120      |
| train/                  |              |
|    approx_kl            | 0.0071096956 |
|    clip_fraction        | 0.0588       |
|    clip_range           | 0.2          |
|    entropy_loss         | -0.68        |
|    explained_variance   | 0.355        |
|    learning_rate        | 0.0001       |
|    loss                 | 0.353        |
|    n_updates            | 2436         |
|    policy_gradient_loss | -0.0134      |
|    value_loss           | 0.43         |
------------------------------------------
-----------------------------------------
| episode/                |             |
|    lines_cleared_mean   | 11.5        |
|    perfect_clears_mean  | 0           |
|    pieces_placed_mean   | 38.6        |
| rollout/                |             |
|    ep_len_mean          | 33.4        |
|    ep_rew_mean          | 43.2        |
| time/                   |             |
|    fps                  | 1547        |
|    iterations           | 611         |
|    time_elapsed         | 3234        |
|    total_timesteps      | 5005312     |
| train/                  |             |
|    approx_kl            | 0.006082491 |
|    clip_fraction        | 0.056       |
|    clip_range           | 0.2         |
|    entropy_loss         | -0.682      |
|    explained_variance   | 0.334       |
|    learning_rate        | 0.0001      |
|    loss                 | 0.354       |
|    n_updates            | 2440        |
|    policy_gradient_loss | -0.0135     |
|    value_loss           | 0.399       |
-----------------------------------------
 100% ━━━━━━━━━━━━━━━━━━━━━━━━━━━━━━━━━━━━━━━━━━━━━━━━━━━━━━━━━━━━━━━━━━━━━━━━━━━━━━━ 5,005,312/5,000,000  [ 0:53:51 < 0:00:00 , 1,510 it/s ]
[run_training] Модель сохранена: ./models/mlp_2_final.zip
[run_training] VecNormalize сохранён: ./models/mlp_2_vecnormalize.pkl
[run_training] При оценке указывай --vecnormalize ./models/mlp_2_vecnormalize.pkl
